frequency_MHz,angle_deg,temperature_C,humidity_percent,voltage_V,gain_dBi
1474.1722139252524,94.21404614492614,36.643204141241156,30.11055389085543,4.596204329950852,11.859400551056439
2511.285751537849,88.91236766591993,31.565922369324902,50.94463491826525,4.88826374738153,8.022861987514982
2117.589095260529,326.2516489875732,26.967483058921303,43.38732564605942,4.477581843048465,3.6696132290542693
1877.585271554666,89.83663194582219,32.279520975853515,56.52816127136325,5.891961297600885,4.559519650535776
1080.8335527963857,97.90190140630716,27.70454844890504,60.995803480015944,5.8407462287090075,1.7530989771443557
1080.7901366051647,273.38337447046695,26.526998154184277,20.594690502504665,4.558065552429635,2.1565302970738336
904.550501902759,161.9063432821944,24.228186658835078,73.27041880646888,5.073649000194542,1.057087683775367
2359.1170623948833,279.6158005038652,21.240855966241405,69.91100043032185,4.659752976117976,-1.812333500431607
1882.0070211377758,23.531816723178686,28.050381467202772,45.64004703445656,5.307472319515689,2.505194175146553
2074.530640032882,175.52562972241836,30.79026744960066,23.70551548981728,5.254841538621164,4.590243637019217
837.0520897324444,12.100896065981747,29.51688164992555,72.84527778495352,5.4058527858066325,2.8985542038490775
2545.83773389159,22.555153243927627,27.920165360263205,86.86226123346927,5.165959223853943,4.386268882549241
2298.3967534407593,326.31748320398793,25.271269696516093,36.810611721540994,6.467703103194234,6.9167684415734385
1182.2103992208972,50.12833360233426,33.04123095842484,42.64672296159265,4.486038117494631,1.4159422714381544
1127.284940972781,191.67144561907816,23.414340400267076,32.86690226372705,4.144698322781743,0.7766629102229179
1130.128117736181,147.99441693625437,33.88013956921738,60.38552863413878,4.803454899649269,5.6302695432015994
1347.6360373271677,125.04359745318337,24.988914905366375,30.838897625321845,4.216005867219867,3.9288231189093006
1744.561576938028,323.94000444741806,26.237823813234826,44.933576042296565,4.253768864997004,3.672642513711948
1577.5010335558084,7.85642283917622,22.666074046921615,68.7909109753984,4.499342672901016,7.355796383051327
1324.2124523564753,238.96428702321208,27.492989265571815,59.20811881065439,4.538905547284187,0.021737848886902444
1901.335210500283,346.82199631687814,34.87656229238989,-5.0,4.52269094902497,2.6276663210464273
1051.0889491736752,201.6605460462631,32.578140442219784,49.41747212652793,5.259109475222706,1.90539191648537
,337.2560863319131,34.892110560140175,59.34776178362606,4.746905469457332,-2.684131529888983
1459.451317928645,18.812836542968554,32.61071272966968,20.41053095210129,4.91024271256376,5.823598202046698
1620.9259715906646,150.7655948666981,24.481650857348153,25.49569079175269,5.4471163872504675,6.3038358315980005
2213.3167305074244,93.65680474633842,28.346053878362213,81.68806474341082,4.616838737609287,4.706498269124413
1159.4128078850476,263.0955473930627,26.099004354412685,25.451529236390353,4.867727050647639,3.723678569431531
1725.6219891445007,353.26695257900883,36.6528745201952,69.47625173473537,5.182879993046458,0.913895354416603
1866.3462239516764,92.3508224799292,24.01605676786844,84.40267148763368,4.029216099689889,0.8872266834049047
883.6107428959959,235.5028565306668,34.46848844694556,38.94785230112117,3.8075472455247086,4.592424667578475
1893.580733422589,71.31514779350644,34.46476935054385,45.934400594166,5.173058664398861,4.781050200860516
1106.9434226371247,203.51889164577958,39.14810100858044,59.82449840913014,5.246007140283449,3.2642493288894543
917.0928673735032,167.01569520780103,27.951567036852513,81.71962787470093,6.032110067426205,1.009506474202139
2507.9939670559997,349.92191866735334,33.56161079790081,85.93339110822942,5.079047437933405,5.023408535711335
2538.137659534207,219.06981817072796,41.40825918269421,71.76942736778877,5.4098698586290475,7.003717360174551
2255.11522660963,125.82229395125476,26.911791615331516,26.063383259828584,4.902263678207013,3.5201793743762977
1348.3047845120673,41.07448255965601,22.3247987623382,66.84079088743955,5.148613610792543,0.34578282497709933
975.8098052114909,54.44885834457644,20.59994983046118,48.721260531086344,5.833628420874767,3.9389711458697168
2031.6194477218824,81.11409478244464,33.563560144306656,52.94906996437431,3.938003590937182,5.013726246354089
1592.2744887312824,90.34799808250727,20.584248959707082,23.440387324162394,5.20680812878584,3.819173397128305
1019.6688227206018,306.2217808228096,28.138404735310385,33.374349754245074,6.067793365038683,3.9738366005324393
1691.3184382002864,202.04020378170898,32.18656593519481,75.33595252735535,5.141017109604671,2.7313177027944193
861.8993380073931,188.42072809477193,30.92587768414957,51.777118313350186,5.825286481616424,2.19582396607833
2436.7767237418075,41.31679387291829,32.12722432092086,41.116356914180415,4.685393925235279,8.582565554218181
1265.8039668800304,309.6502896057966,31.11144927900427,46.88133517754707,4.9839762529181435,0.9471580927134823
1992.5401118371676,260.2131491550541,36.39432906656697,79.80796593279761,5.016762351194294,5.674050018444007
1361.0799369609397,24.360610284000572,25.238418096306013,72.42993121834698,3.8912044603206146,0.9721651114252947
1736.1224381200595,254.82063500271673,26.615024307707344,39.062077802675795,4.4159110860749,4.271068525356543
1784.0785028179034,195.67375824335258,26.13670277364588,28.22512881486613,4.451562460308007,7.016967675235653
1132.7380199459487,29.421124468840173,34.15095905931305,37.63987551508502,5.411033039016264,2.373085858541229
2545.252329976205,164.98823095031634,34.50199294197532,84.45295157383136,5.436076552842027,3.61232668010292
2195.239082050006,174.4906633668169,32.25612659659254,60.71121864948287,5.162018221353267,6.668643509794048
2491.09809481554,59.67883445877927,35.91746833444964,57.3436146121348,5.412051448427853,9.048078477871917
2410.689230769768,340.45133292010166,24.109795663118096,61.74755197847231,4.917925293639113,1.872853487041969
1876.2199618599532,305.9911337330383,38.336120557755685,45.621978602256064,5.600965834769772,2.455989275129502
2459.3736230416102,240.848041438479,37.61619310856129,76.4974914223659,5.004394221316036,5.8602014824926
959.2865036934551,166.42640196021858,33.67810998622873,56.630037451017486,5.028932023713378,4.666395926133946
1152.7691523544613,148.23559497042305,38.9089945438553,28.172353193815688,4.867203683368794,2.4362985576852867
881.4091200389685,234.3504481743435,21.71688396161113,29.034558738034406,5.342225238818214,-0.6658855086934015
1385.5945953738758,196.35547298648598,27.377759318686742,57.58014025518328,4.789400591693544,2.5537369214676637
1499.6191214410676,22.418318117478822,26.32348269659024,85.55991526495875,5.488215688599034,4.034593541555928
1288.4282571930125,184.5009535573194,33.607396618786716,41.58464851733391,4.433925429641997,2.7453936732572966
2291.727516473473,290.30530220382224,24.749296301989272,80.86788182014527,4.450541872635903,2.805687751855856
1442.1559880484606,165.3263559349049,33.78747574668743,73.48669106052155,5.343713377563252,1.118302237984749
1305.6821174372853,18.70436791953663,36.85268071998357,37.34687100348348,4.955727892708493,1.4995762471684646
1776.8529496848473,283.0601517782519,33.47601450042,22.543852382136972,4.773054291923436,3.527627355434166
1053.6636049545727,72.49096156895078,31.418755118307505,27.12930855996679,5.44502886623773,4.92780063094957
2243.9545653572713,93.10350055969396,25.060633295496253,70.99457536932081,4.696369292956958,3.3704395542953622
934.1911586235875,59.29428723562652,25.765745169373176,33.97688166284527,4.8998993728498155,1.3059331632219378
2576.3964858809313,118.87742335373912,36.248094526483335,45.98896443537757,5.69961397503558,3.367966209856966
2190.0405847339835,272.4305420479086,33.89674501952666,55.11894162044974,5.769571172905325,2.9921969130548627
1157.6882267615104,186.97890942141746,29.80490240311228,70.78277179151141,5.786199105135164,3.4181102848845404
809.9398108224843,73.75725869425652,27.91045227117055,27.926185628138775,4.858937111533044,6.2471189926997965
2267.830571218701,316.0188281347347,19.870960634443115,48.4456483694223,5.615351452492235,5.000318710087832
2072.343218925711,316.6494677825505,24.645737906577807,53.95510363998868,4.525523586115661,0.47084837422185544
2112.212902473777,313.40823301656246,39.55709543569861,57.85789447800778,4.54654856263897,1.2097102159823647
2188.286624034702,85.96663609735414,23.597722144987667,77.28524489766517,3.8247720736878197,4.153117708777508
933.2803731213627,162.44616390515571,30.947399106105404,32.017473653025185,5.836434100949265,4.7570955886310795
1445.2383113796907,354.596276210715,35.03721986597599,76.54820162786356,4.568010075461961,1.1915679988962355
1008.5643071452334,277.9244914715965,23.725386659988537,68.50148993876564,4.93673371012647,-4.3617585668025125
2353.5861665760685,9.780271641201534,30.923552373905416,58.91095699392715,4.544837829035858,4.3858591833781295
1921.9366282896042,23.47365285377714,34.689577687553275,68.96695092818004,5.34758262416507,5.174644157065326
1395.6164447347685,167.0152956524398,30.06249660953625,48.84124172661595,4.8121831696413295,4.1033588477212195
914.4050305148426,327.31927411016164,44.34201527833384,29.68783101776872,4.347591554783525,4.344319488513048
1359.768179088192,193.93264726297713,21.65700370560902,66.60356681857571,5.22083128209303,1.4704883443707186
1385.3299796481447,179.21250289234447,35.2936426494194,56.72706146799356,4.283134987594885,3.618054231270044
2113.2911210085153,37.97053198438701,29.135991313017676,64.75623603799428,4.581297137342254,5.066784309500099
1947.6034484393836,236.44083770074585,33.85960077418338,43.6599146719943,3.9465554426869596,5.288968244932985
2396.982936637388,295.9571378160812,32.20653575849623,83.48066041378851,4.288020943901197,2.7931526364263424
1649.9868652915088,136.95120270272244,26.334219014450017,61.11589080029039,5.089264584860239,3.1663437605389224
1015.2696426889431,279.2202663331179,31.1449819622967,25.978173900361167,4.017731980948538,1.7225081192681186
2083.840617001391,347.21159540429215,20.710492743008565,51.48627934931001,4.259427137689142,1.6327115781869208
2169.4130875104156,73.35592528596807,33.01623750285697,72.9449238320544,4.998815541933596,5.728471901102756
1810.2989556250932,188.39866723010687,31.49079232995263,75.58941932125907,4.728196551953474,3.0596292492635913
2187.74092391821,103.3696649104472,33.19330084321551,54.62179369346311,5.9960183179796545,6.490483930464747
1688.8320734559034,285.42759085218216,35.29059162543575,82.63232995819108,5.916948273012188,4.381359107630034
1740.9190928875892,207.9336117172167,31.838099201048554,38.73679060360083,4.5660387686244235,4.549611934608326
1569.5738330453892,228.44967031810936,30.740447098991382,48.741908806678666,5.278568809201741,1.7771738342890964
845.7544281393714,287.2490974617219,25.59465831669354,82.9017837398279,5.374641278439726,0.6130004818597388
994.204568587948,142.54937015848375,26.438896181754746,82.73797015301052,4.701260570987798,-2.2521119579254885
856.5725342361217,329.4324246265356,35.93367310088666,67.99989381772767,4.252229231750898,-2.274964550544135
1945.5387402748047,191.8903922086104,37.18167702852989,80.12863829855542,4.9938507753459715,3.853759108432654
1365.840765937388,56.863736220725286,28.80944781843973,26.214128686936284,4.9135771625929445,6.240149001515722
1715.427244096465,250.52368254076887,30.230013736266372,80.54964833454434,4.78211775151469,-1.1343305018689214
2433.6196530669677,285.5740861577716,25.47692812503117,42.44339345851587,5.221158434082243,3.2377341523847156
1248.726012467975,114.03420374430961,35.86378422633722,32.483205869975144,4.6246351964972,3.4945510111376614
1538.6892614641336,308.5845325195511,33.32708411845889,36.75588854394324,4.424001226210429,1.8402949044814187
2159.9920493774875,326.2115717156759,39.70608718231875,49.2577955609721,5.054541485174916,5.9691453198798525
1211.8366978849203,99.68561545601122,25.608384614101304,37.583440322312704,5.192985046284438,5.079390127484061
938.5638376918274,354.0677301774799,28.109960504908916,42.439731021154934,4.411677528049974,0.31071877174957735
1321.5526152447824,50.65615009755303,31.157229612627862,29.448494025014945,5.4640453054955405,4.327131726944879
1090.198317057208,72.72564062489639,33.23244768862885,40.73237358912989,4.114759431111961,1.2748948061651495
2473.4557742166317,66.32094212568941,28.92166181226184,60.05986701794008,4.710943270642178,8.4265278162621
2254.6166832159506,321.83629560283333,25.635194547731498,50.92975956637447,4.870995731901195,3.9534284069981904
1940.1267617187623,235.54531883698627,34.40703764461786,44.27031328651378,4.681888143674035,2.743216670159688
2368.629062337892,54.75754196001824,33.60567681272791,72.25164901999798,4.717469763224404,6.792107859565597
2246.609738418406,158.51643061260563,25.418629497181374,82.54569799753224,5.935537241154057,2.962847151749246
1135.8261059948645,221.50728902512873,36.777214005527476,72.97524560316779,4.57455795548055,0.8836868190522784
2406.60619728196,30.047070596177985,35.850993545983016,43.240049148237546,6.220610861235957,8.672444900738554
1770.8160354481713,317.66989262664197,30.671482486238965,72.11095174862876,5.218563389865526,-0.09089367704341078
2253.3922792953126,289.29727275895266,30.39798931188018,30.638612773183585,5.046027568655996,3.9479753551065153
2412.9643398622875,181.87443848758977,32.77028885557954,29.122259166390364,5.238120176693833,6.642458403494355
1372.4062549493551,348.1655814933014,25.69148464871871,-5.0,6.264963874625976,0.5031973068283768
998.0934641498181,150.3939525390359,30.15015739582041,76.53916583308398,4.503203498034276,2.3694363207824503
1210.2832925754951,354.27971485313924,19.2380822769541,37.24437730696113,4.439791040531805,4.009429118483014
1568.7940195272613,240.45119956930574,34.382278227514675,24.42773862290757,4.622566901714039,2.82809074026748
2272.4265786604874,228.48165837141892,22.192533887790702,29.219667464444857,5.0160715734822805,1.1928774686002082
2349.315049861418,59.7437623064826,37.51709914214499,80.1121477970706,4.137114437593714,1.0849489973445712
812.5138349561432,317.4939929896718,28.349399530167748,64.36482993231013,5.011169619659304,-0.730799200675337
1719.3451446396184,153.89628765142146,28.941665090344117,37.72408143589837,5.846773566706836,3.3353927397642007
1551.3398056678022,58.40402608169257,26.86133046957747,58.87070777297269,5.075703695312389,4.1996691195556695
1199.7940588473143,999.0,28.55980563038962,56.93057356977453,4.853657270512362,4.084945455538042
1015.7576612006291,201.51204610981773,37.092656725740184,65.88051849084628,4.690919775658187,-1.3675231511959511
1407.7073085265304,189.86386396416347,17.5609567173246,36.32312880951314,5.449255852275782,-1.1382756946118486
2497.2374670425343,258.9673040528971,36.38482693044094,80.50820910360784,4.587083613380976,3.9858656961262824
1381.7652776373593,320.4928990864088,31.69011740550854,41.6557993456009,5.923197960299624,2.692640395211241
1733.823119138059,28.58637047149063,23.964891760713922,68.58921577833658,5.966679873857179,3.0871788861398253
2065.43412601132,263.33873652253044,24.62343803475381,21.12872524605504,5.128375399330894,1.1276138775046243
1454.5332842827293,67.4682998751296,38.38196513604102,46.085999092590306,4.994242455961677,6.209335391107233
2549.2077488977293,308.94373913657904,25.272465600286345,44.61968725711658,5.5153299041207795,6.503638365686594
2532.4051308958005,294.8628649901962,24.233247447020204,58.04391000081102,5.547399251113663,3.8574955123230517
1253.2081324856554,194.68575179479598,35.68657271182364,25.091538324403757,4.597004134470292,2.557792561196486
1695.0473106062936,255.68740750439216,31.692764381429573,75.30919616082758,4.736722433431649,1.7471582374420416
1341.5809576701854,113.16604074614942,25.310372117318007,35.2446561237298,4.338826282658352,0.8897256363543233
1312.7128898794417,169.62044361581326,31.083124877023096,67.39264704174072,5.204532469167028,4.345182647643718
866.3965052381591,295.7892831757698,24.871236581798613,76.22484862708652,5.333313941728445,-0.7855357428782334
1897.2158011638144,165.335470982357,35.50410699211302,59.33138693690592,4.325037181069364,0.4861155756844111
1704.8222418119508,128.80737551715904,35.306854824365665,71.86182447053898,4.7724005475919204,2.8895364307521394
892.6617522499809,177.91648101010796,32.66003099410972,66.33022185505038,4.326373041209325,2.180165633888594
1301.5636356259006,298.1697308773986,31.808305306235084,44.887085800640534,4.550600094878082,1.2569909895816764
2434.8785947399765,120.67489705351419,38.80594062433687,76.62009773234956,5.27550853011315,4.743458510914617
1231.2114032005504,62.554173528867764,29.998431636941127,40.62909589198696,4.63325896666086,1.746442716110903
1060.8107697642015,256.3250473190811,24.090629372895993,59.9849042426062,4.849587021983851,1.5561468722553489
1681.0149684996136,297.35215657490943,32.24736956416153,72.17784173990776,4.186344136026342,-0.036681918559474225
2574.170817399081,36.229492268472,40.43023524768557,46.52691368687553,5.093495104862332,3.717882329986856
1235.6994887207006,86.3546805921401,24.92620253407074,41.19373253321975,4.9778633400776755,2.791630058948601
2009.8439853305813,51.109916313957804,28.19268616653007,52.15422071209759,4.635520374983419,7.073101932205444
2170.9153075916915,125.25890816957998,32.08223019050726,77.25744460444075,4.905492851158763,3.132381284464006
1227.7475791863194,162.12635240594855,29.730475754971305,85.09452342019654,5.090147440251722,4.555567241123014
2110.7894275013473,269.57748130679033,25.088482098113428,58.15583890019231,4.592565925545328,3.362565981497151
1462.0096388946558,234.4131305574027,35.60928928115236,66.30263437265563,4.2618687279991105,2.7817621246582047
1938.150495068443,223.5342842922352,41.6002036100863,83.22915355672399,5.902787216343407,3.153560463454769
1940.3534793696106,126.85498077947558,30.980657295119535,26.898279598905965,4.683363647644864,5.633745579275999
1764.3944313345653,302.9211191105136,25.47965855132,36.24550045063155,4.951619948406555,2.193907218447376
962.5215860979349,169.66338026333923,22.255197374732624,69.62300043761077,5.505419867510157,0.01986626124319546
2303.5444920606283,352.47777768545564,31.289879906105906,77.66211233386097,6.7645275937852425,3.419286183454112
1377.4041169491245,228.29116978646528,35.51938671658129,79.99203198314046,4.377756775055567,-0.5341018185297592
1135.7333187197376,45.455306963220984,32.37583873247691,49.05750237984528,5.224913606863255,2.017308746673149
873.395254798575,243.42392234715624,29.98798079540573,26.25379316043068,4.646223857352947,0.14613676309975565
1863.6072977388353,117.03744555541164,27.053641741053468,50.64470341097339,4.7306048477116445,8.240459693148033
2019.6158513161083,247.07779080699507,24.53918183640955,36.15142131449376,4.639893989496605,4.667454912668674
,25.070813338466067,34.173756631624414,40.38375184976369,4.437172516099707,4.74733227962008
1721.7675049387058,62.95731738334538,34.56885810692793,74.0587289786254,4.979354319107669,1.9466881529509181
1207.6923953562882,308.06541320608306,22.271351066546334,25.28689602181208,4.262748656475882,2.823030162508197
1961.3110227370098,81.78464052846536,37.94919489090342,77.93068522364915,5.473403783255935,4.412039310167373
1113.8595722089847,301.3348050874584,32.870356104470005,49.93683600769184,5.027501468016688,1.9411532262743005
2043.6879285844386,100.53939184358775,36.99797322572897,61.724475177041654,5.21121748645072,3.3056801166619185
1496.1236233409672,231.43748762113475,23.289361257574424,26.275656186497528,4.766905694026889,3.4436351099463733
2486.113979726122,249.89420646353915,23.170879222922807,43.615135485009574,4.816398032894126,3.206869376313925
1047.537699462788,184.55571113221905,29.255153451163515,26.279064331039205,5.143781952583664,1.8729926878825003
1413.9194318904651,109.91184361082327,32.51392213447597,87.30806060167767,4.4179746837970875,3.4083146877900345
1004.2523382330603,76.5519754935946,38.98180411463482,76.50831545283754,4.821004782793332,-0.31336462187022596
2464.448512901413,11.94816764247344,33.53039456907566,52.174292804952216,4.570193243060773,8.054350667584579
2379.2108360857655,109.42070444666057,28.786593615939832,35.65217838265698,4.554715594704493,7.495652015683399
1264.29492988728,235.1386045912619,24.86815396167054,85.34185736748965,3.945080879687179,-2.1788367455418145
1987.9712828615222,337.7897346414538,36.15000286359575,44.12176170088802,5.669663294739999,2.067199486780746
2270.999960362188,313.63361361469873,25.176472871246425,31.268910218116233,4.656730623423115,3.31083338529035
1799.3614608790322,275.7833195527089,38.14234277386161,59.42150719177684,5.581688027581775,3.9226274732272675
1753.3710410408116,283.8410435711875,28.578076751967455,86.06418842413713,5.534396160697146,0.5775387649403303
1235.334123620813,239.3945652513583,37.95291036308925,20.26812033502258,4.357000146741753,5.032832578692124
967.5849820506186,93.70326872376108,33.394656450296395,36.66873902777991,4.455794382163577,7.366863590228142
2414.9883643159883,326.59021105409875,29.31502255278771,85.69133482872853,6.280251479677842,1.0796520375372578
2420.752502893995,241.46363228610025,27.403018140869367,31.97601768000134,5.8754629709635715,1.9006485628960879
1939.5826230918824,201.75862715295838,28.2954606132696,27.92704161478739,4.984240743335948,6.441892344303862
1410.2536238876612,39.956208916853186,32.14158346187619,59.91310510598631,5.1286865532086745,7.544683367312755
1428.5772343027897,160.93999577031315,30.385782481088583,80.3290676306381,4.684576798526406,2.4607891431395723
2106.720221966431,165.72897763269347,27.030942959656475,53.39768723857483,5.21617635710017,1.9787161580655486
2414.798467914639,311.2428994281612,29.17184294841184,89.61949796791673,4.6414090496387646,1.2980153264142404
2396.7555636772113,196.79335926760385,30.39288514859575,67.5420189676595,3.9838231178508074,1.4458650680869618
2203.775982543723,136.94419762934749,19.35632952792594,25.185243504731343,4.339222106744474,6.301958386299235
1955.656963077718,351.6481182638374,32.29084057394349,89.49824921773828,5.010546373925294,-2.0504125531947834
951.4519369910879,39.85941359747364,25.101393876415965,48.55259657461333,4.434466382248706,2.3169016379365814
1090.9316853703049,152.11743419230007,24.233337983971275,40.118177369183776,4.966361267543233,0.5593466864307044
2417.3975393487426,15.128883061705904,21.56327826444645,59.05154285045199,4.4626694802835685,5.479707146357465
1891.5723073872618,266.36548347609494,21.03053751066055,41.3015314274605,4.608823038749003,1.8074305170557898
816.5546929099334,330.50755879169424,23.222762484438555,26.052025498410664,5.426582653206596,1.3292077738887533
982.6487771588578,100.8134386381762,26.45489521184755,20.099984015542372,5.123740273820053,4.179476680422336
1994.3031843945005,309.0030036476835,39.76629568763284,51.470834704418365,4.995167789343326,1.826896447209309
809.1108509231937,105.19856296628319,27.37060162052398,78.58043955586146,5.439481986535325,2.259872979461522
1089.4544925514977,327.87725819180946,30.888750531340158,60.06206299410536,5.240304296673673,0.4604682919295205
1787.720820859855,271.4262852948422,32.00240693253164,89.94451092604086,5.723281645625684,-0.6958795863216871
2045.4113558468478,289.7664396629179,30.655325931079243,40.079265195304,4.77007036884243,8.167601871471556
1973.530267104681,6.48236001616362,29.612782696370033,39.63185453320388,4.785182510736246,7.250337563679658
1203.6847570290076,346.6117285466493,24.023531182003776,31.182462216376095,12.0,0.7827947392157824
2081.9225984255645,261.60155714531635,37.25463774139606,31.48445117857346,4.78550964131379,7.9651327864066825
1227.04835749424,109.71039433900799,39.03598321818943,39.96306172070335,5.482384947151223,8.590784710300758
1385.719456686682,298.5820793491849,21.58670652938657,75.4988031691469,5.649993686131067,-0.4263521244256233
2143.6845292124435,101.34763142937479,24.8798570455681,83.40297534455135,5.480152584043334,3.930570429542905
1969.3392182849864,314.19138224380606,28.60094828811497,88.2561018795377,4.102904066725282,-1.5010800670217719
2328.6021388895206,40.52894054829733,25.177311025449043,36.260275786751684,5.541572606330368,6.324718465866476
1983.703206140618,253.32695188588647,32.52982776727933,81.69082819298642,4.0807406883639645,1.4286753594904327
1822.9554860038488,194.65145159216772,26.358638987966934,42.97785624941359,5.449058662061174,4.190739208273695
968.6145820905665,34.75240927035869,40.825280339033014,27.89883811618191,4.816107736714472,6.387644477860114
1461.8884455069804,87.08177817318203,35.95274297171798,80.9017447864116,5.351266656966928,4.328183061879558
1277.3642618271058,4.465453059833324,31.062870153161075,64.5273944250533,4.333775826052717,4.1654093475350535
1239.1813580823505,168.7564675672221,35.13493131659866,31.53116272567432,5.585583816353074,1.9819229275162225
2551.418998554402,108.45549387360013,35.52950212178654,50.08818802591018,4.267512626947555,4.470143445858045
1507.5759044001688,215.40869434719318,27.180262559708783,40.108038641394735,4.665772544573411,1.880605713674225
2405.6837993188037,107.00561077510218,25.918913777290175,71.5756198097138,4.5009526861154825,3.5402265001181012
1936.0495267950732,107.97088014251449,30.390715314848237,51.739136143698765,4.1228575735887505,6.582910829485739
2230.660346374967,267.5495515433772,34.30818062248972,89.24959615744694,5.047263783794234,-0.05753540687476866
1704.7467675893458,17.331420952207242,30.695301993267087,23.83214875817166,5.903044558918481,6.170185358408889
1838.4269923274464,325.04219826911543,22.115017589045014,44.85106862953727,6.333452611160005,4.201435109167478
1686.531848873955,306.8149947808253,25.985877780245787,53.733011697698416,5.048577893543124,1.1316693621490268
1151.4373780364801,240.40968596150634,29.63013568202811,55.21934883238239,5.558340637533761,2.689157513987365
2100.41380747071,213.55976523865834,29.62167197837085,42.11550756699457,5.116047318964268,4.1773518918756665
1305.3902523935403,321.2288993302748,39.86271088394904,71.04681743682977,5.249441597384107,1.920820721902425
843.7687395766169,66.7188646303372,23.07006028800501,81.23229514422823,4.82892567443638,0.2574727191507841
1961.8501326329022,28.4288983886983,32.527946209179376,85.7103511384504,5.097538462711301,5.470080829644338
1118.799222932688,86.22366116743372,37.44556554164145,76.35653637596684,5.268739352303214,-0.20739943956506446
2492.825451835246,286.0481803320685,41.35724872711398,79.54061381146195,4.710770135561834,2.970470306379568
2517.0714386046575,12.481296021533996,27.978012884080194,58.538171043399686,4.961252850053506,6.861743861636679
2446.7559023968074,209.81046063005627,32.457147263601,77.81217584987702,4.970784940501256,4.709139110522063
1466.2856604598,358.3575058288716,32.84880178599323,41.24527364035666,5.413201658665263,5.181478502319608
827.8219097519614,308.0505937815142,30.977408657766453,47.89351334764501,4.46698391418616,-0.1637510793921294
2470.973412657906,187.7204480556922,29.50577399380347,42.183910967298104,4.974228895696174,8.357356388204929
1570.731466971166,22.910727343191244,32.17987694750023,52.71711348135478,5.956002734526349,3.9632408482312664
2539.9786742786055,299.29446517885555,17.338769573901573,39.99057313670455,5.582030076292969,6.153262843300763
2534.515958760655,999.0,33.410347450313154,87.31280095781128,5.674589524444353,5.225415095954154
2335.417019841248,41.37587894144406,30.630889518309836,41.89912396039677,5.012215920089017,4.901955620841461
1330.0080057252544,33.78862253640823,28.887625516108674,26.86311766776579,5.160498781843011,6.029964563365551
1493.1759114834654,327.46565499717326,40.23431097859779,56.87720162352894,5.501118083351463,2.4391300436195857
2332.0460087303427,240.91209465770822,26.625329906047238,-5.0,5.780127764765465,6.702864803709851
1370.4596092813,298.543247754032,27.984620054674846,27.738021641600636,4.0241985435585566,1.9277640506106808
1105.0869440349666,316.4324041016162,39.95776651102367,35.35725724373724,4.3422793464750775,1.961954988588337
1802.2422724250303,205.83804673739598,25.839693475750718,52.504517491749915,5.654722050701324,5.9394533311997755
2485.0785934894056,186.28068663181486,27.249423585317306,50.32756526163195,4.861555322115598,4.576939223834129
2052.8536340149512,154.95386771555647,29.26487288284575,75.97843034019539,4.664139605370961,4.735820892143964
1826.110106160857,114.10077160480294,34.20367241064775,71.76322577188793,4.372919506502198,3.2045913306063225
974.9176887873833,156.45454590913624,31.039012536766567,49.842280579349094,4.722491649227945,5.747151156416036
1907.0130080585054,278.5966760628563,23.536873264238686,43.35929453029409,4.2988153582880875,1.1467572042130507
2582.096930187674,216.69243516544736,27.33915718436405,42.1528148843049,6.045547136366238,4.208921561357536
1052.1512274257432,321.30838438374457,26.963227833938944,74.17965611058062,4.988781974009713,2.424227543313624
1732.9933742547262,159.61680517650757,29.613894773884773,23.64506843548888,4.971024729118641,4.250369389303496
2379.27152947032,218.55224833875144,32.129218293149144,20.89751546574241,5.294038337583916,9.531426745184877
2133.383511957568,227.27071911311594,32.09102877943986,75.68810743486537,5.481172584633285,4.846790273564304
2054.6283337914824,213.0109784302772,21.11994122975799,53.40024631923345,5.47294407827732,2.7537125006558485
2064.471351176797,252.94815831078589,35.31970493780428,29.16167969875032,5.536810971953786,1.7078039756404655
1447.0840721955592,85.47604861493026,31.262844229983116,36.489615421615085,4.684577224604572,4.707947868997074
1328.465319676088,184.45095991648463,36.92266023796953,85.27527671681678,4.851066597521569,1.899503314466764
2256.8500798613245,37.520929011005165,32.22099163645336,80.16520829374286,5.384515827721137,7.302119833495878
2258.2041104225254,138.4240779521325,35.50661478867881,69.68495351567807,4.73630546918019,7.796367237641984
2360.7301734441867,175.5601447036552,32.33272655725064,53.75576612361286,4.997446683986388,3.6406028963046633
2443.8329946016484,234.80073343637008,36.73112878101374,56.422653833397,5.199381882212407,6.553816933911207
1720.4163179496882,342.1911789310333,32.611253180088895,88.2671174698771,5.392592541155188,2.0152723654773337
1702.7293304369593,216.2343839574081,29.51042376778548,87.60393107190009,4.111159518814899,3.1941339049487403
2236.9313221401953,267.69380982356154,,35.0688332050084,5.3573728249444725,6.784291917772226
1969.9350753999772,182.255781418273,34.44518561139946,76.77731964137226,4.883137971074137,-0.6970890749127414
2063.540379063866,228.27745129547927,32.868722105022066,33.806986631691174,5.35372885543219,4.736102915664726
2232.4268049849816,25.535597808158435,23.61847791730832,34.947623451876595,5.388465846177414,4.129088855044776
2402.0096152716196,91.58096910306492,23.55846191268231,67.32651239152037,5.803957530559579,4.213705824536529
1408.3912823327646,130.26711355384992,31.463577410709267,48.35007690112839,5.6767268238106015,5.905991844552506
1476.0493147518991,170.0976078023449,30.727605988841205,85.20810849745641,5.673285831305148,2.375765146633139
969.1674917135642,16.433548380858145,26.929387174958418,26.230681442720616,5.721835159583119,7.168136425648159
1840.9042537931132,50.40867511919436,30.7049134980603,55.80679485666451,5.145689492407973,5.685088052516558
864.6960928341357,99.65315080487008,37.94313464021798,84.29650713101849,5.01609254351842,-0.779475331191835
1638.0764326384283,349.7517687243782,,83.28795623356535,5.436408541589167,-4.448832847038763
1776.760342473638,119.28492255709827,24.294957451236307,30.957044939101884,5.366040475716511,5.149744623618965
1315.774253830912,173.5347809203497,29.442455864285282,-5.0,4.84546688163087,2.5830014663361873
,70.59517658582146,25.975167595737197,63.33849800326874,5.202411704404134,2.0584718641579833
854.900449890289,219.88082558727658,,31.157641933998153,4.982451766607703,-1.147258380316821
867.2267397485859,101.04595758575076,27.931921671851786,87.7615520432017,4.573033545769972,-0.968467894549669
2280.681009187385,74.51732823783364,27.611772086979975,84.03245301093622,5.645230370688175,3.68032943562452
1448.3431545402732,999.0,23.724323140133023,31.68651253241284,5.027599621265044,4.665167067859976
1028.7089227733927,1.9820876977514956,29.36172659240905,28.48088228826898,6.024354128849425,5.734293915187514
1740.0378680986478,2.759051753721118,27.19696181576345,25.978593796578572,4.187253864900084,9.345562364222983
2185.9883955774994,78.8647712766688,15.35275654998866,83.66105648256418,4.721610613578317,0.2808269812416748
1188.4778494943178,13.219690500295611,40.26486012250832,33.55366668568226,5.016319418345436,7.860575081570895
1921.2028564742004,38.889271487048894,35.44384827108336,49.13994499810483,5.568690548814457,6.3061052261828
953.6254369887824,121.98983376195058,28.11849637537502,51.41959559564021,5.199734686301093,3.877481048241047
893.0270981034938,288.9308446487326,30.094095248702992,61.93077309494973,5.155236377090375,-0.5168421935615002
1756.4383368226663,205.9375116129483,24.14172826341219,25.021474062319747,4.436368103722926,6.0908718596391385
1773.1432188981917,184.56038134430992,38.47861438905433,35.873103218036114,4.421529301385265,5.6717972094629765
1947.3738226967719,105.6559763549238,39.486443473865556,85.20432708432482,5.161252330144952,2.716101604222607
2106.964400700791,335.4313389958139,30.783468641232623,83.58870750879987,4.317947003090821,1.029862943227581
2556.5337430325626,142.925414845389,35.11765322092673,74.69034531839846,4.7340611248553355,4.402168013366387
1729.3406269421516,31.353396046477737,30.87643389466962,21.35808719327508,5.250458664542929,7.7183806238612
1381.3216512942427,222.14394580240847,23.316372805620347,42.89047379472714,4.508837863861612,-0.2785847042004552
2231.3351505836663,40.98182165157651,27.940883155181712,63.95711147400355,5.802677981180903,5.331184816592444
1287.4980522717335,124.28033140860916,30.659639833859785,39.26331482414329,5.611968172118945,4.909195989570534
1590.148557270145,182.6682979384112,27.72726140628278,83.67106865376442,4.21429000083085,1.2731204577315567
941.2214864160787,314.7201088866633,28.90673361282482,64.37226232827093,4.533814378409007,2.461328931135153
845.6313381478235,177.67676892244273,29.54300221245443,25.033470212151194,3.857111377752525,4.322300659176966
2532.767146420265,252.81315577139912,29.595607510672693,83.63039121849921,4.608704318725933,2.6830936274051345
2304.7642169219707,357.41406203966534,30.261292452487417,87.04366607233558,5.383194238286199,1.7576702215604567
2052.7535709686563,47.336083163273386,24.696974668016995,-5.0,4.793052528862572,6.85909717435801
1536.1152999456858,98.90334918702703,26.41491925436032,57.26521644029204,5.230398621807984,4.237147006318574
,142.0473872151527,23.577078671500153,41.235499754991935,4.238832840859128,-1.2803475795675414
1081.586676807955,151.8581442739793,34.889077748431,47.498735353698166,5.3989876272909525,2.7752066146829
1250.4372166962717,147.96758709559649,19.471765290798377,32.575585256873936,4.722445386035825,-0.21254869190338566
1788.6079964710168,326.73996092035975,35.767951716584626,60.465047140868876,5.006084841141453,4.921746545614864
2086.2726608601124,257.0517520080683,36.93174698631422,87.05855472742235,4.953562749303473,2.3066445486850333
1988.3552780919163,218.84587707265334,28.48909706508689,55.215082019012634,4.364225739553858,2.798993213522268
1303.881014502697,111.37417843060155,16.984314560863506,25.80402069761368,4.423457834130109,5.022882680210548
2518.7575051937492,296.5645383196661,28.193447190163546,63.40009334341859,5.483897234501713,4.2110284442865265
2128.2144500523837,343.82178413459604,29.679079193555904,43.81560961158799,5.1994960787508475,0.8979182924018381
1797.8372945205213,295.63138171808157,24.947008900355435,79.91476327139085,5.5250245207767135,0.654020129504504
1901.097343221834,0.5634378689302455,27.423908030958785,50.42747038215292,5.162329117751259,4.895942380615207
1555.280112370022,229.10449326602654,37.65097599431676,33.498772625957194,5.071495317404608,0.9420570782228692
1245.9157811020834,18.40873731915626,33.324635811508706,33.377393588380144,4.136994690666617,3.831884031470045
1440.750821572271,92.73859932013987,25.3771794281095,73.81349265048122,4.864816651619416,1.8935233116829262
2164.1229988358646,21.428892125197805,22.01200415202284,38.591131881515196,4.986307839798128,5.651591386502028
825.9082795335605,217.3663630617796,28.364913411951143,73.70633759114561,5.976553599136287,-2.5421693775265726
1008.9307529124492,247.17236885733845,28.93271610324781,34.41211175366196,5.343478316049339,4.625178500802949
882.8047556391549,41.21554970372584,32.48099593681658,42.51804580909166,5.768030590854764,4.001854376941679
873.3118441741462,138.18199789619263,27.323416437161704,52.584088070778954,5.298768852947364,2.1326777587689243
2339.8290512198128,164.24514322399511,32.55749787680931,86.02370947854155,4.644348386525261,4.1863587765907795
2066.5841468840426,132.85908783392998,39.675770200301145,85.22119973276773,5.058562108074925,2.4525105734356485
1653.5128923571854,43.5690001746695,34.07750511222131,34.48103127956014,5.118111823132116,7.0031802234168286
976.1014891718027,150.82120446749116,29.759557463346137,45.075332887015094,4.530422215114659,1.7911574081505846
1684.9085752102983,270.4240972110305,29.084247644733527,30.457957191764063,4.80780631170354,1.70027389541212
1652.2491874050183,25.562759231971967,28.216634329100643,55.6989555519448,4.897116503161414,5.701616375462363
1111.7633658380273,28.864805069485243,35.903204562260726,52.24077854862666,5.802809916282559,7.637350902264325
1580.9329686283513,127.71766506095432,26.863432770243485,83.05321137155127,3.959629737304511,3.055919663256961
1517.3085219152722,339.02125618281303,30.22611354499991,85.10037644537508,5.602909210358021,1.9388249076219193
1908.5301764939895,240.68615282024905,30.255989509405428,46.84971737051045,4.531602382520308,2.4115314088320035
1943.1685715617589,244.32118440212332,27.49107903594234,54.42165601132926,4.313960406365193,-0.42990093429729903
881.5472175896801,130.29119670163138,23.137672260579496,82.73653744022931,5.589971065019232,3.2943891859149823
1474.3027063276481,213.71788483507385,31.61487251808834,76.4695465421543,5.3659490346171905,5.868250978200353
1926.5478482856254,3.6472262499876162,29.694980140723082,20.255941794125448,5.627259351190595,10.547115711333953
1705.6452654441578,228.9945767074352,32.50120234718285,42.40416949285078,5.400350973772788,3.1997899380620467
2341.68171413898,328.7833011274452,27.331998467804166,49.52419693552881,6.029922500868701,1.152228489810406
1985.648536914101,220.5264486041349,36.10410649406524,36.080139857826225,5.279361918472243,3.0248794242046055
1093.2819687465735,314.5314936478842,25.616131093940776,33.97001311271571,4.921761311938421,-1.986575286873974
927.0237453207737,260.63029996779375,38.56020142008946,22.644915461697575,5.171463188660671,3.308200579665788
1956.354700771368,43.40102990532849,21.261817450858693,65.03588075488324,5.621734564172982,7.250963095247961
847.7203589749192,324.88319062290304,32.17385032278445,38.3757203338216,4.610312337369941,0.844976264774669
1854.396046292234,23.91978396807896,32.37715341263312,23.664302490191915,4.6740557087343095,7.530956982974237
2492.414434564924,192.22829011719497,26.02221466029559,36.16855173696446,4.845519992701046,8.061189773557965
1835.8535201765822,51.169364565644756,32.12196968930506,76.13397669852885,3.947708600617334,2.941633485221181
1498.7058671717396,4.214379863125464,36.3975933488008,79.60424271525827,5.0690392042087735,8.206589809531213
1957.9187931962358,151.93233364595005,18.915905803229677,53.81463716353119,4.056935648024487,6.798642481481632
1624.8552028847298,106.21465475549624,32.513724037454075,49.12494692860803,5.02652965646631,4.228425135108431
1782.110220768683,174.96017776713708,17.53364589834961,88.44975854512472,5.432644878067625,-0.37977973817341826
2494.6366557977453,207.7919592244383,25.17167598238396,34.039526171164894,4.7615617696780825,6.54948963271531
1494.9847480413937,15.746066031221048,38.145831824504725,35.0751497998226,5.838557935093435,5.949852023720234
2530.143014883046,44.28118624454843,27.09108983303973,40.430702392547985,4.269749550290756,4.272862461949735
2429.631155520915,201.11126272215313,24.130600177955138,32.09301227967611,5.595630340815916,7.897725496922742
1152.4240426207336,123.54024714215696,29.010311355076592,46.55559187429306,5.337568528203461,5.676862488628102
924.8503415752978,262.50245551780125,40.339531690817765,83.75839588928277,4.141983375844656,0.6243277228707388
981.400402479368,234.82499349309828,20.84158876396987,63.0743488440002,6.355397149520266,-2.0741180583755456
832.7992861727895,304.41757067636644,24.743450441803276,48.836258402858455,4.968127357248017,-2.3146593056410474
969.9973293606711,249.2974176009211,37.48715841589813,85.40875561998503,4.5612579889221845,0.508134516817654
2029.4121921494423,154.77518786045331,39.288511717688664,23.392496273307565,4.296456402607991,5.559493715570173
928.1395672284121,242.26798406199566,29.48284387854858,34.71933245313029,4.889990986170163,1.4307284906030435
1374.1561345287705,99.13722273195067,23.80473648736679,59.61220235712313,4.93629656380502,4.681618851880069
2320.775559745018,110.27285956015656,40.479217509045796,63.08868362352254,5.051322764269832,7.4140655577429895
841.8894843244866,284.0346575714856,37.97221195874599,22.76902545938292,4.85110192188802,5.713818253401202
2266.0432686600843,160.7110259045696,33.39473493881116,48.21271305349925,5.316612655057547,3.4675514692433747
1307.33859459212,287.4169225866069,25.9379882553129,65.44077753816109,4.806185083668376,-0.18225970033150407
1012.6966897189812,296.07205452058025,29.754853295809816,68.8649382482381,4.032517941379765,1.3246300247353915
2054.126897655471,308.72244155806214,29.198199594775847,64.66979317613885,4.925319252175179,3.0811121380792996
1932.0971242037913,329.9886849028346,31.65425652307789,42.43942570526472,3.816261173313361,5.8174008835930415
2379.4496243486956,155.15467938478665,37.255007190656684,26.546408651853667,5.176885315445695,7.999671747764356
2123.1278788469945,114.79205459560998,34.39708520568701,49.897871249353386,4.510349884858682,9.092473343507631
2246.2656746927278,209.591548773881,24.613119615076208,29.012810615763883,5.0816801774579,6.011826949049723
1307.6622306283516,133.62207243754594,,86.3336560964467,5.657037490762302,4.472115299474689
1119.3911788035011,216.38670004808387,31.565660700065777,53.26196062158398,4.525625652366,1.279041198194428
2151.106552953545,254.01091055177687,33.43532897929458,42.20814220498073,5.530628129256059,4.682992650614539
2252.302530681075,247.82580665716927,37.33270429639302,73.641284978323,4.783305216656923,5.334433548189636
2582.909255601212,134.83903932724368,24.442098752432244,54.85640148075847,5.876597401032793,8.507753480631234
1542.7118184405676,999.0,29.820872106467686,41.702381680871504,4.817423693400893,6.285396044010593
1469.6325544270098,154.9905618463947,27.342727243203925,76.83774196735612,4.579753507246655,1.4893276246474167
2197.5433293355945,51.33389186948715,22.16070287317272,80.70065057007854,5.343619225197644,6.4205413254056385
1413.446372455432,320.434932666171,31.733549888024598,67.11057164020738,4.782105135188182,-3.508955946962062
2475.3631860864166,124.51588586562866,42.55778275792212,23.28750956853671,4.579275242935496,5.326283880748825
2345.1429533174214,55.605509000396566,20.799611277471236,59.64260161165725,4.761080074648104,6.0236543335263475
1572.189249275033,9.161193566070317,29.83859694475265,73.4306438398097,4.977696733908499,3.886619798052942
2151.5679220246952,232.49605906313434,33.20271467537387,29.555210845850752,5.671090065622427,6.733040500597955
2158.1771733524283,229.28483428370757,30.615391008280906,36.00695259692223,4.032956127270212,4.623399357894708
985.6229639046787,122.617499969265,29.434359737421296,81.77465735476954,5.011540329475211,2.2451275221706677
2424.59523202322,25.816279985154363,23.503918182770878,21.408520529715183,5.3124517973270216,5.83592335319795
1709.4542704061428,147.46640216228352,31.163933714700818,72.69089964781833,5.096724287495898,4.096082366676766
2287.623438993935,112.0382982228217,26.21618011492037,53.1641304760096,5.654932584716767,7.103584215281408
1376.089281855101,243.76343030460336,19.050391475107233,51.274051118772476,4.962827335120738,3.585830260634954
2411.9418112931608,218.08052980296853,35.972961102568654,20.496757274642103,4.907724278907027,10.714962444050904
1500.5630217214934,131.2537421511144,34.791929099210215,77.3578761676545,5.296164773506671,3.376934042526914
819.507772664537,78.44131953179644,30.2583048842554,45.18774304455965,5.049656907475675,3.683764932145727
2429.6875575546746,355.6929478160131,31.145373441028514,57.853594191038,4.804795630859765,-0.08060296758959629
964.3160182150405,163.44058363060134,35.371590063577806,67.41104804349615,5.25807201979319,0.9754316079681473
1374.7645476627467,247.77872488088533,31.121698283890414,69.18407035065411,4.673735853391677,0.9406647653772541
2510.1115406914487,50.59906832820988,34.52008777380657,86.91860411782505,4.694411423990337,7.129273501340014
2511.092864487601,174.81229187738322,28.51258899563075,57.19379672656264,4.7360029891171935,3.464430521992213
1832.188198621915,9.913219153007574,36.55991869286973,47.980368568209926,5.676534580083204,8.117858060112857
1937.3069819056386,181.96384244776198,31.603928629663418,86.75925385441955,3.3894918220071433,1.8910098222544045
1607.2019395609755,347.04626656237286,30.97025971802937,64.94771645178648,5.197799417381471,0.7985849576967532
1327.7793890565163,138.3144166748881,23.64969455643984,40.870524939358894,5.017135907100111,3.5967865304367375
1391.5961816658487,14.038564526968171,31.434779271508543,28.85249717824998,4.15956477038094,4.809216472908968
2010.533220938669,11.14408473096367,25.840225412527744,78.97881510256269,5.154863389568001,3.2330919013774118
2154.274152987824,139.67523358087303,26.808586367357528,45.35271219559061,5.237875995915766,1.4868099843176412
2224.8422787065274,57.608977126749856,25.923121858419393,66.23288049551019,5.2948196156787,4.246800417259817
2221.312657030197,8.406754678146928,24.668825340503876,52.95714935561287,3.6740859684775256,4.319872331794474
964.1709854876426,272.23690102206365,40.62385701508481,33.925084585652684,5.683194705927219,2.245100866060503
1689.9565484646466,165.06828319748064,36.656695309942016,62.118062603432556,4.63113164765758,4.512082285254416
903.6057680299597,104.12811791015562,39.60183751072131,24.24781482654776,5.343283873376588,6.433972434297103
1789.151988182724,324.02994588593305,23.88552490222218,48.933972190983454,5.370536890341143,2.3554084745661608
1594.7549024720786,41.81002567218922,30.356268749554463,58.26304577645697,4.5616514571903535,6.253209952410918
2397.8675289649395,344.13077842391493,23.53246187397952,50.52328818830053,5.330229976175775,3.9317018961871177
1431.6470225937417,113.02801825584702,26.52152561401468,72.40705226756936,4.807253379543821,1.6168774449038756
1010.7206295696906,319.82532203112527,25.409365082917127,77.95474681817187,3.9643114103309216,-2.2700319421182344
1057.3850276951046,217.05943553260616,36.197920032207804,73.98701518232247,5.583870962763889,2.1654227065316642
2170.7191370914497,297.6146495069355,28.0188516094912,22.71690634682615,4.61247751849188,5.562609098072723
1912.79251396927,354.2447387557671,35.341896668470085,33.589013931218055,4.572753268630973,6.305391205319263
982.0208170210225,103.82595761474846,33.02060444794259,57.5625256484642,4.798467065981639,5.171602429940292
951.3922510069954,346.0087747467335,41.51819376052394,85.43754283106608,5.136118362663694,-1.2194715151694837
2061.7444366264162,140.21348216487132,22.60277888430138,78.44697425364818,4.971364794588949,2.34668010547401
930.9734114555483,138.78428570529204,36.296166198933996,78.97741558462612,5.274033462353585,3.079095455061885
2279.348106722641,122.53935753162204,35.732204352003635,41.224573563177245,4.330255316735671,8.280366546309208
2071.236008881693,194.90673864513067,25.133105809864826,50.06135279550918,4.628806814784633,5.470228554368076
946.4278051554196,55.49221554425535,35.0356666823658,52.949416312115616,4.942001463839233,3.548874080988161
952.7078853533454,199.33613472888402,31.680724815131143,31.016010834493727,5.948943646329353,0.805964152248051
2575.9512413021157,195.01373246760144,28.86261870023296,22.174769117111943,4.943093730793121,4.46434393884267
1473.6874323610166,274.2846525377532,,86.28320296223617,5.5426111318308156,0.6864508159347653
1467.1558647204038,300.1139862975308,26.40445274275407,36.84988099644547,5.019277584392158,2.921357525084972
2263.0392210635046,158.55888611247266,40.24906047892963,36.796423260654194,4.758170681281216,4.355666923378131
2505.0474392909455,108.83996976653775,30.003414094787413,25.83653376381317,4.87663778794278,7.182340460365974
2574.8019148811677,93.36056303415401,33.910650007657296,84.9955426360645,4.91579014398556,6.094471825522534
2156.080733466095,70.0645812137539,26.045503091662233,60.58159804578404,5.301822869480369,2.4750796075014936
1477.2672539556484,20.753129591648957,26.100735268891807,66.69257999877476,5.687305633788277,5.938633832690562
950.3012900576038,123.2812723804968,,83.81038210841368,5.17984042384316,0.8171529855478248
2198.8644486693865,97.28916916708198,23.25211894224234,44.193411823055264,5.593538839370877,7.733666385703989
1805.1276495244492,347.9102589119066,27.923931160473643,63.50551177966589,4.5176051311851575,0.03664688479764844
1563.5996166445573,200.7751774500158,30.17013705536116,22.71596183102212,4.792684745592985,2.385217530683504
2431.437893170525,125.01973405098272,30.556863009200264,33.07407697617906,4.637848732896167,5.489741538127706
1000.1554681510725,208.96833635773055,29.10453357491922,78.18720635629597,5.1572222954374265,0.26859105487855034
1686.7251877235465,50.110812484450385,31.979098905479617,73.6737849436835,4.820520807410293,3.0557593226465016
820.4365605813543,159.85574971279306,33.46427877908906,44.544988402000286,5.364886468517097,2.338957179252572
1643.5891555894273,225.44435571158297,33.67318772729665,46.37674394419487,4.534499144183779,4.109496372190461
901.3458962273072,176.0032194452825,25.07098095666087,57.34881034875056,5.021515486660641,0.8464130826357418
1013.8722492825294,144.64036823555674,28.579224510356013,20.016870327959417,5.343428955506128,3.9092236495949466
1011.5472441987888,357.7854200038913,35.973814309384686,36.887103522661945,3.967348612479695,-2.029981671497248
1968.5785438089144,316.91331437361373,34.47323593786936,34.57622660257501,6.060815653665101,5.0881769356603535
2142.880782677762,224.42614493739845,23.13570274259468,37.533806272483446,4.858424057560062,3.7575006985015182
1850.0637771748873,204.9758500256218,31.757399501761007,76.4134089773409,3.9874800431619137,5.422268529316929
2531.9105872541754,223.43777273685026,20.10887375312595,39.57716995825102,5.079046949288393,2.5060560748184937
1474.7670431426673,72.47235881607597,30.234674510301847,33.40649254351037,5.016721733986575,1.4663791851761845
1314.2817553073492,142.2495875751547,39.48883508372988,55.29844225551221,4.959052810213754,5.113881861384739
2363.478430741028,14.205431840723755,25.260536413655068,80.59515254609124,5.495595556463333,5.422931260700765
1202.4725093350148,171.1965734952576,25.82838477254209,36.89447926862499,5.373722485713528,1.0263445021921802
2533.8005709931003,195.48885022475875,33.8201489078643,25.497536995495906,5.148938095511922,3.7050341993956417
821.8780544416694,81.98990499715545,22.285992423951768,44.94833150947653,5.225077816973323,5.447356532293711
2545.7818880737505,347.0503849795849,26.836224850574805,72.33562771954846,4.947820775280957,5.00046803922956
877.687841511037,327.4036599374071,32.98220568790876,58.54833812863562,5.887745424620024,-4.356447144019153
2404.057604656528,259.97156476412613,26.828570761552985,77.17553587020433,4.260401990821117,1.3941543830502099
1749.8619963553397,192.01918635553054,28.820150063945142,87.17145033264637,5.069825837107948,4.952306479617752
2587.3366330147405,313.1888974731666,,75.4863733726132,5.03251231559439,2.1981870569472552
932.8338165237179,47.03484377644665,32.10773041768281,62.26621551906274,5.406640203032296,2.1335490539544972
1796.9377119223773,284.5835259389586,31.33409198147701,54.53391116366664,4.57807306128755,1.9626570675470663
2544.744564114378,44.93549302806539,28.304388603649805,22.804836044378668,4.128163698801732,5.32698641819835
1741.5761195062678,285.91583851778597,31.850305576344777,88.90253851698289,5.078411508049097,-2.5221305504213496
1932.9175486434726,99.2763245704885,29.381336599501218,46.84367858025298,5.140615246109302,7.116300777821822
2052.347640172311,315.75260916654804,32.289028049628925,30.655974974180676,5.744799704723825,0.6808393438547955
1618.1739165819918,999.0,27.51533987441011,66.66961987775197,4.364818976837457,1.059837886214712
1929.6045441513143,53.56654898584163,29.087155128102296,39.900180236682154,5.57734688335836,7.683613149943142
1851.7657614615805,166.56321782354166,25.05021103723993,61.004478965173334,6.183707182013561,0.44535605695482205
2422.08441888378,353.15545613856665,29.82496194996882,61.073753549121385,4.811117556238761,0.8362212556041908
881.8034846146242,174.02667695033279,25.944995681855776,51.20108746320084,4.354528890253388,3.790502438610652
1305.7337412660145,310.87710810523623,24.429767749190034,78.52830308815298,4.796512816813315,0.5239953074890946
2510.740671337806,211.94334796727514,31.293305739276942,38.54769430888101,5.007002483685691,4.371523052834436
2402.4748110036494,135.11876685105668,31.063698879288303,51.40428141324139,5.281893937503457,7.978983958736871
1620.1821550142831,102.88207998931327,33.91436867474286,57.638449001368,4.7043026350809765,6.545420164974217
1916.2386760427662,73.16031279099141,27.844372152124507,66.45373045371097,5.777599267073671,4.834010082856036
1299.286129366039,274.247348895971,32.04026423418378,74.87802953539126,4.4427338424959695,-1.1512765865773522
1138.6180875027703,139.15458245629003,32.753987861368316,47.63650980147793,4.1303974239136,2.1914854667360646
1634.657128891968,184.0591663922704,32.223869039157975,65.22328608676173,5.553355212143659,3.628725244992821
1436.034010446895,177.2371728004255,25.871731585989288,30.54276671479634,3.8626894843969,2.9413483027727407
1850.5810013315697,207.82045052392724,30.746817411355945,85.2853670379735,4.897935115563642,3.7806657777995816
939.9223465369727,311.6077724248388,31.820701480273307,46.81411644947025,6.558840564604024,-1.48676469645809
2553.9106537990997,353.06616369003456,30.03589233453971,71.06649953835068,4.993978223520034,-0.4629096638421766
2575.179340063285,146.7303150865741,19.567611708144575,21.423875731752435,4.439616174651875,6.262249988848092
2056.6910852355413,297.9068119582691,30.8024481198674,34.36310000333649,4.971301268106603,3.0047054155264794
1764.9734594194167,275.2300060756983,41.06265519698621,54.09577810265046,4.9745996056902335,2.4174061249595367
1357.1497093153898,206.47042252400638,28.199803656215085,81.47767274126426,5.080324970176559,-2.616324025346815
2264.8310354725077,344.1769717002959,26.359614510723393,56.9078604965474,5.33113149107981,2.516891917107332
2032.5161105969828,72.17082559022501,31.86674279855699,85.09093376057153,4.48044441581613,3.5140746658621467
1092.7104908208044,39.33511571146371,31.561891052332857,53.865782760795746,5.843774027618397,5.31505996390947
2439.6689320889163,307.42630810395195,35.96367582708207,54.33143677151649,5.1225571421863085,4.359449936168533
2280.567037261704,158.0939339881494,23.71065922045556,28.38227519503723,5.363397023200902,5.275957847414886
2509.6398439254635,304.90878751454176,33.65690126287496,76.18593709065539,4.685925300122179,5.286363948077565
2106.295115099048,321.51247387034937,32.95211030625732,37.287578872694375,5.643191068497766,1.496320292137845
1904.1473526844218,22.484733702865718,29.28926731529727,82.97287425606206,4.8714737955934675,4.897950963440004
1552.837465323114,318.04731467498186,31.69343658960845,83.75769542312773,5.138776256746766,-2.8940007808657997
2478.911270037224,161.39485993299198,35.14728740799178,86.03170783119047,4.533446961406446,2.2403276184045007
2358.915001100735,183.7556960415236,34.36157690014225,56.4161342372163,4.501534186798937,2.4207700107326984
881.393606191141,225.5733039935557,24.284903439631357,67.3965649348551,5.344102653226441,1.7328321365388741
847.4605540950536,333.4977384228312,34.100790933777425,74.49611160431644,4.778196584896307,-0.6521442545981804
1477.6340603804892,6.881793994715051,29.676556974837407,29.171023305532593,4.573088456247811,5.740474760709329
2258.9959954072992,171.66364859441416,30.364370490077576,62.067003649824805,4.678408328986484,1.9244988946240178
2577.0970327669,247.57993527500184,30.36598495500847,22.400853091231816,5.34947653585871,5.600406522614874
1070.7504039863506,260.17450477136225,29.2487850560087,54.82962583721081,4.685481069398195,-0.39813331179935685
1869.4352876338432,249.31167535335888,35.958537485535324,30.838987713415918,4.941172534198918,5.548919974584942
1485.6035419358386,48.396646586923865,29.58141020075394,32.80460481734593,5.007513875143548,3.325223289090373
2545.845916066286,107.78241181380524,24.402269358084155,45.55332966848211,4.041325556994851,8.048414563887436
2315.8140616442756,129.13758915012485,28.032350720151356,50.27060167015521,4.264436797313241,1.5581273602404622
2308.9916684800482,289.5973947646218,30.893473584052376,63.622069717253105,5.168138944623781,1.567655280330473
1643.6476876309466,100.3535540692391,36.146073921485254,25.209989290696097,4.631485319423652,9.381714377942512
1546.6751042077972,75.85378699219314,33.015473424744165,55.258423286621124,5.52836245564021,3.6616697574050177
1292.1327294752712,344.6812868537146,25.74732360626478,32.78375911771708,5.483403552125273,-0.9117392680172223
901.4758939716688,3.190782640848804,42.425949583394456,60.178262252221934,5.359584333177718,5.0507442322918505
2356.500277259096,359.21550804551214,31.3238765548899,64.61832285828285,5.909885893656298,1.8444982703057229
2263.2218164341393,243.65566758866242,36.37695368999508,58.96964795869977,4.9584553361284085,2.594896017648084
2599.491811915035,298.24894780168216,29.241427832113853,71.68068573348154,5.324440962951919,0.9621933096386974
2593.94630673303,106.06298268462953,32.66679622352725,43.492647096863095,4.707799511701984,12.168397118891818
1799.7770700847295,5.153499960141592,34.197342522592024,73.55746141431916,6.226184956434362,4.654632008673323
2184.1773473249186,265.63302668215084,36.09097355877128,50.293695719573556,5.99181682621801,0.7528473249264276
2500.5783137883705,300.2920549202433,35.28684152689112,53.89291488258178,5.005940217258896,7.321476070123069
2329.3653032193406,266.57140750326687,34.36098500036489,65.367148908275,5.1932931149525965,4.940887330735672
1245.2265831377558,51.42610342830189,28.424566344029458,21.285086879945677,5.679648799682403,3.925356200263301
1610.9794435581684,271.23405201250887,27.14126979021969,65.77959549941738,4.926430247592947,-0.4535435320520502
1032.486947272691,276.81220155875076,31.663037551620988,63.300960435048076,4.671687964600148,2.0465595940640755
2517.2918490657003,237.07458564121976,34.66564036170534,41.68929817272959,5.436994875503442,5.183198776925381
1891.114342011584,275.80173580641105,28.886396496116966,26.005599942964263,5.039219623041835,0.27238122844488943
1211.5570499062328,304.5317182839836,35.325859828571936,26.36548149391288,5.09149722482263,6.694037921790306
2009.0612319305421,220.89748112548503,37.263083727430896,84.625662288966,4.582864328466017,1.811051285008915
1912.6308328242126,31.897697029084462,25.418395404632903,68.24955248580861,4.141163925818302,6.869139262240783
1444.692892459113,175.54601148019592,25.815396481018603,28.897182963951828,5.11807120493955,6.362897447433831
1004.4036659593322,27.953760481777824,29.298124705473317,44.97062185162345,5.4524810207471,2.0442763223255476
2008.8317520670394,146.7154911716751,31.538063340945982,61.47380957311175,4.887096625461979,6.163133164221228
1736.553861626828,146.55833608522596,27.377164931164746,78.49001935634541,5.718214759779434,1.2333192159070674
2190.173105124151,23.763543890486968,36.76101339433572,23.056265009910597,4.648041837292228,4.327010237861257
1736.2943020015882,125.57539222901255,32.12033430759226,36.56431920290062,4.47264777251704,4.093250152038072
2333.9267005733723,39.95931556487334,30.197235241203696,82.2824293206766,4.966384846401934,5.459052761057688
1793.432309794074,290.96467560331996,22.82045238065736,20.641588512867155,4.958703712324355,2.4893214936819574
1809.6883487636953,341.1676893472095,23.420920917862464,34.097937195572115,5.384984365667611,1.8462936639130172
2377.976484785021,26.033931092857898,31.405046251409033,87.13169231810761,4.612518587968007,6.950421334124615
1526.2691591823145,343.8414746250125,19.33702186922582,62.938129256551974,5.684047118407449,0.31912139231190517
1041.2274112111534,188.12757576122826,35.06318704822036,38.31699566462545,5.983458481254127,1.9000889082071202
851.8088173640101,107.8436440633946,29.209230778138398,24.689376607709335,4.980427986515829,5.209824484811849
2159.247060212514,27.670347099418862,46.215464847973664,21.97339383130555,5.624855210092159,9.647475139599067
1916.5571924362364,180.22473650535042,41.539581253080556,37.13215557458491,4.47175146468737,0.6265332028799042
2067.3435825786028,286.0255960166695,29.092754653762416,81.70400737122372,5.537610770590958,2.61649536052575
1183.3354907160392,254.55113181601135,29.468314987343426,49.113955800825664,5.523638204279731,2.7530422486811466
1045.4686560561856,18.081364127030554,34.977907570010146,70.42333584161952,5.431718640094939,3.5565054869523065
826.1803982021875,26.244660732445265,38.51586304959019,-5.0,4.992218455564853,4.308569569017695
1431.0576058518745,145.03438174774936,21.809854712819917,48.56283231219716,3.522875529378984,0.8766907400590795
1861.8518363383396,106.30457785725957,21.06812267322657,33.3894159726178,4.679136428173935,5.174739868889833
1506.0392811795182,83.65835630017722,26.889825972228092,56.19825515998436,4.687041991157699,0.326758693593459
1587.4548596427123,101.1616196071369,32.913687915869325,83.5658580941898,4.5108725309697615,3.44381193618009
2427.485650088747,289.25378758687845,32.48436795253799,76.30620898963905,5.061121502273533,6.820015611842409
1426.8598406419405,334.5220993074674,35.348857274919254,24.608089035420765,4.790518277239383,1.2604227421668273
1725.1810804876595,145.83697002992392,24.001512358173457,68.48009600543072,4.587693995117489,0.8248428307815852
2210.5754229340573,326.19996076769894,18.419280685155616,60.032826572126766,4.4705999258760905,-0.07941292991992865
1513.7770081782865,115.7384524492375,34.29007097651073,83.52242234424978,4.642243507257386,2.7757249760831884
1919.7560604101723,171.51731508376497,25.859018635173825,28.57369917952081,5.560749605924964,2.8237082105940905
2352.2546757441414,81.3704392137599,19.90756067805681,57.38252792432596,4.669487472686253,5.255775630127903
2509.1371225837556,230.57137518330384,30.725318729796907,81.56238854583246,4.742530646783364,4.82341202399588
1064.7322656722683,352.4332014629312,33.96587844109339,48.70166507192201,4.771651192488377,2.0668268918825445
2467.85772529069,217.2575145756163,29.389714339393613,53.739644241300695,5.16949675690471,1.0291477024948108
1685.8093275431688,128.81307028087758,27.710758069087554,24.93224743668708,5.228124744264266,7.166724140948455
1264.839898938125,233.2142805565902,29.203188839270467,39.47005483142376,3.477671730378419,4.0623894822870925
1626.4443612288703,44.251444247539524,28.147086187996084,42.71546544182631,5.510817606913804,6.802877653457388
2564.0586355138585,319.9172688955435,23.259764440299165,86.15857141214208,5.718184017121877,2.408132157943308
1686.7125691871652,181.11022228074108,26.426596615047842,39.78671523788113,4.474906731319165,3.998497462983662
1391.752898517515,161.76590713427115,32.60639952506907,52.26081146887564,4.513850877632582,5.232380164298013
1940.1215377701064,210.9113238432669,31.6083927068825,66.99130964949958,4.774873306110864,6.8618925923609835
1232.2621138007476,224.9221906041849,30.8402990298341,31.35283606855142,4.621997990271698,1.2122088914672948
936.553990595595,25.83929024154469,25.024257590733104,54.05096709993121,5.111963436973303,5.1044323055340275
1031.9834994391686,245.74219964042487,29.092484189321663,71.69773276331352,4.0267373568205675,-0.03350620572815666
1030.4825101239903,87.09540491359066,19.114674767785726,80.67986491189461,4.4410361959816305,0.14044995703320318
1073.42484832213,257.02294770237233,30.892383319426948,63.83814922636987,5.769598600087454,-1.8682307104931029
1049.8889107689383,296.1125259783108,37.14428853906784,66.83374607218636,4.535890016325991,0.3025822979192415
1953.5745406457863,289.4250627189073,22.62933933978947,28.839843080919827,5.621714139051463,1.5258245598140632
1127.3841519184607,198.90034826684007,27.070361633411224,86.2043548072443,5.177669097795069,-0.7118248855259428
1422.2011099829538,187.26116123187043,31.64553389355065,29.280185423913764,4.0953661427058705,1.704571801062042
2414.219137830821,51.43534608218822,36.26421317213742,74.22710560272589,5.317664597608103,4.926633456573627
1653.1309524731703,279.1246141451288,27.758876918499254,38.53714252448232,4.9411663489035735,2.0341755197451277
2001.603929337849,97.70737696081717,26.538748353670517,85.3515200590876,4.772266471875129,3.0376226999203375
1110.1757681629338,178.81035221446075,20.155384287919585,70.39716775586356,5.122478546586002,-2.7648281054268207
1146.1202338556075,102.33867345390601,30.51719064654053,72.76695990848583,5.237316742783396,-0.6376164702537119
873.563509279662,48.17821067988953,40.21038020071872,35.334142114191835,12.0,5.849643140879955
1104.0831135298963,226.64077088102516,31.38679230982338,51.01279836446126,5.589126423774001,0.6116595240008185
1301.4626102575255,19.559532536245378,29.888605104081435,63.24692362125005,5.204067956389178,5.944124191874854
1118.6188716981442,269.512284285432,31.61041155383493,73.89815327446206,4.312182955606819,0.7524427229144977
959.6645607627001,114.331246294002,29.94453998025699,27.27715631386727,4.7631772711744045,5.0490903226828525
1017.1445679810814,0.048489481614715224,25.93492813869935,87.36557215181699,6.4715241676343105,5.021860338557184
1629.4017824589064,184.00649012540273,34.116399578388524,82.31544693881892,5.362245530190863,1.7038583100058062
1171.4006931304266,16.866687069937125,31.12880761555877,38.924401334690906,6.184643650405748,4.047214894671987
1455.6857498865359,99.42104081552381,30.088066259668288,77.59321701226324,5.697717041099593,4.499027150499005
1706.1510875387423,254.51153548405782,25.12316986360875,56.28267461278764,5.120901035777874,3.1206675145511342
2042.7106915328575,22.56826378387171,36.517539659673794,52.32645370934131,5.1507035348905585,6.065720466551878
870.7618517139781,302.16185724816086,33.32351372666555,42.01038740679838,4.981709980061577,4.229166061203342
2238.9387180362764,1.375172157089919,27.23539581316349,60.667801064211474,4.13109769207675,4.9691159305505925
1930.220701083634,88.8565929126848,35.009124268409685,71.09223823925184,5.009023626234113,4.4864303509005925
947.1662575079695,266.72546021474574,27.512145808073964,48.76530334739308,5.605337276271099,1.2640738108560703
2372.441523392199,113.85725390255044,26.089982537444815,64.04534351058044,4.7001800025893985,2.5539077969542308
2457.570320957264,36.68125970376487,26.201484412598564,68.95190448087126,5.205976499530904,5.4378449909252256
909.9403277387547,129.68421076815403,21.144657234559546,69.77852719107001,5.425795522946599,3.569836923379385
1298.3797666649666,97.3415830984292,32.357711902091026,23.63762686918262,4.545159780343762,5.930718113951093
2251.1623036275105,303.37628477779975,20.84427560830825,80.18234639795469,4.774348567828167,1.0383034235564275
2146.867442690585,112.80525033065153,23.857780843671186,52.07773203355335,4.49104425476142,3.9713525788611936
1132.1378348414792,284.0156898393626,19.622059954607334,38.369125718735006,4.588917196655297,1.506277696622607
1176.8287820060787,321.0739721318645,29.569651536045534,36.92351552357771,4.356197358173469,3.0600996845495914
1466.8497850244876,156.17427104755063,29.24839769864064,53.81098789907653,4.549775769310987,4.1896576270565085
1672.1413733438385,327.5795317875811,28.36651893406818,82.07820776282715,5.709727840398919,-0.14958243744695587
1912.8585887545328,135.83449942674943,24.787111526647116,46.484330717785284,4.542261485454854,4.634108433873704
1464.0445512255903,347.06822993643897,24.1388312328168,72.48080227484803,5.063229609530345,0.7260981777817301
1632.5624890396662,32.144228829206256,32.32184931773287,26.777311169105303,4.748565623164522,4.247181775000691
2145.447688640762,247.3269359411674,27.247240341457562,53.32396915057432,5.589432968518469,3.8894425674098203
866.0297652030762,177.77305456449432,31.581791607680724,89.4180298274915,5.655581148301808,-3.984326773959475
1254.3864998192373,139.55356996403293,25.573756569378887,73.9306461954636,5.432034991069473,2.568758564126066
2084.0292545921943,227.77627634949633,30.905313713855413,34.73699419084291,5.153067276551377,6.110583699623598
2411.3723078369585,253.38855298835924,36.51639018658032,55.10090315885375,4.8844702315795505,6.145886267552453
1721.019395808199,1.5707770741112714,32.930829001963914,36.35373345539966,4.404062647904375,5.432852338333872
1757.8042734775681,60.10311194899154,27.937930908917597,48.66926490837565,5.971764440561099,5.684530275154597
992.909620411597,256.6965782283547,31.285994851779638,74.60588166144754,4.620163491123724,3.0511155990646843
1605.3422602822184,239.89874888815433,28.796674127348936,73.98573707032826,5.331823173516421,4.419163839538818
1758.7110796190418,347.7771018463238,30.03940092347364,35.96702645316696,5.529782786311698,2.8458293479042505
1236.4469065425133,273.9736044902819,28.371944739257483,84.5556322708402,4.7223597515473354,0.03791781548926598
1284.6378157088857,342.2781747832817,29.178323970573043,61.479772793537876,5.519006263657981,2.8678618095316257
1479.1114935883206,252.9145805525305,31.060466765370876,46.59470036734102,5.3821066016694274,-0.1815832102021484
836.1281559999074,999.0,25.033206502090245,55.135490654660245,5.863981917690882,1.4588575683270477
1379.7424980497208,37.93137201030833,24.920605865050106,62.35498774064206,4.765326766786645,5.855221416578772
1180.6064125937803,281.4565908041768,23.057287230843944,59.19233722920498,4.357067991360142,2.150280259547512
1389.4952339202464,231.89371973132972,21.99864447748145,54.048352487532476,4.747255122277744,2.1202041858818492
1015.5718372746521,17.346964461586644,23.913586538897604,55.345296286258005,5.104426771267166,0.0014310902292065109
2402.9491053318106,129.6181677243522,30.797312534020644,32.348833729952034,5.029106363542528,6.380917543304998
1868.4664163972875,344.44793357434304,25.53606242254058,76.89130330132755,12.0,-0.7373519027022235
2022.3841744600813,180.14441245567244,32.56807232115548,57.92322239587108,4.045401270511379,4.479668523473273
2220.508229493209,155.78248896709368,30.17356874376281,29.175590319329217,5.235241498064553,4.393648007554907
1697.1959580723033,164.77185785734582,20.15747893280973,73.63099711079445,5.9861722395411,-0.1747237427744861
956.4565185573626,75.19778064185894,33.27487792110845,85.27107848641455,5.2321256190615015,-2.335223771162579
1766.791775273386,132.73458151132627,34.05399322795855,86.31148294658735,5.304567759526757,5.331042608711427
1856.3140124375825,133.13277215538358,25.030686625825734,45.831241268782094,5.286222653077551,3.379132675501949
2141.791053531794,18.847807267490065,32.10095771447496,29.486181149252783,5.1985233349412,7.704739316260973
1576.987183213423,276.32434626645056,25.717508812954005,56.28797386431456,5.465832983434048,1.7833567539238653
1029.6445450320148,149.94159548539642,,27.88264605444545,5.197686840592833,1.6390142071188118
1310.7966304377042,295.9847592539124,23.67750796522517,85.3791192958832,4.843661415173362,-3.3044908982797363
1453.5481335175432,306.1252804031623,21.034467737327116,32.85057391486022,4.602005544995623,-0.32326704750262025
1962.651034396882,76.3178596915169,28.085914051935156,37.69361019658149,4.875513172359662,4.102351441292149
1827.4009484040414,236.64725358124628,29.381355268625818,48.46455688194793,5.157064748225333,4.083568962256015
1440.9741066161232,170.0214494986734,28.01160153192698,46.8215127991388,4.8419585194385135,1.5029704602716014
2575.7274478273634,316.85642565173464,24.0798472088872,75.62640246785223,5.157169341565715,5.649687302292446
1890.3946748423969,77.66664450352349,28.000504689344314,51.94217743856736,5.219575066850209,6.827239093496987
1227.00822512479,244.01275211161592,31.34647376290367,31.953778200233582,5.416589715635091,4.792543409434052
983.2084507167267,218.79076401098013,29.775534849387316,38.70469268402519,5.64139748441949,2.273929552440671
1075.1464505317977,106.3085319258598,30.91250515299607,55.63793696312654,5.039003709239429,5.936823833161073
1242.7239110921146,49.176325314422144,26.649423997728835,30.321774219829443,4.34611171742617,4.010360510807022
1089.2264718672002,234.59031377181955,35.8585895735808,62.815897295220985,4.827447951590405,1.663325455781865
1135.8206432923503,265.89508492763906,24.119133317226098,59.60231145858021,5.0220312837033,0.8910466607114386
1313.1713036489248,113.625843754806,32.437801485433596,70.02916214675804,4.082115621911455,3.860686978615372
1112.0724715305587,232.13973744803297,35.909455464799805,85.63932307655574,5.694332260051241,2.193842797254324
2414.1777643275655,142.24712674014117,32.404540463744475,83.85781927708089,5.0711889562552335,3.0245534737614856
944.4207421909559,256.75447798174235,28.98737886467585,86.22529326481819,5.190676417290143,-1.6000145858737014
1744.1205012264584,71.71749896185912,27.358514766685104,37.13009179165907,5.682763231263133,6.6350477836029915
1538.7142885813907,320.47740094902275,35.18043825523128,29.209571464754823,4.6849285849288265,4.7661715632190536
2568.2815104354913,103.4674547276087,22.885125373691636,41.15936903475139,5.287020965442015,5.131836599213349
1001.6700239024942,132.40295559221505,25.14937869810178,82.65596209364202,4.945067938449032,-2.6294055008112833
1516.1400782823348,20.913102748925922,28.01221117254139,88.04374322364417,4.90795656649204,2.2799378630784646
2545.0467798956643,40.1443964356595,36.18826878755999,80.15274657493333,4.61390380609781,6.931061884925127
2357.9128266091648,185.71028497643812,31.89883818020448,27.701240478928053,5.8328016068432635,10.024218772420534
2270.7297277087036,999.0,25.159771207448774,86.31995986418552,4.812249979962215,0.8258640160396515
1264.2250886808918,300.77288126719,28.448461473075483,49.63506191455502,5.349732123447851,0.6355915476428898
1107.5976573021185,5.289619915783383,26.92838427951853,20.65172035336476,4.062496306264032,4.2624932945584755
2003.5577958639758,136.47385752189703,26.451055038832326,50.96756185237355,5.5899942648448935,7.127713386090007
2472.8767804296544,121.44439683687337,34.89444779278389,23.22484187728273,5.526105577978529,7.647460950381122
1802.1732074250735,6.957947130336373,23.141284353682472,58.07145448127823,5.048717055148652,2.645284652651183
1828.9028410458197,44.77262364018368,38.04390427867187,43.69878192059359,4.886528766931038,7.412879973450258
1303.9623685885115,148.9113629707087,34.14114845092311,53.140445351583416,5.200000002806783,2.626626645743219
2185.0872797454867,177.43125040108077,35.45430835301849,62.92192525201819,6.144395330440145,2.38974068059724
1136.678747403542,145.5443090117529,27.68530243987371,80.81607670724742,4.118381650548257,-1.0043913060732688
1382.6226255276388,191.13756422835377,29.250296404604452,66.33311035303501,5.391013693787063,5.547631748561791
1565.7855895095502,214.24740296604534,22.83424092737644,50.38342079347265,4.544191348923048,2.8850260503984977
1713.698681632019,3.572575606020827,27.376687964665983,77.35994975692556,4.990040801850134,3.973875267284277
1236.3375183471444,167.07425740326138,32.468274238215756,83.39074963011925,4.876059940460668,0.8422529154913967
1006.7062845305663,346.8597267195318,36.48031530890698,28.383197650253805,4.785840871101122,2.7937368958117563
1899.1160763949388,186.85162084663753,24.464215915987744,57.235308428695404,4.994767435473635,3.573274237134586
1319.5349958324605,243.91521628522315,28.17247031507367,39.915837181971085,4.432914427361105,2.9355849858444856
1846.228798560702,112.27098885007796,29.24350389883739,23.294283851386318,5.514590218063984,6.213451151909749
1077.8528874935641,278.6368961349945,23.021053989037576,66.79826865797898,4.1029282444007,1.3000039295733
1666.0521833386715,278.2517334754014,32.956746208792,80.39395442214578,5.269882256414171,1.4527373006209527
1758.6609785928545,187.66657715549002,26.380048341286955,31.403185813417583,4.836732073732715,2.2036436801031627
893.2823662803685,351.3649763805169,29.02304824411488,76.86895603367304,4.414537553096273,-2.568712524389451
1405.8877007490569,45.19807731455521,,79.73770134758593,5.101191685299348,-1.2807450063722934
1041.9464184901535,6.101159360249158,26.053307471401627,84.00383098665385,4.221524456646761,5.748112010264099
914.074946850982,277.25695623255456,29.964775072597227,38.56995623602367,5.019856910859818,3.355026283998276
2581.9284183019017,290.5759934513577,28.92195210715989,83.27671456329224,4.288561546094223,0.6128838582113956
1380.2369209545013,43.27460248340745,28.140710588606673,42.446392831550256,5.230636042158916,4.0249803482115585
2257.7740025383428,95.60981986509819,26.357691891598286,58.6636609418852,4.537821333184812,3.34962940003385
1258.353178574775,6.318850811986407,31.597623353914777,23.535522958259747,4.774502991485345,8.953949356702013
2026.7049000030727,105.59109988100329,38.26808634246142,23.071676185812052,5.146974693971581,4.375061705801269
2168.410147801436,278.33107461072177,30.699436164195635,70.4261248912542,4.613728944078882,2.7152177222137293
1872.1497330941197,186.4657899765284,34.98059107455565,51.113598458445374,4.971018000165849,4.0962704658763105
1648.837139390285,125.31441354058371,23.048890374232688,37.940466275845225,4.243084749377573,5.378998553237241
1541.3136454650835,133.8261461662789,30.78880719646885,33.32894472174371,5.315437801798078,4.543412197917111
1427.9628797773917,0.4873052575685355,24.513158405144665,66.89674436014526,5.8824569027753855,0.20585064700804612
2473.1524596460868,107.92818992348492,22.615375362340494,20.02810808177379,6.396104433954981,6.543750813104297
2295.1149340179127,232.72514698965497,26.30314296270482,76.4123818437798,5.045584073333219,0.6420243883340839
2537.0484391997225,350.70999977388857,35.959496672067864,25.547472429095016,5.394102070398594,5.662962640645294
1023.7350022739805,304.94189771420383,34.75007914334823,33.40427304356836,4.109687163546256,4.904105511666858
2115.5614553665596,8.494187272390485,31.215023610272,47.03654767093627,5.7513671631527945,3.162415675970882
2489.012822277868,323.48181768294216,22.336497200550347,53.94011178012725,5.388114252362053,1.2958404036837956
1126.2195190981884,281.95142878750534,29.018596743060314,44.84965810697592,4.758033277524383,0.4143255949688791
919.6932812601995,280.93540448555297,31.50850004450868,42.44985154890057,5.618590400144504,0.9807048738876375
2134.0171687221064,164.87847324128575,30.87768114789299,87.4741208451232,4.8727619616773294,4.275391594278182
1834.0516037238415,143.281905463621,20.78103208259627,64.9105776870376,4.770987408492722,2.1520658641442605
2315.2917981648898,109.04966237994934,25.54841075990064,21.640306875717176,5.237667462713746,7.415818394989507
1051.590277927321,23.65014922357168,29.679611179256415,50.11231359110192,4.468322750084841,2.41797523955137
2231.4811613478023,82.16473085773168,32.68145454758595,81.25060898207792,5.510812382199974,4.960022425268853
1162.92917608594,88.77730859208886,19.019360894500267,41.10193304874676,4.472005094036579,4.182121493230084
1094.580697158268,174.26774509567258,29.189380122600706,26.618944134207176,12.0,1.912367430961868
1095.6784362757874,269.07998637480983,30.71524384939476,73.08693401129425,4.545155105795833,1.8439974645300192
2266.2344964164877,170.57153822326077,34.248059942581065,62.42096823552569,5.379750018758061,4.849181736164745
1997.3549972531603,20.82400180097782,33.464287921187186,59.92187554785527,4.691612319240146,7.635209167959046
1741.5177645844146,344.8043283557534,32.91285659404403,23.750359172518554,4.326002107816415,3.033720778580748
1445.8948714223045,339.3807548738804,26.00029746649033,29.834930685686214,4.697160000032101,2.7779027168043555
2378.960973463595,282.66823553342704,20.459989314383463,63.57845773491796,4.983978814659757,2.2122968173262354
1506.4011933607437,356.87804456311943,28.034736214692995,34.5476689021185,4.409513758167807,1.6505417208228514
2269.8789910488385,196.01363980809467,35.0081591260428,55.284905582389705,4.424159445482828,5.161300907597752
1590.4428354263932,346.5966060911542,36.96727263762216,58.141718022057546,6.055648167049792,3.394870361165329
1478.4999729648337,27.21781462203028,33.55274551148893,39.845503318965754,4.569717298093057,2.9196065504898776
1632.8236142052915,131.64506937409368,32.14670411400867,86.3897608879045,4.838478815613497,5.163189763995093
1342.4801734954558,81.1372564824357,31.898198241929826,78.97248747849025,4.816381499600357,-1.159628398784465
2145.6968843172517,70.4999102883372,27.219406266196096,70.5661455342959,4.789321596114779,2.847200275012588
1704.8967021664625,50.68906160136339,29.3496985322319,25.459570648658634,5.310673369984551,5.969557978575113
1217.9828512642712,224.0689109637588,38.34534762913165,27.42910135163136,5.474071475236025,5.125289668965255
2419.2342318942233,281.2758680690298,25.287209971040618,54.494694210546896,4.847022784234204,6.436147960427883
1491.0041984717805,208.18742379132985,38.07389395354926,31.249934443369,4.381760856703826,0.7429721127776725
1778.3951500051794,52.90657545175548,28.38985922753971,88.47858244706319,5.637220113924451,2.1185591232915293
2431.649799736185,292.0045571760495,36.62716054547539,31.09641638191866,4.952329454401658,1.2831811238854485
1923.6283926451858,228.94369457894226,22.96592495251231,54.12274848247818,5.865160907428584,2.9710671306773415
1010.4164732750553,139.73965420571838,32.92952100582325,45.488473978905375,3.8772070512174186,3.34849409049527
,242.68690639298268,26.31614932026189,64.75704950178687,5.09770161064166,6.661191005550533
1929.8744955285522,93.56579252741983,22.923664040379062,29.032548622259746,5.959303166938104,5.793890510576164
1402.830106382755,124.26919505791578,31.092670212054728,50.12214996296736,4.823367932280921,5.701188423812493
1050.6897307940972,330.29490352751645,35.04735894297984,39.22935229650005,4.887253288332682,2.975548855363934
2229.2453406865325,104.58162204171134,25.775292807032518,82.14260672701816,5.147755845795169,2.556903765036509
1916.1309606713244,169.19577653685718,22.504920197707996,22.840999849428655,4.720602090557521,1.8470053168566212
1760.2299655573788,320.45080946256525,29.540776178325224,83.96092458045214,4.843964033973633,1.0751770320747318
2409.0066494917237,254.7796860963099,29.562823356114095,78.30958969871003,4.831092452904299,-0.22385700972318157
2219.474980204155,22.39316141929299,32.74159813777249,40.82995015085708,4.6862896327868135,9.443981687625108
1073.014783518952,53.02909594042932,34.74797285682244,75.25034582739733,5.61442827510028,2.6882228804024253
1361.0997220319869,2.8229726778900543,29.70292409363753,22.18494922371233,5.230539016148217,8.514531193330507
1247.2804516660383,227.13184448249882,39.27751657397131,87.68058852053755,5.125314116051651,0.3441300564280382
2139.1033266308186,161.1624331477506,31.12117372267646,56.86164598128526,5.404285503445059,5.094604618823016
860.3583825244029,48.33894632481919,28.267867469965502,41.22967182458117,4.867822083398266,3.881674797256963
1825.8014327683698,344.8562835804374,21.94216320448586,45.38082488162739,4.61289809082355,1.421996297324799
2172.4256343332427,190.67750062042316,28.68670239841916,24.648374742234815,4.698687847692721,4.618615092707062
2378.178146171149,87.0815858806401,28.31806527294432,89.25446598294275,5.000891520552305,4.539803154789924
1415.7471476886335,180.21728561569472,34.80152398140735,22.75043616054847,4.4703941458135485,2.860743746111279
2278.263148409623,244.66331978463882,32.31241812033427,65.84349862035013,4.749869491706662,1.05505016958266
999.1371265193729,27.446118470483214,24.103154391836913,50.99151493945208,4.741941679064283,5.492789050917941
2323.6141251221325,98.89337341724112,30.86127193205519,86.42413527321006,6.062278114914507,5.696234357875424
1029.4795921975683,290.5075767182377,33.357655858645266,37.21998182147566,3.6130925300330414,1.8443608882178955
1515.117123008661,165.47935334495804,37.640156796939166,57.24607767566079,4.910190139297184,7.080494315355336
2235.1316584031965,196.76777113162618,34.4375198370703,53.76493460079271,5.862846896407385,4.4814138906300505
1069.851369227793,155.81376079540894,33.804233271557386,69.2006510835071,5.060922232066227,4.665639013079707
1212.6525114187548,15.803979351481843,30.30042997307582,24.760716236669435,5.376708736710547,6.023433205661609
2100.0546231075195,59.669920735256134,31.941560027117248,33.56523910163484,5.049913157549884,4.584776533604645
2096.065765782934,160.39498994708072,36.24752450353079,35.01953740649949,4.66633330939176,9.557937588482392
1954.0657391935351,75.30676754685402,23.33611301260175,71.67055283891827,3.8790420327455433,5.050281765304625
2049.1072000407803,17.992450317484344,28.25280336391522,33.239708742871805,5.102727843518151,6.370361087190965
1776.903998025673,303.7138790586565,26.137156256218795,60.144423472368366,4.6121966976988045,2.9611651858457817
1253.238306032515,353.2293104990817,31.89576559363062,35.06706743506676,4.599832296917348,0.9829495157633282
1422.252788307055,285.5314346388262,36.15111087825394,80.3137465058785,4.750506372010444,2.672064974479534
1126.8758902425661,307.3625718136801,27.01512856639463,85.9529818142747,5.872430703311747,-5.436438091300335
2435.211010400531,87.11176691413634,18.04847816265281,56.294508245956834,6.202418771126986,2.8105497195760463
1850.1052305790167,345.8257111847519,27.93889627487765,44.66162189464248,5.108603968764201,4.293862561269341
1521.532550174552,70.89325360323421,34.567368660087034,36.384044251224935,4.767616388044136,4.90264105773962
1631.610446559439,342.5147317302596,32.6881495147494,23.484670106613063,4.411386791274395,3.671155649120371
2505.1100113012676,358.1349458277424,32.14093123905288,38.795005333824676,5.234270080773035,1.5799231215402072
1076.0325256089443,256.22021006857756,28.600033490627602,65.79650459617226,5.891452800032572,4.623210901200237
1855.213697630235,353.2117434450559,23.604846318901068,57.35318519164476,4.876329806487422,3.5150935624993593
1710.599621992039,205.03432064415733,32.57647160812234,86.08288947966491,3.810501979623388,1.0661388815078499
1900.617623782366,93.43504194339252,25.828590949826875,47.73940837441904,5.335024835907761,3.8538892414382175
832.5983308775129,157.31851883962352,40.920483666902285,68.57043396298761,5.492699855725025,4.462556821456532
2369.8230360994726,213.68193673636296,32.85253604177258,54.2525923232585,4.207077179807076,8.402514747129626
2477.8129084705024,26.309362329725396,27.096758487230247,55.880335114694816,5.088242091831477,8.042184425804184
,224.0435752622086,26.94307376305686,38.74420202228822,5.225613008068049,8.062430220703959
2053.971482978406,353.224021234426,29.535278966932058,51.84655437893998,4.9634463489955305,0.581234177933583
2460.4988861191323,68.43875392214194,28.80249038989125,52.95494979088951,4.604614540457323,4.211722483601109
2073.0295417641173,285.33424186381797,35.58416887764977,69.46497652242537,5.507968611781778,0.6523930739615986
1074.5702772456705,326.84356576066295,30.932080848720233,85.84479994302797,4.798310127015658,0.004687322008992689
1837.3190483002636,339.7325734152795,26.341841305457358,43.0524894237753,4.257406918650034,2.387301197008454
1892.0870834891407,345.648817585961,39.45220342577891,22.95403280069089,3.9752627571651598,4.013881273867594
1563.4352083442948,187.7254699397299,30.246541657601114,54.74065878504478,5.630424759999655,4.844881628045656
,351.83084687694134,33.844198379844485,58.1122932504418,5.308331988235559,5.268852761841943
2481.860626584227,272.631674568398,26.958867462776205,31.79083857923407,5.043986773564584,1.8056205382960822
2466.023323232197,58.20171704530628,31.815578138722618,73.23252243932467,4.779862681574598,4.1099759165875085
1611.5108685274377,171.6840383284692,31.555549955715975,88.94503759090442,4.735500792898437,3.2754218959122103
1003.8284825133594,258.59922313392144,20.551753539519236,86.20423019059227,4.462131675779195,-2.4302092868735916
2572.714158132202,89.04251369487,40.076375552303205,33.79742271765565,4.784272177720058,6.411639099262951
2310.0165556026814,230.62146607759945,36.45322230461274,81.27542679305324,3.939956392439913,5.114431114270743
1024.3928261658803,239.97617245678293,28.01402341927006,69.31455454881794,4.631968173265743,-2.2047111452181967
2457.51538871127,58.57190777108372,24.488651297720722,51.76925946648381,4.844531241824453,5.039913613124711
2365.8134517118306,203.43071248299225,31.73780806901776,57.84276960273103,5.3049400235952096,5.2277321640471435
1733.9085028269299,277.78568795229876,30.433488497071984,79.47201224877207,4.980036768313318,0.10607956607322455
1864.2957843408726,179.6024392329391,31.778344742816145,53.60944577468612,5.397461556937779,5.615479141007346
1518.2048669662345,4.357122039398673,30.957886980970446,46.124515837358885,5.674567552556715,4.3470177351398585
898.5709498796564,3.253848868545184,32.53120494652963,54.527324511819,5.5290850469120505,6.767322181101327
1403.3550349626216,128.5305638292044,37.23652849695903,60.53908628245344,5.235254923689278,3.5371868493216683
2245.1362074764206,333.4298646354415,32.84051602564323,33.23543576448442,5.005931339590392,5.622573258226353
808.3376414082851,82.32364065729915,24.751722505450296,83.06354111868934,4.509605995793221,1.9603637755577399
1400.2985090440595,228.37092799380738,36.81281426356226,67.19308641807297,5.369972025689658,1.1944264458213745
1516.7036484636978,79.94731344959541,38.20307281744144,64.32882421362422,5.839873691110765,0.4827892435158274
1767.3120852882612,115.80119627743751,45.760283672560426,26.96473583264467,5.171053019825209,7.877231198701187
2455.7401095429686,305.2951522565342,24.38252983380201,62.29217567208143,5.958629574213061,3.1143384628103816
1423.42278985873,262.3901192171809,,28.467246356694464,4.237214145969459,4.303839375227158
1424.5157634132097,34.34373983275583,19.589506484055065,25.508837263677933,4.422918307610229,4.0629234612378635
2127.502246597547,154.3327275551161,32.765745781896044,56.91176269496753,5.427600753874131,3.9100884896459682
1613.9922936016528,10.501114912295208,27.258998509166137,48.19498738325465,5.132145105076625,8.995713473320622
1204.2886812919676,173.12045277708324,39.617228974124764,61.216718910935626,5.656891088285904,0.33061899014301366
1614.3911290388482,238.4762442123845,26.12692514990709,26.245551764006702,4.9922641796366305,5.110014953363692
1053.5426366836398,42.66094449533456,21.554084810163694,50.16881439930809,4.566012288735834,1.5480435597188664
1117.496575711202,103.99857800729964,27.6436812964874,32.23507005316106,4.8932033788974785,3.1440257765284945
,143.2211851807765,20.12256114391431,89.09700601468816,4.233658014538133,0.15520968292489334
1554.0658091081864,331.0311688761779,33.75549727253655,59.280514870462206,4.4357046634514825,-0.06681323612193091
2446.7226219225804,357.57180555226705,19.674584768718397,68.12058026586071,5.486221998959005,2.667471672061475
1452.3090184099397,16.168067638421707,30.142287905915794,42.779279647782545,5.436393707234805,8.03040747270847
1845.0590305004782,273.96285245834116,19.610940900719015,26.63172403455409,12.0,4.0744753899759765
1938.0757182551547,133.82066390484357,28.39851097731679,88.31096039484757,4.139461239519766,2.4108502397312943
823.5700218590006,141.2849470426128,38.21689077902267,40.038132476822824,4.820798212243556,1.527431492827572
1994.3672696300791,271.5353904049282,31.803239457178975,49.6665729621502,4.387500055669975,4.320276481171158
1120.4647403655526,999.0,25.68253197517533,65.49047451918025,5.5882666268938825,4.217503048092917
2529.9265714450194,342.3342940209174,29.84398255530458,21.72881083802779,4.7081389332187,4.185520348685357
1067.5929099556033,207.7641309737955,30.09008436022223,76.71813913621008,4.457126144609226,-0.18418332593599362
1546.3234227086427,128.56361734818103,32.36315172921703,57.56047330200342,5.014898082560713,2.5475933425632262
953.6294025415589,283.51767090916053,23.165708183595868,39.47520309481755,4.679922771582694,-0.1599588779038107
2594.373653322705,90.3604979744281,32.962836369236655,24.312558970472846,5.741871955101853,2.5977604944869395
1703.9510185962367,203.0666503800664,16.478041841986126,31.374889083210903,4.632594551232905,3.656144400511174
1871.6930311760789,129.08824614895434,26.850577238180946,82.65237011974058,4.300385870387684,0.6039542271007579
920.7376592991694,236.3871865348354,27.558630787742278,68.02169567551238,3.923543242121242,-3.211081516698634
2149.9288467185197,86.54360864166249,33.166634130356194,37.49312051458229,4.984606748793293,7.878190918430005
1177.8300675720543,68.97346046453728,30.113154263384345,24.592053546152066,4.719034943071037,2.6993131923670055
2416.497720993285,330.5660712031573,22.972184730718567,68.34307186706454,4.285547696744136,1.0157258109293528
,36.64932586183328,25.075034370914924,60.06854081774356,5.594613230627893,6.087354594886735
1143.2378971945998,182.1448467845754,30.993400047737033,48.31636671207645,5.333622573714621,-0.06979582822131469
865.7894021265707,79.50700186668321,29.60466329067722,45.452801443304466,4.985891060531385,0.05490589145269942
1649.7205011979986,14.014786797240282,27.104379451821266,35.17699931503758,5.682163122085433,6.354142429604149
1816.7140398727097,12.966774584913502,27.595831052440104,66.87278795762623,5.3312680166993065,6.8180591742895125
918.2755509710342,63.07983795809784,33.48083998579644,87.94676194557094,4.588572049240784,-1.6156131970295031
2195.949710051019,999.0,27.411537135653926,32.30006720857781,4.480389918004617,4.557172946092678
1615.9199025464497,101.69234783172959,29.559543779854632,61.79816340108523,5.408990772226931,4.865658846298269
1743.902484789644,342.1653014071065,40.849682940402715,49.692953902218335,5.198183478233675,-0.8923933694769599
1593.3729444888106,209.38402547610968,22.881586815580384,51.268210522126545,5.084873883985331,3.940118630678276
1521.373509575587,157.1811083167558,20.740786342126707,37.79030960894701,4.576751098565547,4.781736179002959
1807.3525963547922,208.83198048100365,33.91794832399303,77.75944129629934,5.303973783502877,1.9978291440226974
1079.4324426752826,186.0114186814564,26.606784693529484,53.96789229030688,4.622250558433025,4.152402445499529
1127.470634891488,273.15945135263706,28.4088123612869,58.03840965387849,4.949006672703161,3.2199206601520096
2351.214117824331,101.69858375022682,26.09421810934443,41.333263895812806,5.72347207319349,6.1514784876826525
2503.007831840539,127.09814097610885,28.700999296162436,32.72659259668648,4.669582882094927,5.466788637680519
1471.9567693035553,321.8739489119703,37.992690560481705,26.013727174197435,4.21350537146357,1.5421525730988639
1287.3404116583968,340.724344734146,34.0106422930906,69.98833986474412,4.473726404064945,0.3360755145342891
1959.1991778302283,321.32096189513084,34.311117559434884,33.7363997181499,5.497149413343812,5.238143170156643
1535.7215079765735,151.0012778246329,22.918864721036773,-5.0,5.127365568690105,1.327908918675452
845.6954401886208,280.9315810824774,24.244231317235652,47.32635122328677,4.935561310655623,-3.9741529772156787
1081.0746752591426,171.48086398839555,15.804606702572865,49.1042360692756,4.745453097344216,3.5336532957842417
2088.7500119253154,179.11434677259678,25.95309589458623,52.842424726494016,5.242679953776595,4.2927953390813505
1986.0630954382725,73.68483926062223,34.78351593192829,45.739595568928024,4.575447574504889,5.04003489201455
848.7727865062702,212.80690917306592,32.58473257874186,27.043398405581307,5.152832784321298,4.7359464310199675
1199.549891479309,67.00892319120526,28.892433685239382,41.674226700199206,4.634372715593521,6.974131592204112
1215.9346338585285,119.36329166418976,29.888498581409735,66.46140524857569,4.551170307362473,-3.3344560999796924
2009.406938477711,307.81087258317666,26.55557228712297,66.60490810282097,4.681256282587494,2.5389211593152945
835.4789679578555,74.54729131590788,31.02379441200892,40.035701506799604,4.812296276758019,0.6164698500242554
987.3954475722329,25.616982662435813,33.82939139740307,52.20718385903816,4.975585082033148,4.982097553516334
2239.8489536717407,24.84273334061387,21.920566062947636,33.54130596083562,5.117727897555557,6.537434656206151
1121.3803916978004,338.6824273811188,31.49823843918674,34.7260457070885,3.155817354285778,2.487656327315495
1974.9429941333744,182.49135766626046,34.662174354773335,21.61329618846252,4.5961747211266175,4.890882225007027
1228.7290058841077,147.3883458541266,27.924498555183153,82.77225849354213,4.804215011321981,-2.6678042361735517
978.9945069668213,291.91628916285066,33.50350306060292,34.74946655524344,5.752531019304165,1.4767260238811692
1237.7099437990173,300.89733404778576,44.07327222236276,35.92737138555243,4.459998695808934,4.2291000791010775
2100.0804773401865,119.58877192161766,29.47828603506554,39.57210028515922,5.081398309049956,7.528700974778223
2340.253642591314,249.7025006905663,31.966535250026617,28.91856501868003,5.747515154867918,3.3147994978609496
2294.395756220585,277.60421370667916,26.309714581693044,64.7484018226954,4.343515735026363,4.563476316662857
1514.9303533132188,235.67424727174364,30.90625581301025,25.260006722431058,5.196987612932201,2.7640951836750913
2002.5532458271632,54.57422692803577,32.301358124911516,29.39416984284452,4.59886408303274,7.324350530821769
1168.9717317484779,315.31791006614054,30.97421170135069,65.1329708613065,4.747683128855383,-0.5699459771693571
1327.6659144698237,194.07403898496312,24.901523401455716,43.77624343370099,4.598444583023343,2.7598062378817447
2413.4044733380156,101.69007349320133,31.031808856627254,69.55634786908323,4.634071345792057,6.609248376830749
823.4034623193248,153.0821467575698,37.31097969358818,59.01973212690994,6.360956073953247,0.35035548768517444
953.9153555380426,13.525592543606656,32.24317882257264,37.92148211430592,5.422227936035833,3.3676751494990733
1174.195259262849,46.03204844007032,34.80993594535921,65.55795653425297,5.550868930893104,4.126351655900372
847.7579669728755,275.5968301857099,28.814940149936863,28.139157620501646,5.245996743418248,6.791050111143434
1126.5837831616352,0.004188511931810801,33.749501197118555,57.54872681560213,4.196871605799021,2.2833215175417516
1849.474809745446,149.96369825362518,31.396339191082628,50.60036735315242,5.197478985161654,8.448439655947617
1558.5641910664963,188.10366519081185,25.24544635156384,38.75115079722086,5.536464807253673,7.492864875046658
2406.8090799385545,19.668391200350026,31.592605023994373,62.28034984176501,4.573300262980444,5.839545035675746
2271.398411129194,350.30813867003985,25.04151668279845,80.99335146381978,5.482663333580564,0.5426934783212132
,81.40511924988189,26.83559862557604,89.92332898341537,5.352168104927039,0.42540472114909855
1266.9621801763265,109.51153906906112,30.946641536461872,62.54339381203972,5.926020022406835,3.0477043787629547
1483.4463347010806,109.41930441180983,31.48622136690062,48.329411203041914,4.791108493743191,1.2287448848258697
1862.530896526654,82.94999836224596,24.053837674614353,35.76449701513411,4.4511945088621365,4.695601044153024
1282.5145534811772,0.5305759510721098,35.26992885591438,37.996726257657826,4.819185945313727,8.626396251456011
1923.4680341284413,262.5641258716787,32.86003139150237,53.561848470483596,5.717785496581811,2.3223710491872604
1536.9409739442326,348.0643799277427,26.47635782194558,45.70943908964965,4.0857970595790185,0.6996924862187177
1793.6849255335644,80.74565398261622,22.312076017754123,83.9670165837461,3.965812142284484,-1.3997672220200643
1585.02775244357,999.0,29.275477104592845,45.78068273589967,5.044697639465807,3.68313265616095
1330.0383671754516,267.0826777051374,27.770281430694197,46.14112138018048,4.778705353612922,2.421797007346549
2507.215952531882,305.4331364725889,30.565702285265115,46.847415870378384,5.003863946587843,4.302863878853363
2174.4904294875696,152.14651092489927,28.18441669422217,78.56341472573607,5.472655885617932,2.925929348102652
1052.2037163796147,109.05512603055453,19.96271569627495,65.55518245928313,4.723715326940574,0.563967379654285
2363.2423566162433,117.10624824829121,28.058265308494207,62.99181952232249,4.063497084534689,5.434507378244621
1677.3761568491245,256.5436799154646,28.471904444658435,43.390011566870356,6.022240778599972,3.216044411068674
2410.194008409365,294.040607942029,33.1683051238703,77.25329237827076,4.501385856280612,3.31450733086678
2239.7394607051674,65.38102839237696,26.50900162694475,22.68547029489908,4.470481438993951,7.113405352043368
1565.3843080446202,133.53876293679548,38.39337336686283,80.95580206366792,5.551860006861299,5.499340796474086
840.4447549762114,324.69847082969403,20.441797246741217,55.892492985575075,4.807755439479241,0.4797747036447306
1283.619246892903,290.4096670901061,36.55583748901312,47.877516440438896,4.968305073982594,2.801064958259273
1774.9415863895606,354.5490249944913,28.878405145609477,54.801709650237996,5.241395062030159,4.7614105347966635
1940.2607956870652,271.52937348554906,34.29792436171778,66.71908713736818,5.541791551554998,3.762140459401632
1264.197833779764,141.55027237005203,30.399007420293664,20.893579856252813,4.833269653409114,7.168020966679306
1050.8409333310835,212.6296202380696,35.697777680127345,81.00862995207734,5.759976002957149,2.4366099523507585
2302.874426238738,237.96513152903532,28.063190177235946,51.2717667717975,3.9321000756325972,-0.03537991885246461
2571.923925266394,28.244093874164623,24.50689787411094,44.007656379005475,5.3798936184765385,9.335351492433581
1746.2423281448346,196.01890527739144,37.10252143635532,29.677189594383997,4.580236220991171,5.403111616414776
1109.0227145269464,255.35549825013945,29.432596770589296,50.76257620509095,5.6861356583039955,1.6715524690465229
1290.153187734864,60.235669440381734,31.107792368121054,54.74259398990652,5.071022239415273,4.435602585186427
833.1032177854402,281.02741827320057,36.17375957022398,48.255268614543446,4.663547333995299,0.769642655418555
2445.737851808898,210.15820098508019,24.840223789527826,67.5062065678828,5.331420546510817,3.9520896290567733
1011.951949202254,342.7998428511341,32.97745448819629,49.46275701314582,5.446594173603626,-0.12926081254959199
1837.7296559256565,15.272027354481011,27.050526217685544,87.29923044926014,5.320947061429319,6.007658773509586
1293.299397236971,95.51740951996811,29.33915322177814,61.94942624765143,4.485151880183469,2.5862380458824425
1797.5204045284281,216.55939654793667,30.361394826921444,76.52345549563363,4.757991438188958,1.3016432974997727
1972.5566990333557,106.76156839413505,22.498890692765322,27.65491321766352,4.997963581439283,3.394178565511954
2293.535246672963,257.1926990656472,26.105814785897827,47.810390506213395,4.97937017367497,4.2665680863683395
1171.5582891690858,273.2419017078952,36.7553644620657,43.57933910130069,5.374872737719174,3.0939430739666913
819.7924915852649,36.905747063930804,34.43095594292398,59.86376716956143,3.992549383746696,3.69504879082457
1046.394134123853,184.98760711443637,29.686802113363825,80.2779464042998,5.1671635272767515,-1.306659628602497
2420.033555326589,183.20060001278011,31.215617292564467,25.483675243340468,4.85500932278168,3.109579476826159
2373.0021396125276,132.9410772775948,28.52878747181771,25.080235863129754,4.580749691808024,7.640867973029917
1875.3435839065548,335.85295052508195,36.78291692913991,79.52223957103192,4.6287566111152,4.452248084012259
1880.930348780576,297.90227515435964,28.99823711102918,34.89950602268502,4.892731167741018,1.352798461528736
1997.0660141832598,250.99537748746923,31.15921046067424,66.81272781148695,3.199457447770241,5.398182710439373
1115.6683015222093,257.1575888645991,35.73015072071033,58.00146926525636,4.649355214604225,2.2953310050606714
2445.9415026649276,166.21781177272288,26.113142575770468,78.30255164210607,4.562092587676854,3.2803935302757674
1553.7869448057318,331.55802759476734,37.79394592248447,28.756223688548246,5.266391604661312,2.9183971097916626
1489.6493508490953,250.05435381118275,22.347692951283115,29.08480760058279,4.597236658744739,-0.13058096254103635
1734.0518695091075,262.4331821960939,38.14821065556399,58.97728521948153,4.892443099914755,5.152918683463224
884.5387401950991,310.2087253634443,28.136622080240127,86.24650573508596,5.771138313830651,-2.651544080700541
1099.310063760943,98.66577216318876,28.78650626087359,49.0498430859528,5.497175759907711,1.7276602541768296
2128.460509567467,290.5455253920131,20.549949144085286,42.88594701782864,12.0,4.881356658497326
949.0376022652276,70.28661706433714,27.726026413111537,62.46825262385201,4.750063784794574,-1.4965487138994438
1885.6737970394988,124.32310280815962,24.80096734486558,85.13140203815217,5.2715161396448265,-0.7140975808665337
1241.6283974263777,120.81976353714337,26.961768273132638,78.58494829912365,4.883051099773203,1.4706354147542
1500.7321052755578,352.2691686200906,29.3134451710556,89.68385275132539,4.901953394661531,-0.01692071970233644
1319.6487261872599,308.35340054925365,34.78895807236453,21.579800824166398,5.2048426718732745,4.486591310409946
1440.2108896369084,252.4211501724935,31.038016757003128,27.900070129893358,4.701503205789534,2.871862421698881
2094.282629331642,261.7404341815404,31.53838326700557,62.66274343566354,5.746501552221602,8.376551874715119
1334.8190881217151,202.34620598492558,24.522403055772187,77.44035075336947,12.0,0.2465942458315612
1819.5283525344148,340.95264015906685,25.596229551986347,39.967103961473654,5.309180283129832,1.9219798413366185
1656.8907239583793,178.65315103765016,38.993625091756556,36.74477616239531,5.727800239628649,3.7137403728569867
1994.6080976527667,136.98637555316202,26.323994826183768,75.08830595668405,5.515826887287588,3.399898323786506
2486.2935307845646,58.69272129537276,38.28104126028648,23.94672976972621,4.295540448654737,9.53501208484771
2118.6297749784508,283.0340348139809,28.784694005595668,45.85678533078096,5.222447947504942,5.9664398291560135
1186.8926814633621,264.39981554721294,30.01143968071752,55.40664558146308,5.4253596972303235,-1.390361723258146
856.1296431103124,138.36781386868856,35.35182580114965,59.22440720452264,5.445931511080374,2.0443321440352826
1272.0752797396851,9.06962902532257,36.35946210969328,71.00306097549438,4.443352582942684,4.765660427921848
1871.1402752604588,302.03903797848386,29.44593719860456,44.839200640146075,4.671482381491338,4.000083642225705
,4.110474043466508,28.058784732392304,62.887904127222505,5.497279117870811,3.067792505957063
1693.4592449622255,253.33192066645833,29.720397757388934,60.97627959536695,4.619119814658677,3.2474089626922202
1874.3171280504005,349.29255950138054,31.689787641160592,58.333127045762296,4.8501519716678425,0.34514887856369203
1401.6390034705296,157.55807813335323,34.45651843434878,64.83383051995486,5.787937904750985,6.283849779106671
2187.64196674248,84.590425798543,30.02114929497076,38.16144197476534,4.976100374807605,8.10150882465948
991.8768556407892,253.75356361561742,33.09443149011577,25.92541275092403,4.636612931083079,0.16051889178535816
935.2480071244557,294.16613112561066,38.1917986613547,28.349017042782037,4.561191321568548,0.5487150172262267
2110.739761166486,196.71491378802503,31.906548061323925,35.72076678577307,5.166359664792594,3.1150112505204266
1691.8843691711572,348.13269909221265,31.55826428002389,55.01385548659497,4.333425995761395,2.963543141614304
2039.1243135699249,18.600739796865998,22.405445874549663,78.83099253822141,4.876332018051791,1.0846802622956884
1582.6892094867433,181.72641538963012,16.84634931585468,69.0905339461869,5.166615267495011,0.4661584111856508
1243.5236598303923,258.643421036118,31.94187864615084,75.2328422941433,5.6495749102738335,1.9374401251232227
2274.3841718135595,310.55056961370445,29.52587884359564,44.56829367482639,5.333774040184998,3.635236191070949
,64.53202028680441,27.42608662542629,48.325761915398516,4.642967441008911,6.06956279192107
2050.453647537968,288.00125343492533,31.217651020931722,47.55773201934289,5.58920965878186,1.509930736789752
1289.8612470139328,198.9745472586763,29.697981354015457,33.4311229083151,4.850242481226261,4.533000502589261
1862.4152003643567,142.75932551638675,35.63890125316949,24.285166070050042,4.382148488975296,4.735089729119889
1449.7530144920484,47.41741028847368,30.43055434129489,61.36412649790587,4.913979320367264,3.2251354826478518
964.8477319879414,311.50647320720844,26.265383574649164,89.24516783944102,5.719084600572851,-0.8299004666195099
2451.1644358320373,56.61835494469753,34.95083119479644,31.6780793465184,5.082620025032463,7.97826692494226
1046.2735356541305,111.52362931527573,28.91434462526899,23.267937392949165,5.006260932164893,4.255186688715598
2510.4272368774446,104.41639150647728,32.63268341836154,74.56721772767531,5.818605822351427,3.755926116894422
1602.8103913243203,999.0,27.612946469035997,-5.0,4.284322576472786,1.631971833612082
1133.2392719095153,242.1730779152033,26.75086557251282,78.07506637470499,4.357200442973614,-0.07239168225081428
1775.4217052810445,286.805302988894,30.42084115092848,69.27556669241608,4.1920767645165835,-1.2314512758340017
2371.302504577535,90.16844356529963,30.064143217718424,86.19714759355632,5.186324093240027,3.1683088109413498
2118.00479553721,224.9546758585196,32.399135176834164,48.624906502967036,5.083246563557562,5.095464752157251
2251.8100661506096,205.82855393174952,28.656771233451288,66.33788876154439,5.771368183639888,1.1706545256529144
1985.8100600792911,299.8189356437776,20.81820108114801,52.539834656928946,5.121737538568385,4.277943703748155
2046.0978161321345,326.1913417732538,27.836130582058058,64.14120881159805,4.797921420260349,4.385437783435425
2328.5521728175745,4.376437731859251,33.969092335719075,51.471923420541614,5.000897436439054,4.446621109872928
1249.4024159465348,242.64717086116536,28.513119603784467,33.20425724968524,5.058853709230479,5.4963276000450225
1680.964934557653,18.660887683102448,28.76808298742726,55.55281912023666,4.164119363335916,4.236560966591681
1198.176995275284,197.58911942784812,34.93188252952969,57.00089410062096,6.3551658221674465,3.8071852091583516
2577.8024143939647,103.54778245572416,26.440133863705388,76.74226937821128,5.259935509050956,3.5117054701494563
2499.306811435904,110.43957582797083,22.285983908785504,71.48644940555069,5.1050041540112945,5.926084685850027
870.9682604633106,127.06506124284837,29.196844402372527,66.46541367590109,5.307581992139291,2.472162300279457
2070.0353105282393,223.66528165785965,27.579130243756314,27.93709668868008,5.354705490293303,3.242581128312294
2465.4469713481985,120.25798764075691,25.16876840123373,70.44314034646005,4.929723257248784,1.871546866333257
1125.0356212292004,263.77165821250094,29.123107720506546,55.02136094481603,4.68437943187965,-1.7416936557113059
1822.301414994733,145.6298588065931,32.45752823623392,82.58696752743114,5.299725343160852,3.2705098449891383
2447.8789356584753,24.6071521115851,29.953557192160922,84.39096538913799,5.192855420265726,6.128293249599482
861.1027614544379,282.1535432942786,31.53490536343119,23.86096134212498,4.595054950455296,3.5415604018984306
2055.3564810443117,102.87299685337416,39.06703849257711,77.44490922481351,5.709517805683632,4.593334534062252
1335.2282132705914,155.79607665573454,28.28560569221218,22.638817329586942,5.146676018161491,2.039125256845428
2463.9131516777547,246.75979795988454,31.391743173223347,45.70187379865159,5.364909681133815,3.559632259438997
2547.9048412976617,119.68421657353633,27.453933187004328,57.96099829347554,5.69596044383996,7.759796331962455
2499.679680404181,20.370836212817625,25.768201400565136,30.367055903898923,5.010944410582417,6.3881445375163155
1653.5855899834348,134.6115769246129,27.07546173291115,72.24196687983537,5.158476003492058,2.8908813024306568
2351.6767717807643,340.0014897699492,27.606207142391558,20.5848292920497,5.405013619253058,2.5049210141248506
2320.1889173631266,231.02438302748095,31.797378987735627,31.80193339038258,4.637569458099974,5.9842121620539395
1374.38085183786,241.73249352019448,41.74537893350379,60.6557780897433,5.027025831423001,2.065924383405733
2292.0478534712192,999.0,26.4197828186208,70.00712934261047,5.062774293325574,5.061759484127691
866.6137424878867,71.63717002539724,27.91687347192269,84.16501718857413,4.521970724158303,2.5039989021464812
1873.2857812676955,150.60019107682083,29.68438493444376,69.38476563542366,6.158818394336939,2.596003488591658
1214.0159071178655,270.3383274107946,31.978994243548737,67.02454891784062,4.2963532782537985,0.6068984473714414
1017.0203943991019,36.494243119137295,31.317754059773925,47.6038802445465,4.350948048156421,2.623731685722567
938.5157629325765,100.02699939229642,36.420478969740586,20.0899097868761,5.657113287851789,2.37258153283796
2053.3197965806517,99.4748790477073,17.86803964732396,28.411148111493535,5.356633125398271,3.370242440366998
1411.774934782519,155.52681393402216,18.06535064902164,57.41881813292274,4.487017591259611,1.9464158213003668
2104.580188751771,352.9327467391866,27.520609139949254,67.25909200910938,5.303644507550846,2.31055157237555
917.6414134380963,24.3009168061759,35.486500937718546,49.22137987275238,5.733925222498655,4.697128132883543
1367.5226080950986,186.7323579770142,22.17175984197202,71.1475308069873,4.984868471201507,0.41951551371107254
1771.084326275607,64.57128552439576,14.961838301531214,56.53036067325252,6.299411450037291,5.32207824025091
2223.3016967101344,349.44355634750787,32.85589703109604,25.192333691601853,4.137969094565983,4.346615385966371
1373.754505277726,40.78926170188711,31.21828611851357,33.441137567756414,5.346911726929551,6.7999693012708775
1926.6044775866164,145.29636085017285,24.548957966002853,78.799875627076,5.583264168110501,-0.9574236520538975
2394.759946825137,265.6385945404582,25.07230199639535,70.74389226371076,5.445671950802623,-5.1079293832962085
1908.5537387281481,253.6395940898803,25.15128140182663,82.63333909087464,4.897822136677176,1.7010954188757375
1219.3270545565408,152.1823092818156,30.5526765873697,28.22900743846556,4.854779258994426,1.1675507733639665
843.9214068017684,124.74870046297856,26.868423619084965,89.31557742305517,5.2220725855436285,-0.19686233003353526
2366.177973021674,143.1404562790334,32.4703195948776,34.658469976495354,5.407877243326035,5.833228934864605
838.2849395306969,95.13945473711014,15.726866685478045,20.82459134006494,5.3012367181411815,6.021804653508278
2374.4630108315587,73.91985793444793,25.715740674361005,89.81960573374879,5.520028945396694,4.546323012573521
1752.0868412489817,173.89429112120038,24.36973019544475,39.675171981157916,4.490565021466632,3.8973327518098744
2490.3218573232134,96.67215218433864,28.71829660813754,66.76136167587919,4.8861145104381825,6.687500432221637
2237.809824392598,103.48619936301004,27.309761207549307,32.367761992341364,4.5299920339381226,6.649338460152473
2596.281398960007,236.43218285084055,33.989218899478836,60.61599725393992,4.806943611956929,3.723092094272709
1431.2812678130783,348.67343941196117,20.703316141699712,83.28244905181916,5.507610445907153,1.077272297366823
2180.9389200760284,217.30939220137503,30.22745738165376,42.4126817199907,5.053991960362614,2.387592902636383
1523.475644496636,27.71260814338786,32.791682116058524,66.91777832310515,6.303429581574885,5.240627752549578
1663.776116547036,27.210100987464113,39.28323718280977,33.153251215889156,5.096703183594858,3.759983747511785
1929.5098337930663,342.5123595044038,27.591170144532626,63.73567791031077,5.029845940289868,1.9230706885987692
2372.6188055354096,107.0246845106401,31.622293021762584,43.55152462722571,5.053091459720108,6.561550558241283
2571.350244558731,33.144114989691154,20.980686037188175,34.78457810115662,4.681095653570032,9.927337657781871
2182.892144956133,215.65605137413735,18.04021897843488,41.92274354925446,4.971081693811203,0.2784852178114594
1551.9802079012006,224.5135601844958,34.2238718789085,32.518874795545955,5.563894013555823,3.122662114430118
1558.4426040987264,233.46173524272774,29.97219853175965,83.1341275486518,5.056985334063886,2.785241784881003
2127.6481428600046,96.26473002871487,35.892563448992114,47.80308204219902,4.603270135058264,6.543366781534216
1229.7988623829442,5.439846317211012,23.132985555151254,37.169551348205715,4.537457689760682,4.581867659301829
998.8534036365104,347.4055330036099,32.599510697643765,51.388548871115304,4.774899054167078,-1.265626586221422
1438.3198837533978,90.32149644879689,,42.43753167645469,5.03693171720544,4.115399958446794
1317.030184977347,243.3694636989171,32.09852804178633,72.10934776693281,5.596793267738131,3.973871145565468
1333.3546168207822,254.38675315633546,31.382907527955243,87.98539383198461,4.329755679316782,0.05777107956168209
1220.493951889838,219.60267014861486,30.04278040412175,50.66235596883528,4.840086861055622,2.918866894869571
875.7677413454514,112.64666191691336,22.145592714370437,80.27233799805683,5.072155009717539,0.1172810804182749
832.1730825201448,97.59465135506368,36.77786467855174,59.61041514917336,4.083147116185283,0.244438466242213
2577.900301524857,215.16058177297313,26.94571180097467,31.006496556596343,4.583200858516797,7.391022247292664
1569.9916407245523,311.79442810020896,32.522416281915085,68.3435919456939,4.660055730131907,2.2615825194583934
1491.787964887427,340.8241424124224,22.18482846714373,55.94041479880741,4.602014813074751,4.988674731081436
2023.3651088475258,38.126089585352744,24.1027016774611,65.54245662764724,5.095944772510824,2.2962373306574286
1192.8569981571154,55.73830053517915,37.17543699611117,82.27811888001655,4.919720195249101,4.553030647548421
2509.9301311104055,340.1050531619087,28.263488555210785,50.830419945923225,4.722356948699482,0.6972567413624833
2215.4210259479937,265.1526822005253,37.266377380212724,83.08243362521489,5.213981313276317,3.2307188159803126
960.9398041620672,317.8777769387183,29.60884670470741,72.54683099971584,5.861537358823125,1.7881193451951671
1551.645396412871,72.94774828872353,20.790511135210714,54.202344811458936,5.8196282583708765,-0.6556345717950798
2382.4129536118962,211.53091359938466,34.4603379986586,62.225549496057454,4.038614113968832,3.785992382000367
2500.5176401245385,252.4102539902905,27.05053841122196,42.7906792763308,5.28853609191757,3.5025939771418577
1641.3227202497656,244.84027876091017,33.493444067585216,88.8518109817142,4.91098835496808,-0.18962157953657854
1904.140500579274,146.9346087120113,30.12605433770041,66.71458141352772,5.077577671432678,4.309509883080601
1100.6611029657354,5.542161008871052,22.284408860285648,23.069279674764093,4.800858483228725,6.902506455946927
2584.1035270465577,209.8533804495347,30.821473826852845,42.863533402360616,5.058794314943601,5.259724826189791
1217.0090624901982,91.11655410465916,40.981115710763994,63.63201036313402,5.075703698036009,4.3730476013843465
2496.917193443226,162.0915286114405,32.4649322925723,23.943329445946787,4.710524121325538,7.064020600248095
1969.3639681862633,344.72916543017425,29.712411234972684,21.671893392339992,4.55181622608741,3.7482346164901044
1893.9262307819465,143.6527143512765,35.376717009784485,51.50169676694618,4.775652158690258,2.567922552865133
1722.8393198297154,302.3285783991936,31.053342326015553,43.2883125784869,5.117129632228383,5.115339552459005
1215.2056610919656,67.8746180697304,31.04767115131397,50.68090256232161,5.299498170842132,4.502627316072255
1117.750457609915,242.0857792890104,24.541874139204488,38.38853169160036,5.4266744886700735,2.7671692782763344
1196.8751763263156,351.72250359801967,31.16924012894799,31.530242286008665,4.752904988466543,0.2297894537555989
1135.5888718596582,36.681516314257244,35.177217082084724,68.24003498862365,5.141922283651368,2.6342184284709633
2203.252052420156,2.9951792017891243,25.819689239499876,56.01997813874603,5.481251295976649,5.449629323206545
1430.2254665001142,156.08980534774116,37.122479106234735,34.01079478745568,5.582797447572064,1.9178508981474227
904.1168178141135,33.34517389849219,29.54146987927437,42.37125983819988,4.970583572934239,0.42547231414566333
2544.3847342534605,269.4183658834433,25.561152442307296,61.42655353643281,4.889534137530194,2.1447377570635
2390.8145929341663,329.2375189854812,34.98816038460122,25.05605437907345,5.095562116918196,6.30897748348021
2469.9541097513834,156.24755017515318,28.566028821308652,30.321710648632568,4.425146263551297,4.739219166655979
2590.834080763583,93.13619117595874,33.79757443743054,25.12719228751731,4.903195244482246,5.8070522572980146
1113.0114485950771,156.38519484237952,28.541206838707314,76.86221328998832,5.372293199236565,-0.3445023785666963
1513.2356340247857,260.4412144260004,29.70086928235048,72.66864632484065,5.32097356472185,0.44432095890851264
2164.829256267364,3.2594981689335523,32.467801021671455,72.731905231548,4.864866197818055,4.658990305140348
2052.837112496826,212.20343621449098,31.45448528795003,70.14277404332196,5.108859100543583,7.485650324053836
1077.0126314117392,220.78500655945646,20.022341097741307,66.85697965689084,4.587674829854656,2.0911040300895354
2268.499624983112,229.56776888253677,24.39378129952804,53.38943407647225,5.351746074112512,5.666300034067258
1203.9930293059892,87.12794879311579,34.64704992395408,64.95947144549805,4.961089281931764,5.578925503927618
1202.8717066807217,257.0589804161256,29.339317055492263,22.685308835158224,4.862024274151931,1.095785416568983
1766.5539612081443,32.900935079439506,27.381343486142892,63.50250958597492,4.819138081953307,1.7681196355489517
1867.2918827150656,71.7373211280483,23.20712992371263,74.4514393875814,4.968553066550071,0.8921769140387492
1844.15517410806,315.8892167956135,24.60131839362076,55.025085226907315,4.776061177534021,4.3401263782125765
964.6763073159588,999.0,19.89100680019026,45.025932989906586,5.329071518001282,-0.48790881982462175
2379.429552734685,4.94839944408429,29.493596406492337,39.41987143606854,4.8023582259919095,4.625736283193332
1278.0800766596708,89.41545373312807,27.007812097094764,64.99614351134576,5.796482048013691,1.98993186409473
1033.1268583090475,77.18633387753924,25.167060545073426,68.49608390409361,5.73260525174069,1.628862749238317
2399.746543764159,97.49027809331012,29.659382874160233,80.96773199037798,4.554228255072748,4.645237018403289
2520.1726968135563,89.12151730075911,31.81985315426369,43.96338577226935,5.03485213471464,7.145303929270901
2351.829711077811,22.509466467424467,40.465989661049726,73.88406151699098,4.674671689331903,4.577001026789355
2257.128934504781,165.21858597485533,22.440582902183934,59.294907693253656,4.836676218405694,4.9637005653658495
1979.4355651502392,263.78405092301944,35.79690521650261,81.79855434746554,6.001213733822398,1.332770477993671
1791.5432670964508,218.4234208982771,34.86550780507536,56.94684758069345,4.8462142914421005,3.179372340705538
956.5761678405382,242.23380069530873,26.104536303116497,56.234087987857706,5.180113018538714,2.2171456062150776
1535.2157835272578,29.213704273046094,31.016179772930155,60.451395700863635,5.2706606470041395,3.154898102786449
1470.839330622165,342.5366556636434,27.711833753311925,72.45207485997041,4.49968531375838,-1.123905516094193
1267.5568107685872,301.85706018348895,30.928442902093696,87.52833351799227,4.572452262795397,0.7880424122369223
2102.156204639453,289.8325146584386,37.54565506702275,25.149434795103595,4.39698881429594,3.4067113207203583
1692.5763231417875,296.2741698150363,33.02803116315656,23.7404221673712,4.557014633051112,3.1357132987875005
945.8831886337663,335.77578292779407,32.54304186616721,85.6285236185137,3.574984945341409,-0.3091336066311643
1196.3297635096603,195.93142780093117,27.848453400226788,57.09129378627443,5.272291200396814,6.053498142709961
2029.8657745872727,72.10152643234532,22.579716675378325,63.04321101968553,6.0270969206280345,5.463465487118552
937.0355470825403,222.0420988269148,28.95765894729796,53.76965211163102,5.073910369518264,2.3283860318796803
2332.1724452877834,267.43733772045806,36.03304077431957,26.556021682523216,4.291865570329696,6.61463734512115
1691.2637486251538,265.6502616074491,22.36416071705176,73.76625648930666,4.678611808550026,-1.4686688771534313
1665.0558391879663,187.72164870007683,24.724553159116525,72.30572515620108,4.770561577487501,1.9724262000828294
1866.3340123871317,24.6451389600881,30.63133868117034,41.81923250449684,4.491207611393312,5.746218184810765
2284.4257386652685,133.600657834846,25.076726075763688,41.436747165988024,5.430091319197579,5.940876624763831
1426.0565742239473,999.0,26.03738276442394,78.6488966633863,5.405130022187667,0.06320191286092938
2020.4290746063143,210.40160751267337,27.882007091359114,25.065008041892863,4.42227410309117,5.55787396688874
1818.3175351924237,193.79949957205685,23.171912979049253,81.6773603849596,5.362540522223754,0.9177911201899477
1280.6508863049585,96.78726517758966,25.129390768918157,37.96631829271401,5.763406331788633,4.054292017370311
2381.5339754392844,132.6416111699684,33.51713958393654,61.50893234288458,5.95127910261478,3.042645779098761
2235.3668388924707,322.32459209514093,23.46315108884518,85.51959253012444,6.4326060115429815,0.607790486668894
1985.213302385166,239.92669710966086,22.010639327525812,67.46857510756524,4.549003675278401,4.545163009984849
2331.047112369635,283.4593296308398,26.84987510233053,49.01008687269256,6.412110213197602,4.623233838245089
2361.129561727644,163.56435230435585,33.659777512549226,68.26739462337906,4.822896805745605,4.444250587455227
2075.0533580870624,226.88899900421686,29.01539096001555,44.078574542145915,4.703767272309743,7.782203829227831
2306.6239910546096,89.41809914755471,27.677094609421907,39.408089144443025,5.163536187438923,3.34376289398323
2055.4486310047105,253.96589890205505,30.221793987578035,89.76782945542757,4.708969332953494,-0.701194112031096
2024.2533891685407,153.93648013320143,21.27146283570174,72.55531618258513,5.199522070323263,5.99380189509551
1913.5004807873318,159.3163853333084,32.473528268875164,65.13039841672723,4.33996140613135,3.618580308230007
2154.889951203754,233.7560368476774,31.91717515701822,44.87027502535231,4.880623698968283,3.8994443354758386
1085.4891895275327,337.0610237288136,27.953457629521395,23.44125804085337,5.64279111718084,-0.28192031236063375
2385.567366558071,23.042284779103532,35.02962255898208,22.173981322460893,4.971469354284422,9.32180841417562
2369.3183499414176,296.90756544492274,24.362519505234808,58.792687881415915,5.070797893369941,3.8763377089522
852.6451094622065,105.25791974838953,35.63954496626785,73.34229047273357,5.2376293023586555,-0.06814893653157217
2286.470151016573,159.81100362229603,30.772468327976256,57.616543331069856,5.58533081465883,4.566298005351111
1031.9657614522014,7.888798359003224,28.317237050609133,78.85495503573802,4.172387643905283,1.454704121693836
1403.2139376664554,108.37658802035268,29.90063182315844,22.339857316525514,5.292262025918717,5.69536521223211
2138.314861324894,180.94724734684698,29.46367617094529,45.67264534981581,4.865930430379119,2.351171243457505
1089.3678128869547,20.223387845078044,36.101414482088586,36.594927382192466,5.083318947655919,7.785787419745455
2272.3406434143117,176.79446257793944,24.61660436264493,51.30910777099854,5.529975084881189,6.16358179742336
2297.8415203239356,333.75982638903383,,25.066347523588576,4.402906674294078,3.218028665827396
1713.441920769505,37.94155851880988,35.1815144603624,86.78921490997507,4.493677779278455,3.1414248673951923
811.4945690903005,275.1986621071816,27.022325324080704,35.62787807485526,4.032285020143097,0.7286823512617895
1316.668639714843,147.48157921535736,34.50266538665796,84.56154428385094,4.725420529118112,0.2417198644717884
1910.468453076336,235.86253722876168,38.497179915043546,49.81252085256773,5.6652161721894085,3.634109497927774
2566.135120449362,93.68517527468256,27.99102486529183,88.98668932786526,4.939706405763265,3.48655769466758
1937.264348630003,57.41721451488898,33.406811632876526,58.784086842214755,4.329937552172607,8.226551380354069
1267.6464459154877,57.76654113764152,24.23153859330071,85.15830049230652,4.7571606277124765,3.4432511201439215
1941.2102655793005,25.377100431532075,33.773666490339046,20.3744292085956,4.256069148254689,9.133424874597058
1771.9736834885398,66.8328137644475,30.997119929933834,72.37671643266302,4.437406949134419,4.4275687114419435
2203.721711272058,239.11897859602857,32.365191410801074,83.21354571717609,5.194409455131857,0.4157643104822215
992.5651498885252,317.4086202636629,26.772139639823024,29.780439688526783,4.413063336846985,1.2401728685957214
2169.8502245036507,293.08524681281824,21.694582922164138,26.728809621250605,5.556317152601651,5.849737857040257
1774.2798416169985,246.64835155481427,32.516260323747524,49.72008250301689,4.964439854584832,0.8205007725506359
2533.3856069461904,39.75547082799696,19.682984237602728,85.35752342930546,5.042797351972263,5.15558437724562
1415.369898869635,104.10748066654195,28.413247538787324,57.967059213330714,4.860813516196053,7.836099289670395
1938.7194076411067,111.53047511608884,34.70590933209985,56.921952460521254,5.386423919271862,7.126187842066269
2477.6505899180315,89.98450070314364,30.95948867936518,29.878828280952533,5.391579943888505,10.102995880984043
984.5175103832227,185.4020374955003,39.74171322394906,20.055265776525314,5.167527175956086,5.07335833305123
2487.011277025612,192.79937335668214,35.12554576290887,76.70980635218228,5.282394552953824,6.243675342582303
2038.194300141464,128.47895106159967,26.730508058372116,26.130219409036677,4.893955165039787,4.190619045856174
922.1067063893095,127.36409714511697,30.136566899257193,64.36948731147268,5.271101503454524,3.538812841398345
1341.734420504269,298.2800152461893,29.76314648727782,84.0231518160634,4.831061112263097,1.233920348271713
2074.709759561507,284.1454253950868,22.089116183269365,34.605633921090174,5.001115811081201,3.866752278844259
921.231082643789,110.80649940506844,25.298005417578235,66.56909853658377,4.862678125316851,4.0265610631975814
1847.906828317292,328.96383979437337,27.1961954651007,25.508900369525662,4.771390730340402,2.204197330131981
1422.5895025153222,343.0134061209022,,62.26286006863291,4.655444101139105,-0.6936901136435847
1917.647931981459,117.6273151308147,30.237467341258213,31.475220466724192,5.233845051929443,5.870086021739809
882.3356608625231,127.59298156549976,28.754640776734796,71.51674923606245,5.655302956406731,-0.5742629333163762
2368.7662510742775,182.0282952319052,21.63553049344213,41.08619063557357,5.58555098583478,5.156022250745967
2552.2801445193145,338.8034925121225,32.02106432638666,52.43737061632524,4.371717332027282,0.17041763944029809
2543.980139514245,315.4749959312322,33.5793637234548,61.96013794193352,5.644601525703437,5.980429321532421
2149.3732971372647,36.92446653009233,31.135172394324446,31.98913874663677,4.840920749191036,6.989113188963454
1034.1552322351376,141.38306757770982,28.37965912395515,71.91464730323347,5.300366507572796,0.4450374803913313
2164.8737526722407,199.21362830991785,32.957210758759274,41.18482384457702,4.546892333976395,3.2694115814950546
844.2564496258427,181.12769011855443,33.40110180238346,66.36603019389275,5.0709899569370025,0.9511835964525749
839.822392752195,69.79070445728136,31.537017848598442,31.079813548956153,5.156861591448454,5.505026747322976
1382.4983944691744,309.17403762053567,25.876938747826195,68.16823614444452,4.257697604040174,1.2253257189805589
1679.5577427283984,243.69868187886144,31.383003827555903,28.973165096732323,5.304133583172095,2.7919349749818627
2186.733352054028,301.6470149466493,35.977403254127395,49.774954738898856,5.672967503919158,2.475800049029838
2029.9316778917093,309.15514056581,27.01685470694135,37.304425161721376,4.912676027159186,4.592376383520436
1602.624871478147,269.4081073196663,,72.38626745997277,5.680084065414007,1.2001553767213504
1292.5279993069985,158.11581644989823,27.37184533007308,38.342450315481216,4.905153253273796,3.4153253754894077
2594.8241002838804,219.79683180555284,30.162035066700682,81.72021144767774,5.424792265523308,3.79681978150396
1567.1263440247512,57.731546203107534,26.637572019968317,82.4274147984629,3.8907150170244504,2.890662456652926
1612.4966437934158,242.51235029096676,31.116354179601306,33.75089206559501,6.209388889656732,5.803318126618306
1094.5228781450046,64.53117206614107,21.288891536823623,62.969216150540696,5.747729122621479,-0.277444755164276
2230.6571877498727,249.82185258365647,27.269791005916396,26.140234920397504,4.8576872478731605,1.0180507280759188
2048.6280064066796,82.65533787142871,24.539393998257164,47.40759697211404,4.013955486678091,3.42355426886581
1197.3853030197688,42.31846805407919,30.676691739461454,69.93252106508905,5.144014184152745,6.688890117100634
,59.502416451464676,34.97223687754454,66.15962727949415,4.2780372264631215,6.8185492915958275
2024.8987437344836,0.7171686788652964,33.230030935572756,63.72904685846256,5.222426768778744,9.40825885307986
1978.1201857060435,258.7462624272709,18.14170319570554,39.77786045637105,5.205782859582141,2.369827166244643
1291.8671485967768,263.6643776610165,40.2103482646394,46.461746460408136,4.529298415498988,-0.5604026152930395
2511.5544120507384,185.3760059687734,31.47639970310434,27.20623012902003,5.560483511807189,1.9387440785116503
1071.9042052056204,58.09060837993813,26.117504297535,70.33159743035208,5.402787351403087,1.0508327671698596
1578.2026418766834,30.07956150384831,30.785639594954706,55.27221577538915,5.487911668644282,4.420789079735461
2498.508656301678,6.886427917423323,30.880949112513463,69.61359426419583,5.004428851834447,8.638147689132929
1555.50917046702,59.669343707479456,26.665756415242182,37.42604673578109,4.292237966543147,6.332880517642245
1949.346705795354,320.70799259393283,30.98958333671038,42.71067600445463,5.488936136105568,3.7565290179145974
1515.6699163330297,86.95326301260543,26.962638561898466,43.39507360820802,4.864814300432104,2.3680721265667986
1293.587364227606,127.53767779819763,27.978190036549886,21.801968682305134,4.305109928403666,2.3894923820442866
2571.1597663276907,37.92437441327995,26.568604321224576,43.873351098143644,5.676019682987163,7.437329944776877
1536.8012113670775,80.0500697093413,22.836643551301737,76.23132014626235,6.049703760251255,3.9542131592126273
2409.378566622442,186.92084548087385,30.72918235107692,82.8108947024817,4.979375935510398,4.15949748356404
1213.918290603955,218.79096591443493,32.92649718258169,56.27528209451492,6.0795605773016455,0.47348478957316775
1183.58846724515,88.32683309983598,32.57441798038186,51.885118665345416,5.045657364305675,4.9621269351387305
856.0413491921205,20.783577321042195,34.09962626317617,22.157723308955916,4.809772047916824,6.10107693462151
1973.0002856765932,140.77183288586352,31.621701050074343,81.54430363097678,4.684770772907261,0.8873355854449678
1463.34741870277,84.3132135334803,27.33637250891548,-5.0,5.8185412039963715,3.9485846265701303
2355.844849711347,79.0394123627287,34.198319322155946,86.13250561471483,4.609928059306114,5.7944725941902275
1651.7778320448028,345.5506089768439,23.212412300790326,54.24513740816634,5.367634654987493,0.5983092601963487
2542.7481702464993,221.86817493326066,25.496643087437597,43.93541455023086,4.720418082470395,7.814128200406642
1133.945928265618,200.47623954195453,25.178999642883777,84.6952904389862,4.769846618712818,0.9794774411937561
2363.5217023200994,149.6790372683959,35.400280295696554,21.707369517706773,5.515124846984784,6.3661876633574535
2197.874335025135,154.41996003485193,34.713942570700375,60.6997426408361,4.809981576855323,4.7105394670047165
2187.659320359294,194.7258013817091,32.43652618522498,58.42527671495363,4.797602310289854,4.316496888038706
2320.6098106103977,250.7147305329986,35.359649326058985,35.35242808479674,5.5664023485874035,4.115555922349671
2169.8431836973978,252.7725946254586,25.60358608794006,50.02212019451474,5.798698646610812,1.7856462178364694
1927.1965789365477,61.809806773961846,31.742975599304902,65.65848041606392,5.322344901642117,6.1271518873724045
1036.2407798282977,180.04059074758572,29.37412785808418,70.89918378173493,4.6726151121880255,2.7568603766430084
858.5471230842535,148.3049142122767,34.23441051942457,20.050180109460584,4.744695750351211,5.285948814726449
2457.5261260682364,313.3897078569783,29.423878837239013,85.57974010637108,5.039957631870019,4.987179530180645
1909.9705661373284,227.3108116386155,28.075285557949595,31.516776067496867,5.160465030962829,3.2431158055742637
2233.7671237571176,191.70146390975344,32.70454259280495,36.35063039556515,4.506067044930114,8.703803993540232
1666.74023272259,41.542071184410254,34.380845835956166,38.44314119856938,5.361518969789932,4.240600731096899
1011.15474013231,218.02964015642812,26.65827402576599,22.647409558642472,5.0427566648198,0.8629258760537688
1025.3344259645908,42.19340604488403,29.69462164323812,28.613648651322745,4.142145840680936,0.8902405111437961
2034.0175170121483,121.39436720367074,24.707796831791736,89.04449460609135,4.535536758769635,1.3417167148394522
1574.550610819033,51.42310733315947,17.509694912535302,42.065171616410026,4.747935663174168,2.699517084032843
1160.944508060606,249.1465129287728,31.002298157068644,-5.0,4.963571155579473,4.068045793536818
1684.8701841345865,74.25076098101493,33.04452678127316,27.489388282223633,5.944639397751998,6.828389725041659
915.5760867352413,141.06937434768935,31.310334045433628,70.36219773689803,5.119085653069814,-0.8168390984252789
1847.548523445918,322.44291994276034,20.252191411228164,79.81980648228486,4.579614055050688,-0.9066715958636229
1284.188127983176,73.5538980236293,,37.98666096559289,5.1103154021535815,3.5482500908828802
2235.6063811469385,182.80982302516048,18.908261199744594,21.46366586346645,4.8239561262730595,1.355979702801542
1358.6515260624328,150.9377980197679,36.84850553827093,35.616301291174906,5.162379119766771,2.6987808430988265
1619.3962683472423,6.524654776462704,24.569727089409568,23.956098355773015,5.290283843517807,4.478171671909327
820.9169718345811,285.3929208862126,36.27701804729948,27.237645564102905,5.604615323611969,5.6023588980573225
930.404398030206,24.856526273255902,34.729348218420725,50.20556838933497,4.987856752164987,4.454158393267377
1506.4884015320326,170.7318075517033,25.497048237319692,36.09428596031428,5.819480263799917,5.120830840298262
1663.8899024908224,201.84418617802197,24.336075243661277,56.11621149677964,5.454011331268096,-0.4239327021894246
1880.0369866147466,226.23352438125136,31.75185108193169,37.74456272800333,4.646280227593906,6.568008735516138
1324.9926416767457,247.9073865508352,25.778379814084644,85.83761107720633,6.104927832874232,2.890551321303742
2050.9673950277765,91.17805806817744,30.512423210791038,83.41607775483851,5.163497256635049,-0.3770481145877804
2348.220314940568,3.5923595970417743,27.58586204596541,59.676427350732624,4.5824377480138825,4.399379747543097
2203.7317800080295,260.4397184477683,21.09420792767183,44.80967943911703,5.826456525615211,4.411471300065291
871.3138856270429,192.83637576512828,18.847659904377707,46.68028174243149,6.038888792599222,2.4654594617751298
1664.912505064092,301.00237315460953,31.133421242472984,48.829659820114784,4.98348736814022,1.1297171612912704
988.8743211527147,295.69981064424996,27.192211268346874,70.93055254944608,4.7481748698122015,-0.9931024299383319
1235.6810285525494,303.59742040363795,27.234550915429338,51.614729686318654,4.913812521273169,-0.14251190541261494
2575.9926678808633,174.63407759263447,33.479319195468925,79.97109625541282,5.35736586375885,4.583067519631528
1056.4919772227238,120.10622250127163,35.86721138316222,86.08663501512552,5.638928327515257,4.28034667817108
1697.9986762124408,284.9609529328932,28.637276393190955,43.51623073652537,5.2852436654317865,1.2777927109359035
1912.6803217726144,162.46588069053178,28.297006465450693,59.24861369629761,5.050861604235885,5.584871275177694
2064.4369469793874,66.03919070523642,32.50071516556942,26.65395757827951,5.749005885152214,5.547213245401266
1807.3676302764454,307.7906470421308,23.21532215150212,34.03283334364513,4.843581763474239,0.9145394421480422
817.5875253545306,317.721555638045,31.115765273738486,48.942603669711204,5.515459669183453,2.4142329756583623
1387.6303548391854,167.87151221046125,32.75942985911077,34.43419011312452,4.855968600824361,5.951442404091151
1731.8809580924806,27.25190183152349,33.401151042088145,81.35923435521022,5.215511479005446,5.730869601544972
958.1596984607,139.61739237009525,20.316236487487675,31.080037924136867,4.943218717604775,-0.1508619753924778
1431.1284761765255,289.27355740653724,26.193223650955296,51.89625750871644,4.972073908673595,0.5537510844053628
859.7655958244599,324.63865027664235,25.608683735882668,62.3989468321913,4.811306741268895,1.0034349272485092
941.4412948790373,73.2501872991345,30.499434772046065,68.43047357125911,5.672427015590348,2.5636123012132743
1514.461897162873,24.110500329097746,32.403722898839916,46.814855880855475,4.633536980945732,2.9301236887647772
1038.8883572775087,315.8461631278219,,80.836934810731,4.629883873725646,0.9314245868318163
1821.5735268708047,140.1857780323951,27.525172598159635,59.78234057545479,6.060496782922555,2.393224021354708
2041.0369444470784,195.03394713632278,27.512137508453932,50.76554463132862,5.4889237823271655,7.580397768292465
2241.0560583963493,348.5036923382732,35.74836009439373,24.70684438364256,3.807443150653482,7.568484853699774
1160.2704396406582,23.963302049120227,31.482884692651524,52.52826279116155,4.717370630394798,5.226189230326763
1101.4686480663256,233.39448268275441,36.33825755593987,77.45150885710112,4.094005331218973,3.580457790949277
988.2221126019205,26.677952126952146,31.44364001504918,63.017871275492084,4.524654653292372,3.1901142378991074
1945.574449178546,135.16881424794013,24.214416906433645,78.25137176103829,3.4307426668829804,3.608431647284066
2071.6563076764223,289.3732362696408,23.334358226110968,54.58081694195139,4.931505211153029,5.2888673821200225
856.8550606861556,156.05000379202838,22.242438754705354,28.292319356613728,4.429029090419344,2.7825440818063054
2485.1820432386417,358.98564740506214,33.31025917379237,20.954789208511674,5.029952628398219,4.662405514871214
893.5483105726503,201.26134258077678,35.94298411543504,41.22536827030139,4.187439370558738,-0.8454989118206431
1774.3334035419268,115.61837494894326,39.2468107069319,68.85933300484547,5.04145592658602,4.220367204578157
2076.3089350116497,79.24007732571113,34.2155266616162,75.31819327591856,4.792541860939837,6.100469026538454
2367.744422742954,126.18739234301825,35.81419288767493,40.70269842342306,5.7509764825942975,8.636459089565614
2085.3564778383698,134.1119785534383,27.099918336731577,54.6957744618273,5.705678430872813,5.525229941422812
2243.110549525625,24.736923980625953,24.21792091628072,49.47832331038572,5.3926728015051415,4.7219314358808395
1411.0103465770508,133.04671179363834,34.250396662087766,48.736594904599954,4.836693109669394,-0.02287170879786604
2266.6852047437224,167.12586710612098,32.088403761197,36.194409924010536,5.9926901976301465,5.068608481624981
944.2067234924152,260.1855908059697,30.537221871704464,29.54597735206209,4.22348236108009,1.5213358247086002
2410.6699809089496,236.42261449977886,31.93685740316495,33.76819907618492,4.298220685218169,4.625997874512781
1785.6662770767252,255.15563588249552,31.61592741229103,23.873267101434227,4.958108450055468,5.712250830458377
2271.1359859324884,3.0109254756685555,36.41908429926781,33.86915192765039,6.127019054460559,12.2700720890204
1614.1729121329404,78.36026384899297,36.47492792408478,20.644062833776562,4.898830546564956,6.776740404147274
1958.4398513537449,238.20634382394834,32.72110176170173,63.90808804451848,4.908377378395359,2.65057167361794
1747.5247896850037,174.23617254470898,34.22901436281464,42.1462785171378,4.279044821944096,3.833545184922535
2116.8611391595973,1.9128512406045406,32.570312762123876,88.1201297998836,5.472964792635189,4.9562775237373415
946.9339676550612,289.61807127545603,27.694151339826906,33.56019355434085,5.476588127164677,0.07548159627381512
908.6337511830149,278.2114463845215,33.7828233745657,44.20799992167157,5.394537600699955,2.0617937775959034
,197.43089867768253,23.027524655703694,45.04888110490732,4.685389663576319,2.8728126377212004
1087.180424203739,23.926797279457965,35.269457761479416,20.59160472437224,4.646646615813497,6.2458245274352535
2369.210419865963,275.9454178317305,24.027385301169826,78.74455671276212,4.353438874797515,2.665592886342315
1194.5851772444798,210.13689158329103,31.429016433973665,22.23961221010273,5.041936250880466,4.69879856550949
2556.557460474436,281.5055917768653,25.774230207869206,85.81258843104689,4.459796335360749,-1.621001861469868
1406.4124251879923,270.62891726250257,32.766944915372136,82.44520457655344,4.411291747375356,1.8580977814639132
1127.8122482396586,289.08074590482136,29.830373870360457,57.486534126017446,4.788154641544662,-0.43205558069523153
2221.4573128564625,186.48290390566493,22.026220209183336,58.051690243790446,4.755421912407892,1.1130713430995387
1985.673995901577,50.516826549665396,32.103498155092396,65.76445460693094,4.731010735589022,2.5987063764359073
1696.7522896156502,241.61669041668793,27.110396115836448,47.093500835442086,5.233222298420131,3.77075215534706
1799.6543916877363,223.3705626187094,34.405733604066846,65.30555983784988,5.03952390107514,2.6076058415754044
2094.5632008900748,267.2111473916714,30.006628443672035,23.133787208194082,4.855921984744441,1.4538274392734465
1211.2185343963376,61.15716217826471,31.97710492694019,23.78333391448086,5.091506464155741,6.302936813611294
2593.4010489021357,70.19107196410413,25.21215522492394,52.006129373368104,4.504236479447684,2.8778551142238693
2554.6276918642097,320.54742619895825,27.05333884286319,58.473561077422445,5.052639311954839,3.4808714627769075
1970.5862354244864,269.9920074427455,27.706806819494577,82.14723482350733,5.075301246422317,1.9041595624684127
1159.1764116724612,326.96225593211625,34.283512401212775,27.32624437355274,4.24847657032126,4.156466419953868
2024.4108363763244,273.1375156190115,38.386885439027445,77.58535490357225,5.497846877185181,6.489590951375923
929.9571361625165,214.97591015650866,25.97414124128562,34.70331361044487,4.559283147386502,-0.7891640932188679
855.1745039704509,235.4877853300345,35.3842407232884,47.585855395702225,5.045154899603218,1.9232012149391522
1263.8291993201847,320.0860526184036,19.15161291137149,42.1621704379189,5.582205870267635,0.2558418126893932
1632.7213221307693,208.3704316242986,24.029052994538553,48.01086910057793,5.462838378856935,3.6904510580225165
2362.890509735085,227.66087675821947,25.206107719066125,30.53468486508099,5.017166694284418,5.379536330693101
2108.9043255793545,56.33161776129621,23.237456552796388,55.24990520824885,4.818750498558965,3.9562755325073926
,170.61163924179698,22.0820580510621,76.11498128819571,5.473755954287784,1.7304062336630102
1565.8880020065358,257.9029603049156,32.06499456068899,50.90738072652279,5.33734748890431,0.5821793570098732
1422.6829865845334,97.53937139389154,28.929661511360692,54.34295031287394,4.690817489977935,5.428759306528923
1467.8697733722847,72.81150498883257,31.897026988025548,79.413730969692,4.602553176499155,3.7258149633230033
2577.769214724904,112.9776509607896,33.45236343060756,69.42406802466215,3.9638224091520007,6.924477980005436
872.1965445424685,86.94022607742004,31.32808496586267,54.33180859638493,5.077015920841793,2.1935213983792674
2360.656693020407,77.36854933310251,33.28881588075187,38.038695373242575,4.958651127490801,5.5484991129812276
1841.6157354303082,152.9463034325113,29.652338568788654,81.94487227914766,5.5680956873212715,0.5355572523949115
1589.5077545412628,326.8218649980723,24.06503305847128,60.391428118339086,5.179527546740183,1.5694221905353505
2105.4637887472454,182.54147282593857,35.28907090410398,35.48033270774854,5.6671145970863455,3.7609512343275107
1676.004094564465,67.65133709351629,27.054439336094365,38.83838268466073,4.651317886041914,8.531741121315841
2372.161828546989,27.709800977114668,25.32201850618787,76.21931622553721,5.5690751654838095,2.2438990741230196
2421.263355220265,250.61621224965307,29.11041062097801,23.090189346121882,4.735541810447672,6.0608789642950125
1559.0976683722197,137.80755519709962,25.435945403517437,89.4464530920174,5.388798030896136,4.56174049422073
1298.290035023093,295.8591407707293,27.91284809005284,29.124617580035427,4.270620803734653,3.452408351990419
1866.2305914680521,237.42387671067726,31.720269607817333,75.72479677778563,5.117567649683094,2.63062725761027
2442.2540221100435,286.6469221948927,31.741708696230635,47.6342721740178,4.007656029277045,2.0758255980526563
1179.1919402101998,97.90057419064155,25.510849667871852,54.45513283012268,4.866431257029123,-0.0959025362316357
1921.339850414269,249.24921208598093,27.56147313525628,81.64554042252044,5.220176996938957,3.130211189285194
1936.808396166537,95.06231448973875,35.37166502385122,48.903783271244926,4.739515724384452,8.449120185123792
2119.603440347506,338.06465260210496,32.482000588669706,57.62456275712641,4.4747811856220165,1.6902666504148747
1036.8218332290676,229.09474135201478,40.37532519674271,23.450976368641896,5.423059234647967,1.9964747093418511
2088.4849364277597,116.82424806312315,35.90064086870764,20.164323170721723,4.948268605076538,2.158717040983891
2436.258537198154,97.02427042521815,35.721465342799696,37.13599111012081,4.755214676484664,5.082656064538379
1123.4295959664355,68.73357062579166,23.06065724772099,67.6408165043137,5.020947960577138,1.7625190884064288
1227.5779848629797,250.070745201742,33.819301758167114,28.48854253513957,6.3183345709727945,7.005698419733579
2548.5111692749515,78.73762067925382,29.734465991515446,27.96333711631846,5.576751424890772,8.904218687026155
1125.7585148770816,214.30917573389607,27.245090982308753,48.76724256251323,5.58128683409392,2.679129102162098
2337.893168065242,95.26860969312864,30.840076702662643,65.34859270257586,5.217773159496182,4.3047708995832625
1686.1001416064628,238.3088201257927,34.72605767305742,69.84503945735514,5.083242636288573,1.3281072327676422
1245.0159339257186,293.3783022745941,32.50415795502106,32.49154718688624,3.801958855834792,5.1339701330296545
2367.3498222905205,280.08908753207515,25.6076309932897,25.571170316042974,4.660509826768434,5.015643382334419
1601.5494590047979,273.90647913508144,33.7122945679631,85.8277923761881,4.759712793398763,-3.233413581176729
1726.6712370734424,67.58006604921074,26.81206228962018,38.24664677934712,4.062553967976234,3.418102598247825
1446.6200649195782,31.818580914426736,31.08341559482143,79.73425483261067,4.4212921048922835,1.3066387064709302
1867.3115325828694,251.62157825545881,28.48324966261433,80.44440153239728,4.009581764538683,0.15485868325939522
1094.342970653041,132.60499696596648,28.905668741321872,74.07658142337812,4.980838082151314,2.6694465198252626
1503.9467659731692,155.64464150520502,33.83121487520255,31.818352465679908,5.409382985424408,4.651576113169371
2544.9421802035176,11.213673405620783,24.799031400920512,77.52610214779402,5.5533872593121645,5.093631022839504
1264.6401788620296,93.4475217390177,39.72597537138466,73.84753914691106,5.207392231039621,6.064189712089155
1982.125996174326,12.123505394807047,20.89456965352752,61.770609307435194,4.518301829400715,2.8065118076284117
1385.3421156044508,316.50687813644913,27.011661583725715,43.6041424618267,4.03396742074002,5.065163763122352
2192.2516262358813,87.62280595867097,31.851059449708703,38.37560229865809,4.1215656502992495,4.668455535270622
1035.5725892930298,200.6413810462829,32.92157083217655,28.53224484562513,4.365508711372751,3.4183252156965973
2545.6778811413806,14.032555438006948,29.497621397141476,55.682994683061,4.555570150982163,5.920906467952905
1616.8211744905507,240.06506087003692,29.713046484992287,60.96826128568926,4.920125751004207,2.478759316798682
1224.890834023635,116.28984447147378,32.052750426638084,45.1537293361051,4.492917890936516,4.4715311566182985
932.2941451940228,323.2509073047597,28.8446526127116,53.2751347376608,5.16948794683413,1.2713046059565603
1105.5642291575732,319.7225480162529,36.96590628967453,45.446012015848666,4.883863248600264,0.3971173196665554
1735.5931074008317,117.1046226102292,34.19674557115801,64.87042401244909,5.005272855870513,1.73204584705873
1406.6057175763153,324.34592244856844,34.36412175502817,83.08814454575943,5.570125276335602,5.5291383235938945
2291.990058588697,358.6167624595604,25.169216383147916,31.47441834328614,4.409884132899815,2.2960097744011136
1575.5975425912507,297.1496390846213,29.603057877971487,46.69861669321864,5.209352289146184,3.7663042115603336
1247.6856906577339,304.15368519188246,28.497670256396482,29.860802276560293,4.993013385761963,-0.9068171641095275
1910.8609758872542,89.64314499927237,24.97199312155267,63.74606392854824,4.833256859515153,3.1259382355548326
2072.1989903938024,207.61286358879227,31.800820919728835,71.0209356642017,5.44262816043298,3.0756943338274882
1100.6754342217098,24.212129028252427,27.31177121110092,85.23389128182191,5.4395070772785035,3.0061943982191073
1101.7145893189718,34.1704572558011,33.27701914925119,39.52103483826754,4.526754602005786,-0.8735071222904676
866.0085684803773,359.6013403319846,24.64904218552834,86.5147844105801,4.908919708071038,-1.9198741297572897
2125.523627118153,117.59012979332793,38.5952030642091,24.428387027447236,5.140605841292032,4.955945753003398
1994.8481497192492,269.3462083375847,25.51833670703969,62.21097043552117,4.863496625988708,2.8452597751770226
1654.335576349665,290.3994190896539,,23.9992903540331,5.292510666143899,1.8294584188681977
2319.5068081445547,308.8883775626025,33.95929655194034,82.56419314333614,5.1405960089551375,0.6490632495256905
2250.2062753100954,359.14618706477637,27.146797848999437,57.086633994903785,5.916280620178006,1.996927730394047
1853.6378559141538,86.93873469247242,34.262343217164755,66.85438455339573,4.234860432035106,2.0872026493544134
2362.8883049238657,14.526297669491894,23.85408201099792,78.21017481373167,4.938782005126301,3.585978801633201
1170.514178066183,148.02894647805095,37.2605884959128,30.521743573877814,4.545748744243904,2.0376836484357863
1001.4553149159102,46.829041138420905,30.070746324828793,22.701409335669368,5.302053727719522,1.330899599065424
1285.5493007305813,8.073320098339845,27.0179429601556,81.52168021389966,4.191414054977228,4.409414007150229
902.7563409607667,129.753657770935,28.50409113786283,42.04532592212527,5.173156355112443,0.2159684427780788
1756.1051504018576,282.1457703870851,34.044596346963594,29.028523554901568,4.68497578432583,3.6919170139659263
2485.890246130931,203.8250488410255,27.077723540747808,52.792286596096055,4.632919066939493,5.897345911191003
870.8183732033174,112.60007611572746,26.253211552886114,61.88142529872132,4.276750898229657,0.20002294003871657
1019.7978452180482,235.5631219773791,28.89231701208131,22.16794223957571,4.767462026899497,1.2447058684704249
1613.9582509101836,83.52654491117185,24.11518943615016,39.24269607799614,5.542250265145463,4.957186449302339
2480.975031550229,5.177320585950609,39.10271953970908,-5.0,4.98740565823526,11.437738594167605
1369.080988958151,275.16721911711386,27.168027043926383,49.42347724368493,5.313840208937237,-0.5123598385382113
1713.0226556391062,224.54751055104327,34.158083930902016,82.6570020346371,5.832320910983137,1.9129291063861893
874.8311462907058,274.4289448203456,31.047350418238864,88.78566880454984,5.131877792411288,-4.254601406236919
1067.01776173176,14.01768600755962,25.07732974759016,64.59332874525393,4.7206002139688295,1.901703257710512
2575.934221325924,301.36306601903476,29.970226453936352,31.314638564921427,5.233626107591395,5.208025700962634
2537.213653584882,223.0294320130692,33.92001389655374,83.40945729995141,4.727851926842854,1.7747678062396004
808.8919656819373,202.82232625655044,29.058693324568466,56.137347624004235,4.747788658351415,0.19891554990996685
2513.26121376183,224.86105732123136,35.96556472925514,30.762451847204268,4.240053600190508,3.291908278318899
1950.4158880679006,311.19596887261105,35.10757696390932,84.5208668616163,5.463128745542196,1.8666822871454536
2362.25293013604,211.29714236120654,34.59457427329165,73.02283355061721,4.806998712175281,5.973338297877203
1618.5317401409463,209.14213675974455,27.701716138635014,71.2193690906206,5.091049122907931,-0.31212773065162924
1728.0728514426505,356.6444965436757,24.600787761092565,69.64264926560833,4.4820190356966805,-1.0330907721183773
1679.9238444624564,272.4228601446845,26.932061973186027,34.02378747675096,5.217973814857737,4.198120548324807
2000.3556635829877,159.2257699624087,30.981204703333603,34.77046841952682,4.619029380932458,7.577940929824118
1051.3722585613632,254.66292001185397,32.72893356766178,68.18050988990785,4.9291456391490875,-2.087652753398165
853.9524617708203,140.12296980904387,19.14214297619776,35.38059250772778,5.438913015619563,1.745964327538559
1354.2738948641436,82.39516649405964,29.95943399194125,50.70701877621342,5.395379656116265,4.530064126645074
2068.425372925964,214.86667567959338,30.790446126615922,74.7401277915759,4.9889849637415296,2.6228049200035537
1163.336213821307,334.1455553210225,28.612278718422242,74.87667626684888,4.115934483646641,-5.616192855728013
2012.178379984851,334.4902272055666,36.4563691950794,51.728324076810175,6.49640528503032,4.689776807708107
2545.8416829930866,123.08590011797651,,75.45329567926716,5.872929485136568,8.099601165690745
969.021288420953,189.96388783981018,36.550959540404484,78.70352573386398,5.361337412444149,1.600048091863305
2010.6838128052273,76.18892348515003,28.92019739824884,65.83430258989821,4.623398109204515,2.184590327261756
1598.750394748228,358.427199419598,34.68738746253462,35.98980966158941,4.943203919149018,1.7391837414906064
2362.6560578795097,353.20244683245687,38.17533197263759,39.180824626988326,4.728289785111741,8.010092684193502
1118.8696210052947,233.82321469468104,36.55846724636331,42.03888087861148,5.631927969548194,4.962913248355111
2046.7267140070962,289.5890614838904,24.539292032856334,-5.0,5.131251445425917,5.062106309788524
2308.607521366598,257.436058062132,28.731619612288096,39.12117342589616,4.607918070820084,5.055158340360656
2500.3055950532416,213.53695885420854,28.27417647275102,34.66634570187725,4.764622450437609,4.066454474494975
2029.8464509213625,19.20527891600317,32.446272675381636,51.87301248660215,5.560594071284952,5.785652615964697
1694.9145752151692,163.715163318958,33.431767775072665,83.59062835105854,5.800048923410239,2.5004920828611383
1912.1250323621848,242.92306878026778,25.80553662987132,27.313622172777066,5.764165781743123,5.438290297921794
2364.028972061693,243.91138099812648,30.33919256958469,70.41875467631769,5.3785160325269885,6.4333182555766095
1827.0975439498934,134.32414263205808,19.900363339219318,68.10981030891894,4.873687565598682,4.5942820233210515
854.6967074543063,339.009115196891,37.20972502900945,26.702793906435037,3.37924308733544,-1.1198607148725537
2475.7076519125603,60.24853160524116,27.43812879661653,84.580068343406,5.1485800119041105,4.856303391637393
2041.14815185681,180.12940063760183,30.279319699222484,59.79305415097737,4.99908562057795,5.29253393622016
2017.7240943990437,248.7182315582962,28.451751430059694,45.4607864794979,5.069991048160677,4.879119666983673
1188.2152743158908,250.96889012105132,35.73013787506707,72.95770084467146,5.026948673516603,0.041487467974544945
1985.993846418783,233.5100244367736,15.812467793013106,38.015582088114385,4.336868919025422,8.44663423060977
1508.9559301774852,99.10375684266965,29.916948288370456,68.54568859324243,5.278704278425593,0.6207268499686385
1972.2193586746857,56.23436472718391,29.47090621251151,-5.0,5.316108157015925,4.618652018598496
991.8674545543834,228.9385176576159,27.731818062041587,78.75856263264905,5.34116939102983,0.5991443869364151
1984.1215482854648,215.74876181019758,38.63113272817816,51.371959291492296,5.473288501786693,8.98086344717587
2598.9447063872,64.56816370412675,25.563352705721144,64.56850400505593,5.302025822460812,3.798335891382351
886.7816699490008,253.8500924054028,33.85898088617831,35.48664738646786,4.794985294230544,1.7534669921135906
2558.9135315983713,163.8619170241163,31.78126394353042,67.39515988609136,4.9645815760419545,6.931538111848026
1532.434329301167,240.39381297713504,36.30759626267758,74.05681931252937,5.045562433626689,2.066793609784812
2367.3562106070667,301.45214871725426,26.664054576112473,53.12492308190791,5.053849724553309,2.577297445862845
2208.2938713048925,61.10223428769234,26.335155504381206,63.2408846843256,5.499108827985864,6.058035168123903
1820.629269776002,6.892152478861204,35.48034953738699,51.9428146675679,5.321834376511245,6.664817528536256
2129.208576652388,280.47693110248326,32.12660654165055,82.5863958480492,6.038671719784976,4.409467791251615
2381.3280103424263,219.49107305494175,22.27531326661621,54.85084263600234,6.103234489942336,6.466642610110366
1527.4525789718593,251.8702450639638,27.30347492768365,78.92660963201732,5.0398247913069625,1.4461732758743917
1388.6596908138297,301.7357909959113,31.931913269240304,76.0946440789174,3.0816722257703155,0.6563877131344199
2001.6680940144524,289.0119365368202,34.18882110773295,48.73533749438496,5.618416233063633,4.209078893206107
2254.1226954942654,345.9312528943769,26.603846734035223,36.10591443002325,4.729811830506473,4.301226476397639
2172.1132425979085,192.93662838676255,15.428720050915295,48.42574927918397,4.599258039084496,3.0265634299287996
2236.064567945542,175.85842775756592,32.61611592868517,77.8352163042654,4.8007773625053165,3.5224118800776876
1584.0499666632795,144.67939196066283,23.898396550280122,35.934277507357464,4.776678476592696,6.140689578012363
2272.101589115039,55.32877542391363,19.913306009387945,56.71054421004246,5.306134905052696,7.7707916466535085
1016.3762996670952,206.13860383752808,15.838370375079297,76.42677235725233,4.220282110436887,-4.015156275531553
1780.0803763295291,99.72450875735237,34.0699043009887,44.74342325898651,4.461139627104199,5.091119123847478
810.3655888966189,331.67070439667117,30.643087252024834,64.95467459018882,5.171579277098708,-1.7053159542412883
1384.2544938204865,209.94868953975512,28.87171809643874,37.19421018341701,5.311472015206654,2.6679820643062966
1459.6307627685162,213.42246498291965,36.94512181481381,27.649561175771193,5.320770822468006,5.498334664611702
1513.1108448966597,127.77287791572361,33.18662341511536,75.60689575649994,4.606481860533351,4.007631765567565
2051.840972041752,18.716166711974694,38.08150021360959,26.927803638609475,4.51086717536688,7.507287381781617
1499.4045822866224,11.427755534275903,23.036322639165018,38.99669765557092,4.746682583106041,0.835653095854648
1607.648520720555,152.4006518951511,29.82724688023018,79.85765953982082,5.119936376142363,0.28702198521192623
1227.5794355737894,30.443536115005628,21.91643312525993,44.2528500955067,5.742738684636275,5.645545263539395
1471.8532249328123,218.46490399445008,28.853088340722664,88.11317446599128,3.976281407114625,-5.049260901241649
1209.0853290736727,317.1502820302767,28.756920731166613,88.58140343417018,4.889635621520816,1.5350347290729753
931.7526627831985,317.84933394674,33.133068186315356,38.77932143174897,4.333660779487398,2.4019109482783865
1886.2074680864803,237.25634764760366,30.227819405709493,22.86847555749233,4.173878661323255,7.163725383850277
2002.7830373990294,76.04345933025516,33.11703569139958,69.35442989437654,5.483478322672409,4.337018678956439
1915.0826228173062,310.67885928919395,33.517200665694475,51.56905518538406,5.27231228724967,-1.0444732018279916
1634.2892788410302,318.99363671275495,40.77464338691571,27.052699077170338,5.224716757973631,5.23161188579265
,70.79529058306514,28.423516723569378,69.526597328463,5.460512919865497,5.812757832784695
2354.0005692292852,265.4733908774438,25.294886496668106,22.182243637834485,4.760140551616932,6.75112947397114
1734.3472132451925,103.14703761376425,31.230418076582044,80.91376833445695,4.783681241833236,1.6242988468619994
1662.5273797335158,288.9505124470547,25.988599864302284,29.70567703793126,6.092865308361287,3.5505075129638297
846.1557184515842,359.00564396529694,37.40980384218268,28.91183151227075,4.876714472870213,0.7949856101561459
1414.2460897270814,10.809361918581413,28.583909805273837,32.297060857800915,5.367566056527045,3.935673386485057
1484.3521138145427,323.0517116847355,27.17211816063005,87.21864509444465,5.003190770481657,1.5062010456267017
1517.881005614421,224.1469920955169,27.64342139424441,68.52185521776923,4.075870734960793,-1.039761933232434
1844.3102646091982,350.4177428993356,33.592087117358204,76.09600748245457,3.977685498099366,-0.8554757738952834
1760.4845841083811,167.40342630951395,29.211265083842573,47.83444900129271,4.710507890030048,1.5814400635054882
1894.2291670282002,305.05965500569454,26.79166589934809,43.54189092534689,5.528050625834995,-0.0821460311806752
2176.789870775831,22.461864695379802,38.32675958811765,36.413880474821894,5.394145828318002,8.052015361849142
2263.374329688968,120.70045802818646,25.71915079669125,53.645361981868625,5.457038582112017,7.169508731269322
2092.62153720769,24.12595359043559,30.17783037016497,58.6280113473918,4.506476910531842,5.0125555688269525
2519.9426527188825,351.1235280524654,33.26153075805115,64.22423905569288,5.807936245061157,0.37447642032359596
832.8186488174509,294.1106066178612,21.843324447914632,37.99829527990862,4.517553349906808,2.0441039967084196
1152.400374230383,306.9170716485494,32.40130250702963,86.40578566320934,5.106412199334985,3.0587981673882063
813.6131749606558,337.6674833162019,24.72446162259775,31.88309487449951,4.994823855046132,-0.6651945564852577
1965.4544854782855,30.63725500312273,34.11391390417001,87.59572223364886,4.913063089842707,3.1729520931772774
2416.4549881099765,138.8151333048,25.18674494040512,21.039928575525266,5.669296069147803,7.643546789347331
1238.2681338373386,25.572560055840764,33.4638451592443,53.678798427179196,4.647444739917019,7.52123617922695
2468.662180633352,75.8855165580103,35.529165331473564,43.3357486681594,4.325197372144036,5.822489215618747
908.4813025212095,82.57167973356205,34.30718262816403,51.438638975117556,5.0099977431032094,0.6881318827018763
2481.9848482499256,168.87859597712833,31.256583241190512,59.946520528655235,4.800086632856737,6.106379236816692
1432.920837031342,96.68238028331133,28.8434952853515,50.491241060889635,6.688691459541323,5.863548930867235
982.5574912085897,36.352118454393995,27.11790211832578,49.03927952111165,5.338253738219987,3.4751590559866847
1674.569166535386,60.29679207387878,37.35517345408552,71.29063907893146,4.7953297123906875,3.2394881981962675
1262.1978218969143,53.019202878752736,26.502523899161783,68.01133925605252,4.471944215406457,4.574229768725883
1312.7712235314611,350.3076472484274,24.81466963215002,78.32898974250935,4.059855794715608,-0.038487801821206036
1353.121936867316,273.3453024906505,33.32684467516415,37.49712868676469,4.4873904571312835,1.2399649853387067
2245.446616098794,348.3941274970423,26.019315984067525,62.66699568278445,5.057470885879566,2.0909644998699077
1770.490298015458,158.30657514284707,25.249682512669363,60.96363497749977,5.713664325797385,0.44538558068431566
1360.3538584808066,100.21265339855637,22.781978689151174,45.88164676108821,5.560844571193959,4.742730998070785
1898.6008099596531,287.3855509953072,27.585450802697412,54.02402793318766,5.11454741582319,1.9905868795578372
2089.0712136017482,117.45141049481285,29.586424880517534,41.96475003140101,4.8384161671487576,4.444136494112224
1290.7232013203607,107.77801453392539,31.215458638303495,29.929107833188965,5.134406178206077,4.603329612629324
1544.3883827456327,83.70215719481922,34.75653122149742,34.966084746391296,4.740681001257712,5.481923777411059
1019.3949680065056,46.684432160724725,32.63448961832897,27.385955248084077,5.8591819978819375,7.01371153633016
1126.0688291624247,92.32670196603576,29.045638902234103,67.81487026330869,4.90540490936246,3.496493551181649
,127.91510945059957,29.0090216181014,66.2509175176406,4.956831070876636,3.5354602293734385
1126.5890258521285,242.63791493246293,32.550787344575916,86.54244601059109,3.8920887874896657,1.449718271992554
1745.2940906007084,22.523343199002568,36.36285081464285,71.07748895530689,4.902282576738618,5.6199246633151425
2076.283271100379,75.78249827952347,30.631570997416002,23.6432087129292,5.418242068982471,6.048011571623331
992.3784615705389,291.2485105050035,27.654345728947956,81.89716217502679,4.466138711480728,-1.1667464207942546
1821.1619953320264,52.891892490157474,25.035669994572274,80.3872614062008,4.624639832753593,2.688555167049501
1261.8130106624549,123.35225274810776,22.773973677938873,51.0324224540889,5.396355508866832,3.6453090779417274
2533.2683754276436,311.2772118689304,33.33134836021762,61.01041353695451,4.261671388240973,2.7808349783690276
1670.3821640958645,999.0,32.889892618197784,88.32548327307632,5.528900503770959,2.533600084529319
2250.7865895952846,29.785260822548363,32.88681762553331,57.261305469371635,4.733928054913449,9.987030095391788
1790.4077758812712,174.4336782288039,29.35670276823972,83.37252798632628,4.805715889754398,3.924708377402689
878.1425591386745,108.8710240602731,37.03467372945875,25.81271304671305,4.438060797437203,2.8906235086657235
1939.6724760692402,202.82701121418748,27.57940752707591,33.3736308096078,5.189023130213942,5.638922979172387
2512.526015971983,289.36976057405104,34.77634618603603,50.852846040892246,6.22993599251469,5.172027671827207
1882.901276263396,49.37345573498754,29.806285525052285,60.93297658361133,5.390748619730316,5.60637465494086
2274.5399469682225,209.0516704395426,26.95824617660331,77.13594963039601,4.567857369029732,2.942630185520678
2391.5716340271338,181.983153740351,32.96265153658881,89.17834806002308,5.5678102927457385,5.850287860102677
1210.5435895080784,51.868362964751846,32.04818059341997,47.21960475318815,4.841660227032875,4.889980128463983
1181.6807118348079,224.63945479043366,31.78486379633463,23.319094529805945,5.687242490713779,3.711493879694004
1899.7657799317851,98.5105504298778,30.406392110280994,76.08200523067273,5.403338201082182,5.756347619349944
1539.8512456520684,175.6203546758445,29.810534591415845,62.30665033579657,3.5284292172641334,2.7143187342524318
2311.750345160097,29.618036739742276,41.94185996435219,33.898000120774114,4.497960183522486,8.418951527034148
2420.04162211642,165.4502605969043,35.921283225980865,54.63799196349941,5.472192611417695,6.3155123510844495
1436.1584827448926,110.32684849541532,33.61413447492756,71.9617171873607,5.075828636072509,2.8679066127493726
1226.3670061540677,296.05723602672754,30.55899579101694,73.92882509480506,4.488122026146074,0.21651057023706108
2204.945927438951,20.51234171905258,35.03578600298334,54.97328883991334,4.683205242253093,5.191254991142227
1294.650863986645,150.69861897059877,32.589973881957256,41.365017109020144,4.04688168995531,1.9847921387508558
2280.705773324621,165.03531268731768,30.13102376387018,88.16198074269454,4.955813356236802,1.0056649929345172
1562.7288565677732,261.00218746768275,28.482178373670425,66.43538276695449,6.105344863007883,-0.91047857721375
2001.5898187246469,206.74352703247595,29.59541331168656,48.57662635424091,5.402466695366162,2.32775966642188
971.9635649024027,240.19644138990517,14.147871320609722,39.63242569432567,6.095208500594212,0.45515704449485467
1922.9467844178314,279.73774283463223,31.05300419648821,71.17720881024934,5.44119854489499,2.4335508479854653
1613.1818217270124,310.39307051694794,27.557619599448202,36.952841191563735,5.513739671676346,2.1420816138588012
1855.8952337158535,112.99517882008938,37.96334999141442,32.019699228158174,5.987039343872512,1.8618935398713843
1102.425573940754,193.68817393100505,30.09672035405877,57.08837222734492,5.1886316296711135,5.128985037036108
2126.372740899528,302.43890823811194,24.055182902325193,40.29911748508993,4.90638633924656,5.263794962950691
2353.0347395778117,356.20240714742033,29.750599229359413,64.02336014465305,5.5163287583110066,3.4643556533122686
1190.1316401633962,320.22695197575473,24.769394574687478,28.255707241196344,5.726920118560942,5.775205236652995
972.286199936291,133.72821454477565,32.36703707856233,65.84587731971251,4.760017678643895,0.024977164921180517
842.5494548834055,70.25994619871415,31.454736821697427,39.83075695983916,4.639215458829986,7.30345016085846
1955.5487007978788,176.18131346637193,34.789198155541335,20.01700541041589,5.06942801621544,4.217754063328913
1892.7692649598055,266.99092266097523,26.045591041527175,28.885524037192347,5.415749433465831,4.378112886225421
1784.055342885326,177.32486547118714,30.170040481140735,85.35307644845659,5.399045524330781,-0.3837487362191503
1217.5047730087558,173.94511079292067,23.174891022866824,80.71482473807504,4.2879161999062,0.29306935453182825
1503.6307926299264,301.7629515894482,33.50747390962357,36.35263224253658,5.9558030335316605,4.081821754257175
1870.0574033351115,130.10536046418707,32.59435590220061,74.48603331818438,4.679417535301575,3.0686397246605575
1694.180345946505,309.5260829321924,32.47902510513785,62.6000115221782,4.86746750155571,3.298996935622949
2578.0139363867975,146.4497283426205,30.008095156784705,87.96332980149086,4.54867282000609,3.856804359927659
1045.5915546021197,118.16391804420219,32.073864453943955,46.15239616738414,6.349164417968543,2.6692304344229507
2051.2601972856687,999.0,38.02169554154298,67.70224287620198,5.121035335143984,3.287898089535137
1527.7737825877257,274.48090512295266,28.57452871478993,24.4475005696743,4.574512459659218,4.939997640070361
1570.7593068661067,45.36073003103794,30.69322591855042,47.737314277148414,5.431961774981223,3.6924726642998875
2091.675978184717,70.71091771392626,24.56936850409295,87.46723628317264,5.384567889655017,5.005994123347214
2046.3850723838655,342.5201372387131,25.658695192008338,57.72866121150844,4.906136488210058,4.264269763132891
2584.260788663939,63.176985857288656,30.489066465466536,40.15156523343912,5.420303356391692,3.866743385854935
1031.1097210174255,204.38183445517964,35.519667733509536,28.418967419002477,4.587354019584568,5.791478480361324
987.3973688914994,208.55320799829764,28.71859587874214,69.24698381270713,4.753540862525374,4.84568071068589
2103.809870831734,176.26480633808814,28.82041735343938,65.13992304008087,3.9948916727169683,3.7724922858414285
1841.0964506115363,232.1082894876547,27.965573777478127,46.17570995226423,4.338024457890219,4.348457594437837
1293.4891998076505,82.73762128714263,27.326216645778384,86.5658946306084,5.903815402835343,4.009084389380213
942.954864180176,198.95841639962936,31.474857278544107,21.55419690914952,5.820714313861157,3.161351110561296
954.184849273575,133.98237188888297,22.513711774106778,41.26066961422781,5.032894324324482,2.6313124207306915
2409.543574395413,238.20021346650805,36.40469788333364,84.4748640409707,5.831465723594919,0.9748522582428327
1145.3611844937373,50.840475614333805,26.672888509352696,42.46548068236083,4.919962756695847,4.079591313731021
1382.0688118079374,205.51587006221143,33.60951742719071,37.657698369861926,4.878294848716046,4.646758193123632
1207.9815240085784,66.69732793799653,23.65000701303062,57.39542869518731,5.028255324232778,3.7850216783036594
1438.9933504974872,100.3115027214131,33.34420065273109,77.66612249443764,4.937539202338217,4.9380968222286965
924.962916942968,78.73552811648996,33.359723039072485,27.220273261485275,4.89240183821991,2.955645388748936
1734.3076236348866,65.82160075277416,31.921010360029484,86.01144967520153,5.571699053574776,2.3082239947103433
921.7026144659868,297.25594256184013,25.02785739100104,75.65510168268148,5.075067826978102,2.9044114983557434
2240.6417140802505,102.85472435792052,31.247740947990387,32.68751788860864,5.356240882216902,6.249349902087554
1220.6817474387794,333.7645614712018,24.084719076328057,69.84055728387139,5.515690262638666,0.07493657702103257
1772.021446288119,349.17354912426873,28.736183724519073,46.947110584629,5.194092897827367,2.002778030451776
2384.142357610625,205.65376917735503,35.14706550477663,48.16062746534231,4.51486433704588,3.529519849161966
1971.5792642849494,51.480404159661504,33.98350963535371,74.83030647072064,4.32356705551798,7.629318665411629
1759.3240157924035,134.83736761664926,30.075914712702165,87.39493655865125,5.074390317403653,1.275033270135853
1383.8007556076761,287.183614805357,25.12596712038579,28.865911099303574,4.914371847587533,0.18480702709758257
1399.4034435047563,132.26066233094537,33.22793856087097,49.444116581517356,5.0436957144600605,2.9384164504438033
2005.0765193567422,31.326198589003948,30.096906188490127,53.665912565901245,4.9919729803757065,1.5174659340390404
2589.4508501981018,200.44256793414766,18.398422008847884,46.341827186849834,6.291786830083284,3.282187981655645
1991.3105417288816,304.24350653857255,33.91314913158259,45.42323866013575,4.3348868721793306,1.4245478641726557
1804.0101512660449,999.0,29.87883583065154,23.658806729311756,4.005026865089437,4.983993876796527
2115.170918430643,63.04433044692716,36.01225623991536,67.98770343938364,5.1661884167598044,4.004767030322563
1637.3701021106926,242.19526118848802,24.523647405785976,50.53500919840317,4.811788722705902,3.997546360964412
908.2562166814134,79.38153483683296,14.116480934019997,33.63556618507487,5.158033934864975,5.096945035740888
1812.1342685802376,78.554712438782,31.395419291725926,77.12234516114478,5.291941511142,5.272079209805808
2523.725512109684,314.6658383898667,31.457818383409865,76.17925237061395,5.642052347589448,2.499450986687671
1115.5452962437873,89.88082298648285,21.546641861967743,54.047413966222564,4.246387089808031,2.3407209708619874
2042.0088034771984,94.76904474648403,25.10750227066697,40.891546280343235,4.721641051071418,1.9690225075723986
1161.6806395863016,0.23522067406783975,43.77608871859951,64.66649080575166,5.214380629440382,4.762048847793928
1764.4898320515463,313.44085228518634,28.471946929230985,40.170649504418215,5.3852317978436135,1.1279259621728346
974.0176093640953,285.3341327552885,33.65479488188108,36.52055512265984,6.096724775144192,3.851815818072277
1610.6676852647333,225.83841663264408,26.746700863158082,71.13602578184287,5.477851985556933,6.8696803755827185
2161.093992011443,270.09567501798324,19.548485505734217,22.822766780466548,4.971605702056862,4.926066427957825
1425.6287436301677,54.73748427281705,29.148708766020473,26.633792972421578,4.554782123528669,1.2712182116624016
1996.8411040769925,164.99649405152715,28.671977198569476,20.475172181651285,4.71785507364049,4.880052514676498
2231.8099294215126,126.43897944556112,28.000608806658143,30.70602305327983,4.703648588521447,6.120066219694581
2468.920075063015,33.75954945252594,29.426795822468037,24.82930060973216,5.3276168142568805,8.074459102158556
1222.3557473398164,175.00697467737268,31.32134135822818,89.7061657445943,12.0,-0.5816090378806229
1518.7686484567548,331.46627412334874,29.24941524373097,40.21669789678627,4.338175214578911,2.4290172348613495
1074.3488239947515,999.0,23.67996916026318,30.44876088684731,4.782049265454783,1.7996567968886152
2586.4703038850753,104.9259288577658,32.430923957809696,36.86973805971426,5.438773776725711,5.265101499635328
2468.6017422637315,74.71473703405324,20.253141223387885,85.52879000780942,5.175831177487029,4.783275372588779
1771.9228345050074,85.73279531965068,19.748212713579,56.411215611707696,5.284322308006385,1.3947484372282863
2315.659929877558,327.0364386765751,33.69590247350784,45.537266741549985,5.191460855028631,5.087543850755755
1737.724359089676,168.50485952434445,32.535101360676784,81.13740205364536,5.81321536730443,-0.007922782799469452
1922.4542384049676,167.86778865833477,29.71302317462982,47.64931893843227,5.118021531912185,7.820125187925083
960.4239778088299,273.8072312839016,23.02275747622464,43.45059989703871,4.806988601064651,-0.7939218689395418
2159.4867568942545,55.61719344177329,26.460445296629622,34.50977657848149,4.542122479433219,5.598660880332741
1029.8842705434226,175.41552747601827,28.68626626156748,46.4457776736588,5.124804729104856,3.0506189497127387
2286.9217344545514,154.7946770835815,22.020530157129432,42.16790492118482,3.7796479926124578,3.122748960508538
2207.6505578066945,214.8878485967962,26.304856709883836,67.41127715086986,4.907855499083644,3.2855130149580187
2075.7404559373576,359.8407731701579,33.2616516908834,40.2707893269509,4.897080070039328,4.4855363529659815
865.0886849445718,277.00160186953696,37.13652682144608,60.4039822495793,4.31776457319136,2.870170757823796
1345.6310407015915,143.23165308627378,27.90282623670725,24.61245155223809,4.535867080672002,5.762360592746781
1273.6026258395173,297.9190988186569,33.782441771580494,33.390240968756004,5.404828765074121,2.554574094129603
1448.2455334487345,61.455010792492864,20.429699647062662,48.51836901279441,5.115355874537482,3.140335687313126
957.7569441749093,10.966927071225644,33.29725620556806,85.58644777360868,5.050894166853664,7.069733215620099
2486.524081455913,73.6014140871383,25.980257926362594,46.40763900009868,5.153173766966011,7.960408131260156
1796.8440332822775,122.54816020113348,31.53672808353985,66.4851884839884,5.046313793974462,1.867866674259696
1349.9437591844423,183.80907268544155,28.761237908801455,37.85610556949787,5.621431281429158,3.7315210158795717
1514.5667307337103,221.44649059483194,36.602070048919174,28.89235031812622,5.061714590851825,3.87848614420387
1604.9645729087042,327.8180581971918,25.62782175830041,24.097562005603507,4.270893443090625,2.3002522044763243
1881.069800049111,183.54744343816478,33.13803148780916,41.3789448979926,5.815064982437205,2.4570502489128456
1728.222969853696,180.45923206526257,28.60246268351733,31.036271875783555,5.185170133664423,3.691990864944742
2454.9055517859515,18.087483536273567,29.20847260995168,32.18073136112869,4.705373134602466,11.075470447916466
1694.5342692304944,12.568158956240572,29.08073053420395,73.2531515870865,4.373299140852491,4.978944766971406
2585.884426681963,198.41758628989393,25.771634477529435,21.108664966141195,5.197957110479023,1.2863875067516561
2332.5649239411723,157.74430076940402,29.92950517046664,59.046708801480406,4.941413997512813,7.044173101410686
1175.3189258432044,302.1049421929075,29.68675888939089,46.56229664154253,5.787073393016204,3.8855305503424797
2475.071386359049,57.844650496264265,31.206201242033647,55.4584999935983,4.8270463596665865,5.4489346915660475
1009.459516193857,8.989798362137854,30.42252572846431,59.3981166050222,4.581309605158767,4.810287760475717
2271.4094752841447,161.65395645484531,33.989972748061184,41.93573861200947,5.447898109117964,4.144060741326468
1485.121928257844,85.4922804308127,34.61754308023684,40.65762021289997,5.462640946358416,4.242475200961057
2380.353776801125,17.86117440198148,24.746883390860994,71.3381294534434,5.084325683805098,8.012268102477602
2362.5020421934105,260.85538326514643,34.343862502953854,80.98938916848101,5.338178523837454,2.559360521018511
2250.665720211718,40.17347998460909,24.068317864450727,33.480714272096954,4.981156439628881,2.587276321396252
2222.0547853527105,218.99502000279782,32.93927944068867,26.833313237460427,5.1169325505046235,5.614894972462002
1348.4224503764735,101.1779100600801,33.09869392351435,82.84570644744181,5.582495441281962,2.370221716687365
945.6547094922539,62.458578127807925,20.44341554168748,44.492682455317905,5.312659167010752,5.076965957959426
1525.3643217772906,136.71054825095428,30.46489623264705,58.59221734639699,4.9153627808336875,3.30378359559152
1112.3441269757157,288.52047944026333,27.65751943319842,45.16802011640024,5.676181272963075,0.706524156056965
2050.911960024431,141.15368768564616,26.206173710323124,28.806163544223594,3.817572313604244,7.1059802215572185
1422.979507768014,270.27707371598007,36.75426165349503,61.25321514634096,6.026036655710968,2.805345148124193
2556.0983615478467,45.17506684769425,26.731604296812904,56.75985962387408,4.147020452554632,4.239674275741293
1953.7497392215976,278.1977110794285,25.96811535440975,34.2095491433838,4.686453587613852,5.727787643288087
2280.46501454185,85.29599696639352,30.378474700025468,51.63083312565945,4.9795412324024655,6.0454617718936765
1038.544410935327,243.8615267599942,33.42794873149208,75.7863252810952,4.926759664635919,0.6758319961148112
2351.6260680907208,203.68135974275867,29.291757069949366,61.32982721755239,5.503205520013277,4.5359013236984635
2460.9629429241095,334.49209819620745,35.83185272834626,26.784212894689638,4.4710816906948825,3.020967296361559
1676.7114538740848,139.43610647111305,32.654878309820454,58.361504806039456,5.130383408741531,2.7902819039828968
1891.2552879517593,23.81946798039856,19.10894340134285,69.19168095027108,4.710893950890123,3.416059577652868
2176.657641625392,6.8959747984510456,27.35266518246496,75.4892384046526,5.147570489668708,4.400103890131392
1114.7095290687425,297.6690819501911,27.190789503241504,64.03823050439868,4.9676138701010615,2.8050365904032994
1704.6189376341963,188.90482955811558,32.39680476714711,30.686071517854863,5.046467826341489,5.174318533865658
1517.5934499901637,279.08785866058173,16.87591471812944,69.71212866131125,4.725037583767827,1.5736124725250447
1063.4731858920484,84.39321600414529,42.74504854358861,67.41392922570614,4.744968024951959,3.629103721453484
1461.5619601247568,124.23014838476415,32.65513047447105,21.709881805844326,5.143636257013713,7.51650923815312
922.7101568938884,10.837393996074818,30.744384019588455,48.82233673131702,5.471857752878022,4.806980778229738
846.4614325090765,346.13723684668037,35.907838582095735,43.306517287366134,4.700860332901076,1.0941075610398592
1043.299320478681,240.43244641229282,41.71827026406312,66.85884449775503,4.565616227713545,1.8542776687490188
2533.607200860513,335.95383159335023,34.35373322294202,35.129506861764455,5.3067300828359185,3.0697158372623523
1789.1531646110307,95.57870667446603,34.7440654823581,61.361034608198096,4.983748053471155,5.537829936617275
2538.479890075796,220.1269000412379,30.65345012232191,83.92441732699206,5.415249066992976,3.2889801766469358
1578.4961809942374,244.25998858534962,29.29237123316526,75.84616605460255,4.547101393314426,0.21146779435329544
1361.2690395534673,114.31789209273184,27.621022779975494,84.50204153515713,4.1102805372882845,3.5623670622299377
1711.0553531124392,305.31932460562683,25.86944004142729,88.4954176852883,4.733497959086833,-2.5492920840166287
,340.97812664408923,26.56492950150251,20.746908890431392,4.616823695367492,1.931663636011645
990.1964316711391,318.54784237056157,23.247220178285083,63.59188934642343,4.96060579995985,1.4836612276910208
1953.4873664423712,266.0641113381741,29.620642746574884,48.89875784312345,4.6815773928648055,3.7989791017042664
1188.8687285172794,99.88728470098346,21.576662113868068,80.18981432345852,5.370508475668225,1.042474792633558
1915.2583188160932,101.38177515802742,30.954582620718554,37.62702914063922,4.855924868788742,5.989590238028723
1970.361966316676,346.80971536057365,29.81834695978829,88.67206423805533,5.075237249386951,0.9022577800174467
1073.6447356315666,3.7024185368491302,30.73467649193344,62.95955786806231,5.0788172792204715,0.5260751328791686
910.4293287992027,257.77799036717204,27.38934214990004,75.54761815601816,5.097477546206093,-0.9646484457183143
2205.3708549231915,254.2486185198944,45.38430185090252,-5.0,4.987935444772513,9.836511217317254
1627.6407627847764,224.16823474192708,36.80057950090156,32.84205193312055,5.255300345205157,3.309496365591623
904.6948319098565,356.43918459127167,23.777287499576385,73.08825711239422,4.602172433087096,-2.2876365860376158
2590.759370905581,112.27659687494108,31.16434043713449,21.539056542752654,5.699708963326941,6.724905152017277
904.00500979346,122.38987096556934,26.95996928531338,77.1814590125648,4.881731308315732,0.711524233692769
2051.0634119453957,28.418185060759996,24.92760136646293,20.976431308433803,4.344225431050659,5.398905511174395
2570.6220654741446,159.4073291557455,23.299639644380328,65.99831873428914,5.094036678495886,5.078912874979295
1230.524187588666,93.9774694445453,32.161083453796266,45.55657441622641,4.574409758776257,4.226503057513596
1056.0488636369532,123.61921278395192,26.59309882465213,62.80463969034394,5.332667267254438,3.5418789077727713
1018.492890960372,300.44584449202597,34.83913012012602,68.72219848923797,6.104802788021189,-1.1901110714203762
1345.895265621672,336.77442486989844,34.9689110726522,43.97326534304129,4.606713954221075,1.3236073431580309
981.8824598191641,66.86390592186683,36.86957192605725,27.55737136775849,5.166186166611992,4.702625071396788
2045.8904150494375,134.1032153592477,25.738066169629484,24.875210742378595,4.122247205647686,6.228762738221913
912.1252366341129,334.3070023615419,32.37682805346005,61.22552157937835,5.226952614720673,-1.3607694339679726
1716.9598306696216,22.25104584812015,33.16227108321151,56.445874761387806,4.557143100100155,6.903793111656537
2594.054336935358,33.249790120096264,27.629109124480177,71.95407063847927,4.687582690782759,7.799924141463852
2265.146485110834,58.60475611424257,26.141140213035627,55.6814857002756,4.449356755080086,3.1313474766218836
1907.3949888158195,214.2766202856749,38.047603328879866,49.57120530216154,5.366075613027368,3.6263007366758786
1351.256517415901,54.17001756215909,31.13747937866027,47.866102476536156,5.5036521787366315,3.468488310286235
1923.0125053249492,348.50749732226404,33.17983875355869,21.851283181836724,5.011692607329254,9.354649945245065
1748.674635040973,160.8172298130673,25.889619940860364,43.489004118766005,4.56778664733214,2.8142245438828777
1566.9500910026686,180.5464657260599,23.90357766738903,88.3214110267146,5.794761518051931,4.3964020798757595
1035.2786781323591,88.79710168994633,27.152751127539446,81.14889033589621,4.624794936122672,-1.3054085740520285
2395.88758743284,169.54569087650407,29.379893063050016,43.05646469239524,3.9189838500362804,3.0778775604680364
1609.6123678783806,238.28890774932415,24.678899965913256,61.14567835464605,5.229194504978534,0.4424910249197014
1150.320521277377,270.4237693034554,29.950775956748085,79.31077218748457,4.447612663179242,-1.7311524881184923
1461.9668315791214,271.39250977556867,21.5574740596575,50.889203572504805,5.4943043967495875,0.9337896434509447
1545.4335545520687,208.0408005698718,24.39976288765064,21.257050462510566,4.809431151663291,2.412855809100946
2289.5682120203737,325.5695189977886,33.35455624138437,25.215732327304806,5.3018566202720985,3.3499840424485416
2120.5058850105233,294.26682503019936,33.01895260138947,55.727490494409466,5.700750173276079,5.841033300067005
2184.748808554412,272.5373212915052,28.04061617306567,87.86075629731148,4.395570567689639,3.8214066219679865
819.856275971565,20.017987804965824,24.911178454615236,68.52466795532075,4.717031434553797,3.8181195487057282
1549.0771967235708,2.476066399073753,24.862982242369945,24.96413340069987,4.962164463671468,6.848132533928503
1666.4194729435826,76.48101979037027,28.13365877029343,33.255261305430395,5.768775659517171,5.634750389155543
834.546098281502,238.86849380884283,33.22259245822646,73.9926200251795,4.670808641029777,-0.6897832859846379
1267.6637757410617,148.0310959977165,34.64122845672162,78.90078319693714,4.702748152025497,0.0786097134277286
2168.521681619843,144.86625334775223,27.517341322590156,63.23862103320136,5.2390702877779045,4.775896403559858
1046.7974703121984,318.45127976266093,24.23253787007608,65.10962187408717,4.711385637144715,-2.8569902576491444
1763.558236614665,322.4026253274619,31.339218189331667,21.983621526836924,5.0762629414488085,1.8728679866298876
1187.3633696310276,327.30309505929085,25.882325146870752,77.99711817070559,4.224231289515936,1.3631682940853422
821.817394359008,112.99610754540983,27.408736805693987,75.17926457195807,6.107164971278298,5.129031740063075
1234.1626236791747,248.78009258613423,36.62638045218519,38.1324600872343,4.326145384845298,3.8209732541403616
2556.572758838097,97.78794525877306,34.135577142828836,69.60737039758548,4.839123648004896,7.73310665848283
2242.7668013893813,68.61953990680192,30.789871561257257,35.03982244974986,4.983759482078953,6.1297654470846945
2527.23795977786,66.46768464505291,23.640404994436388,22.82311127360591,5.956344067178398,4.724238856846685
1678.1372790674523,123.15874351089386,31.056982837353296,34.07955798132641,4.33757710953363,6.052023877792232
997.5251576195063,154.7847431207358,35.313286453937636,32.50402137280096,5.991852067739376,5.28946472764731
1786.3270801526473,299.1417015798246,28.121831671172323,43.6423597714393,5.378588410551012,2.968215953978108
1617.8792022079297,43.16079365017635,36.75557044993357,49.291464802282064,5.208547662211623,5.092947655246615
2319.842748931309,264.5733050621619,36.463726447591036,55.59772240483955,4.507683156491022,6.137165075867627
976.5486454116402,191.32376910814992,38.31866416071737,53.37277128558297,5.285570621019037,0.8172925709851315
1678.8340466392008,103.66032336335729,31.526215632656765,38.94722241757026,4.6382566887901,3.3702411508877064
1070.0875964491715,177.41505043181687,32.93695849903006,22.04194680018521,5.633330626599206,2.231409372932826
1384.416668402108,107.97914511972816,37.07093644165545,62.357113556600545,4.5144689854461335,3.8025664728479462
2127.2427392980394,214.58950388579015,32.236969685344874,47.70213808931481,4.943420752771958,2.254420705419995
1656.8326328637797,156.18381222788793,27.493829461048936,40.90705101712848,4.722363455993414,2.5040822144646864
1476.598913262385,59.18599046839634,27.757285817360692,80.68587299813586,4.506238518786502,1.0431332848516373
1510.0573014260635,41.96990684005082,31.192774768868695,72.27203154587119,5.370659908453957,3.1960727419132002
1627.0041831307758,196.81044554596684,23.547192890268906,80.04358838607095,5.2677293737048165,-1.7559863001712825
2213.0297789067026,324.86869198299723,29.283705423179036,54.64879562987227,5.604505099450499,3.2290649127174067
2405.752440092422,123.8247671607668,35.48273559115127,29.165187648874422,4.110062445895917,9.390897420346715
2519.602435707071,263.88003860014436,19.043730744173594,68.73550052848907,5.532085351170522,2.798610883390285
2216.4260952595314,237.1180877783161,37.672410508972575,34.42516459560227,6.2527244526784465,9.06611375925922
1367.732412346423,335.35976915141316,35.611871093515795,50.88607683642017,4.774179455411526,4.499000609086593
2038.642470955776,295.5531662276907,27.70117692084762,24.550055226422195,5.947574306054485,6.004110596710351
1587.6856232997054,203.97789320596667,32.716954139359046,77.77158816960878,4.868419363970086,2.1286058144600073
1258.4071196828922,236.53097936427864,,28.81584487332504,4.313795131219346,3.0514253813665926
2313.5688429666607,323.41912797025253,36.14995184219342,83.21682549345168,4.847183778796603,3.8288549941430547
869.167428132185,143.82676245129653,34.91341571384971,80.496142158309,5.524101983837638,0.6404910713641525
2423.1715858437624,117.64609410879986,22.999646384084954,52.520793510747225,4.580911758834234,0.953039218186003
1630.6594363245215,3.891990108670682,32.936312067320884,72.10577430127935,4.699830670496756,5.304698772585404
1946.9626582549047,297.5583867089271,28.97186073178376,63.36115516727073,5.296769716146596,-0.025636580790586283
1986.837059970409,288.35305214521134,30.4141628525905,76.21529496364215,5.001530058369286,-0.10302830330433688
2411.2119332717657,37.6036265160545,26.35914049515092,50.22635705501384,5.292311476243371,6.159125137011974
1946.0054279009732,999.0,38.74068534560418,75.0065938971045,5.118914770379168,3.284487799436229
1905.0804525681112,167.03341134007945,35.20030909951288,52.37197719456036,5.239812659775787,1.7890514272601727
919.9736730092419,42.73527438328013,26.301144180135164,85.86760514899557,4.7838494070952295,1.5154667131442698
1733.1344395013673,353.00456174186047,23.326946965448837,54.04604705776033,5.115865471015196,3.0336545682676523
1070.304201470675,77.29051948680795,28.07163684511076,52.383349035361064,4.536313497152033,0.6599103494303376
2127.3807836986743,24.204304832602013,32.17251323045653,74.95503030944589,5.644216811251694,7.720450031717714
1721.999457462814,214.14505662068746,31.201029219731115,77.51043842325865,4.682862641591343,-1.1683535082535523
2024.410002575036,265.9920037678918,36.26566412384122,58.81423800248195,5.564423743774695,7.978729891605495
875.0112210842917,11.679640576987307,33.94959861090426,32.58584694465528,4.883196519508568,4.041331645141976
952.6256288824458,237.13834994172797,34.84784512876453,52.743076167030566,5.1009995053786605,2.203032308139918
2089.3820985128277,191.6250753425236,31.634277003052187,87.76507520367748,4.752517724554649,-1.3206244438831813
929.7518047976121,37.17540319501743,23.05350634894505,72.70903351274296,4.492002284415985,1.3809770892885855
928.2621099774655,62.108595700690344,29.021507344265494,76.78138227153926,4.127619806197349,1.9937701810932023
821.7952554227974,204.470747033789,35.300448699543324,22.29778491734681,4.472337920703771,3.183415832606839
2521.7025169390645,106.68874086478381,29.74238535737677,52.750162384391196,4.838045573392039,4.6384995596612715
2127.5150470262124,337.7936623144738,32.51545184311873,65.26347935602888,5.105939589414442,0.5041175271868186
1435.8525353037155,294.7464826142583,28.406258423769334,78.10228785396524,5.505189656641631,2.772361830210631
1333.7640463177795,354.08419434491867,24.850940757290775,23.449155750794002,4.777121270101576,1.934073088402123
1429.4658135425293,93.48150202214903,29.383279679769448,79.67072199493111,4.559019617866413,5.328119113487427
2194.3763561261276,349.10050780727175,31.54523721516327,58.38806557193382,4.278642606998644,1.3634961496089206
1990.467099926746,155.24419312496084,26.72156140269278,33.8119779403242,5.240031808952052,4.112469667798133
1133.3520221614422,125.10676631295166,28.82144377571666,42.207865151479,5.691597257664672,5.126055167682812
1113.3968036013518,18.125829708967167,25.302683790070088,39.735068622609255,5.633165133978144,1.0330498741758936
977.1121694841152,18.995492829456943,35.59622458782048,57.160132400193305,5.354966374073618,1.6454484413622827
1988.5448954624087,249.1240521407957,28.52772121205983,23.61799759377923,5.3192716586338,6.9484729513303485
,164.85443799625006,37.263777725630916,31.097531094994647,5.84881188985467,4.28547413035912
1277.0835709850073,81.54778537299805,37.64373925270454,76.88851303630477,5.1660407307084055,-0.4296522496973241
837.700929855643,221.02931027708374,29.594770176391282,29.282279352276774,5.323064838012086,6.2944456345155455
947.9090014575693,91.02892257004002,24.957756337263252,36.33773886206889,4.839608069074001,0.3286645928114087
2542.148062721055,207.94743156399213,19.57051061133331,51.73594239229101,4.318978314572622,4.039008042349096
1331.8005994593564,129.31514891376852,22.639814634866042,56.19846216793313,4.658075549750212,2.360101115244581
2184.6016661086405,296.47880158025487,23.1308258755067,73.4527335729911,4.9954204807326725,-4.077769263700517
1924.394423937675,295.45061787604055,36.89234813730752,51.31326986663315,5.030392686250652,2.9923377490536174
1487.4913513752126,171.84614332406449,30.57912293613473,75.2905234724877,5.963142927427697,3.235676766685396
1170.2370719519993,126.2948793606056,31.948022620459938,63.28424149318202,5.040638583795534,3.3289258758612164
1018.4955526869315,130.52152676127403,18.897894955324368,27.91698175966757,5.589421722012822,4.709584129521031
1907.02334246996,290.05722924055846,24.010167853913693,30.943200687498702,4.782461379211842,2.4270869275034546
2194.3408051480183,118.14461380714032,34.43539888223143,50.59236078148396,4.844162057117383,6.999414822693114
1959.0276563740351,75.26137453446457,31.433870561912933,47.782257516232775,4.335496181388276,3.8417064660394185
1754.5438398484848,30.487803075110456,29.263973606572012,72.04809887461062,4.628835993561714,1.0959180311154997
875.5122021769453,168.00952351838703,32.824211793000615,60.65159978581463,5.2634906956818766,-0.695639183478552
2543.279799669891,173.56755561114306,38.17898903067908,47.16931567015745,5.003780090197067,3.387230279456677
2237.6855449782342,302.72713574504655,28.894787682314746,31.953219841526995,5.471469309948617,6.400530237428101
1327.0796660617366,79.64593072058304,30.346849013290345,35.87859716278466,5.090626974172525,1.5964961422420894
2563.9465928459313,137.15685852062396,30.962984593656525,60.28507129283413,4.823773134181129,5.833579116762515
1883.3868613453799,291.02606600172874,41.96054817636996,49.64071634298547,6.074148431893479,3.8609282045843725
1848.3607847730436,296.5044998696305,19.503218677904872,56.04492562024704,4.953048215643476,1.160369475419697
2146.5317229731577,138.45998735235656,33.41611507394404,31.947420471156356,5.581500484852652,9.05436879211453
2261.1856185622473,165.2846483832051,29.42598875620468,66.40343766411961,4.799395396727661,3.0549156302946834
1981.6614931967047,109.18292070574185,32.8338586309209,79.6777118599177,5.354799739691783,5.000637094439098
1030.57234345916,335.7197562309523,26.713137230026376,38.05576547508304,5.464007829575843,1.1868016254922589
1408.881510790097,42.71175566696891,29.75517484570775,54.40599580822786,5.104245985287791,3.8730991433908293
2470.5505525868894,336.1497922805292,33.55705289732747,88.28691303146313,3.8227585386516987,6.267728630896534
1204.3081013189335,246.19192266072355,45.5645510052192,43.32692183855093,5.009126230428056,0.9568603623226823
1469.900642907524,191.36597496722322,34.040180947010356,61.65324414466328,5.615230023879988,5.610330101649573
1577.7383892995526,11.757261882418515,25.759672009847456,26.313699014017104,5.2637404165138655,7.190121665992915
1590.928981450014,171.21462905592298,27.881201589886484,62.42105017356102,5.222919437614623,1.744605164672214
1903.291248490146,146.7893178009836,27.73292945808073,26.274224131323255,4.1388715330212404,8.298569553001963
2497.5365079404737,58.03877231104412,21.021784136849924,87.14648047266755,4.639772464662471,-0.14474880255621025
1233.246881298509,236.30745726023648,28.349549041492814,70.09638564506179,5.20567881557572,-0.048274858034582646
1018.7024773416525,349.61432665258286,33.66414540910873,75.17118516949945,5.205191638393446,-2.7062899464267423
1155.4468817478871,202.38797198322905,23.628839404616024,69.28730525401457,5.607333390066451,1.691899668187213
2396.464820376685,257.3111795198205,35.24241325525296,61.2810325253526,4.927566622426953,1.9321493291665628
1962.4594627793708,24.642162923766044,32.43887410542169,51.49389467598537,5.202912043336907,6.774691479547691
1314.6322206304883,150.3601184941181,26.328833390144812,80.08613658327437,5.008187120965647,0.8838230708171444
2268.704490143511,41.889054659218516,29.292351813310763,86.9784967280144,4.506528631749221,3.092079482837791
2350.465993454185,220.60650079314374,37.99160903820517,54.932532103285695,3.8721043344526263,5.486327070035574
2323.7258096425003,337.85357695709564,33.66773906752933,85.20745344086833,12.0,1.4027252903669436
2454.0677605511983,238.23998368978985,30.04391827449074,60.83330369919622,5.086973604206405,1.8372847218376047
1254.0338363120509,27.649097393191752,28.811583415195077,57.68689308275032,4.690912478949915,9.238410109029108
2159.075471743301,127.67983379462981,30.383045352258296,51.81379130687497,4.190413471742067,3.771757250886716
1628.971095093452,198.23881659870656,27.44118221028848,34.650143307108394,5.314869757204369,-0.5535921532694514
2315.597395202111,145.1547922079708,19.476252471404926,20.26037625726414,4.867039962902224,3.89016791202969
2111.2832188909038,300.111843771062,40.210889552673656,36.90543587992429,5.278437361184073,2.4462429929521
2197.6054036995047,293.2815616955961,30.776624995997008,55.680622012249565,5.932024265205879,5.187925101073066
1981.0913078259287,220.25916723715972,31.990736325612687,46.59719665818268,3.9292845598401476,4.450895430067612
1119.3717850454723,134.4448602477739,29.710461250615456,51.39396596018437,4.650199595648818,3.4881282769408664
1781.048454014489,91.92109455476789,26.32441599637706,88.64537536948347,4.8953121933440435,1.5716075199735557
2572.405531144115,38.11475455672655,29.070377595256147,44.51906594685293,5.727413087073325,6.6042714109120855
2487.298519694814,127.76316605515946,22.003026189028443,51.65280575520755,4.1817984903967576,3.82730504988419
877.712724434621,148.74210619477904,41.385432490266524,29.34608859469737,5.967930512840303,4.567235991794387
1096.6666683129868,243.2962530374665,23.827440007888022,23.357041270589136,5.067927950783146,4.1663079994752685
1037.1117922182113,236.93753674712644,24.840168580764104,74.27866602147462,4.9519996691330705,0.6326824997184515
2106.7638379735317,25.238930270852503,27.798703978067998,59.9478222550385,4.900970118390547,6.2141343530523105
2272.013593742501,142.2933535552168,36.44037862426189,73.24933642307265,4.781868483909985,5.536343054876792
1184.3204593592095,65.4403921982503,30.07254499631327,30.490395922058614,5.524058379634577,6.623074088918161
1710.5348473132922,999.0,23.81932101984769,60.028013982788366,4.465739622958781,4.153097328299578
2313.26545042016,297.8287739054085,36.271691803786695,37.754973203896284,5.172707090821927,5.657171954574506
2119.042780579251,15.089478017852711,33.65500313392741,35.964327183001394,4.807909167146512,9.474459967752914
1776.026969885327,150.90583532476367,32.69217478608226,20.806820983708967,4.618933275742951,4.327460162662456
1862.625842825791,60.55331607594655,33.5786712058542,29.123850649835035,6.292987587841948,5.197804229435355
1715.048984449304,316.55887764425063,41.97180950291225,41.648767804978675,5.20952536737673,1.5702661643377005
1335.587212373877,200.53458477901265,40.925474475180565,28.181513241365735,5.3066327723305715,5.307119321347081
1817.039587146229,83.2970290956653,26.56642328498352,89.01009082876563,5.568888390334331,-1.0295512949420709
2039.9935436901633,180.8738233798955,38.11942496405576,41.604285396676545,4.289325027340727,6.214082780474694
2371.981248549454,263.3350894931217,31.9158409487945,29.122676269162973,5.876145954561016,5.3905194809561925
1945.3244371626465,344.9224832109962,32.495479080688746,33.93576189795704,3.7455214107524624,5.387119678254207
2170.0187666776847,79.36056152835081,21.538645841783357,61.13922598390335,4.61561679498074,2.68418562061927
1088.1289429182314,319.02543796656425,29.14807117305902,24.483046670535195,4.77048416341055,1.701166968138114
1630.8034539556218,336.3494811002965,25.935882048317175,80.37038910988099,5.290861682485253,2.3048460175782597
816.796915688768,329.91139603154386,34.140294074466546,87.30497754660031,5.109359133070744,1.6823394346562646
1244.0219561389215,228.74916847028754,35.35540250201402,37.272319446716665,4.916592629650803,1.987149562832137
2107.6310872034087,226.73543559649477,19.627568244918443,51.506668801360156,4.994001327686138,3.197094066345867
2585.257912428854,145.1558279461762,29.88982567997865,21.549411572064795,4.510988488238716,7.572604036630284
978.5205792569886,270.86323762936365,35.60930752397126,64.8497157309055,4.251383802757913,1.5895757001418622
1522.6897685503188,191.2658466063355,29.066605188432774,48.974824063681226,5.36325581116803,2.6744658114156636
2240.127743658487,243.87770564218602,33.64531822501182,38.904092627108895,5.346853056268093,7.627628335168549
1167.2641423320179,154.24484538556635,31.755827338135422,34.478597743162595,5.792247187578529,0.20199986649425217
1799.1529087441154,263.33872705553006,31.70830115976313,65.78161543611323,4.6049914515923955,1.3859048569791323
2119.5283328534147,296.80974633763765,28.643425109658512,49.13519217226201,5.346407605150461,4.178325851774236
1908.7738104683222,52.7170523770138,23.917095979321452,32.57615023209384,4.858146635817634,6.425172798137936
1138.4445223077491,299.8546976067221,24.392349262874863,68.23763570407769,5.595237492596741,2.689784518640427
1439.692223634331,194.5067514445106,33.546762572276585,59.55505981256856,5.51098138833907,5.360985402327081
2210.825212073715,304.07972727248074,30.097291277594415,80.10704384506474,5.105604699612228,1.3458282461980486
1797.60772543763,155.26861428276527,29.307438776963878,28.223312921354506,4.830234921667007,7.6109205032375815
809.413304377243,136.4545747378926,27.880549788388237,74.99666213611192,5.480466089304131,-0.49144092735488276
2169.783368050569,329.42186370620004,28.47405577259624,67.14617507720814,5.323452261628283,3.994255366510515
863.5604388924303,90.42093631742446,35.234558972440695,28.05076557796685,4.657779798956908,7.962208029485402
2142.320808916218,303.9164371030115,28.323779590659868,68.63745109102045,4.336100663260284,4.376701064005309
1164.4650082974274,174.2474061033855,23.294676433492157,50.908310221588124,4.855733549659102,2.0387689197767864
2524.5322642148844,185.0743593184535,33.71825887770087,86.14893498890902,5.7577069076741045,3.326454602327857
1462.293352343752,111.04858133621424,28.975616680676413,29.91279454325295,5.573243579366519,1.8308133135217388
1388.4769094085423,206.29519222284563,30.156979327663883,64.99833735710166,4.44383626516471,2.434013116877755
1067.9984905984004,117.07603065943607,38.03789153199755,46.738603182406216,4.41612129205004,1.5264976003550577
1350.0875878823867,14.136989126994832,29.897197213247463,86.97702694136144,5.637341924839744,1.304606908975549
2377.971371290761,97.91949792396818,31.445918365593627,43.09824267031935,4.432182047621086,3.714590479198218
2593.4018077290452,2.2964556263726443,24.105382543508373,87.35301366442602,5.254647661821004,3.862336263556892
1462.957154912327,352.20772334046836,28.9016527382452,83.10400957705244,4.691964392331839,-0.5095476398825449
1607.4991357181766,347.6689955351091,33.047630226043005,38.92682647174594,5.808522462260841,3.3865159161119287
2099.727688764927,142.2559070900298,22.223131330793787,76.24792437784994,4.61478760043106,1.3702362301178292
2395.152404837134,262.2135075622726,31.004225465578546,89.69229412624541,5.571680765102914,4.594049216618367
1867.4798015362114,124.490195427753,30.50395536322403,37.68641015198976,5.092429327030183,4.767450959646931
1504.7462567200928,241.59353655095137,30.206437277937198,50.57440185263238,5.126097427117143,1.0478651446968776
1542.719313527523,289.9548154965525,35.18579449329121,56.41265155967318,4.0148457093243,2.540875590719146
2052.1126636942527,340.83224808920664,31.672192574242608,40.6451795062705,3.8985433233971407,6.927531792713948
805.7928744877016,144.07641930588193,37.39035949178222,21.068538775222084,4.889717029866343,4.993666808363841
1915.2608074277132,281.98727386417715,25.03205242202982,35.40904709382687,5.123453031708306,2.5547264184905716
1439.8874187944434,95.73424222756276,30.67962283609174,39.73558190392309,4.437401086131138,1.279913217328212
2229.555196298752,356.5196293657134,30.422333931949737,51.0519790922731,4.455653294761829,2.2814198840060964
967.3831516816379,9.277055555166411,24.6537275312246,31.97717348893813,5.280736314913066,4.762586971137316
1858.764080507103,217.27037034040353,34.78147501045673,81.12780496841708,5.281427240228565,1.7758480997924195
1665.7512017950228,237.42215339447776,41.62336652926409,69.34377929119353,4.931129469806036,-0.19900187752818788
1956.1859466294093,247.6964005466864,29.914969627580845,25.96403342917634,5.390100860593037,3.0446026582622654
916.736470069343,43.339528364072045,32.52510544136884,65.5064715797952,4.412898852139927,5.610211199062583
1843.9708173706363,337.87072205032695,30.422592379076637,65.75595334839343,4.822032541456514,4.378307754623871
1810.6722583271426,65.22598045802981,26.432076650464122,86.93548215505393,5.823938802891837,1.2394215718260582
1809.1881699491078,224.19122516634278,20.89619861098992,20.211460994931286,5.034161064969909,5.311272793477031
1886.2777998736187,80.16338848431059,26.471132584523176,37.35527148640651,5.0631562572935,2.9120727066838272
2017.642287007452,110.59791012765753,23.040208095241343,84.94540355627208,6.152973292983869,5.640580656333924
2248.9801994253858,196.72507502212477,38.52051039029559,85.2493740778798,4.300328917075615,3.90086235467625
1285.677296230786,150.18963068324754,29.424451530383806,70.44104935594461,5.398215183321055,4.00859852309963
2285.088938324112,57.68121635154226,28.270403354764145,73.6034324733278,5.83199313990405,1.4596456725489637
1696.8602280742166,61.537104871505385,34.44576912393903,26.403807055075298,4.8375710367507265,7.709281481948512
938.7049024417961,150.53212373860788,24.39124448572056,55.971308434476356,5.429815393427423,1.626244085004971
905.3916726391626,272.6218721791803,26.165679809977238,36.210809390229954,4.508990251394548,2.9471473519727978
1401.6289736529093,323.2672728652039,30.340361346243107,32.68526305295321,4.656633802216324,4.197083937491026
2212.814558800642,30.285958413377823,35.1438449571174,76.72123093863328,5.192483208023817,5.490406823604226
2073.8256825336484,141.5174067213844,32.50842522584394,29.45266956763832,5.399283336555295,4.928812064830691
2219.5069364103315,36.08840294023559,31.24162571257941,52.805614589746966,5.560468256203123,7.789544526408825
1731.0843015948967,5.973293027735238,30.39058867618008,85.70047677102231,12.0,3.771605991210002
1592.358196319883,238.2187257518244,32.001179277633874,33.008243889573976,4.9662767207224086,2.0965479775676483
1065.4145480713112,216.8817991079716,31.008264525646272,88.45953966167642,5.596805877586294,-1.5214021250957712
1390.746956496761,58.68688097335904,24.85013862611532,89.60015900327413,4.828847578275425,-1.3060435434343782
1581.2348591129755,84.17261991350308,30.230396108165756,58.893200827768204,5.451045655794134,3.013854466131199
959.480773423311,8.534791312026616,24.631556705411235,31.909991812401053,5.103744398926091,6.43777712547401
1197.1015148801803,300.58099404998535,30.40541271450412,42.12734215586269,5.222838953540962,2.2450785383909415
1876.80552931473,350.8886145774785,27.59676029255879,49.71449828735746,5.211753937011019,1.022666796999905
2124.1936056305417,48.76543324608869,42.696908113914304,41.6526957050756,4.197647495101094,8.816795029828334
2597.025520507309,83.33107695550733,29.800528081241442,39.6444905913561,4.437939070569613,5.024997027739991
2479.6039964184038,312.62742862089624,22.978802168692056,88.05607964514503,5.051270719908762,1.4340917058779845
1956.6173591633449,333.5269672642265,29.329098946615378,30.735537919102192,4.156360460179416,2.861745436993647
1558.2464959293297,151.06585781045172,32.59679372818944,71.33295361018037,5.415605551599878,4.481809022720736
1945.119256474819,18.224090016866686,38.366819730762614,20.02872026074224,5.435777983144071,5.01952022592434
2214.1729125444176,14.181060129414984,27.05273800030641,61.73278685816638,5.163585276438895,3.7538497722193647
1013.0051436620972,206.62195178484376,22.0878601298818,84.11601027678367,4.439432993621039,-3.981885151478002
1537.8288014533189,141.44223920154445,34.084185057154905,40.15538658652533,5.690069469434257,4.249711784492154
2311.644114144111,10.314873927955626,23.097006470501746,32.986818268040345,6.018605319859179,9.408935825879436
1490.8993134794791,209.97086123252043,27.819222792462575,65.61758564148988,5.073538413722987,0.8943001166153595
1829.3700882089358,4.06891317204809,28.71189757244503,69.88209851088752,5.255267689225618,3.550348306773903
1857.9848495519568,283.4539049337383,29.65183273349946,68.16213632663869,5.100869327398022,3.712216753372222
1132.057255640551,110.31581617321376,33.445822285371676,42.352181601496184,5.2651845944994,6.104583993271742
1452.023794974119,14.492881083323557,26.58182858856806,37.65416815115316,4.940220621686802,4.839517282382611
1402.120319735478,211.8067995539352,28.631353739166197,-5.0,4.9827178800780985,2.0678372901042827
847.1540753577166,143.16638919589968,,84.63096557889506,5.452858800248682,-1.4940906383442987
843.5451750044394,350.5681488085738,30.74798978759394,52.01216269249742,6.17281208094822,3.263391998192958
2297.0546786163923,195.91151850133278,30.489135873539613,79.23357063080614,4.29996438279913,7.309631130746952
1291.5274579510624,99.08610517332298,32.1800288761129,51.66264343440072,4.9480937577985165,4.753924289777153
1732.5417792298676,255.39799126823092,34.21919754820868,49.70723126507573,4.409769757383959,-0.9980704781259053
1337.7060324597915,97.73712091537608,31.96317057825484,30.973406331950628,5.796012449288042,3.9680308069846184
2493.222641207613,325.52758490672346,32.26792761754609,49.8484239544381,4.706131015340051,5.103030945321354
1266.7341659583926,134.89990938265552,22.08888416626761,57.61918570198649,4.278399603107103,0.9529522562170721
1573.382262930083,197.95268259943387,30.251138495828403,21.575302920008053,5.319093499424286,7.253711561775747
2370.9144508722834,18.20631737672239,32.39753774000804,51.08791036227845,5.872155557371555,8.18308517994742
2315.4804202252553,153.4036456628031,33.64470597285225,74.69493528766402,5.331798934280381,2.9132368954770245
1134.9825521232992,299.65087427795817,26.53824612883103,67.60322394619888,5.102398938640959,0.1423690801749687
2244.7579576322787,290.0335699308031,26.704803625556774,64.46098922047545,5.204570461387997,0.81031581462665
1624.7363961282067,80.75468118726945,27.129496623582007,83.66887999060418,5.707420331412777,2.3184879858106595
1669.3439697536394,81.38846556380257,32.682069499456716,21.262240687766102,4.562900364992925,4.989581828059394
1040.263950348699,294.22991239676526,35.16940527462104,58.99333103345639,4.944076447956843,3.5382492873721585
945.0827247628243,334.9434312609572,27.96269946354199,75.1144193886795,4.773654925745233,3.2454007052218605
2110.290752552777,34.32993165828128,34.53981156813524,57.89347678908871,4.416067346354145,2.899033043316569
1693.6300742395397,162.0211101934411,30.61739904582297,42.67268868062654,4.835812370291599,0.29946565576361417
1586.331264707323,121.48354042712243,29.378571114187817,29.53753955643845,5.553860547991224,4.594620579434877
2113.1148115743144,313.44784396467816,28.943078850910155,82.12941502713339,5.283301074196363,-1.5722527581622638
2177.9232181839975,30.068969284806755,33.733056823010784,52.95336746713221,5.3221552500541005,6.469863834822458
1086.0347018048365,76.00533932089347,31.62788908393535,81.4680637889991,5.073237805826659,3.52124529870417
1898.4052690597543,270.88860153113797,41.37912713823819,61.00964857032178,5.2616618913642945,6.742137170058797
1043.637348099834,18.46578563323761,25.738876785013378,67.19344816305005,4.5997048288259474,2.899532676294473
,177.31273705714415,32.59050851014988,76.2982808064915,4.845245057036386,3.0432228172352938
1982.5192812808511,159.1585324846992,27.353994950942436,66.14088812200941,5.096002118484338,-0.6261608708923836
2521.9063179502245,120.38442443594951,25.65356506505678,47.86383884752564,5.138757929440946,5.606130632874231
924.1244294415582,142.04603351481256,29.94566431482514,55.954336875005566,5.160093927460936,2.3152408108044304
902.6984980722577,190.77861129488386,30.68676239703518,76.21318672731158,4.930832358991811,1.91279112265665
1307.9367344477603,58.09224901981792,44.59086777530047,46.15552074610889,4.811288299434835,4.212672005694213
