voltage_V,current_mA,resistance_Ohm,temperature_C,vibration_Hz,circuit_state,voltage_plus_noise
5.2483570765056164,101.59125015524042,1032.4015432018246,24.42959320883456,49.669747362804394,0,5.234787181895872
4.930867849414407,97.89476363471056,985.5495001040998,26.84534583131105,44.96349739624404,0,4.924757860153334
5.323844269050346,102.51478577600712,1065.1291912509582,25.289699082128777,48.27625042546338,0,5.311896647829443
5.761514928204012,113.69049091588504,1161.7555925576705,27.26002090629431,57.147317275176995,1,5.763723289142935
4.882923312638332,88.19039291799771,949.2474952620498,28.929248446444056,62.77856655030514,0,4.90686688326757
4.88293152152541,98.72509896737289,988.4376497820285,34.18577243165692,55.70487330863573,0,4.867510678382586
5.789606407753696,115.79815553188503,1103.8334489186836,28.39420480647149,51.0172320847177,1,5.809622817709064
5.383717364576454,103.58890413618813,1064.1457818680146,22.071871466152036,64.98011770304427,0,5.368083923129516
4.765262807032524,98.60148448281251,943.287084557474,35.7003392324758,46.87163526948478,0,4.748310262782587
5.2712800217929825,110.11345112399245,1066.9225408800214,25.814549331924802,60.30919338366907,0,5.287651914159847
4.768291153593768,87.3280237500305,954.1108477722911,29.706397864476855,47.11937201648721,0,4.786729881153921
4.767135123214872,91.52907857146636,925.3157635658487,32.23268253470356,54.31022958010893,0,4.784163321950125
5.120981135783017,98.57391096672386,1004.4963646402632,30.998052092013914,48.86437435209549,0,5.094665187618655
4.043359877671101,76.16768204787769,812.6455757251682,35.47089773760738,49.44147817347189,1,4.03404085810966
4.137541083743484,86.89819588452842,825.9268699114057,32.3950157169638,46.2261348253779,1,4.154000855583551
4.718856235379514,93.40799401372625,932.1887648831879,25.69345210151446,63.448540311806944,0,4.7196870721907915
4.493584439832788,88.5491145901027,889.1002121763181,40.89281086995831,42.67073961891465,1,4.472110582908839
5.157123666297637,93.12316150391896,1045.348093202713,30.971667316691168,42.59767747451291,0,5.166290025080146
4.545987962239394,94.09684939583401,898.8437409904946,29.26329886689247,71.20993565845109,0,4.531691817059564
4.293848149332354,79.68067101237972,857.0078049858894,34.819627115277854,59.77847564654331,1,4.329738646300198
5.732824384460777,114.95615084054718,1189.9636086537662,31.24725472965036,26.148863013069636,1,5.763721213709142
4.8871118497567325,99.12912168492561,948.948717213668,31.996140964696636,44.34741260789596,0,4.899193798283844
5.033764102343962,107.4785750260725,969.7159658372993,42.460919993003436,31.880106624379458,1,5.060984236439357
4.287625906893272,79.20841614226988,873.1969746746265,28.624392858724768,40.49309306584745,1,4.288921733895739
4.727808637737409,79.45861197564406,931.9888663215997,28.41119552991302,18.614853337659603,0,4.74311738762491
5.055461294854933,102.02847362086713,1004.7275084161341,30.58289256006232,48.63010422306058,0,5.085015700760974
4.424503211288848,97.49262013333123,869.2775146951474,35.35757967790519,38.58058180838688,1,4.4294131849247345
5.187849009172836,109.9517119481539,1032.373799019217,22.467329849048006,50.599052567964385,0,5.18274526574255
4.699680655040598,95.04191017718509,971.9068932500464,20.172220542617474,33.74878741117475,0,4.665588215877055
4.854153125103362,94.624881573907,986.8731941930347,27.06442364689926,50.8291185317204,0,4.852490454588931
4.699146693885302,98.0185468608926,957.0738090147998,21.830385204703564,45.85083721879673,0,4.715615157576548
5.926139092254469,113.65505084656704,1156.903277335041,27.87584326237181,65.01952965188596,1,5.945051760805821
4.993251387631033,102.24681659940175,975.6272027951492,32.51249848064645,64.11356861745625,0,5.0033386889454015
4.47114453552205,91.95024150627412,837.4473339147014,25.54625568223868,57.85345603010283,1,4.4603185536228045
5.411272456051594,113.52649865852628,1066.0668747886637,22.865867116093288,46.73386219338787,0,5.371736024672642
4.389578175014488,101.58986369484515,897.0496987306109,30.34668580857674,69.85380395260293,1,4.379673873054394
5.104431797502378,104.05071578594139,1031.225289815443,34.31271742307585,34.46964722160179,0,5.098344900081299
4.0201649380601125,77.85848063266475,799.60272235298,21.525132807416938,35.96441370436337,1,4.013906358716312
4.335906975550785,86.59026795005572,866.7353894357958,34.10116199152992,49.162169001109355,1,4.348278102690343
5.098430617934562,93.12323283424564,1005.9084127354042,34.08653101869163,72.5403810892112,0,5.1381441461548585
5.369233289997705,103.91110014450882,1077.9418356475767,34.77042551078314,47.97661093129913,0,5.3717038740345275
5.085684140594985,99.66727062133418,1032.4543937086094,36.092401074358435,48.16754756790718,0,5.081349504811856
4.9421758588058795,96.22307518644462,956.1174360129664,41.01006962329808,35.58089643888191,1,4.936991422545797
4.849448152205356,97.75073740427572,975.8825841978181,28.219539756904723,59.45929585270378,0,4.85193584754351
4.260739004816286,81.10268043441472,870.7964983823505,30.54785790038929,59.53176254329354,1,4.244173129609318
4.640077895802646,98.40671125267528,919.7135733812619,27.917807833759873,57.8907520139991,0,4.642481866977567
4.769680614520106,95.3946476149931,967.9501351464329,30.009884223779054,43.70779327152638,0,4.778696861246742
5.528561113109458,110.52472065649609,1162.0053115113426,37.66436677818156,42.93293231626994,1,5.532754834380947
5.1718091447842305,101.79670931312002,1032.2749730971082,23.274927580346656,37.0687774959503,0,5.1809599834643265
4.118479922318633,83.14555186566756,831.562125463833,25.69475163917212,50.838725017609335,1,4.127154874505604
5.162041984697398,107.36633101728611,1017.6472552662518,36.885904682522806,39.19592670721498,0,5.126604051052468
4.807458859791842,91.81352611728234,965.1167952104094,35.10018253451045,38.22583494750711,0,4.82019626295975
4.6615389998470205,89.94019755156413,941.5132324690502,28.18434176591461,45.76309283089324,0,4.648118702933772
5.305838144420434,104.59813274452536,1065.0644756894894,34.2720100056036,45.10843824815784,0,5.283921361160355
5.515499761247975,103.58064060759342,1082.7060458554179,31.706079212460168,44.62021471178045,1,5.493410724690875
5.465640059558099,105.2165118925545,1097.255247338129,37.50137304500494,54.66444596840261,0,5.47431089176755
4.580391238388681,89.22672040005033,945.3221664520889,30.372547969133862,50.79047802150279,0,4.575939739844184
4.845393812074393,101.2798221450515,978.0514777051692,35.12816056936291,47.11843969488882,0,4.8117544363946845
5.165631715701782,104.62544095904526,1052.366086921793,43.2100595524631,51.83012928311482,1,5.1751924720056275
5.48777256356118,110.72340082806132,1092.8142733119835,32.990495775237335,40.08472958895368,0,5.458980400945203
4.760412881077355,99.46274743238695,967.0805810039451,30.24664082897422,51.05278623909678,0,4.763209308247719
4.907170511668092,97.45655129136485,987.0194590979488,33.6122349261049,51.50602492844634,0,4.911940490181553
4.446832512996986,90.88897450958416,870.3482880056525,28.173595708980574,34.96953140642519,1,4.4645440546308865
4.401896687959665,87.52182499453082,886.7497576879105,41.939838527623664,59.95693754370362,1,4.437530383689002
5.406262911197099,109.45206997094013,1061.4186489706135,30.900355188479907,41.185662947730044,0,5.378969384679088
5.678120014285412,110.64860699765032,1122.9663973593865,28.635333398872437,50.903097992064346,1,5.677070537164151
4.963994939209833,87.08581299281451,996.5855539878141,25.82155497489982,61.6441174053527,0,4.958468233308949
5.501766448946012,109.36393316798872,1106.2981752568048,35.48610095803219,59.256767577138696,1,5.510441442665231
5.180818012523817,110.73010093097604,1012.3789532032209,34.33593706413869,50.34333388568835,0,5.185131387942489
4.677440122697438,98.17987946515672,956.5677399631451,27.513228142929535,46.37500997117932,0,4.670389197842705
5.1806978027542065,108.44094347803998,1047.5796861168508,32.882256725612116,59.47511908575567,0,5.17187975898199
5.769018283232985,121.56101927369077,1139.709087934379,22.45722015893572,56.7469497780862,1,5.746689266129303
4.9820869804450245,100.08502756370768,965.6657001600214,30.924852875365783,43.8163497995587,0,5.001844212093155
5.782321827907003,116.63301509516805,1153.566273999772,32.26378176038347,42.0510635299831,1,5.7915059115389935
3.6901274479551276,70.7142894819308,729.1066153138023,38.53664904779612,29.276448183040017,1,3.7084828119110305
5.410951252187612,106.638660763617,1084.4530595785827,26.145905986356553,51.54031841683587,0,5.4047433294581015
5.043523534119085,103.94932643123741,1001.4423736007058,23.60823685598838,49.17302254981601,0,5.030386824745197
4.850496324767066,103.0293486811854,929.9501277385131,25.52286019537479,61.36191374642542,0,4.828930023434482
5.045880388267751,100.22037638695002,1001.409138887527,23.317157498425402,53.590550934803666,0,5.053058739942564
4.006215542699554,77.87336452973402,795.1307263185445,36.683286788794916,63.342291941726906,1,3.9854196782089892
4.890164056081244,97.80592091590786,990.7060317117299,37.743196475120186,43.02635772083829,0,4.927137317460575
5.178556285755874,106.57715945976305,1021.7472636589538,31.601082889744145,61.381503309676184,0,5.152403434134005
5.738947022370758,107.55966636674745,1181.3628979416028,36.10647472842574,44.71083620895345,1,5.744420224755008
4.740864890863176,83.33639305157733,909.9401671596,30.669791902901178,57.77596061792272,0,4.772201985007452
4.595753198553406,89.1623797236102,945.3739896667337,29.52444176149617,35.41241607469306,0,4.607734993738682
4.749121478207732,88.87886743458385,945.3379162239842,28.334811904731193,52.351352993661884,0,4.7526349524575675
5.457701058851037,106.61332018878419,1108.7319092170785,28.448045043112174,30.1531205855409,0,5.438331385911799
5.164375554829842,102.54860950250949,1034.471140647143,22.260992218454845,47.32862514058245,0,5.136740171058488
4.735119898116481,92.43615591721455,969.8150903438057,31.321273818036694,54.40353993877913,0,4.750520900294832
5.256633716556678,112.39501200348728,1043.5795040202793,29.798330448929782,44.790314487689045,0,5.286756661372177
5.04853877467402,102.60449931649201,987.7353464312476,33.726803620389376,39.49562371244033,0,5.0397617748644565
5.484322495266444,111.18882170338303,1125.27458479871,30.46761748219305,58.461184692959336,0,5.461541265114118
4.648973453061323,96.09050478144347,927.5250776946219,29.18648149215454,48.96537210153077,0,4.599810064450343
4.836168926701116,91.02921294511847,971.6649548127073,25.644034849961848,45.10429352969329,0,4.816553629827865
4.803945923433921,101.27447740577976,985.4842229676801,30.360766184108808,50.41895921154276,0,4.80167278658394
4.268242525933941,84.98602908600152,833.0094003448994,33.69118615408081,76.36669141945589,1,4.300224990750675
5.148060138532288,106.31360585685182,1041.521845659243,24.283305044580697,61.53502849781544,0,5.161522812376948
5.130527636089945,97.25126655659813,1014.3076320887312,30.437368768403697,61.6257366818784,0,5.1366293441840805
5.00255672832123,92.28234073634428,997.8679585513586,31.16521475764742,54.35546318992364,0,4.9945543350952075
4.882706433312427,101.74357695637369,977.986865970171,26.409676081908678,51.66485272577147,0,4.871043118967307
4.292314628974793,87.72834020998344,828.4584885660199,27.06071847546,26.03917711669584,1,4.320427580924952
4.78967733861732,91.28328900055885,942.3587268670553,31.153054243831072,43.21019653536868,0,4.793692109432488
4.828642741736616,92.22453942835884,992.7500061955859,24.332894908536886,45.19425586797526,0,4.786590727898195
4.59886136538919,97.60440122985766,937.496096849534,31.749618576246963,31.25107935952467,0,4.585390572431246
4.919357144166995,92.44008341900326,982.6186372868544,25.523228131704002,38.42584209784566,0,4.902192823531563
5.20202542840727,112.25387333442521,1045.2675548517118,35.31426846516608,30.19163529077366,0,5.19110014822372
5.943092950605265,114.35875533886596,1182.7337400083238,41.6891387269415,49.61676164302627,1,5.9543511638109665
5.087288906415919,104.9377377563603,1044.5894489997436,25.696215991490902,58.18765970848816,0,5.0851400087800345
5.128775195361382,100.93241152848272,1021.7479875163932,32.67103931187337,61.067745186243286,0,5.127237887221309
4.962777042116916,102.27147799775004,997.1922502660802,26.366290475589903,54.14784462079241,0,4.9890465053434205
4.040614392350479,78.0917178364386,831.0434813529371,35.204770868988945,40.36603658801431,1,4.026685170554745
4.986743062275392,98.92089671514636,981.8011827581602,23.673707954573924,30.679348414800405,0,5.024027052793139
5.0301151049705135,100.80689797638887,1037.1988046840406,32.40293379213856,32.43131300598498,0,5.016688953143092
6.231621056242643,119.6214838459455,1215.7149830536612,25.635055165553236,37.310174227455015,1,6.233405020174894
4.903819517609438,101.7805120792894,1013.3567461441436,28.965077054508157,41.111403019643255,0,4.898195445701383
5.150773671166807,100.4494055909782,1022.7012225543218,24.844873624263464,48.40251502008413,0,5.153242053836826
4.982644115147378,98.50988272624748,991.67484807297,34.11175235447877,39.85835781873032,0,4.991535955048841
4.415660981190234,83.34147275076212,845.3319928143878,25.815098227802064,53.38975893668261,1,4.424337685992011
5.571411407257511,98.61655985117366,1105.1863871039482,32.75982129665914,47.677264972005275,1,5.556349060645099
5.375966516343387,106.56419151386689,1054.3971726481395,28.279509858688336,50.10545711741025,0,5.353508222794435
5.3955159735215235,119.97339657849504,1066.9502677968353,29.427638141005687,61.40250552671205,0,5.445579409339637
4.54530627260263,94.82914689154272,906.3150352047485,30.738779537000642,38.197682657996296,0,4.535626585810619
5.701397155468049,113.93164121068902,1159.435263383068,26.190876641705756,54.18704578292368,1,5.715381404241489
4.29907446860386,84.66703522603585,863.9669607487845,31.051835567704433,49.86026771523927,1,4.266921642393396
5.293428546900135,105.98090040206294,1064.8392424480492,37.65167282177205,46.66513719030305,0,5.287836292502042
6.095227812904989,124.64015183397582,1197.1351748040865,26.109526070836427,58.8525632086596,1,6.092683825225341
4.504731837434655,84.19057267214887,883.3312856948764,35.859050716369225,58.79014154557007,0,4.514188138833212
4.716851135198614,99.90863117731664,979.3447274067491,37.49048816743892,40.53509204011572,0,4.662402052378775
5.049825682543821,104.57342022808263,995.2611158134993,25.91922505485978,48.17839416142076,0,5.053148494805387
4.7482621729419,98.55617208737767,982.776599629526,22.724726974547238,52.812116825840654,0,4.725267343834543
4.224668284466934,86.68574438338732,840.0724329157695,31.509804500858824,47.26993251977416,1,4.231155198690832
5.034281487403014,100.78371303653023,1006.9020562034729,27.262962386165636,55.850213322877984,0,5.01355490346625
4.468848143136947,92.74126904257304,915.1769318319881,39.34301609581501,52.811920179102756,1,4.451738489218435
5.23679621531759,107.69499497505869,1072.797091502291,30.17403770249916,68.32561240356013,0,5.231323663109725
4.540287882883098,89.03555410295685,905.8413253710379,25.989002959824106,34.69720864070212,0,4.519241293491034
5.77496720250877,112.63133518569089,1147.2285794313234,24.264202444941443,48.775640102526026,1,5.765456513574063
4.608373353831881,92.67674855294756,920.556261795932,35.44952479545415,40.91497488487809,0,4.584505838461015
4.838969241897162,104.52448559541918,974.5529989440748,27.144080129579066,56.04107455439044,0,4.802305832863188
5.406758608684835,101.93963679542719,1099.177795474362,30.21914399730214,33.828281099544554,0,5.427117749733422
4.3845678417830225,80.35373050689826,876.9981655364876,34.77901372556241,53.46312710224887,1,4.358646867926544
5.113729967302064,103.09840355222387,1035.1237194208761,27.578708240345847,43.69951568651659,0,5.1101563495499045
5.653571377141214,113.32586605210436,1163.4814700736615,29.770355856299197,42.65838133878986,1,5.6686291987710895
4.196258382719386,84.79187597623977,846.8778687891729,29.9171579508874,35.53501796459312,1,4.183959500669065
5.092316929266152,103.06610457486555,1024.696442973326,33.41662255758046,45.34924053798994,0,5.075813611271242
5.129941397124211,101.48281666931021,995.6100629230408,32.95372167755163,60.84500530290926,0,5.13446615889756
5.390911435888655,115.26754591078351,1025.5676844411498,28.89943134372586,49.7481131647052,0,5.413270112343198
4.381524644560959,79.6259729988366,884.0724434967952,30.318245307482588,56.27680417874475,1,4.35813833925923
4.339771693457862,82.65294874525601,866.0578540659549,28.141104942382558,66.64641821966275,1,4.336768736817513
5.260970782808449,104.70314185542374,1041.8985030633949,22.611937965402777,52.63755584822576,0,5.226320890909102
5.148492336616593,94.75390267656103,1034.5690714070456,31.288004286990645,44.412004279376596,0,5.14062831654295
5.125246425172938,101.62565648129842,1023.8412104506496,39.46095880416534,54.6725221518279,0,5.1259305188637
5.1732241047484875,111.77183292360985,1057.2004259623754,25.581404296544687,44.55703853685708,0,5.156131611913386
4.659987639210755,93.30418522569491,933.7197452073304,26.134851451986485,44.955773167028305,0,4.65084780253425
5.116126848580501,103.47604150020344,1008.2869040146969,25.64636114178129,34.80107200381015,0,5.087962313214352
5.14653623664934,96.6299009071239,1049.1105721090537,33.62295889361561,59.262574910843924,0,5.1480778088769705
4.642824290986816,89.77467877953893,924.2222366984392,32.2424272709822,46.139974243505606,0,4.663938175964479
5.932887255572378,116.78176320982789,1197.1081847879218,29.207311537917718,51.82098245815862,1,5.9109443781769695
5.236916460455894,103.14975372533671,1037.8350779673226,25.409904691805174,39.64038071393361,0,5.224463025124846
4.404348251398676,94.49518400299236,867.8731125697865,30.46188395819962,54.35947629715472,1,4.414399176327759
5.328276804316915,109.35399138996392,1067.338725467097,22.176889363320978,42.38058761864916,0,5.35251861870337
4.5126591648863394,84.69589351304163,902.7884058481416,30.717132834287465,48.58291278298176,0,4.482795368642161
5.393542301871226,109.10336992958453,1088.3050010815818,34.35762193043967,58.77826031239126,0,5.390166607122907
5.579297789503702,114.07706453255797,1110.4866428345456,23.74400431683161,57.907593122325295,1,5.584960405950093
4.5896588408241445,97.49392200908922,881.2045724894209,22.337408615851682,49.7796992748306,0,4.587617713011568
5.481688064622161,117.5364647252851,1087.6821352526645,37.8971894584743,32.31868967293282,0,5.4321522232846196
5.206390463468249,99.05233831022565,1057.1544620365262,26.941201802477075,79.92810570060641,0,5.216412263654425
5.411030079997245,104.16631404389321,1076.2584944145867,35.67973922971911,67.45858970273136,0,5.441416807019057
5.948396491326974,112.6800405319664,1184.7516302151037,29.230011674010843,57.226748248882984,1,5.950729726350364
4.877305941998565,96.37601954443639,995.1887185178317,29.19022591529336,42.46796218409029,0,4.8566838209326795
4.623131917821255,94.79443022865678,910.3869190190727,32.192063497483225,48.86407838298035,0,4.61286937289397
4.555242785187239,96.04152828669028,880.1924926725898,25.5800057162678,44.56579570223483,0,4.59064104654035
4.592094857517281,91.462142032133,915.2063491129462,30.662485717478226,62.638559390963884,0,4.610294108334492
4.961449145292948,97.62974528958475,982.606350033615,28.092552925879538,52.62502890851834,0,4.974249677660635
5.170575987408322,104.17030970941013,1014.7902710865993,23.397532782974842,42.158361416401675,0,5.177704239079009
5.13834539966501,98.59119348515009,1024.1615108150281,31.687410373631995,45.29244900875218,0,5.1251226574211906
5.413591624518012,118.71952609883411,1092.548437848538,28.68346096561042,61.21188142569905,0,5.409580200904896
5.006500945938954,92.09171378318878,1001.1144179564345,29.214875857776462,66.00097846820478,0,5.004942491225384
5.726767038578658,115.45904366605178,1151.4930291694563,23.94919528292921,65.28331563486246,1,5.737758524899947
4.867671583381022,107.47146276376864,1009.8024706465129,37.95700183881402,57.57032065053978,0,4.897849961266361
6.360084583294809,127.23569088869618,1265.1593394278107,34.38357093193058,47.47375131197363,1,6.382451346030672
5.312833673882503,105.30647830264259,1068.133707469394,34.82077942085989,17.584861746708796,0,5.284445986766582
4.571421221791859,89.64119732178504,904.0999771063891,28.47277648779159,52.97160023808222,0,4.5759011211698795
4.4645537509694435,88.38911661057683,875.9835557961493,21.3540855524829,49.981712411558995,1,4.4792890178728015
5.241236207621593,111.68896652581451,1036.549088455963,39.764586912447555,51.399820963213536,0,5.2536134142244855
4.888268607337075,86.70606259009396,968.0785500369811,29.69451245997066,50.53897347033207,0,4.875683932069326
5.357000247046046,114.80717344740255,1078.5895653601517,26.25600101989973,36.73737838050843,0,5.415282431361414
5.236618812286772,97.61259048348471,1094.3052781913696,32.08400787241557,55.574085568511855,0,5.21107712104015
4.963585543671564,97.9384492272592,978.396240008796,35.83560394001648,56.3221631403185,0,4.941921774738243
4.576603140965798,89.38584071782265,906.9881220808503,29.88474721957267,56.823387820596594,0,4.581275042591029
4.242576387657068,87.79429410199495,847.2528172691887,36.39287583969687,59.46577003573387,1,4.284912448756345
4.776742523966489,87.54422871991105,963.2644817674927,35.414999692584345,56.040516449216234,0,4.760018626952406
5.428199397161736,110.87485127364442,1090.9108956714429,24.61809406298971,45.899705884610896,0,5.422882829848795
5.107046872065102,112.26248555773631,1047.091290291983,26.631049471702617,49.2916315208391,0,5.128592745525416
4.377130610644006,80.72674218991607,826.898280718097,34.787685816398835,50.911248672533766,1,4.376773367546251
5.086590462925591,102.68034009656381,969.5794951812048,16.436937180947808,51.07699449106619,0,5.079898385834985
5.192658689864419,100.54326290830534,1028.6141745326809,29.252721534175055,59.982176559717296,0,5.203971347902153
4.558071281899434,93.29086166895385,933.5602601307609,22.84584399187664,56.43668753022491,0,4.563521641704026
5.076862552972764,101.63298994653404,984.0595499624408,27.617230992832376,70.77343439569952,0,5.0974713286855
5.029104359223,97.37465263923845,945.6682250507248,28.50589955485398,72.06468979884673,0,5.0549337370043075
4.428514851084689,91.00965844604914,897.1265583413219,28.20877811046246,50.79649582613925,1,4.434654912284796
5.178893680174141,112.59961415241655,1040.6518805088826,27.238693739436957,11.633444515406303,0,5.184728334681708
5.280392263184117,104.65332630504585,1034.2742845008347,24.51428175185593,62.368324661272666,0,5.28467448282984
5.541525621587638,114.42930214249367,1088.5943323031092,41.459556334093435,44.59623661012945,1,5.551308232720624
5.526901026017452,104.07165573099321,1085.9853308107968,39.337310020806754,41.98516078168993,1,5.5280044387748815
4.311165316021454,81.44112443633904,864.4437695537696,24.189670898718585,46.01554725010633,1,4.311153146375008
4.531087480042439,92.98378099025066,893.6911904848278,37.91058375651784,45.533569531853935,0,4.555020022458984
5.25751763360433,112.57093281476642,1061.3848051003763,28.002672547635736,56.12269810105393,0,5.287839957211431
5.256892975456104,106.91592625305039,994.2860618331331,30.64593736665855,34.405642208737746,0,5.2267419165634355
5.257523843153024,103.5851867104447,1034.3677313280489,29.68363020051542,39.22279254208398,0,5.257724266187835
6.92636574532736,138.523771933664,1362.752069847251,26.70125679373017,53.431585541974165,1,6.912591856658456
5.285445255346583,99.45686643708308,1051.9622375018669,34.91926171803073,56.22944030413308,0,5.279225826016861
5.567782820090299,114.37823303358282,1102.795608848257,30.62943265288329,56.41541644936012,1,5.5758331442850055
5.477000881746601,113.95168294654907,1111.3570519472355,27.617242883903792,42.12963721066701,0,5.490389649177451
5.325695625652899,104.25346084889257,1027.9523896973785,23.47705278099764,40.2173435073376,0,5.323453096780672
4.842365377679827,94.49709681479902,969.3829050625804,25.532024931404397,44.93365166212081,0,4.804098570985371
5.379484610246633,108.91908335319292,1087.0636505135608,21.793099421989517,52.39872752284725,0,5.36018369863511
4.613587392731214,90.08814917442129,959.8504272774819,30.061117742075847,64.8547736927255,0,4.631517386135217
4.881590696629996,97.3011508594708,966.6828199041296,24.016672038578022,29.525628142292497,0,4.826782168189297
4.757318226085448,105.64497346754153,957.9528173041399,28.672197437407295,47.79271243041634,0,4.781066769119088
5.040937069693161,99.58361289013324,972.1101580873849,36.85050926805185,36.67321558974796,0,5.0513616695060515
6.157329283336754,121.35488490662897,1183.6267325810904,35.99649786460793,33.477573226465104,1,6.1836528049673545
4.066367403704126,78.08963904590672,830.1689682564592,29.838615529486912,59.66956645344817,1,4.062396019966506
5.343130095187257,110.58356176124481,1068.51481316449,29.56457636928425,55.446245744993384,0,5.301901986706799
4.193642064405174,82.96672042201297,862.2986666770033,39.39937274710504,54.49433515947262,1,4.202249317235304
4.764034067105284,92.03381615049855,925.3387556416618,32.60378060179356,59.210258397309936,0,4.789527129586051
5.544475298483683,117.49602613103872,1119.293102487312,28.360967700617387,45.20281103233864,1,5.562969734593952
5.0321400095477316,107.74081521352282,1043.8043587204234,22.86990941439774,45.673624836664715,0,5.0188861798779705
4.461127611035347,86.22043439201342,900.6196343742147,31.969366090823716,71.85730616722574,1,4.4628628325446
4.642348145370016,83.51426315059723,934.0012591858241,34.14661886291431,47.534289457404256,0,4.631691419994417
5.339798874467338,111.83354593853136,1068.1308965099545,26.841742377431782,57.35132113054091,0,5.32341354518355
4.634816684141431,89.2731845540286,895.5457076857681,31.456013775690163,50.06381540963315,0,4.653924455565028
5.108229294790988,106.1177138916336,1048.7573176724045,28.182133525424856,31.51741469921585,0,5.084278648565684
5.0227859199519065,90.60519931047895,992.34003119428,29.079838004004987,29.553709961987316,0,5.004909591340274
4.674199826197092,97.9469832154384,944.9296303670787,17.56088971218834,44.21015780060095,0,4.652119313527644
6.071972044662663,115.38358124684935,1183.1337228011075,28.891092981419323,60.56101251669989,1,6.042167094196682
5.316959511159006,109.99301081851273,1039.8027089416455,34.84684651204027,57.88291656636004,0,5.319887796995857
3.9874287066711966,79.8199394726061,826.1874893186841,26.84298722216721,59.14077164224034,1,4.0106587676408365
5.093227157384714,97.09484605071106,1011.6993856977859,30.26263184107658,40.129538210636845,0,5.089529622259809
4.669106767615806,91.34695378768221,962.8868630440121,26.2202464665404,66.15872490122314,0,4.638991811604522
5.426216667398112,111.95592563274575,1083.678720298452,31.802208381463863,40.351066998136154,0,5.443015558192952
4.603739630783649,92.60426488124916,883.9099706975727,28.917384012319133,52.12824398669969,0,4.637453665864348
4.94263177926655,101.77470048769342,1006.3677078479445,25.303792296589965,49.89647710092263,0,4.929706932783619
5.252493639490228,114.93207571238199,1038.7008815429335,36.66275733832564,48.261261796854136,0,5.242922554155874
5.432877597085061,100.83634388314596,1100.5492956873532,34.64466006766108,63.38592138295607,0,5.443190809686729
4.399851796472112,96.08309880428537,880.4745766452241,26.975466180359128,42.9488947983404,1,4.4322892714278135
4.832749382079526,97.17676732920658,935.6875118570478,32.488941547088885,36.503947442880715,0,4.822352699165021
4.762527344419522,90.75662664677479,955.7913641913157,32.6870600141019,50.199954862064196,0,4.735878348799558
4.673335383713144,86.81513954556793,978.5915395856847,33.21150617505588,46.00173265713474,0,4.685963755838592
5.882727120140548,116.70894044892579,1186.405153198399,21.528720520024613,83.77382919082646,1,5.898708481603395
5.202490855480478,108.65806766923184,1039.3478160359864,35.03303270516314,56.76507476439975,0,5.2026134844891825
4.369558022832478,86.75341485476189,895.4184726056335,27.15150518537134,45.90659424781376,1,4.358395357639329
5.458930973527388,116.73439412178449,1095.9995640095399,28.210860332793665,39.43888430812913,0,5.478818548147229
6.061078098506316,113.96568351986852,1216.4063043065191,43.189408761300996,31.19711589431215,1,6.071638818597275
5.5162326302755735,110.2642078662812,1081.4140226119325,31.50936690360506,39.74780914262567,1,5.500863919937504
4.2403150170229935,78.54433311839428,852.7399639203907,28.06838762276412,51.14941771759132,1,4.241296911649107
4.757882963566875,96.97581868446234,972.2854610417138,18.97352813622047,64.27328651594769,0,4.730848812926382
5.633455574593311,117.10354844235273,1109.9698718766617,36.94882066973178,61.21689142387919,1,5.64717338372207
4.64616526719061,90.81949637540694,957.7229698630609,23.273951645956988,52.2909483164638,0,4.640920595802953
5.2219097140731146,91.41712499832661,1042.5478223317205,24.98280548250248,46.76832334297515,0,5.21319549742542
5.387317026714668,108.74108126827583,1059.7080151121627,28.343238504560755,52.68812356412154,0,5.38665953701162
4.536534764210958,92.91438804288671,927.2595943805966,37.08205895850146,44.81362002515424,0,4.537340918197563
4.9702373219691,101.4262202141905,988.3115796790547,33.866199933328794,67.18363995763876,0,4.988135923200412
3.379366329965464,73.76623755842004,691.063563742815,29.2108124507987,48.1080981872492,1,3.3911881405919684
4.487806179332855,84.40085518841187,891.7260632214003,31.541460318194105,49.13662141753273,1,4.484677993756999
4.87371592430342,100.87539901332065,973.546661990086,26.99807153564447,27.841775749793317,0,4.8889892872978
4.376108409017576,93.48470574274138,885.0928858902009,30.698268447826756,48.04565153477236,1,4.384123154091408
5.816205651965817,107.43117511928376,1169.0590715449637,30.366683723890684,58.36484137964941,1,5.807673659240097
4.284929311019684,87.29684534998856,817.075226594902,34.84384947840677,39.32277422961455,1,4.282434947854954
4.779977756651508,93.07865597799182,933.5706765284137,34.835890612194746,42.49279665507187,0,4.777013298874646
5.065370288643046,100.89979240735269,1031.6622574244254,32.469886911028226,57.927110177336644,0,5.07547551550653
5.720636644533058,116.15111530835284,1141.4845971285806,28.18826221226949,35.23342776481947,1,5.713296192238625
4.2820689244102805,83.20523566763785,845.9391588266277,33.709111471950635,60.578010075419186,1,4.274260740681848
5.58158187607748,108.25309712574153,1089.1448949103465,29.54015766898477,44.67856109826898,1,5.620957022266159
5.0051165305097935,100.273092697636,979.4285796764418,24.590428156434335,46.11431779508797,0,5.023911240144735
4.509245674476024,84.74868379520647,861.413162095966,27.983561040445306,38.76121594874406,0,4.494033661187522
5.231051737131636,99.19190909820679,1044.1847330522965,30.422634918921624,53.78046260427883,0,5.2424705570104795
5.0995298477867355,105.38746337051722,1007.9372179457262,34.551078918323725,74.5987198502938,0,5.101896849099839
4.6998915614206025,88.25386105261877,920.6465544644142,29.082359139214233,57.81497239460632,0,4.707722584925804
5.03490104249501,104.02958335444625,1005.6177399956429,23.95400644380197,41.35714738059464,0,5.037647868986312
4.80734320156912,98.45982049565215,968.7480529308788,30.283708416484096,61.35620585491476,0,4.831136054478825
5.056758672625624,92.5061398085595,1053.2156931693237,30.567280200282763,46.833204540657505,0,5.063671079518653
5.331065337260523,103.23348348353218,1035.9753990608403,30.929188144513766,63.7448498142756,0,5.329823563296237
5.7930084080726765,121.83071517669039,1181.7893024805458,34.59935757977215,58.06676402164363,1,5.813852219612337
4.381092250586575,82.7160173560331,895.6804813376165,35.094616200449494,20.568584345282666,1,4.3857579514083325
6.066516687328133,119.00831243501572,1197.7214826780926,27.028945638091667,39.959203670449725,1,6.068946258914714
4.023956100238749,82.78942647103446,808.8559391394704,26.919282709755283,59.4438522283539,1,4.030236552288471
4.924107452482208,102.39910159605714,975.6688255096894,24.799006445222634,51.516572721450174,0,4.922235272014881
5.2941586032422885,104.6254776346233,1062.5454922568326,33.49407835140238,39.762440522921494,0,5.294343143102198
5.140495933867516,99.82236770389211,1058.2818070415944,37.244100541688574,43.66410484506187,0,5.128762042092279
4.688650240089703,100.8848541102866,949.8421726705668,28.424590360455383,30.937633799106194,0,4.673626895697225
4.895938874821362,106.61327581541514,989.3599424289413,28.792847176375034,49.11626712473604,0,4.875967467091713
4.753499532670584,99.96428090732066,942.0937201350239,37.33391278449488,72.10689726015764,0,4.725659866934643
4.705317621527894,94.532943143383,911.3823910070921,32.52778926607504,58.04933390732326,0,4.687723274300203
5.4248010485105125,104.45469236200562,1080.7908454912942,32.181178524005276,71.90417001188423,0,5.421315707821174
5.178507742982523,99.41793282686764,1059.833711693783,24.045417470131365,58.8239708978998,0,5.180570094631436
4.653545202369673,95.68347457372225,900.1656833421417,33.39364034639709,60.274793433526916,0,4.6481192711067205
5.449799937716626,111.08798985877594,1068.858200179791,25.354318297451208,69.74078687745023,0,5.402685867914078
5.153649760438305,110.08098817349826,1033.2553068123423,24.32989907032521,53.772632593422266,0,5.185141487593552
5.40643105941948,111.38087165107031,1061.593116186951,28.26614211616644,48.1277267849312,0,5.428160661877288
5.314814420961806,98.78088691043703,1047.1124152500568,27.07103638275655,60.326575166220124,0,5.323729617986149
4.5855024945389635,96.96978797939387,908.6285272732292,28.892001528074804,64.53840237121885,0,4.623652307990029
4.719909479901515,89.40788646145825,916.6695478965,22.79509182737541,45.20035357287791,0,4.700362197551841
5.373646802561631,105.55307969147087,1055.246923587999,34.79408153233836,42.784309176599706,0,5.411399304974151
5.3051851327167325,107.35470368559312,1075.1055848790927,35.63843147258214,51.3885603243088,0,5.285880851181721
4.989549203017926,109.76932150927834,971.762444958966,20.26328762929593,58.31498866931662,0,4.994323961523754
5.058663691654391,116.72286661311462,979.7752956409814,34.892289028332755,57.98091048661561,0,5.033186945151707
5.638832447894212,115.81026425356517,1115.1659899881647,25.947356850891868,35.75832399812401,1,5.6391263298051
4.704214305582085,93.16830301803977,955.481971166614,34.28487768491393,69.11606067063322,0,4.7119376355420535
5.273548690585019,108.14350205410314,1050.771301957066,29.657767536667922,43.5883507060315,0,5.270454883962328
4.898903673783053,102.41635060503025,970.4891131942983,30.14387782040499,47.349350031114206,0,4.913181222664856
4.89115939838639,96.21984983994183,979.11905562759,29.074511752893905,40.973456400121805,0,4.893139687376135
5.549388425993595,119.96382529943351,1074.9635365415259,36.06064602116743,76.98328835937087,1,5.5389401314260445
5.412708174494015,109.40451728583731,1092.4357479743037,23.802059937374857,52.42070670287967,0,5.4013719081379685
5.406754818000319,110.62381180546336,1089.0196642281367,33.03920169367504,41.490249193184354,0,5.422973093452633
5.652739403577165,116.3844093318156,1122.3617112335185,35.50665082444775,58.63923549962446,1,5.639664562981026
5.010501920816379,102.31797146939986,1022.2188743992042,33.581700402702054,57.69135779310033,0,5.028809980226078
5.340976485647482,111.0142322152977,1045.6453751504355,41.62349457161709,48.12272976420116,1,5.36543072150412
4.844866621703272,93.81106650133081,991.5315042057257,27.355266186376504,58.406067127833836,0,4.811492344456349
5.162083176244221,100.45015475515426,1035.5065085607491,34.786524112967655,41.747080391691355,0,5.184741703990242
4.934928472816158,93.19779829146468,980.2546427656681,29.469546823292898,45.070817250507474,0,4.976136926785052
5.048497982496359,103.1674658030283,1009.3021237919056,36.16703038176335,29.89783345433937,0,5.053538057720398
5.297578512718457,109.8462527719297,1057.3704072274725,29.961555021393153,36.76048915780437,0,5.3095601964243535
4.590889658383264,94.10665749842471,942.5835896050072,28.06062109068765,68.07630805670686,0,4.6116297648706475
6.04619363784273,129.2963349235923,1187.7051450191257,36.530361019358146,66.41428627722314,1,6.04068399153915
4.496991309250149,89.91184609085774,884.1478770670977,27.54219030490535,50.65788648648962,1,4.500636913720906
4.392905693606134,91.20182215008525,899.3071965626764,22.936371205497217,66.62931447189837,1,4.366621703013672
5.579055436750034,106.1226043543041,1103.9003886463297,27.415765584130856,48.39925513391695,1,5.581828137320643
5.395831346981468,105.98112842725735,1097.1769309429253,33.09516473294266,47.56589697432092,0,5.405793586894359
5.312059908526077,109.71888695835042,1096.4007013653895,36.96019375793546,50.565106484655566,0,5.322383168984606
5.31417275463214,110.52896564635851,1054.7986503875952,30.55564687648256,48.750784046764345,0,5.335481249104092
4.993876613576543,98.40769753320994,1012.4025692468147,36.59098533617013,47.848036764398195,0,4.978380570013832
4.551372814257085,90.66946002585136,887.2007172246198,23.20912539261203,61.43398107149552,0,4.5407206791236145
5.037902279096863,93.16867684853321,1022.6751217807288,27.783682675910484,51.50135653956203,0,5.07581242601669
4.661419144243944,91.44323688084583,936.2723085685242,28.557124414229495,57.124817644338044,0,4.65841257676867
5.487559866708875,114.20311315177644,1106.9727389849793,29.4272028626374,60.31380525277331,0,5.491560542455122
4.926471309248931,101.40545126551145,972.3828204090782,30.420471941250984,53.881857956547336,0,4.925131108414426
4.587251401603744,94.24835663898094,884.2286120094053,33.45455478696096,40.29728674091761,0,4.570817785077644
4.839307079173503,97.03501001937485,977.9264571296908,27.77596580914755,36.47134111035961,0,4.871777663391339
5.206465727137812,104.16463033589712,1000.0250823779734,30.69514343476563,51.48780634807305,0,5.195911698899399
4.718137723598012,91.06114877459301,937.2805348747517,29.77438554837974,48.28743695175066,0,4.695592013123874
4.5888898022167846,95.27193814534836,936.6015977717564,25.37055048054425,50.87391428920122,0,4.579874996670729
5.121843605745956,104.54173683686606,1028.2066758666517,29.431666554592823,49.83945960751414,0,5.081809485711445
5.122483285554361,104.90975995105121,1063.4635100066687,29.281702350514408,75.83573660166567,0,5.1094575362546975
4.746528412314435,92.30039403295079,969.8078655145224,29.17459717498477,36.69773744358662,0,4.727165840357388
4.764480847190838,84.52290234446055,939.8182016716561,30.158797282907255,30.10053730178875,0,4.776829419809385
5.116024968678818,107.80626293234485,1023.7512613327924,30.37836770306693,53.3237683351961,0,5.102556683887621
4.275957829251338,83.12496930498475,854.2441517993789,27.83852410446335,46.235774454118044,1,4.293713907962915
4.296268112811722,81.61148343601884,827.6100872954219,36.36357366985632,53.16067869729951,1,4.324237792673109
4.640777889373782,96.2829523470456,909.3475995450692,24.152596853984917,55.83883022284001,0,4.656401396099533
4.8932764241440765,95.90546528328588,967.440066689218,26.39514945765052,62.841046951788975,0,4.888968658366875
5.155453782799002,108.40875757621315,990.3663465026817,43.899818121117775,34.92774179616062,1,5.158276072733114
5.737678108474776,117.83859191737899,1148.485491059988,24.81004322505385,44.43282102142837,1,5.7071784096718945
5.42882981160101,111.99444284802259,1080.784525427141,23.231226626451207,54.28761258880764,0,5.426154224150585
4.920030735018287,91.57083614436307,950.5482689774259,33.67238372500609,57.704635956872266,0,4.90282196565695
4.990491896048655,105.86955784790511,1006.1826365152777,19.61440073113063,71.93449550288386,0,5.004378423671641
4.498735317681096,91.28095900979119,914.0645184300383,28.823630450137806,59.55703971113867,1,4.550190365465985
4.990743432003805,97.96848294384509,1002.6893759780589,40.72912462538244,49.432114041137226,1,5.000739864723282
4.855670680539931,97.83035594750987,964.6527726038069,22.275320389233,41.09564247057338,0,4.815847877560838
5.161359280169044,94.3460094388893,1044.100699068846,20.090177571306434,44.35710147280981,0,5.154134676310757
4.586384528223839,93.77095462188012,930.8813128543017,22.50409399021151,44.072971770428936,0,4.5888343467313275
5.259673257120586,100.04660760150136,1058.082722818511,34.49179784173493,56.552336285137606,0,5.261420405625792
5.766369456501289,108.5640377008081,1136.7816462915628,35.62388359992906,52.56997445585831,1,5.751753193989114
4.945619925771571,91.30060258434196,994.6560004645379,27.437056015107455,36.763504291578215,0,4.95052576062431
5.200855861049471,109.58055909593904,1064.0807852264038,33.41606202000534,45.64098530909567,0,5.176005844311083
5.345071995855556,103.75512294864717,1057.0818179988767,36.95127663755995,58.77547553451421,0,5.326173821401855
4.799389764057082,103.65643383072414,1001.8367395940651,38.93673207214913,53.516623549740586,0,4.812305716889156
5.112046240905208,99.56191750284268,1011.896629501334,28.76832359410076,55.6864461601277,0,5.091732976287612
5.0062962003908975,91.58913421985322,1001.9073803449821,18.492641411650066,53.82921710057263,0,5.017060432500743
5.048838049274416,95.39413878574501,996.3178979347565,25.895605387951566,66.2643073460886,0,5.0214487737812945
4.613495108072267,98.44896026148004,927.1644383328586,27.86597902532371,52.3604306382437,0,4.6487916257481015
5.012255087129471,99.4656108529061,967.6065835731888,28.705306017108047,46.13977202129302,0,4.996769688681391
5.248999145622725,102.23854643000149,1038.8789931482104,29.0607029949564,40.842449588664394,0,5.244525814186656
5.7255718038975205,115.31152720721434,1123.2719367725326,35.59447298965335,52.496094582097115,1,5.732184069119328
5.479635413042604,112.1016219416898,1098.6338495663665,36.372142133437904,25.59295985224916,0,5.468328413992582
6.076591228755778,127.11881865462787,1235.207193261334,29.141631730376083,48.15710998167288,1,6.079459347977204
4.616326218555975,99.56902052058413,936.185367453486,35.492424380259095,47.94160140078656,0,4.627833353046378
5.436160318360339,106.92436313826136,1039.79887645489,31.788306833155445,36.35529146382719,0,5.4553725830104085
5.091671002869176,95.20318162697333,1059.1755936323927,30.32252986431286,40.71734161344004,0,5.107500951588635
6.094901466608836,119.83070352656034,1224.8858921341846,34.53272078554982,58.09657530148241,1,6.091465257332783
4.595850857322424,93.21841967936292,903.6401886546248,30.36126024118958,52.307117490749626,0,4.592918221841552
4.580139078909612,86.78398694713918,919.1703741617413,40.28905588548881,51.01788333707327,1,4.627121250070113
4.700303677277989,89.22031897108457,943.5845319056517,22.807944166027205,53.06347533932023,0,4.719301458642975
3.9380521378450966,80.47998216465136,774.273453229988,27.42414550453991,50.92627587948923,1,3.9196156647186924
4.73712248915962,94.49918802534015,951.3828311787655,29.36740551523025,62.42862562858315,0,4.739122252434931
4.620433669223151,92.57265836152095,911.9372880922241,32.19726345228995,51.234291817036485,0,4.613730806447587
5.075196893238104,97.71146119126173,1006.9521387938203,36.339802435515445,35.417868861812494,0,5.072490208559642
5.17087798788858,102.26555618674276,1020.4500148626142,29.878007163819216,66.3012996487441,0,5.146288084734418
5.938085419607943,114.14054267081734,1158.9636581267955,22.888851752468966,53.70340267328846,1,5.929846954920224
5.4752119190930255,113.95523043748445,1097.9591132229127,34.21256948227502,44.107462692049324,0,5.511443034556904
4.711548172168799,99.40721011699473,954.0156231640866,33.774793830709825,37.46598281704981,0,4.723129698186309
4.550792664325821,81.78491397532596,920.4562047866917,20.29070670310297,53.959142209580456,0,4.5009694361627925
5.245959585753253,100.27163741410301,1065.5904222033553,29.980979331646004,48.828279950256245,0,5.270294055603212
4.339883396489679,79.31502165434318,874.4634834982331,22.04929084659851,65.7414678603241,1,4.361675986947862
5.915729382927177,115.06446798650904,1172.4913666210973,26.676744512489687,46.54092719333172,1,5.908543676841049
5.589720060360643,111.37721135826106,1134.7372893607526,25.485955365186,41.62619210317533,1,5.604065331236308
4.765412173947648,88.06001738046031,925.9320839926909,34.04632349120993,58.95796218235928,0,4.748224189731304
4.143432735454561,78.25935564346466,810.6731194406626,30.58415087086092,59.25281892716831,1,4.134027621129234
5.676936187082706,108.51893688124663,1116.1032359880762,23.572044996219862,51.68651367610195,1,5.706907114296103
4.942730077373691,99.89093819446853,1010.1471366575244,34.40032981478671,56.76357047674908,0,4.937295476576296
5.61890815598673,112.72488480491586,1142.6374014801477,22.830970880357928,49.623128792577624,1,5.58151352274763
4.202786170602817,80.44703564537006,850.3033388614633,31.650568952354718,52.33865101009247,1,4.20152010614719
4.700312488523114,94.89035413115927,961.5010950088587,25.92994665354222,61.64990882563923,0,4.698740720664826
5.002621849859092,97.31903657424552,982.9387143235787,28.1716145873474,56.25318334021503,0,5.026589221246561
5.023490296882371,99.11153038601715,1011.6699617736938,32.52135374019192,48.30725561667375,0,5.023777025325886
4.774967264260378,103.86660573670025,952.4899642844123,32.60724699529764,63.52362545926151,0,4.766535618031573
5.31142496617375,112.93080458242673,1079.2226353124481,36.6848453677798,26.35144627208488,0,5.332326089078374
4.4661897853087025,82.82588952153607,890.9334724106966,29.588731501642734,70.52073311421935,1,4.468605589958725
4.928810257489353,102.72486723918293,978.0631937296689,31.532254314816704,32.940409051092644,0,4.9138098038580384
5.06014781585595,105.25993908957695,1022.8477335424097,27.811313387978377,43.72907175227704,0,5.083247767066782
5.257219417029375,99.4030718968244,1068.9672667496995,30.90994941311399,49.590824648049306,0,5.261092652319711
5.355807439044445,111.2100369996632,1057.794583911953,32.19743024004256,48.53519329271839,0,5.3558659583780335
4.437678954081066,96.44323867368408,886.3142773891657,29.50845076272812,60.06411040026555,1,4.441237121909299
4.232942914632189,79.04613426142171,825.4197702536047,20.981247579537516,39.42163381389766,1,4.211529547203857
5.638838410949255,108.18925411391378,1077.8064618399922,31.657354481654476,52.607668174830636,1,5.628285335425688
5.166157005989795,108.41144745401343,1037.2405938262336,31.822807386777285,44.21787901780246,0,5.166228658026451
4.625756731721723,93.8726111885627,937.3294534694373,26.599132618260246,52.95140979337417,0,4.621863457821229
5.775575987761261,118.26890113142284,1160.356533733987,23.57806481963743,49.35227740202124,1,5.801024555417593
5.057837317146429,102.85969242493107,972.5762290741985,37.37939575251983,50.92935652682978,0,5.062185434200969
5.589648592031914,113.74645144527899,1110.9127298048534,32.45722755447201,44.50075167535654,1,5.606746670484641
5.033759240705055,94.04282417254569,962.3848929399894,28.854594845391453,44.899360499039176,0,5.033947147796572
6.0303739624409936,125.84406778192711,1233.4688146412823,24.314835584262564,52.87272514027427,1,6.051499732115916
5.877670421221602,123.4013583865709,1153.8129926019587,25.890925857893272,59.437155057560446,1,5.8856209763530645
4.875517925760463,96.36340479486913,1000.2116573412907,36.51295198393116,44.01720665802152,0,4.8757863354682325
5.4857854754771775,109.49832476047425,1116.0744879691185,30.68830970434023,41.3123245542709,0,5.485519813697997
5.322687974792574,98.79822198307286,1046.5257879077935,27.24706466499647,56.134601656718374,0,5.303599202266755
5.684315778766174,116.25758935541265,1114.20745672788,32.54844615612328,49.674961069423105,1,5.6944540931689005
4.517538269709948,93.21105260276968,910.5150582697164,25.928009062768382,58.30498133985952,0,4.51673417501922
5.343025729999219,106.54955951498783,1051.7186652561825,37.504215151401894,40.94202786628853,0,5.332985890795595
5.529212243424794,116.2060116678484,1107.8921415281231,36.76400267448363,32.205610745765696,1,5.551341478841036
4.120630256788443,80.74221898086917,814.4694995415502,27.667129643986115,44.66995918173666,1,4.095625936270547
4.4083707436671125,90.99044450281025,846.0509804441099,26.856648764845698,42.33647390734984,1,4.399920825758464
3.98038391111995,74.50935652893843,751.4674218415008,16.9093340065386,49.212115999197,1,4.000938286095541
4.865296582777721,97.18817090118323,977.5930015254362,22.59209614224316,43.631547857296106,0,4.871607041596126
5.358771127897981,106.30365126844544,1060.5230706529835,23.30265112521122,57.410169513364494,0,5.3578139493449255
5.751178526048014,116.150110131165,1139.1739088713202,30.675951704936928,47.11849737577484,1,5.756198596911017
5.037047390209888,98.89331316003097,1021.3267548238532,28.3688314777932,51.50474498773901,0,5.040635673630865
5.814307772785646,115.62879247735458,1186.3304000897779,23.273322562923795,51.57634558440944,1,5.783974521859927
4.309949270892554,90.32922127505861,856.5389597512747,28.594179787677213,51.94955092412187,1,4.302964033185595
4.148308780322423,80.78235442025738,822.8497819262873,32.52668573823674,49.75870889545027,1,4.1806392134126975
4.97222615055169,91.41163750734042,1004.4480907726157,32.639196749577934,55.10600690410313,0,4.959039667856147
5.192032724469653,112.58857401042017,1011.2678334999392,20.501648595705596,42.04344866174193,0,5.185666704187566
4.983652625952954,106.5803229125115,1001.1935862855446,29.358682597580845,63.99417926653883,0,4.97282021068677
3.9662789499800617,72.86426552407315,804.2935094324555,23.08329611514195,47.634626166314646,1,3.964538645513699
4.9554399802436055,102.55733863109808,1004.6926002170737,34.50864348570137,36.88450862101318,0,4.943777523617119
4.347765249747574,84.44043114219475,830.8179958994655,33.92073208176749,51.88073356991773,1,4.357500079790735
5.334836274415019,108.01416156495567,1051.740149486825,25.509863868377707,41.48819517552515,0,5.338782542660824
5.183299123048424,105.13710310603595,1019.0945595532155,26.169773987998,56.65334534508875,0,5.198770075350565
4.530060106836323,89.42916313514485,908.0097604554488,27.693664747508464,72.09605576042378,0,4.509041283512543
4.743066541331653,90.94250249870109,958.2281998616903,18.736033026343303,42.1342790844215,0,4.736259731673995
4.470393239055524,85.95515951952919,924.0128559600245,31.679840867202884,53.32372333223985,1,4.465878786423282
4.968660451363414,94.79224944986206,983.8327806653214,28.635777268299346,32.44494411295372,0,4.977773389565186
5.477571160250619,105.39231216386015,1085.5627820839395,34.850875412839294,54.53905229441347,0,5.461706736306478
4.5071369768322285,89.80684808639779,924.4208357440207,24.507953910187236,41.1428620020031,0,4.525450052917395
5.252023257758922,101.46166520962468,1056.3361903223904,26.90438525875034,43.751653815655175,0,5.275751569569274
4.73487119081378,98.1076841448387,972.3272683865155,22.467373709804423,38.98713510160172,0,4.715093743861068
4.603563583868828,99.5075024540562,926.4872768339624,24.978547182528736,57.32151226054735,0,4.593746125970957
4.946484820022721,96.0294301936042,966.1546316302788,24.090090019658906,60.07304357473262,0,4.935846189856879
4.4823788387903125,90.84459927848313,869.8132006625063,34.97986839423223,50.23385214658508,1,4.535026562883862
4.723175347326409,96.96193249804286,913.6048244841031,26.508690756243038,41.3557329466428,0,4.714577345222251
4.401061053705575,90.38123242870788,893.4532474362845,30.620878423723067,65.89523036103863,1,4.434613562548698
5.982362566458194,120.02702766874431,1220.244449753379,28.096182980690976,42.49589872245344,1,5.9570299265560624
5.017631775985865,104.06604761151591,1040.5135980249006,23.652673669935936,28.37967700072561,0,4.997838756662578
4.650137246003707,95.41398968347744,946.8895558472062,29.158497884141788,54.58389009957068,0,4.636405155366743
5.106989955367111,95.95148699570574,1044.654762624122,32.99551665931797,38.952253263584836,0,5.090076169138181
4.9438359751545855,103.22249982503807,977.1668683778435,23.96120303728324,59.88608793499175,0,4.938478000471416
4.889515200233388,102.22675819100148,954.7747237118006,34.045563953656895,46.18862303326581,0,4.875339636178959
5.3070833500217125,102.32523647954135,1078.4182566526936,25.75139539261152,56.03713240544196,0,5.290696518167021
5.378753855023652,107.76476627771106,1084.1043860495186,27.585080369635797,64.01500346552157,0,5.401923294953119
4.734749426194736,98.11163348795007,949.0987727257651,32.653415615050235,37.91141135379278,0,4.759225298644999
4.71209087967766,93.1952484956564,950.1656055481918,26.68281921390256,44.34062869107595,0,4.731076809645167
4.862474151424178,102.61437326731361,978.9585399339996,30.18787429667933,49.24328927342937,0,4.872954130535865
3.8490394176322074,88.80015082574094,795.4842207235127,28.426545856059537,65.37551319034344,1,3.8508942789477985
4.242404468900724,80.91815921483956,874.3806054764839,30.646840033519094,43.41617282059555,1,4.232463855087406
5.683437133722262,106.76351965867637,1147.5718337912595,18.096304472382513,44.054963040509925,1,5.6643739836271605
5.822483856750642,117.96877011303722,1181.4128288013871,20.851590923959584,54.78140575555808,1,5.829743770819296
4.875481980221811,101.11745213006694,985.3776470928577,33.07983503023419,44.22771274289429,0,4.852009372370875
5.288278481527883,104.61123776133383,1048.4323016648843,35.18590702824525,51.52525882897616,0,5.268400062944376
5.155625077271768,110.37880486204054,1046.2563089526163,25.447566482342395,34.48462579031873,0,5.178683342395864
6.539440404227619,124.09577908593614,1279.9981794683385,28.77985823914433,72.14329942556597,1,6.577453385062061
5.559787455717288,114.66034222950381,1133.0353221893754,31.473596264511507,36.52290769690597,1,5.567653358480618
4.936041204259617,95.69151998139786,963.3177820566027,33.46608800829352,46.78247296009792,0,4.95817034730551
4.522229779699787,99.04148512503221,910.162021675852,19.861613641645757,49.67518964157905,0,4.517312813350907
4.196776839871214,93.89811356326487,822.4522888057197,25.569798765108114,69.12688134356796,1,4.170023356149461
5.1017318179336115,98.20135341975549,1031.4141432482108,28.337103100750625,36.751542190672595,0,5.113975250305983
4.6218246273578485,89.68870686761407,923.6864209530115,33.51570098618025,69.83704135478752,0,4.6332104138232495
4.288873145201163,90.07540233892226,825.8795098769659,42.492152418607475,57.57176821102023,1,4.2903065162787675
4.676713557878736,91.59861790862715,943.7567041961169,28.85997136595141,54.170953244232464,0,4.671866048716634
4.459225998192802,88.95746387419486,880.2867841019062,22.96511268948006,40.153663129820444,1,4.478470209764424
5.843570817536282,116.99835845343769,1186.3370979235237,32.01134038600649,55.71141242038074,1,5.823856156867732
5.440819878474725,99.21803178850624,1088.1904894696331,36.60497894770355,42.765133775802,0,5.4253442668969125
4.996013679341691,99.85108485636263,1007.111155576099,30.540070604897505,62.66661253198412,0,4.9758515492064825
5.739972069445013,111.3508025185794,1128.8430347886983,25.466757274228534,40.28937970892267,1,5.741671528697729
5.038684153823809,98.30806896447731,995.9501861362145,34.7899697074001,48.86841505543916,0,5.016926293581624
4.569357899335868,98.60531800406144,904.6988071451519,33.317728092492175,44.44726911986828,0,4.555673055725563
5.761562038634828,108.94870630130029,1169.4464573318166,24.86959577902188,40.12477037573005,1,5.747446927390285
5.2694550218423295,109.45512637058647,1087.4385461245756,31.90712808767171,57.413198169079145,0,5.264242855195651
4.4813769228367715,88.23272380507639,880.1719495324968,34.986327838294365,55.354587474096334,1,4.451629433908692
4.904830660958196,96.69781237668475,1002.5030950847928,35.90945021279447,62.09010198900997,0,4.906574760798941
4.562190873307621,95.19567694641098,869.0446263070103,29.66775512345272,32.20124891791833,0,4.587136946320915
4.308600134517832,87.8722591632011,837.8362388817205,28.209602769103405,60.64170702341044,1,4.311309961964167
5.46308877376582,112.11484046141405,1073.4421856294286,36.136369110406314,75.05448905356894,0,5.493915196661846
5.954708320235065,123.9350897073656,1163.8914902581987,23.949197485095574,45.48358910823053,1,5.981388283952604
4.300716213090429,84.35778234589196,828.4714748223342,32.19289645460503,68.9514861210897,1,4.316270914035386
5.281484618345285,102.56850869436695,1064.556901911813,23.149866863177856,47.36838727940173,0,5.282978335198023
4.674678715439087,88.06782167599275,930.6543891332602,35.326881361298014,36.27590262438693,0,4.675128723203995
4.756437308117652,91.00169351245827,958.8755695756327,28.709772421944194,46.94367557593205,0,4.771713303564917
4.703803037880565,108.82153288415493,954.5700612985432,36.342916178237346,60.48203967675276,0,4.695969625690484
4.568004615160092,97.58349020688577,918.9132628954691,32.457063781777634,41.618235176684685,0,4.530354200130743
5.024260813972414,93.72984444840817,1018.0074263174902,23.88389884969035,43.99661340993513,0,5.034100895054473
4.584524941794481,85.07820905217176,915.5143426340508,37.12313866038622,55.935394322931906,0,4.561903569195781
5.135228412889919,105.11389856639084,1003.3058148118689,37.756226332138645,50.030601167385726,0,5.115985588326112
4.974880945275432,102.23394289239846,1016.1324726715023,34.411432462996075,55.84622952486741,0,4.974885424235348
4.880525976566795,100.35493870792271,964.3229526577364,26.1920606748189,52.37829540758336,0,4.878623479015726
4.546218168979201,89.64958441181554,890.5317078205917,28.469930228212956,54.79625319551573,0,4.5179766568528885
4.711614334715834,93.60501539430217,938.7645094270788,30.727136087028796,45.67698814190459,0,4.714924165998497
5.377695612912878,109.19330987905434,1057.2829041966454,26.481448003342834,52.31730942030393,0,5.3970184061300985
5.250458593812191,105.43863690771046,1041.7431111226495,38.461732862316026,40.72626994304066,0,5.227891762406875
4.511222377600724,79.12794568827681,909.1255539514141,30.721632358630185,62.884336225033884,0,4.536672044217699
5.049666152714613,99.84432490141629,1016.900065327845,16.483259764463213,43.65725283182687,0,5.0184627362120136
5.375693561685894,103.2568390624163,1057.1821110086664,31.6967790637811,61.2884748754939,0,5.4180400445733135
4.165297359439315,84.18200428332885,823.305364428888,28.259213015913435,47.663930390171345,1,4.157072150829645
5.271680096189968,120.35989693681641,1075.8226793333986,29.62536721940776,52.019990107573214,0,5.274592436126506
4.668688120527077,95.21117073791305,943.6656264600941,28.1569031710715,45.050354491092996,0,4.630847449077363
5.28529933429658,104.13833825506961,1098.5611676462868,34.035232083033435,39.840045688319705,0,5.284056612967194
4.618370421728741,96.97641594446108,947.2766478205788,35.59843889276691,32.552396123946984,0,4.622940065283105
4.09755894966774,84.36461842940086,842.3976513047468,31.415265811293267,39.446758414075404,1,4.09583570758575
4.186228781058419,85.82504807342758,809.4883852025678,28.303444064309204,46.760911467840785,1,4.174967159517371
5.024042473330691,103.51510243269217,1020.0857016988066,29.79331397595415,52.11879178828884,0,5.0051111829601345
5.129861250860741,112.87994284136253,1024.91011413821,30.097998082888143,60.103793132832635,0,5.152471783251487
4.547841687447796,85.30239157232634,898.548701418794,25.987849800675818,45.54242540203151,0,4.548457830147755
5.319296229388687,108.75408497183102,1067.2195526883881,32.894643242856176,41.18039235732826,0,5.350111276919023
4.16923996886552,78.75289372740271,852.7522244653338,32.30021161930233,35.57285213997287,1,4.158710321769622
4.966960100676341,102.11676524523807,1003.4086519553525,37.70220619888337,54.800636179041035,0,4.958264206808897
4.394491900118772,83.29640544494497,861.3289039969131,36.276748901442375,63.83194515329343,1,4.410803785010695
4.67408194609892,91.39480485395298,949.6655674916365,26.57162541204935,62.66330267956289,0,4.641622446858849
5.023699335658207,98.99853714197461,991.988116290122,34.10149187254483,57.09932748147237,0,4.9994300684551485
4.569793317358024,96.27494994388402,918.2923258508905,25.24523308452764,56.38543317267599,0,4.591743016785087
4.807722227885088,100.74671677741382,955.4774442274748,33.47966050470425,66.9762377970934,0,4.784283549300624
5.50314640460722,103.83434120991248,1096.2519558867314,27.41692900619946,53.32081461416811,1,5.466765384301169
4.711554065238426,94.50575185976776,957.6356725484954,24.883733883122076,56.461296760241716,0,4.7489246089998876
5.4178460560325705,104.80902184690554,1062.7653368101962,31.400226713487022,46.79216138148001,0,5.389969703075087
4.435146572671191,82.41040690004715,925.9332160197769,16.627164359229297,36.37956629145243,1,4.438828960637754
5.2649020889576414,104.21295652703097,1016.5586964056383,21.245122127973858,43.161510995004235,0,5.266283792812127
5.72078431032895,112.87327226429991,1132.2035084006927,29.112540581128584,49.90840961465345,1,5.664571743996588
3.7641777499363553,87.41713743045473,760.2397877861059,30.412208833174212,50.60785372501303,1,3.7588314094729993
4.601552372264762,94.19584657209873,931.9967577816585,28.153406149209054,69.26285854855394,0,4.610520637254345
5.28853606359027,98.88263376803421,1055.6976983066197,22.102818506412007,50.81277167591069,0,5.295622251220647
4.898477306978504,95.14567611871536,978.5476473356698,25.910540789307472,61.78843444025644,0,4.916547720654574
5.185572936685654,108.81837521086007,1045.325589043683,31.95604663618697,45.64922758423684,0,5.177823110387545
4.698007406642089,104.40236199719142,934.9800917792643,32.90890885314181,46.88324114234766,0,4.712257495483932
5.04329489373645,92.9359813135392,1036.522603905988,29.918884412020294,36.70992362776552,0,5.0295083123748485
4.92216138230396,89.04360572038398,1001.219258745424,35.78416890518494,42.57671987123428,0,4.8939520339757046
5.5838910308299035,121.03264649345698,1134.2346931860934,31.98698511729617,55.269813913637535,1,5.557936463316278
5.127210421650607,104.49227931986665,1006.1189498627131,26.262721730208938,50.07560180394133,0,5.097968212546698
5.168801331037601,99.03456296137018,1032.1724977194062,28.597489732941913,59.42938619897234,0,5.188993050395425
4.794061516938767,98.55437576938752,952.8029844133392,22.985669213960726,51.8125394834505,0,4.763770046757595
4.756196887963753,81.94519906419067,931.1273500789614,29.459305048042918,46.47546268362258,0,4.761677664776739
4.783720906090189,95.69129565478958,963.9474648969532,35.56050309610669,71.48296863786959,0,4.778402422208741
5.1972260711891485,105.5836272879984,1028.6922990822334,33.42645042355484,49.06096431286953,0,5.195173099720136
4.789507759589869,100.41150588948652,971.0096285149784,37.01004662959561,61.63000969705304,0,4.8167799054938625
5.1448874284482065,97.82826880750144,1007.5736544317547,28.485573781005034,45.98790793455322,0,5.136118881103901
6.03770039932272,121.1824437934712,1241.9208921213803,36.73049897257129,57.095994793835665,1,6.049932430553714
5.435562351715846,104.08412390401898,1069.185817171328,29.033478867760152,59.28015659151687,0,5.436313618743468
4.836988233916079,98.01668345669317,971.7836935272245,37.35792541284947,52.08491970575581,0,4.833947855803426
5.600606961081972,107.53540760982432,1135.9585784241558,29.890716262789383,26.455170773033977,1,5.646606343569702
4.795962313489224,93.87874207398337,947.7796540938425,33.53615686902138,50.18252460856113,0,4.767135478574917
3.980937732411073,74.6396776742703,813.2369193508737,37.375561821549276,62.304600477599756,1,4.006720369119822
4.495956844541298,93.17481809994423,874.6076969522513,29.032861857093973,55.2748083302773,1,4.509084975851097
4.064604039487072,85.58433637302477,841.9631618810657,31.09194493772087,54.458388752292464,1,4.0550135395944364
4.8242432579793455,95.31176230979985,965.1316368951843,36.444317126031514,32.77743066042481,0,4.856829628328177
5.009209189594776,100.37537376669566,989.9136097595775,29.334984180349682,42.79544929324941,0,4.972246987347005
5.8382186561376415,109.52141604958511,1161.6600957789797,23.395538587469193,54.11357631151439,1,5.82778332299166
5.163463686882081,101.7708904976077,1048.8711227642707,40.71503527292455,54.10383276786892,1,5.1392940427967
4.890449735595568,97.55797162670262,966.4008412821048,27.651177678314316,62.14666780132902,0,4.898691404892997
5.414702790591744,121.39802126698476,1067.9534043298934,30.793780254687714,48.55133244853906,0,5.392441508568001
3.8944323454960577,72.32881178105033,774.4557371475369,35.78003334725564,54.058240866738146,1,3.903093624430884
5.117807279054283,109.67703177484785,1000.0222135554573,26.95753048134399,50.16374241931294,0,5.114078550737852
5.385432596943484,112.69294580619872,1113.4973975475332,24.96066043388935,40.13057263498443,0,5.375845518090362
4.26070687711008,86.61731956465228,840.8134835977214,31.268686483874166,27.442086689052523,1,4.268479822030746
5.5718770216034645,120.23064285304496,1131.007740044301,21.034618010438052,54.31009692130077,1,5.566504589124703
5.169248203747207,105.24549143797846,1038.039042422397,28.5604696156604,51.73947208412811,0,5.1474755068860265
4.792356043049599,97.79291683933164,938.7805276002805,31.22519332157703,43.81824957899831,0,4.848383502842299
5.3163909330531425,106.06221539597512,1063.1590924263737,28.65024051587418,33.80826943484135,0,5.3066475893925595
6.1353464289021975,128.8247729901371,1242.7493413666543,22.282745284071265,56.29739514408738,1,6.090994247299157
5.090933127529247,107.30100871963937,1014.4213988041233,37.97088978102006,47.34079925804448,0,5.07409115373482
5.124110293150168,99.35381942552229,1048.6843175470542,30.517690769745876,55.568747223681456,0,5.098764759382713
4.770319550229878,88.81015503160373,974.494217901613,37.155760588808704,68.64048530411759,0,4.7868424625506885
4.575077815267604,90.4866531183738,933.3938601466873,28.699818749097776,28.58569119680295,0,4.581510868459436
5.415167908272123,104.30316534345422,1073.8404462089645,25.59994009154618,43.00399191297636,0,5.423142164307929
4.571958087045567,91.12153886783456,892.7947684534836,31.345904601275798,47.90624386688087,0,4.5645576377288215
5.035783118609697,106.90285304561463,994.8848716146834,28.921064368358902,64.5482617414665,0,5.030196113668558
4.761171276617442,92.9369172569149,956.1590741368227,24.11119271004321,33.635969807935155,0,4.753752654545289
5.2394899128731955,104.57568135090604,1058.8137168452863,37.34892129393748,69.35861025680605,0,5.237866049190486
5.166831052643474,103.62673472691145,989.9347824334859,26.88864888553002,51.358559015662905,0,5.1835377213507705
5.51876997212895,114.61755385360541,1103.5917303935548,20.798668076022157,49.039993382661415,1,5.525491480379056
4.744991800572627,83.6653893415295,952.1601446209891,36.64083026978666,48.01940236781093,0,4.754994057165044
4.865062532353314,94.26774917323979,967.4616213443518,27.478509920936883,45.63736967819971,0,4.875053710518299
4.5106181421088465,91.26878130357429,927.9491052020869,26.960880536921877,60.48116759269155,0,4.528306990856481
4.777853369961944,101.5574621813732,964.0062754774062,21.17306206485013,39.314792459175614,0,4.783616370792749
5.1886502465224265,101.3134926929175,1063.9338874661032,38.704707432984954,53.454141816438536,0,5.195827207976005
5.378494308322676,98.18712263624414,1071.3796512575304,23.552597063951563,46.15818334293024,0,5.402270433146539
4.538917337911188,93.87690398805442,926.533017432376,30.29224740352825,42.37866551485902,0,4.525616419551126
5.4348029600528305,105.51924725692847,1119.6619199011166,34.563101612702205,75.85975175683896,0,5.417688108453801
5.677818929402475,107.60804529259771,1161.7976548659483,32.108584665015485,54.1905073475346,1,5.654100497418738
5.20671745161185,101.01262208367089,1019.5006584537955,29.70172844003904,56.13265544661144,0,5.210375742884255
5.938397906279033,117.84533133730142,1182.606059704959,21.49167070856292,61.37776780668662,1,5.9013232614546505
4.613105400448213,89.23838468627319,915.7177859806467,25.95137582116358,35.78650054681453,0,4.622348482369407
4.377672648344292,76.52562268139049,885.3196203703849,30.93900169021261,67.52291909122032,1,4.37548878645428
4.110639875547861,86.69812849539288,835.8550462098628,26.06412965006502,24.910428215049244,1,4.133332669544282
5.748022155744591,121.33481832128544,1132.8265776684034,31.01679729999384,42.312335899614794,1,5.734583809535291
5.327182828177029,109.8012665202381,1066.7933359137444,33.40871704407571,45.409683268211,0,5.323116462468679
4.972207664544772,93.75572493877137,954.0429862658317,34.81251442900051,55.81723364970506,0,4.99465173121064
5.139984313159911,101.79222859346062,1056.83576274802,23.869103210936583,52.18718266141488,0,5.167647026095474
4.437255476350812,88.71250295086895,877.2036104566284,40.98323027489477,48.331852593016066,1,4.4236524290357755
6.222875989808413,127.45149174397783,1245.6924767585724,33.837396722770656,49.880026553722765,1,6.226511614460156
5.064610590987614,104.63391426334267,1006.7291239177615,29.99142923165468,40.21976976477432,0,5.070498970541294
5.054697397302446,97.42307895215644,1033.8600309607575,35.447682915383204,35.02767605515827,0,5.062170465414869
5.362883311949346,107.66764402105473,1015.8265335619218,41.82703885999987,57.2651162233606,1,5.357631798763034
5.240504615868357,107.09649434044334,1047.7687163271532,22.806399494715652,56.93706112536185,0,5.26613228383083
5.111942012139566,109.51795185352515,1020.2720272779593,28.87368678754323,65.84494375157058,0,5.0741479424671345
4.604762772277344,95.6177881446705,911.8798267036352,18.107841700633358,42.09982903184792,0,4.596340167581323
5.235734178567998,108.65996700823754,1081.6713666263122,30.963257663240125,56.928152103009225,0,5.244692793223456
5.9410122482375165,119.23937810439713,1170.455860470388,31.826971209625704,47.162932716352685,1,5.950156744476503
5.672710023077489,120.5064961875673,1149.977928160211,29.8041894227862,61.904749851934824,1,5.699765203689784
5.796593313319699,117.98068024619145,1166.4437184380613,26.72733214500845,60.219627766781414,1,5.820557821183725
4.744392161784408,90.58240368482029,974.1088174075918,19.752427419058375,52.11209399224457,0,4.738681329278263
4.5051975898707095,97.12080164804016,887.6957362785918,31.867668417058844,46.60469843334013,0,4.531195014741321
4.937106539950176,102.23164716169866,972.76193000756,37.27717241957662,59.60932178608262,0,4.922825705074627
5.027862456144347,98.34202901724453,1027.4938893784174,27.04490772133284,56.469045232565655,0,5.046480203800184
5.547095759235474,108.54445034771327,1117.925578013697,32.20029964511573,43.15559597913818,1,5.583306208803894
4.15376768514259,84.55823142855562,799.8547900949827,22.159278432899747,36.72201326520569,1,4.178066567279689
5.7647751597303065,117.61142717094405,1142.1689316567958,32.28606531846257,47.11467099318204,1,5.766890567400789
4.920996050710506,99.40638234236614,991.9268632190624,28.033088511276716,65.1541381534821,0,4.914360475275063
4.78655946502629,97.28773266774023,974.0671774361897,26.187910246985428,61.46487158733038,0,4.755987639101104
4.493947812369917,98.37874312028023,885.2049494101242,26.198181793919346,38.876725303294194,1,4.500158605128201
4.1725716640671155,88.80914904251674,776.2292130170844,28.03194208983495,38.32242584100079,1,4.150267319507697
5.411585291980957,109.18488379594426,1092.7815221109322,31.912166578462678,62.746838496794865,0,5.395722598708678
5.036658983594202,105.43973257572145,982.9253829199608,23.43918399402241,38.643640952421705,0,5.0128440675794685
4.355019550129473,81.93777148495177,830.6571340634464,28.014423342160736,55.09295323642008,1,4.34581170347634
4.352460613968192,89.03884752909788,813.8456042939556,29.79264111000426,43.839287846636765,1,4.351901225678452
4.832107650354936,105.68868475576426,982.701147274942,24.504803877340706,66.17044924521683,0,4.83757994197825
5.834510762644697,115.59998577593207,1169.4745015370386,38.98332600837509,42.295752008621214,1,5.8225006299364175
4.870204324318197,93.16591684326853,969.5277372493945,25.73252259969329,61.433615302058286,0,4.891589998446101
4.248428523440947,81.70812602585363,877.4661919474446,26.652815431832547,51.84858654060365,1,4.244264418281148
4.877128467957028,92.09440417242861,988.172187251867,25.10846025088751,52.52194854234287,0,4.861374019291717
4.863638215126165,93.34895476188478,1005.0536438796713,38.992400435690584,30.296914186485992,0,4.868164060471034
3.6515566785292144,71.17859307763415,702.4566262625029,32.76452614299741,27.970866467942813,1,3.6908277352000907
4.972852566741094,92.42921623892866,993.8795008691394,25.31703996878179,47.79434059732686,0,4.979555778071796
4.884532734895661,97.76874636766124,944.5722794801718,35.531157794299844,52.46906063416612,0,4.877275622348189
5.348103182406709,111.47344951706742,1065.0329898442324,31.00349347144439,38.74802172262277,0,5.317553955284335
5.924478047472673,113.95078004871884,1179.9232924192008,31.28626710555751,39.11306589523658,1,5.920089801053231
5.563282514773879,118.86206991368641,1125.1887757000372,28.277613956237737,55.61472629826133,1,5.567981077275641
4.865555654722585,99.86507353708967,974.022408567355,26.252920065215132,55.628544804571305,0,4.857804036897473
4.446737045629165,94.08764384070358,901.8155518914313,31.688830495273006,48.62258939612073,1,4.413429352864345
6.286679901624931,122.44442526323792,1271.404782987764,27.274563850022048,57.80201721186075,1,6.2696685938348615
5.029609217007244,104.86481047547797,1049.0204169491117,39.08377814787552,38.25797704279854,0,5.058699986224999
5.006964645956473,94.6796234171529,995.0869960855722,23.65354447378448,46.44065082913029,0,5.035644666031082
4.987937456444999,104.20998663308252,978.7670372756722,37.68078386427473,66.47877605783674,0,4.970204673060906
5.099042380383928,102.8400443066462,1024.7301483831138,29.443405756010996,50.68322129939818,0,5.112497516127916
4.927819794038029,101.3226519806845,969.5183582648148,31.49542867010553,51.26312514586999,0,4.904248338342625
4.713168996559882,88.38540690307339,972.2730146807071,34.165788833147175,73.0594658596774,0,4.741255322199781
4.726570529379804,90.05606137621305,939.6497450970561,26.84875352497782,36.006578341512295,0,4.731475246337689
4.983623364892001,102.65860838910694,985.4131456209203,34.32124192349318,57.9643036664211,0,5.0026161948643315
4.728287614433118,89.82401226754135,936.2312084636011,16.462280723094114,66.639862798081,0,4.693985747489467
4.643577108661418,95.18757363372397,943.0837702017164,26.400052333890304,46.75142073501454,0,4.657129850699916
5.0532151138459485,94.22861324461773,1007.4880831045599,25.379685963294673,58.596307868548465,0,5.053061632572258
4.872511391289573,101.69109888912479,961.6689418553069,23.732469938141193,40.17980502789095,0,4.88954997270539
5.751996494291344,108.87731331198434,1183.7063372107395,28.925225809605244,43.13267604432649,1,5.770293850253301
3.674515095803494,76.2518016044675,717.7796223474638,31.928749840908473,53.849664160476344,1,3.675830789592989
5.545753425961231,114.04322318745463,1109.862006672906,33.51329999249653,57.9856667311059,1,5.533736833179312
5.623042596248815,108.97699283282842,1137.6546422819674,31.204383786002037,61.20936512406246,1,5.638636519892405
3.9633048837959253,82.17623051134214,760.0342745508435,26.671532675532266,65.69628586939493,1,3.9621017938078227
4.8286562029598254,97.8753353758643,975.3364506200835,31.845082189125836,49.32553441444818,0,4.811200503889273
4.814279567002104,93.59138205907838,941.7537598908118,30.62142847425425,61.93611755172588,0,4.79587652237295
4.29624415264109,80.88210963244076,875.7044861448979,34.68028083968008,46.57695156550851,1,4.266700864314842
4.611091656204563,82.40870466572837,902.965311002533,33.88468351465758,59.02091311588268,0,4.600885833013302
4.444712077267086,90.64249178184018,902.7977960903944,30.152382069603146,52.074887978521815,1,4.466765918188574
5.876135221711811,109.69869057742595,1197.3437056682565,25.513734969193717,54.45677907081924,1,5.87969181770592
5.46783919657373,109.83350492868115,1110.7965698274022,26.735249220839595,54.235078740220374,0,5.457243842455269
5.63577754749708,111.39830986953034,1132.181842464178,27.25105320180983,33.95294990202188,1,5.651874666260682
5.360836032021617,110.61243451762331,1067.5411875457294,28.42366833041872,38.75878141139226,0,5.344186499587149
4.435474114391385,87.19925479037839,875.5664313515803,31.340252137948767,51.02541439817522,1,4.437381119878041
4.737739866860113,93.1075584054668,976.9686671883647,33.57587195064029,33.127209203588315,0,4.734147259405603
5.244687280613959,108.55309913372065,1034.9475517194387,29.74440653492311,58.31211103199756,0,5.2602698931257255
4.388936095554027,89.45401205650113,857.0458976394054,30.080623939502363,58.71555966288142,1,4.357391528135637
5.356499215086194,108.71076408763777,1084.6072217178953,30.71653152500002,53.2717055287779,0,5.3394952601699
4.879837300920933,99.94308396746129,960.0447241204567,27.420473434338298,38.78865987242078,0,4.8470723877390425
4.812589596225202,88.5739313084685,943.5166492957177,25.37303871178522,63.80138938868515,0,4.807397661789016
5.355479984101746,110.89354308196982,1042.223911576954,21.22281051344645,70.37210639718359,0,5.379708534174394
5.22213165574302,107.50497708492841,1034.7681343593938,26.524253209615637,51.470768274459736,0,5.21202271154995
4.81951691709046,91.30692269892671,962.2490829401621,32.365727266338936,55.10535378451236,0,4.809303238326547
5.579664901682124,110.37289566527146,1120.794814889639,26.485442809802162,52.01738654796044,1,5.597099390165806
4.459468336200051,88.99283028586287,910.919792126,28.810964812870303,55.303691889987995,1,4.480839327369157
5.307967803472132,105.48687214743397,1072.1315191677425,32.332156437061585,48.80441243373604,0,5.306196382126756
5.296550628984192,107.6003124125265,1055.4926814057746,32.603447482113346,49.65435760156197,0,5.31024492606519
4.845226780343005,104.06136951601601,965.0814425410066,24.602335739169803,59.057176004973655,0,4.823687689525446
5.163066511121059,108.67016386078532,1042.8164516025154,34.98529678226821,73.45624161896441,0,5.190625997799567
4.374443211807349,80.92776826898995,900.3400456200412,35.63675044677743,35.99928765598261,1,4.41741733768609
5.462013509603451,112.35062014359926,1094.9289859103542,24.350750713907203,48.96187515597033,0,5.4724378254272255
4.907548931778505,104.79564523324716,972.1271692714929,25.88081565179423,38.19539514767918,0,4.865862299351649
4.73863848974048,96.70681239825562,927.870377926385,35.95545341573096,65.92024898576084,0,4.727473884492524
5.524504612918444,115.94499438429872,1075.9968172954445,29.265732393723496,44.12262030680102,1,5.536761119351831
4.647828154728621,103.01791532307624,942.8910243865946,18.901110262740744,35.56799206214206,0,4.6393984947852935
4.29576935181822,91.0339347668993,870.7134408364351,23.00159247633657,56.38186998848573,1,4.321213322903222
4.221685413238048,85.6802512429696,855.8843531497428,28.753151874137593,67.44311114743111,1,4.233448558526765
5.3030049756728195,111.28554188388016,1058.0278062075226,24.18478674857699,56.635978685607625,0,5.288875465657504
4.359785323751859,87.92014564052162,900.0957596682067,27.93288114681779,52.04797877281917,1,4.360430619967284
5.877397090992182,117.66745703626842,1165.79704830674,30.161981068417894,54.09140922775994,1,5.8595204265794
3.959035296058139,77.42363474259412,810.9124439557719,37.311273020173644,64.14840662825554,1,3.95538359848989
5.848228184145019,124.78163047706092,1168.8707789292127,28.547730418861054,41.258007299858505,1,5.837136319336368
5.105508733601309,98.01803134231616,1008.9347314266751,35.36270899786379,48.88152895913687,0,5.12900396960597
4.951643444064803,106.69470750468665,1002.1792949593158,37.143800810183855,45.47309851490466,0,4.9939636852014235
4.727540456595525,97.05012975061237,953.7008136927849,37.17154834676038,38.3213469270829,0,4.69891668993081
5.199568057176036,96.99483026951101,1047.0530666205455,31.423772966927842,46.71624740583198,0,5.16110373145184
4.981182648787576,101.46189944070863,997.8620981986392,20.18355426080513,61.077210959824484,0,4.9762792003505485
5.551650941008261,100.53288628190711,1109.5723265673155,32.30412432701932,55.66602148392725,1,5.521282627031687
5.05711382433102,104.26981657077556,1059.1902047236126,35.241999439067705,56.443105001082,0,5.058038056404438
5.075150880730939,105.92917502956372,1038.7153090501113,29.594664472822913,51.46475611653318,0,5.090129603007057
4.818193893893072,93.40209809960119,978.0953166783247,38.722919350376245,55.23323782728588,0,4.848076731838409
4.971527188139467,100.04828224256725,996.5414207919611,34.29916780733729,41.99409657651894,0,4.975555079313772
5.1539008844460295,112.84880485767202,1050.9233209011393,32.84136688576392,46.90490114072771,0,5.150037779949038
4.1449158036716875,80.36958255212406,839.3430562621666,35.43190355602919,51.92004236968677,1,4.105348105340226
4.3259072889471435,81.22360784365986,865.7055528449094,31.666849256304392,52.775158588818904,1,4.3264309919308594
5.371632047011357,114.84095795254014,1068.2551228969533,17.53594750302323,53.20187854921873,0,5.373057792222347
5.085432719063971,111.52159033393339,1015.4681970595404,27.504305242648172,48.61664717983622,0,5.098211855348226
4.908008331823661,98.17864499571245,918.193151647171,35.98584013623927,46.2257659886967,0,4.893838569793079
5.009216966532697,105.24165450769573,1006.0554100924923,25.96204329950852,81.57771283044298,0,5.00051591452798
5.173790852680836,110.18319663127112,1024.98864893396,28.882637473815304,59.06787272932399,0,5.144230807574752
4.7301201598453195,90.88998203421447,977.8774319347216,24.775818430484644,54.13147475952623,0,4.684294303707638
4.610847637298844,89.79042356913753,922.5564088760037,38.91961297600884,47.66791501793606,0,4.588677695482908
5.097922627548841,108.11282511675049,995.805257119069,38.40746228709008,45.48781173056123,0,5.06651611126378
4.510813611192484,98.64134361739222,901.1651191559345,25.580655524296354,48.691994062730444,0,4.5175478571008965
5.204126377857236,106.89693185801649,1019.902853870197,30.73649000194542,52.92828843586683,0,5.193763696723899
4.14870819788108,78.57509219011132,839.2097878904652,26.59752976117976,31.195644559369185,1,4.137943455279584
5.514577818662822,120.22686193175365,1108.7345110193542,33.07472319515689,34.30610404625316,1,5.4948895577393175
5.236298741206522,102.07112033507062,1066.4165408634697,32.548415386211644,43.631176110610426,0,5.171647432556273
5.128014867156938,100.8846084372815,1009.7853375974961,34.05852785806633,52.071394367785686,0,5.158181082131889
5.491345491972757,111.53859901190324,1098.9492603191143,31.659592238539435,47.607268528481484,0,5.471340081517221
5.832737222231288,124.42554654819963,1139.247008537725,44.67703103194234,64.78121226099483,1,5.82448882083429
5.507185032509065,114.41358053294242,1115.4669021403074,24.860381174946305,35.176032130042316,1,5.478087189203279
4.079562884334178,83.6655851884931,826.290000475638,21.446983227817427,42.486545303966295,1,4.099001491202991
4.360211516632149,89.52067298323351,881.9584037469813,28.034548996492692,65.20091740991101,1,4.363080095372895
4.68759071115216,93.96938756626054,937.550522857571,22.160058672198662,51.31119324675147,0,4.671063405446843
5.013045525105417,103.05160807470088,1010.9045628368592,22.537688649970036,58.848425828011585,0,5.0052009328785365
5.258829510234562,92.52878981621973,1083.852684213084,24.993426729010167,70.51246943269463,0,5.292393108677059
4.637128093423267,91.25952457311635,921.7237335438131,25.38905547284186,43.06195582098177,0,4.635668704785641
5.093383382238539,103.07427731935468,1021.4495801219094,25.2269094902497,49.00685662207968,0,5.08974871148622
4.622308533823339,86.69110025836925,902.7391807810395,32.59109475222706,47.27573099069129,0,4.603480904100554
4.694241098504026,95.81643855913832,921.4830004688386,27.46905469457332,30.454069955167245,0,4.65634947549458
4.296669451575889,84.91103292658717,861.2901561770441,29.1024271256376,46.89603196244031,1,4.293468678104302
4.538383376944548,99.54504603046841,929.7553463229478,34.471163872504675,58.81062187380665,0,4.5448930791910405
4.324157697191833,94.34825256991094,859.7059229533352,26.16838737609287,55.40589541812241,1,4.346149386478386
4.512063373511333,87.91223962463584,897.6943441160242,28.67727050647639,56.1908316938801,0,4.467093442821341
5.52682089830392,109.78222940824493,1097.2264747706965,31.828799930464577,46.24491019360501,1,5.5043189717634595
4.525300555584028,90.1362732836386,894.3649776999191,20.292160996898893,43.43902763994359,0,4.513685733772899
6.316191032418695,124.06552326757578,1269.1376355979155,18.075472455247088,62.692556718986204,1,6.316121415447231
5.246658950440445,105.90830392894952,1019.386637184516,31.730586643988612,45.0268285364233,0,5.243758276609876
5.092418061847437,98.05695089251078,1044.1024039028218,32.460071402834494,52.94082038793214,0,5.089984288133691
4.570821109909393,85.76334552350023,900.8557760192895,40.321100674262055,51.633346806775386,1,4.578983031080792
5.350154939704495,110.11665491359125,1084.469057649662,30.79047437933405,64.61717016257118,0,5.332089077488913
4.712181086881113,97.39126965873132,917.0362454283452,34.098698586290475,59.714123576723594,0,4.730863915725787
5.061004907322681,97.19851934815365,1025.5777840754604,29.02263678207013,37.04741379332879,0,5.06967395615667
6.280042269134397,130.07762253650094,1269.4473459831695,31.486136107925432,38.1244683322496,1,6.273645623851836
4.951970050137675,95.88151235692683,998.0780514676528,38.33628420874767,55.78909818069134,0,4.983988209975453
5.574636663142838,112.75855945304669,1095.0387621925718,19.38003590937182,49.35662352620834,1,5.605764983854273
4.648411787437056,97.0699558118034,934.6733212793729,32.068081287858405,45.44828216046236,0,4.667069694540933
4.982505754751519,99.4820522715118,972.840027255616,40.677933650386834,60.156278839944704,1,4.922134619340163
5.885400317817755,119.98171091706077,1172.0247984616274,31.410171096046714,51.87459382088911,1,5.916979219672115
4.686516471106116,91.14818120268447,957.8915562403297,38.25286481616424,50.52457386889444,0,4.702411641555555
5.906224278998464,117.1421526628288,1197.1788943411077,26.853939252352788,57.7982864075505,1,5.946352451752723
5.353875967727737,106.04822220015305,1071.078852396356,29.83976252918143,46.248910050564355,0,5.3786252595624084
4.718766612052866,90.64244050835613,924.2571908921162,30.16762351194294,65.68518985472554,0,4.750333465602812
5.316203869527761,105.4402065749763,1076.1525281490358,18.912044603206148,42.11952376766992,0,5.333776966531368
5.486277224813365,101.98245300194856,1097.6430697166336,24.159110860749,56.56929066342088,0,5.513251088786275
5.310904981108598,103.76233088646144,1015.7746842571112,24.51562460308007,64.33832838659845,0,5.350787455923286
4.214887640054772,82.87337533424709,858.6301245372848,34.11033039016264,36.227045107279,1,4.219218734822336
4.636431412087566,91.44772947927443,926.8016257401193,34.36076552842027,46.566648241475505,0,4.604986801206003
4.876240682224248,96.31732641513108,999.297161404511,31.620182213532665,61.42207392885558,0,4.870091464223945
4.9627832854499765,98.94684470969888,970.6512467131391,34.12051448427853,61.572445477310254,0,4.970582197437645
5.310336048775339,108.60392856593711,998.5331334911477,29.17925293639113,48.28504399611761,0,5.31183380046277
5.088850500466627,106.14959537999516,1023.3517772602291,36.009658347697716,42.653289063231405,0,5.063919261143439
4.33232782064495,83.39773027865765,872.2968376626294,30.04394221316036,59.559358223307626,1,4.29970646814105
5.190098925502982,97.7859742331139,1004.2063525484674,30.289320237133783,61.83549102581605,0,5.175275672130285
5.305292872641911,100.8956353916227,1041.48858361105,28.672036833687944,38.35336651487605,0,5.321447663761594
5.27989522396552,103.16188987333575,1111.083399667502,33.42225238818214,37.960863510336196,0,5.3115020193819795
5.540390362777311,109.04820066646366,1101.965860272386,27.894005916935434,52.252566819836,1,5.558721715052865
5.416961077274452,104.48924121450175,1098.0113949824147,34.88215688599034,56.293606334288924,0,5.438109623016735
5.2295900396142185,98.1112174710349,1032.9048113754761,24.339254296419966,47.009309147699454,0,5.227973728150947
4.964917144270676,97.01773874804258,951.1773708770721,24.505418726359032,56.792938199823496,0,4.930075495116557
4.1695195332420045,84.29752376540993,830.4987417124828,33.43713377563252,42.89863393162618,1,4.16041512162435
5.214809109566293,107.27132952050368,1037.6497307075365,29.557278927084937,28.853064009262646,0,5.209633821328845
5.103843843581555,99.2897616060895,1012.7712039429435,27.73054291923436,45.76098927667404,0,5.093902793844841
5.135789418597687,100.65079926123659,1024.8650670094096,34.4502886623773,50.632321465131014,0,5.136883315905179
4.361625712089845,82.59902269756036,877.6105078508817,26.96369292956958,47.241600401035434,1,4.370454107287704
4.459471729795869,89.0322387440435,888.8920069340976,28.99899372849815,38.41396736340515,1,4.476532033560739
5.526576426666452,106.28938536237496,1080.035161974343,36.996139750355795,31.843510241211824,1,5.521014029379125
4.980222423071672,102.47008752763945,1005.7681804455732,37.69571172905325,44.85911195632102,0,4.942147234958781
5.340750348686313,97.8856745140557,1029.1626346308142,37.86199105135164,58.97655771649744,0,5.33109279430049
5.01415918806523,98.48503539904229,961.8246884673621,28.589371115330444,62.561974394136826,0,5.01503339600507
5.014878069747873,101.80309809091617,1017.7592238436059,36.15351452492235,61.87713384138455,0,5.039334228190541
5.469141902987999,110.3020106413725,1103.968786040307,25.25523586115661,41.84090464851447,0,5.457785746144316
4.741977635891313,108.30472103772875,947.247619876782,25.465485626389693,38.46293676369636,0,4.752228508459301
5.048060388470492,102.71020789224937,981.7031075989969,18.247720736878193,54.96634614979895,0,5.0538621464632
4.768862355647479,90.35697412873952,939.6142523160142,38.36434100949265,56.351000115979254,0,4.7697403663099465
4.782751886283842,95.17771649023148,951.2954423030384,25.68010075461961,54.001696052004974,0,4.801362552670334
4.84541393826568,88.02704709798134,937.1649082816538,29.3673371012647,29.859367257622367,0,4.832197114330628
5.111066885816856,101.81833896985333,1007.4328040029067,25.44837829035858,41.331154151165336,0,5.0995631568239865
4.760625689168261,91.04723349836144,965.1717445971859,33.4758262416507,49.70311209714021,0,4.7603876727063765
5.627878062786761,117.13451263353602,1154.1217198431364,28.1218316964133,54.87218194630427,1,5.615075132684886
4.552696348890248,88.30622560482729,902.1505747248787,23.475915547835253,57.673073626024866,0,4.562856594711341
4.9065641779193205,97.54745397941018,996.442602670186,32.2083128209303,51.4425352228204,0,4.892300331831998
4.7801344708629125,92.42490021023623,917.7456927608332,22.83134987594886,53.30783806538236,0,4.784660555017815
5.723488942176866,123.16403560280396,1157.8868132576454,25.812971373422542,50.848654583611044,1,5.7214854868011304
5.098277388255787,100.35933393452619,1003.5765093566077,19.465554426869595,56.85619374218483,0,5.102575907551321
5.515922269734317,119.48123061208236,1109.3313662810228,22.880209439011967,53.12865651490911,1,5.506727441833057
4.257219813481514,89.2151550802216,846.4889143315087,30.89264584860239,50.65737660047287,1,4.250438047590977
5.133525132934629,105.08083629536951,1053.1133067826026,20.177319809485375,47.31631200862619,0,5.13544531829457
5.444815397811719,110.73997369282198,1071.4743665955455,22.59427137689142,50.81291425042481,0,5.448856887934945
5.041141994637712,102.7918263838355,1020.780524878779,29.98815541933596,54.84591378839275,0,5.041057956329889
5.532740187532676,101.01644085392546,1100.9578882406045,27.281965519534737,52.67475388898061,1,5.566847434662938
4.741355774949814,93.4326985282425,945.1050454297696,39.960183179796545,53.808264183452536,0,4.721541036574989
5.70467372009279,118.31926425777742,1137.257666155374,39.16948273012188,63.427218613511855,1,5.703389644193736
6.149449061809625,122.74449531882198,1212.9763502720427,25.66038768624423,52.65163922746587,1,6.117976481367285
4.81858071978017,89.34566516158554,963.4341646379007,32.78568809201741,43.510014795268425,0,4.826022349353519
4.777248739299614,95.28295253310493,954.1967834174862,33.74641278439726,58.83606785994169,0,4.754943808572078
5.726692238558851,123.05437235245446,1150.1632526799049,27.012605709877985,36.33801662331082,1,5.721126033441319
5.789786072865356,122.0301800349807,1159.6473174869286,22.52229231750898,39.18586619260713,1,5.782344786358729
4.738569986423366,94.46137968163715,963.673888276918,29.938507753459714,53.35847264720069,0,4.74418780895539
4.7899065914520715,100.55537821433187,976.4514906113617,29.135771625929447,55.16396667786579,0,4.778850773101168
4.8591076955697465,95.34961880955467,950.8090726773933,27.821177515146903,37.54948776496005,0,4.847201581615867
4.327774744482862,78.03613695552365,882.9303989083878,32.21158434082243,46.1718251901325,1,4.35649187376458
4.540674026757901,86.19115059451025,884.4080768093831,26.246351964972007,43.93916167780341,0,4.546365362567391
4.497929616623966,97.77303617502031,911.3430410875479,24.240012262104287,45.13323677118403,1,4.486708599583521
4.616101217447936,90.95205893981219,935.6150191836444,30.545414851749157,59.43597776272946,0,4.611084544011711
4.982657556306609,98.4362312292571,958.3051734280717,31.929850462844378,57.06505463547253,0,5.015564655352025
5.11710736626826,100.8429563439908,1025.2810581842402,24.116775280499734,49.80877820146293,0,5.112404068703238
5.7752502464070385,125.02568787600582,1145.6801270142014,34.64045305495541,44.54038072885072,1,5.761464713943991
4.5008229796306045,98.1462541694224,884.9892907674134,21.14759431111961,36.503503297798595,0,4.487123056628077
5.492161199238292,120.93712515200652,1125.4492864616384,27.109432706421785,64.2018493878195,0,5.4811786696185
4.893005577887245,97.06488550574464,965.5275327647007,28.709957319011956,55.92113900284919,0,4.881115623438711
4.975268145173784,100.98348534721116,978.9260904523958,26.81888143674035,42.933308959268594,0,4.949675188206799
5.337409746083302,99.16498217456208,1068.9958480167622,27.174697632244037,57.19599497624891,0,5.314925744144363
4.438638989218851,96.15745191496839,901.4395927697385,39.35537241154057,49.29776379425374,1,4.422052581731624
5.191204873092025,97.98519970550083,1035.4080028982025,25.745579554805506,47.12890495137657,0,5.203036293461087
5.083226104106528,102.74839990094371,1039.9726317346906,42.20610861235957,54.35211528289602,1,5.07560135836107
5.246225632004075,99.43800000191729,1059.8646396400968,32.18563389865526,42.58501750087275,0,5.242082398222194
5.144584321953909,99.9473523053847,985.3526379961531,30.46027568655996,46.5624348048989,0,5.1699860824590065
6.227650069955447,120.36668924386045,1234.9406747209491,32.38120176693833,51.214610641995456,1,6.253550212954216
4.681130007874342,90.58322385410774,924.9891595878344,42.64963874625976,45.005488071147866,1,4.675487509011587
4.734501522499091,91.99441693423692,956.4875235684066,25.03203498034276,56.69085210267524,0,4.721884252285423
4.688429736787618,91.02725076112698,885.1896062300414,24.397910405318054,68.6906650367826,0,4.671141130514147
4.722261440419873,98.61189836729898,995.432482258329,26.225669017140394,42.45701867392857,0,4.736116955814038
4.681306436346741,88.10181476162222,946.8818091672324,30.160715734822805,33.34874703695955,0,4.6772122916762955
5.594508265553776,112.99287244614486,1121.879189189109,21.371144375937135,29.982598325237383,1,5.5867783677473195
5.710252123994928,120.29483824142635,1165.6817791273686,30.11169619659304,48.49531858505018,1,5.693978832492177
4.714626853125262,91.72655523993825,989.798451681305,38.46773566706836,43.36835409873817,0,4.6992335249450345
4.583822213447886,88.0868498152197,934.1793755813452,30.757036953123887,52.078605010670806,0,4.59022337727775
5.235707778193202,103.56153243796278,1066.117817568073,28.536572705123614,51.32597672026101,0,5.209399012875457
4.723888477859514,100.37639559899384,947.3914960611905,26.90919775658186,33.96783153385904,0,4.743785851735273
5.316465908877755,107.2998563323219,1060.4626667082123,34.492558522757825,31.85116170518594,0,5.305789016001457
5.10146151042565,99.373158735475,1010.7763932050319,25.87083613380976,52.959332403460955,0,5.098468791540614
4.242127942501384,87.26194210596788,831.9033486659858,39.23197960299624,51.35428834719957,1,4.215388383338572
5.773752600665031,109.96359126411849,1141.010238139016,39.666798738571785,45.741820016334486,1,5.773505281900183
5.897938836547761,121.36557428316995,1152.5766480226926,31.283753993308938,33.428564148676955,1,5.891372417693949
4.693605654757807,95.91514963366498,937.2037019378608,29.942424559616775,54.713912627649904,0,4.692604042780678
4.806149220032008,94.58394204494574,927.5364924618739,35.153299041207795,62.71899545423943,0,4.835583397999246
5.142932695362452,98.6657249150129,1032.4048695553647,35.47399251113663,52.77982440218922,0,5.146486656278257
5.167228394993512,98.91116328845295,1032.7190668378557,25.97004134470292,41.525261094349354,0,5.151335211310596
5.3292721363364155,109.25952940845785,1068.793133235017,27.36722433431649,50.44552165571152,0,5.315045738125484
6.005102269383174,126.2469479001088,1190.577822476235,23.38826282658352,36.33885919066315,1,6.01700489310145
4.911526386252976,95.04398898991555,1043.8424846542052,32.04532469167029,60.57960713838793,0,4.937500252072844
4.600851377730773,94.30896107237288,947.372593549761,33.33313941728446,50.818443345295385,0,4.606489738145794
4.3103403859927365,75.77167262684439,837.1772271968528,23.250371810693636,32.31843088246768,1,4.324114640883832
4.6345349800290405,89.76761094729481,931.564357754346,27.724005475919206,46.99325639556317,0,4.646729734495775
4.983436513563102,99.51343560690752,984.5271798538738,23.263730412093253,54.633015102342306,0,5.011817801830252
5.897278931758894,113.39716155026872,1159.1661918176305,25.506000948780812,46.669523790244774,1,5.858287128304373
4.741194350481914,90.14135513569029,921.4374286739042,32.755085301131494,47.24104278559826,0,4.754538729268004
5.1118939758194495,98.89898173404455,1031.023128979075,26.3325896666086,37.75597792952728,0,5.131568696697521
4.991788551963624,101.29673468090434,984.7301056913333,28.49587021983851,55.66540987081656,0,4.965014077840912
5.594196636724042,110.94728764244897,1138.1958478253123,21.863441360263423,43.51530799980863,1,5.576483273043913
6.263466212936811,114.07816809211135,1272.568886877971,30.934951048623322,28.435546229949672,1,6.2464505579642475
4.734565613539839,84.08781150762145,974.3914104121968,29.778633400776755,46.287426293296065,0,4.719989809612292
4.755280278740889,92.0712796855319,934.0083204266957,26.35520374983419,59.811497155703535,0,4.745645937722179
5.522080438534536,112.73004170095848,1113.9233999207472,29.05492851158763,46.130705534000526,1,5.526932494795634
5.340945744813156,93.08139068263694,1080.8382332954773,30.901474402517223,67.3798498512352,0,5.358259237836503
5.923353662868017,115.96842237660219,1175.187169071524,25.92565925545328,54.28967948548517,1,5.944980002023388
5.291964092662982,103.20804257067255,1042.957379384739,22.618687279991104,53.38758162280366,0,5.275207631439627
4.82035395460647,103.34876798317164,996.2612042368135,39.027872163434076,48.71601734082391,0,4.803459894632411
5.295327415346154,103.98143924835877,1063.6154005838719,26.833636476448635,49.31713792235709,0,5.321643852146479
5.554351790291454,113.00198072953373,1123.5897130725255,29.516199484065552,47.36576364880496,1,5.567286668999827
5.410241090598682,108.91110751241096,1065.606697883178,35.05419867510157,46.97730607917474,0,5.411898387436063
5.2536370155536485,94.41990791203698,1026.3417137802858,47.64527593785242,55.30867162067149,1,5.263103749064748
5.533337344794577,114.50778297905023,1095.278473469073,23.777567750555672,40.641687702094345,1,5.532741269157548
5.584647795222836,112.76993843173817,1114.4491312967673,32.24913606863255,39.2410617127574,1,5.595139488883789
5.691079495518764,116.36293310874822,1116.9314989674058,26.46223857352947,38.768049491246224,1,5.68435816158865
5.324354943794821,126.11828740807806,1064.6740925859567,27.306048477116445,70.45654547677154,0,5.329731042483606
4.916440959841573,87.90825449933851,949.5180882069445,26.39893989496605,55.3034290167058,0,4.886230038834183
5.073356843216661,110.09062011313877,992.2704201939348,24.371725160997073,53.04492201680145,0,5.059601157320153
5.603254483254179,110.6278520680818,1134.0691216163732,29.793543191076694,39.42485329706568,1,5.589714259718372
4.591532164506382,93.26728781214268,930.3822433068342,22.627486564758822,56.23342300674828,0,4.584044363842244
5.184336654436451,103.4591718622228,1029.0297955795527,34.73403783255935,48.83428653546672,0,5.165806389340856
4.8033305938363196,93.94543020973617,940.3108325857248,30.275014680166873,52.1416894113175,0,4.792659721319858
5.014372411467408,97.43828358815438,982.3264112629615,32.112174864507196,40.23379684136444,0,4.984084130219446
5.639225931303649,114.43206230393803,1120.3798213419036,27.669056940268884,51.602688574175765,1,5.650199940831547
5.095549534009952,94.32512219684064,1032.0002766348962,28.163980328941257,45.76166461793517,0,5.093899263631724
5.023218274078074,104.21726131917032,1023.2085686425013,31.43781952583664,42.343888429698126,0,4.989114121922554
4.32007192951004,84.32046656577452,854.0837511923686,24.179746837970875,57.34106335807249,1,4.303375331299106
5.3731267830136105,101.81218896507042,1051.5555080830266,28.21004782793332,34.62292191469997,0,5.379858811564854
5.322742090570538,104.20477752143168,1069.9052908714343,25.70193243060773,55.647762643141505,0,5.311881651642822
6.08162736165273,127.91829331736746,1199.854772918029,25.547155947044928,56.84486133552996,1,6.067688532449968
4.8461108825235,94.2455422153889,958.8571237274759,19.45080879687179,41.2035632444876,0,4.844619028983338
5.10957516383197,103.9837713676875,1048.4205545751347,36.6966329474,41.796715388675324,0,5.116447114535534
5.124691841855378,98.83905545853018,1041.4806769423908,26.567306234231154,47.769743187335976,0,5.095964792714595
5.788726639881737,119.56414204725284,1160.9048142213765,35.81688027581775,52.820362104622205,1,5.799729209506095
4.952352233806524,102.47458337008149,965.0320667390503,35.34396160697146,48.471450081857746,0,4.936346368174377
5.13951076288517,112.03325942418545,1032.1300839264472,23.570001467417534,54.335624601918795,0,5.139152203520173
5.30394825485827,105.20114536966932,1082.0427967874043,24.55794382163577,67.62979652537399,0,5.30323985204444
5.093304561578179,105.20936525535312,1011.1482390003251,42.80251479677842,44.92283230850286,1,5.082763239213384
4.776783192724736,96.02600155218944,982.3789203446814,38.754629709635715,32.8482002929658,0,4.756309997802122
5.097044996449154,108.42025883829814,1045.263905080195,29.84240743335948,58.25923583030653,0,5.091331265487309
5.536815874929886,107.14215556055406,1140.6378316288467,31.286865532086747,66.8331457592753,1,5.5693224811113895
4.48674235029447,93.45987357027582,903.4533325895211,26.845767985264057,53.92768363051125,1,4.459508849685197
5.066484837073438,100.35621026088536,1025.0448014108078,32.1617635710017,39.12251324646332,0,5.100331097455536
4.649939592530413,92.67785096506577,958.2716642727044,26.414090496387644,48.76107636764799,0,4.644745169108882
5.597523314462421,112.40922871149029,1128.4525416338638,19.838231178508074,38.81476515788368,1,5.598230742804194
4.238406547608113,86.02933293429565,837.6566273658183,23.392221067444744,56.42855493962948,1,4.216672331380418
4.720539076364206,93.82963631167432,935.136958542284,30.105463739252937,36.487095973015656,0,4.705113688030656
5.188605937532261,104.84568466649783,1042.492286581927,24.34466382248706,46.998712131718,0,5.1785477445315005
5.7827620146171705,123.54583058015433,1130.7411744845097,29.663612675432326,39.956621737060935,1,5.761848115199612
4.967124869463506,104.2697458173462,990.5597955854173,24.626694802835686,51.268246851349616,0,4.962946510316089
4.722400236653401,98.7937776955525,966.4109896952853,26.088230387490032,46.33658322862242,0,4.714259918817266
5.940578534720295,116.53387306428655,1144.2906299207534,34.26582653206596,51.76762103250264,1,5.97759415756901
4.275993049791878,81.07365685469594,885.8882519942658,31.237402738200522,50.223505549663656,1,4.252673566078268
3.900597021689959,82.78844322498794,802.566888712055,29.951677893433263,40.1334097227589,1,3.9026508320249307
5.2200072250266665,108.7803784631823,1034.8061526887238,34.394819865353256,56.26877063529022,0,5.224964150664703
4.748972887823695,102.3428111352288,960.6623941221751,32.403042966736734,49.51234348156885,0,4.727566476850658
4.489383591434644,86.76776869884674,897.9396728250553,37.232816456256835,40.114709921340996,1,4.5031201413437
5.354178223649677,105.9358211961918,1095.435452098709,27.700703688424298,72.40926556205793,0,5.346211683392044
5.121900356885599,94.24058632508482,1044.0337342325188,27.85182510736246,54.764301667171246,0,5.072052563853938
4.7179606846316355,92.39685816232834,915.5907224626669,23.494453668043274,48.467394466006944,0,4.7311576768737265
4.359847800664553,92.1798085661883,883.714808402194,27.8550964131379,64.15204526701824,1,4.337508982982506
5.4362286641400726,106.39209638666047,1083.1331757551495,34.823849471512226,68.41815609386607,0,5.4152731652172905
5.32510058897933,109.70441075559073,1066.676769206228,36.49993686131067,48.546505776861146,0,5.338858630637178
4.9504120681103085,98.05572583221712,975.5189756026654,34.80152584043334,53.47397486434762,0,4.943468838461939
5.923318498023833,120.08665510158445,1219.6264409871833,21.02904066725282,40.11997181997059,1,5.941673941034863
4.464957616836924,83.56069538766013,913.7927597654362,35.41572606330367,48.528072492319886,1,4.48916093874423
4.23723741453763,85.17079553892212,832.6520596280667,20.807406883639647,48.009374462401304,1,4.224338845331184
4.654045965059378,78.12523944668395,904.116980873671,34.49058662061174,51.84827033621654,0,4.6699112149784785
4.977206991822251,98.60965904563508,987.7279457448932,28.161077367144724,53.3276047863701,0,4.962097775794393
5.121669724661346,94.28102827465122,1033.0239978540951,33.51266656966928,55.5982844882806,0,5.166332043003989
4.879381971071835,103.61761200417078,980.6805110932914,23.33775826052717,52.37642656299959,0,4.86552283098121
5.1760276982571485,107.40759072896552,1060.2681961467945,35.855838163530734,37.89257373370835,0,5.1965494470763485
4.374230287904778,89.81796066792597,890.6444520245727,22.675126269475555,40.61532894258915,1,4.39110608842241
5.721882302036629,122.0426771765295,1163.767840922384,26.657725445734112,44.53592380536327,1,5.728204058478808
4.958924410803716,94.43390561195014,998.3219901729519,25.009526861154825,47.17759408076771,0,4.945513547575382
5.558647915794063,119.90977430545905,1083.9436085545929,21.228575735887503,60.507742904721134,1,5.555619965955235
5.1713626731888525,108.08821128507897,1030.3585640148326,30.47263783794234,38.37061013147087,0,5.1282909109299615
5.228376609576892,103.38475575544311,1066.8771167135517,39.03044558918481,46.425849518293,0,5.232865010344537
5.284883640116102,111.37577353823677,1055.9462694527274,43.33452611160004,59.5300949821405,1,5.29187594673667
5.223854280008657,98.94561803811499,1054.8326633742065,30.485778935431238,47.00122525503388,0,5.226524268389885
5.321361379933772,102.30465679103708,1057.8973096818318,35.58340637533761,54.60415649842824,0,5.261895256507921
5.6645762650662155,110.24857668512581,1112.3190160424062,31.160473189642687,48.604579570720965,1,5.639263536164419
5.098260584850735,99.32032315669461,1017.1852356892248,32.494415973841065,52.56783257324723,0,5.083298765193762
5.354501878794256,101.80724936208385,1077.0813246195044,28.289256744363804,47.71527456190459,0,5.360335057458037
4.955132152856387,105.21805839260436,977.9126761820485,30.975384627113012,56.67065472728354,0,4.960918930969247
5.720058607724736,113.10690015264558,1139.297496647814,32.68739352303214,34.54943592593565,1,5.716654131885313
4.661803848970365,94.9986018211917,913.5715049543534,27.107701355618342,46.36687991611455,0,4.674508759702444
5.900470216455408,115.15764749703975,1202.4789416423635,29.61252850053506,52.96572676694308,1,5.8799453689493495
4.979921024677829,90.49540399081398,990.095089783805,29.70784940501256,55.33695248006193,0,4.992125724791709
4.284612448940976,87.04253577077664,885.9776006907189,34.132016586652625,64.92952622753828,1,4.294107291037774
5.064052207455394,91.719769272009,1043.385398501897,24.669839141861598,46.089753331344234,0,5.071603302112153
4.659474171262559,92.84631319482384,930.273914958077,29.742288956961744,64.79481761860873,0,4.655833362640846
5.420321774494362,101.5648602957232,1063.8953802479257,39.560027345263485,43.40976173340329,0,5.456936650990988
4.673688010348805,103.41014020313014,893.0196445150941,35.82030076292969,63.286464115446435,0,4.6835519241186025
4.77690828339261,100.09497927872582,925.9409152179862,36.745895244443524,58.17467126698372,0,4.757541566127539
4.055229634527235,81.6333616469021,783.5692304074738,30.12215920089017,40.86541420367777,1,4.0601957440419545
4.7738468403754615,101.79547019578257,982.3387606243224,31.604987818430114,53.07039237251822,0,4.788896507916946
3.788060336685522,71.52962684638176,759.9285590816432,35.01118083351463,49.487641644678085,1,3.7762981647070357
4.208048588257139,86.87836865849324,849.4018081332675,37.80127764765466,56.255845936750006,1,4.229834033195761
5.3802073280721485,108.60319873003654,1031.6330454357271,20.24198543558557,47.767284115666904,0,5.387848002186469
5.3929000793254165,109.17810199317667,1054.6206872807381,23.42279346475077,46.927537743382686,0,5.346050512572109
5.2127287808924825,110.6163431183835,1060.2873517074222,36.547220507013236,63.69094582762851,0,5.218722220439241
4.516511928435394,93.99269908260688,909.0378679347305,28.61555322115598,49.01279105544327,0,4.50839134534714
4.97614432192901,100.96650475270532,992.2847588120901,26.641396053709613,58.26422324191766,0,4.986887918219845
4.998198730454716,91.68953742795284,1010.9365932629456,23.72919506502198,47.746485149558005,0,5.017083027259752
4.420817655403729,83.61612163167727,916.8794872034621,27.224916492279455,66.66663259227523,1,4.424720896346566
5.751699150883575,114.42043834969289,1145.9189809059742,22.988153582880877,43.21665370664507,1,5.785004195562469
5.438681145287836,109.24048477713998,1089.1236251107287,40.45547136366238,43.85856468752815,1,5.4351070075965655
4.889517913085168,92.13933963833374,981.7555209916598,29.887819740097132,65.24517181115903,0,4.902014269546245
5.013442919497265,112.32724176783742,1050.530776604933,29.710247291186413,45.55053609104747,0,5.029541770970012
5.104191403973776,109.66579835574339,978.8511555063748,32.94038337583916,66.01074306164392,0,5.102244484595921
3.9791325657878547,82.59324291771951,809.4909734533471,34.81172584633285,58.91840579594813,1,3.9947080519474105
4.876411308739701,97.88841048121276,972.986216772759,34.729440782773196,48.453502934391665,0,4.864517848996458
4.659007876001101,92.11911267051626,943.1370097239038,35.368109719537856,31.867065279828417,0,4.650556507620677
4.499189995052542,85.22420760093966,886.6905479306139,26.84577224604572,49.80681695728164,1,4.472940221245816
4.859449853557023,97.57639966373478,970.9106700942356,28.510665975215694,51.016300535334246,0,4.864278035884424
5.898843263424761,119.26562796920898,1193.9968642742622,33.845158277211375,61.67217733304373,1,5.905348296941848
5.320421430633505,100.19962573526199,1126.3424901475778,27.3630546918019,65.88447176240112,0,5.34400669380509
4.714410505108601,95.95909218839651,959.0428248097617,29.974466839863876,43.15012820856252,0,4.730233305195719
5.2862913906780795,104.94953256943785,1040.2969661750058,31.993818822124073,58.011817639881826,0,5.280595479545131
5.699677718293001,104.45451657647308,1131.460350018146,33.92592541155188,57.65402156013349,1,5.676114124546316
5.462316841456384,104.94441177523018,1083.3950861235996,21.111595188148996,60.73412702410445,0,5.470973849506784
5.029815184960087,98.52827603209352,970.0501735394172,33.57372824944473,54.98689912135544,0,5.05203024840838
4.6765316111472135,102.96907050964522,928.704518395414,28.831379710741373,30.575023090382302,0,4.691635310623292
5.349111656806795,109.7649987588047,1084.478912997794,33.537288554321904,48.445775674722405,0,5.370801207303941
5.196742692710875,97.25744600871803,1013.8638961606391,33.884658461774144,38.44292425083085,0,5.19250490208691
5.447596610013866,111.38211364736551,1110.488975023785,38.03957530559579,47.973942270819265,0,5.438264230650353
5.317585900840985,98.61519807212788,1073.2726765898838,36.76726823810601,59.80004236133894,0,5.302847873796349
5.524776357659667,115.90898242262871,1090.2706050925128,36.73285831305148,53.05150835874973,1,5.523658428327395
4.732382394219716,92.29202462530492,943.6458860971862,37.218351595831194,61.480908663974326,0,4.730810578300339
5.658697032817162,112.70575971264739,1163.7058427162533,31.45689492407973,53.41753920713539,1,5.662830585387945
5.0987998023462,108.60497928463495,1034.4309167393574,30.160925435184197,37.01674060331097,0,5.09621385320549
6.037630436312632,114.3167908833314,1207.7017603604895,34.36408541589167,24.791529934272653,1,6.034957881718097
4.655406090955216,86.12253089353936,926.3275518518235,33.66040475716511,51.4880876167959,0,4.639872209895773
5.867981901582625,114.44164139992247,1175.1285617255583,28.4546688163087,47.86073533648835,1,5.886814281853654
5.098955391731324,107.17100208972306,1009.5558071874187,32.02411704404134,40.230542606181174,0,5.100485752976198
4.674290998192776,85.8890895864713,892.7632095241748,29.82451766607703,32.99372750348622,0,4.67080211950707
4.758057082972839,81.00036366890394,992.4549748052624,25.73033545769972,42.65256786527291,0,4.743108497907855
4.83982634590284,94.5407326260118,971.071769164556,36.45230370688175,48.05508515135224,0,4.813188083695018
5.212082973200959,107.00036346357376,1050.3795399426424,30.275996212650448,56.6587782370639,0,5.238242257051946
5.261417744017749,111.22966362904913,1051.1253938060117,40.24354128849426,51.8863108156798,1,5.272510518180385
4.71314999803071,91.9471931501872,927.9276635916503,21.872538649000838,66.0806724717273,0,4.680671641179311
4.987822703869509,97.69932104181017,993.8460511549263,27.216106135783168,39.64395943954606,0,5.003085549883702
6.071135179305932,127.19220725739738,1182.2391406173,30.163194183454358,58.81058892057433,1,6.089584802710594
5.863771585050356,107.92672320253,1218.2960469711372,35.68690548814457,50.47298743128728,1,5.866259107496374
5.218161834837016,102.42063282082528,1018.9421269989552,31.997346863010925,56.946691241185846,0,5.250124052752051
5.0190017390841,101.33215423130729,983.1610221398764,31.552363770903757,45.63485136734457,0,5.023336131926557
5.06001566335913,103.44640687360778,1003.1979485840981,24.363681037229263,60.716803738905895,0,5.031679192800146
5.3067589863652085,103.58614626134977,1087.1133117700892,24.215293013852644,52.952247583452426,0,5.314062366386175
4.488603717400797,89.94427940654514,898.0109234654125,31.612523301449524,43.2055501508225,1,4.493501663435051
4.871311731288327,84.98459785870159,949.5396303370561,23.179470030908206,49.87975971086812,0,4.8592457943127645
4.165707963061205,80.02291719955487,858.2283598273879,27.34061124855336,47.60444141062901,1,4.177179139798754
5.19961156130264,106.25977478882513,1054.5423247962376,32.504586645429285,54.891783506377934,0,5.166258255978823
5.32359796985137,101.56048922575401,1075.488293114603,25.08837863861612,38.202232506254916,0,5.343409306400226
4.758406768850313,95.46305648495425,965.9960385934794,38.026779811809035,49.706482978843056,0,4.740844334778204
5.786993381645017,117.97423013691383,1205.2859143406524,36.11968172118945,53.95307252649331,1,5.7672944591426765
4.387117168498829,86.02959736568775,921.125331600488,22.142900008308498,50.33023307193033,1,4.38484067305268
4.26781255989509,86.20857005288465,839.828205118952,25.338143784090065,63.46941244388996,1,4.276472018455962
5.112225909279986,97.43085535917666,1054.9228817122203,18.571113777525248,57.74022774071052,0,5.1155043905518545
5.523549151306077,109.43792662764132,1112.3731940563932,26.087043187259333,49.925192032592534,1,5.508695967990629
5.841963845728935,119.8903577625248,1178.374685468542,33.831942382861996,52.16689097497673,1,5.831842059905097
4.77055786856553,96.19602217615277,920.2661570802394,27.930525288625716,52.95665551482,0,4.74789702161798
5.539340416715648,107.85415198649328,1104.4603680353657,32.303986218079835,54.03299604166824,1,5.53484681868305
4.9807457652496465,100.73599732644689,979.892681243198,22.388328408591278,31.74342004335392,0,5.002246189539865
4.91368635002959,101.8467759537749,999.2984463037842,33.98987627290953,46.98473704230653,0,4.913601091276713
5.4418299687433365,98.58689298197933,1109.7876037567235,27.224453860358253,35.155609318065736,0,5.459018253838526
5.32616143920671,112.31859910891369,1023.7425608210158,30.060848411414526,62.78280947459486,0,5.355269465961234
4.211803921507875,82.55480473675215,841.9200870214896,29.535627493034735,49.391504799970726,1,4.200043551127136
5.738270174862948,116.8928531634601,1170.0912650684747,23.64225739553858,48.06659050320377,1,5.734538709801841
5.6900456770737255,119.78714815970065,1134.2755561684762,24.234578341301088,58.96797332033235,1,5.733469534294976
4.687218649245235,86.88600449875237,952.0250027490944,34.83897234501713,54.22324797449875,0,4.716105517484834
5.197901766718704,100.41083032223635,1046.6036626962825,31.99496078750848,38.713654856207924,0,5.1644536762024575
5.2470150931413695,103.49755838344888,1056.2362232673265,35.250245207767136,49.29094637472631,0,5.254758059462588
5.130336882911953,98.68797005261693,1020.6410770210247,31.62329117751259,46.64833026773615,0,5.130348082758747
4.72484742307729,103.17163134072985,920.6378685327438,30.714953174046084,32.55467111393946,0,4.741376485294466
4.664188316030974,88.99990585148551,910.4070602576943,21.369946906666165,43.09723766762795,0,4.649288740681273
4.987222964504277,96.96672539265121,1011.6316431899618,28.648166516194152,48.16459677983534,0,4.970430797063464
5.586364509629682,112.74923535060853,1117.662067036314,29.86307839798128,48.850490685081574,1,5.57284309532381
5.2718000772972164,99.42525391556387,1051.5897705672987,39.76553599136287,35.17768576322691,0,5.260361506373248
4.814692833956947,94.31545312035762,954.4607659449423,33.43478316049339,61.516655830474754,0,4.830999317293127
5.385849355324172,109.30425341273433,1071.0660941552194,37.680305908547645,48.97896941108561,0,5.362225331861195
3.5757286896849623,69.85027177178668,736.0839738267553,32.987688529473644,50.37553076660563,1,3.563276411685776
5.574382850186051,111.02072270922129,1108.1716883998497,26.443483865252603,54.00641638339837,1,5.538602602376023
4.13014311061095,79.95620164997716,799.2073278561586,30.585621080749256,42.11923746096329,1,4.150285467079198
4.818779529298434,88.80323904006482,978.6289413704902,31.181118231321165,54.56355973132696,0,4.844200131287057
4.440165052686928,90.41126711043476,883.9354772600913,25.30422215114659,46.32925353981817,1,4.433623584069652
4.3526592621395475,95.82785060102715,871.159769738565,28.078063117035395,41.03414459352808,1,4.346700274843283
5.58041339368926,111.70027602770239,1148.2342448658421,28.97116503161414,55.73447493355399,1,5.589477831734918
4.766149399344054,96.44930857311884,952.8186687218007,38.02809916282559,64.91673858801808,0,4.795639039491619
5.173251940865358,106.92865259289144,1040.4340616354461,19.596297373045108,57.248293734858315,0,5.181424155816636
4.976539710560408,93.18414172847467,971.729472286115,36.02909210358022,59.22977565140431,0,4.9625888717109055
5.23852041361156,113.28298156287923,1043.310693675293,25.316023825203086,44.79369393437701,0,5.206143962171832
5.038410945530128,101.77986289271657,1019.8727100101976,23.13960406365193,34.023802708315436,0,5.016108420276858
4.358503887905715,95.32936225355985,840.5933029043182,35.89971065019232,64.90137522099842,1,4.359968276911964
5.49813340972357,106.29750321685145,1103.643583807028,33.65949034617191,70.5451488940476,0,5.485026859259554
4.753121708419344,104.152743781176,952.640163136765,36.27259351190595,65.42806773769682,0,4.757021062539159
4.221709050670125,88.30995848357641,845.1675592457738,34.00350973772788,46.6421406102025,1,4.2106505703454
4.785942419517044,98.48404881960266,977.9316618765736,40.29922500868701,38.453656612711555,1,4.764779490891155
5.750379895317155,116.17772017810884,1156.7647493604015,32.793619184722424,39.34317302180433,1,5.7268392626880935
5.425110871056747,107.25957433076269,1114.5836121784782,29.217613119384207,33.16267432385951,0,5.456357961244211
4.825673932796071,102.51613694829078,945.2629962473334,31.714631886606714,48.926213815899544,0,4.843453687779744
4.8253711478407855,97.20922230605593,967.792720912524,36.21734564172982,66.05677958082455,0,4.859981506877345
4.8391824743913086,86.94830096989041,969.5258306060607,26.103123373699415,48.583373681277564,0,4.84998149240641
6.0383739917804204,115.1815475270734,1186.2897084809824,26.740557087343095,53.02322900348275,1,6.029774163608123
5.190967726115777,102.8901257613518,1057.3194452649823,28.45519992701046,63.755969643042086,0,5.217434544565576
5.215020823595535,105.85041138773848,1089.4976308361634,19.477086006173337,45.959046881676,0,5.214359463568299
5.515141727015921,110.01989209581895,1102.6882239135075,30.690392042087733,70.35531456719595,1,5.519558562421728
5.119394579513257,108.48274553923345,1033.9793376681266,20.56935648024487,69.92094407497453,0,5.118538091931747
4.870478927089648,87.65406922159984,975.7861549342362,30.265296564663096,48.68888661319517,0,4.811540842703968
4.901825075457511,98.75444119167601,966.0933216933587,34.32644878067625,44.22465735980787,0,4.933919775703408
4.964199370292968,90.19409127892358,956.4246685025532,27.615617696780824,56.97238046390313,0,4.974019449212123
4.9813888817450795,103.42633911232244,982.1623066871085,38.38557935093436,46.52475057481142,0,4.98798534296245
5.36381477181849,106.80400186415977,1044.9237867446632,22.69749550290756,38.434447829326636,0,5.362579250573078
5.02597294290365,102.61750871819359,1039.2766301419124,35.956303408159165,62.812386535229805,0,5.0292414993113725
5.36632003860779,103.00698596920697,1070.9618138430933,33.3756852820346,62.1644738727708,0,5.354374459890865
4.959641709945709,105.59015885720292,985.0099554081984,21.419833758446554,51.55511603763561,0,4.971973296991854
5.039317595158045,105.99497522345516,1025.6465955273652,43.55397149520266,37.37135246271822,1,5.013175628270062
4.000899657733946,82.93571466973836,777.7449094896715,29.68127357248017,37.70473748782614,1,4.004621026383357
5.458163837351241,108.51569051270761,1076.295486710157,25.61257988922184,51.072292884191526,0,5.469395306762663
5.173244237948996,106.36417118545558,1036.0102929747718,22.964564026079916,45.00128965494968,0,5.169270855272538
5.499005054929826,106.44563825865977,1120.376390814435,28.89990986170163,46.589070678583916,0,5.506422410779247
3.551872310903155,75.31522451316667,720.4081630840068,29.362965638050202,60.219631550600035,1,3.5320456230584703
6.044187352390364,129.13115151942688,1213.8039733283906,30.51322764269832,57.33179317422558,1,6.024870816972444
4.930205185922413,103.9571565183442,987.603391889203,28.5110192188802,63.78142680497613,0,4.934939528342941
5.554091408368758,107.43381581833812,1118.8229987842872,33.16612655057547,40.09376776622742,1,5.567662401461179
4.4800470364372345,91.4080273151102,900.042465390032,28.061850836683767,46.56808431313288,1,4.4425497233272
5.306386952531285,99.66203133183245,1040.6779450107183,20.325179413797645,57.589816954601126,0,5.3168273652335
4.473292218413172,92.32779592414181,895.5800281152974,29.253192521751792,54.480783410128915,1,4.462428188405645
4.688115519652097,96.01532745735464,916.1493307520644,18.16261173313361,65.32380382587621,0,4.684259397905949
5.957015676933393,109.79123184100705,1193.024786244695,31.76885315445695,54.2053670590407,1,5.930225318462092
4.904658799618327,92.28425677280471,971.3188010939006,25.103498848586824,68.48109104105552,0,4.887626454814592
5.108716436589861,100.7586342480784,1072.5309197736296,30.816801774579,55.40017801723141,0,5.128038943100468
5.435033865344377,107.19637857118342,1086.2088853938412,36.57037490762302,60.6216744758866,0,5.435691132823981
5.2478409439863025,98.90943420263203,1021.4833974720287,25.25625652366,46.76485053215543,0,5.2401853759521115
5.075209452571788,103.44908269819668,1012.3582863008191,35.30628129256059,50.14287211883989,0,5.072879685519167
5.182480501233113,104.90697806936481,1046.8832751593802,27.833052166569235,59.109444038394756,0,5.192264737726399
6.201707792619137,123.06281019249016,1273.808837446878,38.76597401032792,66.12978170593054,1,6.210517682542404
4.971190601483207,95.64485452887233,982.4490722978671,28.174236934008935,57.29236949310753,0,4.969690061475271
5.100549523357484,107.25452609923249,988.4613451910238,25.797535072466545,49.168282280653806,0,5.122408705575417
5.525327198003806,118.78357952551761,1121.4021798293809,33.43619225197644,63.77335029528342,1,5.544736450741939
5.552762966478992,108.63745191034717,1082.9406191778055,27.82105135188182,28.08021343720119,1,5.5610304070616
5.59351515278019,108.80946846982971,1109.9799217258885,25.79275242935496,35.77765498493126,1,5.594607388438392
5.3193651110145925,108.84334054735183,1058.7206124926986,27.610800746481043,56.81634223668389,0,5.332511532916984
4.428497543634759,86.77980397396024,884.3068396609495,29.776967339084994,50.14108356253125,1,4.434782892070782
5.816715766150548,115.63732931969479,1177.126442371596,36.71090065622427,56.055136511241656,1,5.837931767586666
4.426827303490656,92.23481182843648,871.6927750524035,20.329561272702115,50.64407522431942,1,4.4448185310254225
5.151317732619517,93.47957421485387,1024.788961480568,30.115403294752102,55.70945694603873,0,5.130952654591162
4.622862074990321,99.04875312406978,924.2870079390765,33.124517973270216,41.8559717900681,0,4.601142811575487
4.967930826703504,99.7220191557168,996.5781244910766,30.96724287495898,55.704860860796906,0,4.953905835815422
5.164381205151741,101.23015838022391,1034.8327845245067,36.54932584716767,59.944145282075844,0,5.183903978953079
5.160678607725137,102.7674013833955,1040.8558370494789,29.62827335120738,62.205506039312326,0,5.129152427789712
5.210960377117642,104.03135431745544,1059.0688656163632,29.077242789070276,70.13554294648699,0,5.218855524899802
5.806855634529324,107.48110617336185,1169.223809218884,32.96164773506672,52.440984435023864,1,5.814106496351183
5.22676715075699,112.01003415240598,1054.4251406215824,30.49656907475675,52.73911086847179,0,5.250020111930714
4.877921682354676,97.7650618084466,943.9398731360055,28.047956308597644,34.76827535826152,0,4.8815284561679535
5.482043584144178,111.85588233512044,1097.4132708121492,32.580720197931896,44.68588598861575,0,5.4551793963325
5.594735244462321,116.65245374211662,1128.5371998524963,26.737358533916776,48.069179259933875,1,5.575548145249358
4.386196092431504,82.61810956082859,891.8180423777098,26.944114239903364,60.50319552276355,1,4.362556181993548
5.298700034924929,108.34136019367472,1045.8929915003098,27.360029891171934,43.88998875910371,0,5.287941155598266
5.350586371155449,105.67352196861502,1056.936488733317,36.76534580083204,57.963400197488326,0,5.346928339806971
4.851218248320004,101.25821884248253,958.7616361583289,13.894918220071432,49.9837828303662,0,4.827909417795583
5.68785340665581,103.12093103135874,1148.2989593289888,31.97799417381471,48.22831884885238,1,5.717266646468856
4.924972206483736,98.00397262846839,1005.6720623952315,30.17135907100111,52.48893969133256,0,4.898466579044688
5.062788226735771,98.2416612557956,1004.4084432013221,21.595647703809398,46.08843627747157,0,5.08971029521302
4.913464087858065,100.43059651033208,1000.8520638441539,31.548633895680013,45.709627519073344,0,4.937167348486852
5.007789523790734,102.5060114126557,1004.0275009414387,32.37875995915766,32.95214094209885,0,5.025755574784515
4.451862456552399,85.49911965693784,887.886775767231,32.948196156787,47.52045792672111,1,4.437987124402464
4.279974558702853,82.03862185317685,851.7672271442112,16.740859684775256,45.20031853851273,1,4.286823576286391
5.797252531612486,115.39172378946307,1174.3827336145403,36.831947059272196,44.840190106509205,1,5.7717051089414735
4.576519325840836,87.04717538024067,921.8154215039086,26.311316476575797,54.1687306259004,0,4.5947374665415115
4.504303825271847,94.29599498269756,946.377273607322,33.43283873376588,56.5863195279051,0,4.502824129641121
3.9233049431981426,76.62006286172563,767.616495779682,33.70536890341143,52.321945046423274,1,3.915118538906409
4.680519126155249,79.07544142649678,946.4658592716494,25.616514571903537,59.95415190449474,0,4.656044229222124
4.338455103296251,84.89499178281599,857.10700046302,33.30229976175775,55.75561925830365,1,4.288904980923671
5.821007580068184,111.22743249714382,1146.815776273864,28.072533795438208,47.04943810194358,1,5.80023676292747
5.504908544671317,101.94179181612162,1100.764366193564,19.643114103309216,45.3714371428562,1,5.527164508583575
4.6559248274111384,86.9313633571099,933.9320150703684,35.83870962763889,53.128222367668464,0,4.647868158841642
6.126217902672154,123.07140041260793,1283.6070516356328,26.1247751849188,55.73767109901901,1,6.122831325529853
5.490882743495797,116.4608590111571,1094.4936323854954,25.72753268630973,63.97844307031498,0,5.5039938306615666
4.837584308245689,98.31760853423867,944.9132870594441,27.984670659816388,61.911730449400956,0,4.873697685808015
3.7502971425632134,71.97342591018557,755.5196428625304,31.36118362663694,44.58526993492831,1,3.7767972356621264
6.145471286295371,125.18894670176094,1187.6014565081468,29.713647945889488,48.979937198727384,1,6.126024586219048
4.305213766618202,83.80882378126908,859.2036176715551,32.74033462353585,56.7101780491777,1,4.266362355189454
4.177300626521554,80.07301068461535,835.780630950214,23.302553167356706,60.679977780589724,1,4.224492911703557
5.51128521600482,104.4538909789315,1118.1490508598683,26.288068147846328,59.38969468704792,1,5.556665048238009
6.219876203169637,115.63838002963413,1263.4476856224842,29.42001463839233,49.361221671686536,1,6.223645275098223
5.692136409255259,111.89310965230794,1128.3558894728974,39.48943646329353,37.45977347571483,1,5.666726644343623
5.28195456002618,106.42935865012426,1053.3786317126373,29.43093730793121,40.01063623754409,0,5.301219090704059
5.297377170832643,105.46442506657841,1044.1530175543153,35.42611131830816,52.72633514319414,0,5.295217497112391
5.426707779390154,106.45432094806628,1062.7803047818768,30.192775843921588,53.422255794243455,0,5.424448156928022
5.379464294893382,102.86055559438374,1082.0907545662892,27.581706812812158,39.01320626565615,0,5.397353471755485
5.1405957119846875,105.8531451981186,1002.6474314250056,28.766377879427797,50.44569610889272,0,5.147283206922153
5.052100551975938,94.45635143978585,1002.1275723837504,29.157901439855593,56.31224356971783,0,5.02838425375564
4.968703436050239,103.25420829022217,973.837208012063,33.018228694803696,38.48773342492856,0,4.962208597348599
4.623017705566662,87.4492690166996,935.5972048391376,36.87305633788277,61.049972018044144,0,4.636240764139889
4.859662461566613,93.43107304456709,1007.9610942986523,31.798404238431605,46.22468851440175,0,4.869867506014713
4.153521592902307,75.73650590496777,804.6725589243948,35.93538839370878,62.57613112576651,1,4.158761924389477
4.950830186602625,96.50959299762431,953.1056676625736,25.176051311851573,44.665475542241,0,4.969498645692142
4.5057044464245415,94.99065122088072,898.643151577907,27.926847455929845,39.73374517115821,0,4.498470106668196
4.448205341392114,91.54224727006206,889.955024197578,26.378487328961665,45.418630101582806,1,4.451778736896496
5.089947075576739,106.69105207167496,1022.3626012504938,31.57222295437426,49.048518769226796,0,5.022435493573187
5.6960011431723,116.53073559311568,1130.2738183297731,28.20520807410293,46.11520093228519,1,5.687008139295443
5.459158303001156,103.66481691737128,1087.8188746237226,33.64886468517098,47.83998578426887,0,5.474436361172669
4.214749698188411,82.64104784213045,850.3001478484944,25.34499144183779,53.3396514967619,1,4.206941808846069
4.5051859317148315,86.20272298870931,921.845804195863,30.215154866606408,48.288206302036,0,4.495861383880489
5.4703855939941075,116.06058640007736,1054.9761433924557,33.434289555061284,49.33887606047993,0,5.449556534958611
4.508756303230845,84.19118283248535,894.3724718655396,19.67348612479695,32.90773600797404,0,4.528823621085428
4.887683425001487,102.2221569469753,981.8128608791187,40.608156536651016,53.91698016010473,1,4.898652690472299
5.275026049512276,109.96529034078937,1036.6456878102404,28.58424057560062,49.10796702308332,0,5.291534341468737
4.515827772568183,99.4646564599441,937.7889471489825,19.874800431619136,66.1029298048287,0,4.481303493329025
5.05268775307298,99.0053220983121,997.8293530100212,30.79046949288393,40.604348327460414,0,5.049478752207667
4.332987252540898,90.22135584871876,865.7715967680339,30.167217339865754,31.917046715004854,1,4.327385032385897
4.699316178024393,105.39458274318207,950.9836775417244,29.590528102137537,56.18068493930042,0,4.693704743892422
5.159890967071268,100.1096109567569,1020.1524976382157,34.95595556463333,53.46527018313,0,5.147570416196909
4.2035031332341655,76.39486142702151,803.7691656907448,33.73722485713528,39.91566979468854,1,4.196581047798565
5.220237368980199,95.00469721006517,1035.4743832577092,31.489380955119227,34.702510449959085,0,5.2372302646343325
4.99018110053666,103.36718215503986,1018.6250312258727,32.25077816973324,65.3739673068429,0,4.951924073469703
5.276244977208574,96.10914850387856,1048.511092906012,29.478207752809567,64.14110390606781,0,5.3117908725691825
5.111957067032331,100.37754607595701,1005.4627273772867,38.877454246200244,25.125432412938707,0,5.12163388953286
5.682070214986922,115.82797023493325,1154.927487187439,22.604019908211168,45.41776970743499,1,5.681223577073718
5.062612251323953,102.17812271062864,1005.9069523443296,30.698258371079483,66.64192054783899,0,5.080748934251412
4.785297229437374,97.83316890966834,946.8562296144704,30.3251231559439,45.23937442222133,0,4.756260534534005
5.061148751516142,102.33442430932712,1015.2188720964946,34.06640203032296,45.09387765973347,0,5.047854733413121
5.271649014518194,111.82730935693084,1069.7448070960145,25.7807306128755,47.17240672370632,0,5.269227505870383
5.024430035162852,95.72701879956306,1052.5202776672213,21.28163698801732,38.79103026231841,0,5.051741242571495
5.020295845601941,97.02094121974618,1020.6038912735366,30.784115080490967,32.95224255771956,0,5.01936591397941
4.649004156096622,89.11678589557833,952.9976305470914,31.406152461093022,60.52547310734749,0,4.6580052495203255
4.668549541224526,97.52194988380357,923.5905842651481,37.447997047238246,31.570630937523244,0,4.656757961305804
4.298697364100153,90.47594022397838,839.2221107006411,23.648189768374568,52.47271452108756,1,4.308434205479503
5.8747883715934694,119.75189402846192,1176.2043013110765,35.7734688335836,58.865794927576495,1,5.908333163452959
4.378068382304358,93.47883598053679,877.7570747660635,41.837071820135606,35.48773701098842,1,4.39797891613784
4.653547401102046,87.18074368515902,909.1392253931174,28.111175562387615,40.757315974049284,0,4.6519182813464885
4.640796367215401,101.15204790206371,924.653382845,23.54528890253388,62.131791883915895,0,4.654306184160711
5.447462188472221,116.56543687800571,1097.4787897288268,27.965128168133145,55.3289172022704,0,5.459012527564365
4.852525160853986,100.72861320330846,977.7129000711589,30.070024836856902,43.82714293121113,0,4.862656914287932
5.623871036336867,121.38641527059264,1134.8599643350587,32.818939375034574,62.02249003361171,1,5.646110103554076
4.663254687878066,84.98197771917245,938.470232178362,27.04302635080976,62.06535723454302,0,4.685344241954815
5.139497081111901,100.16770094092476,1017.759243036979,37.77599267073671,52.69052693015707,0,5.136953909174403
4.582326473370121,87.97001216399265,906.1872821410474,24.427338424959693,40.99839772126337,0,4.595164054599676
6.072574563886694,125.0588878965206,1190.5358848174612,21.303974239136,45.86551296528205,1,6.064912665463498
4.406200790485244,82.87331211169415,916.9356588807507,35.533552121436585,52.8638674395539,1,4.387739342558932
5.154910355113514,106.88568284895771,1031.2510783150885,18.626894843969,48.11405170852512,0,5.149520479999434
5.316888440466049,113.19044952930454,1058.8806269773129,28.97935115563642,59.38957178234851,0,5.315362877431258
5.206899548725749,107.61400547493498,1022.8040681161008,45.588405646040236,34.70225919890664,1,5.173667928942189
4.907356170561146,99.56587852953041,1040.1843921587847,29.939782235200344,35.05736470933761,0,4.92456282174948
4.935089650133287,93.762426298162,965.5513693821996,24.39616174651875,51.80871111482433,0,4.87974314168124
5.021905735989555,96.20385988916428,995.8041886857895,29.713012681066033,45.08455586193095,0,5.076202074779282
4.926498999185756,104.77807451019845,993.6165365628724,29.74599605690233,43.72951385302259,0,4.956536581861682
5.481939558397455,113.53553618747577,1108.3921709943766,30.803249701765584,32.319432808256025,0,5.476719383914009
6.105261500795676,121.9101324190258,1240.2109412634486,33.311314910798096,50.19545844798182,1,6.105450028006951
4.721254107496083,92.3355344210922,980.4029916546019,24.804444158161303,49.472448919992345,0,4.727313544967829
4.315098510210461,76.17293083865235,873.1428551513065,38.437740276183966,56.53478981951741,1,4.303315302450683
4.9558589758243725,93.76291742306526,970.0511791655412,31.22557142186309,50.68906133120972,0,4.9597113587761115
6.289854668827159,135.3541888122418,1252.832031262996,33.63397023200902,48.67395921759503,1,6.286974669273126
4.598162716015135,85.56097646529037,925.7891906533046,26.859253001221788,61.77000636790337,0,4.596277261670515
5.819558402722034,117.33856716054609,1205.2762013745232,36.431910684977666,36.8753269655145,1,5.823187623991647
5.838850407038221,121.81422800674042,1139.813971839158,28.714737955934677,55.36389218847576,1,5.812579851071141
4.723205879146002,88.18950424290858,968.692705933705,31.387762567467657,33.28852835204651,0,4.723997273628675
5.284491539592637,106.61338316575817,1060.4965953094559,25.334469614064453,41.61638119999192,0,5.287760494524987
5.814198311564269,120.97354391883866,1179.5962730174433,25.015341867989367,37.87342867376687,1,5.816775303991387
4.8104361295062565,96.27121919966139,960.0473315685326,33.44102653226442,57.81942535451918,0,4.806119514397533
4.8982098199488195,112.30621167731023,962.7933113872374,27.78196584896307,49.34589766404606,0,4.920966975468207
4.709159543025678,85.84019456612259,956.8493641931624,25.730884562478114,49.86496755407023,0,4.702086491928047
4.492621634653567,95.14607534249073,911.6129474728258,26.78408328986485,38.93267012270549,1,4.497168152790031
4.675361227466997,92.64321586235762,954.5133848081938,33.4947653585871,47.00306504067111,0,4.701307178145508
4.388029866618872,91.62019810656082,877.3398806162016,26.854810693981946,42.36534696690888,1,4.386442343818466
5.017041734129613,102.54737044108849,991.4119063595256,29.41172534198918,53.834550148542164,0,5.021330999478964
4.615013384470679,88.63448670386359,891.8269369936588,30.075138751435485,40.08908864668386,0,4.613085691744381
5.1168929558953735,103.48284108020417,1039.7660565418628,20.413255569948504,63.29794365205076,0,5.141640351766646
4.2220521768981865,75.1515362809723,852.888225028517,22.64436797313241,33.24419550375906,1,4.216897685666461
5.165440116107229,106.32503982500154,1013.7723705641666,31.681389446237812,41.934801675434386,0,5.191107207652993
5.416764480804463,109.82608194604188,1072.5814226949599,26.314853194236512,66.77200509966096,0,5.414692722911521
4.003132178714273,83.25594441750097,791.2912595038257,35.28362455640209,45.64861252037966,1,3.9859429842453125
5.187028284923786,109.03115732391146,1007.7459683451087,34.83403552125272,36.85121335595588,0,5.200615748335268
5.613834496236646,114.11478912578147,1106.4132513152267,33.59584333177719,52.19071562537668,1,5.607741139561533
4.395179490654398,88.64403691207934,856.3592909947524,39.09885893656299,45.24607757785458,1,4.407589508636381
5.836286193418852,112.32038218507057,1159.0076584460116,29.584553361284083,41.64129744381694,1,5.781698105720377
5.209509504683022,100.62908627541519,1027.1279509700132,33.2444096295192,39.04129189201282,0,5.209613609920921
4.647494072120796,98.88355454330257,896.9587160068241,27.077995117019846,77.68373605625943,0,4.638301966145646
4.972115461171147,106.62398625195283,1034.874896845619,42.26184956434362,47.48448099815864,1,4.950850287440521
5.279163456260862,104.39271694365696,1080.8835058727568,39.918168262180096,30.74432639667123,0,5.268098636224066
5.038002695706206,100.99006765039049,992.0201507108416,30.05940217258896,64.93709759005534,0,5.026528632820353
5.269377996223184,100.86448804949485,1059.324027177709,31.93293114952596,56.11070905110571,0,5.2684182803261725
4.539663203460317,96.65704829554358,916.2819424884893,36.79648799682403,42.33533568980212,0,4.512316674234618
5.084680412018039,105.02069235881967,1040.7577994990772,29.264302475929465,40.66880911313858,0,5.091005887623234
4.29314275154751,95.56894221326894,842.2564497763004,26.716879646001477,56.73472796158231,1,4.320467047251626
4.94438696932565,94.4961240006143,1010.7195295447785,34.369948755034414,47.53081672510545,0,4.950005539264606
4.5480461792676055,89.07088409026102,898.6511297693825,30.39219623041835,30.74022181554899,0,4.564225951452186
4.632235028705117,93.8019301867302,899.7297576576511,30.914972248226302,67.87239964604669,0,4.654126277797393
5.618046587605218,115.59337944073322,1138.0920487073338,25.828643284660174,45.66009537784043,1,5.642776377848902
5.545655060297134,109.83476301820453,1134.9461805418755,21.41163925818302,64.95571736482427,1,5.583057834153561
5.304569060453589,101.72657575680327,1112.6719915613314,31.180712049395506,62.784349579657146,0,5.2945850204880704
4.45384361766371,93.48390999789207,866.7742182309379,34.524810207471,39.98990455517186,1,4.439473937960488
4.841795775152599,100.44159231577989,982.3375487321357,28.87096625461979,60.331898643631476,0,4.857465088119094
5.606548849989592,107.54960649697321,1113.1137451220475,37.182147597794334,43.48557450136319,1,5.62071417438274
5.070858456819952,108.19438314192652,1029.838865574471,26.480418372922276,31.332994131960582,0,5.086371962812266
6.159664769990847,129.04428894579996,1202.5231629735445,24.7264777251704,45.754018339778575,1,6.197450419075852
5.196658919697186,104.60466088018268,1014.0763884254659,29.663848464019345,53.97637501776279,0,5.196886317873156
5.096024558245015,102.3184804767805,1003.6874151856734,29.587037123243547,45.37263352003662,0,5.104547689437939
4.845441767898749,99.67912421355452,970.6676344931116,33.849843656676114,46.92951659074899,0,4.82583400286908
5.066770452391141,97.02689369654153,1000.5324651474612,26.125185879680075,61.43566044928613,0,5.10947687487066
4.923765081809728,98.62545903201497,997.9341032402141,36.84047118407449,51.064939802900916,0,4.917034183385546
5.354054338344295,96.31916904384,1091.3487600340175,39.834584812541266,41.56701688715047,0,5.347890019781079
5.478351158397292,113.94930139546051,1107.6617825043654,29.80427986515829,57.020303236673264,0,5.471416160577127
4.6070052697460255,84.33263928271121,953.7768067424224,36.24855210092159,51.97675566954245,0,4.594107352573139
4.334383523221111,94.20476960656721,875.193237233329,24.7175146468737,24.78395198537957,1,4.319794782244157
4.081897313448351,79.98734579913477,792.041528482867,35.37610770590958,54.28352913771449,1,4.071423227790561
5.253995663456272,104.02157835946956,1078.0666629620212,35.23638204279732,53.91828707716102,0,5.226679744895253
4.448316696913063,85.82766440783874,877.5602146704928,34.317186400949396,50.2012112958086,1,4.432610338507799
3.9235547035237586,77.0308997008648,802.919310698463,29.92218455564853,58.917005810695755,1,3.9625339657527108
5.194289302265482,110.97844277104983,1070.3325447841985,15.228755293789844,43.276064156734975,0,5.2090024051383095
6.2464997587163955,112.49095189165251,1258.433711957887,26.791364281739355,53.36499788820901,1,6.26501784225095
4.996964544230053,106.324117815042,969.4697325827176,26.870419911576988,34.33040628832647,0,5.020508719978391
5.419245387225821,110.07502515002497,1065.4848341149684,25.10872530969761,54.07090383398832,0,5.455928078513069
5.040914679273783,94.78318534618958,1034.6378251924593,30.61121502273533,69.53059695539896,0,5.005486228244906
4.950555173404429,93.63454150284238,986.7285809680295,27.905182772393825,40.05143647532459,0,4.925957511098698
5.459538241493885,117.57272996591871,1093.4991189976201,25.87693995117489,42.40197868012225,0,5.443463768275991
4.854862727905674,92.36972015839983,986.149033904407,24.7059992587609,42.89984557108448,0,4.845468131975882
5.133696157035952,96.90717058773924,1040.6656886487967,26.422435072573855,51.29998225801595,0,5.127684769224246
5.160848903098007,108.90355077378378,1037.7457768673107,35.60749605924964,39.36963727146282,0,5.151909352041886
4.665954773178475,95.01185984499908,929.0175872112857,26.69487472686253,54.212473786909804,0,4.6703409514411165
5.496021174768261,105.23079561268322,1092.9508660390052,27.425306467833636,58.46839945469165,0,5.496727082583165
4.912520121652296,99.33352731006902,999.662000836286,27.71651192488377,55.34347213453784,0,4.898063425748731
4.622127420253578,87.31378498687016,935.4968746720714,31.694967569047098,32.31584574361928,0,4.578616444713826
5.268254921785202,110.86920542781705,1048.5049843446845,32.281247442642666,59.95167665158606,0,5.2483975476776275
4.550766009104481,96.3221750064553,931.7954480807591,14.77671730378419,59.3736741425368,0,4.5397812360382295
5.014090578684564,102.94184256780099,1000.2374334343172,35.10817606913804,58.30161372346304,0,5.009148989948409
4.995440501677899,101.71711533979305,982.0548568488919,37.18184017121877,53.72842248655825,0,4.9728471524916875
5.542947782915789,119.66489628265265,1093.410142605091,24.749067313191652,52.201893142051325,1,5.53313165358586
5.237349116439977,104.74541396574065,1027.8950065617998,25.13850877632583,60.323893981263964,0,5.214729368670265
4.987486520627428,93.84035978544455,992.0491037934119,27.74873306110864,69.23513487603455,0,4.984970133596462
5.408883149600143,110.4250325561644,1106.4511154867525,26.219979902716975,40.4695953663515,0,5.387421323032891
5.695103774508657,124.3323107378587,1122.9188512811213,31.11963436973303,60.78125395794772,1,5.678125681381247
5.2789051531759315,100.50430559758937,1059.5505458555483,20.267373568205677,49.13782901992547,0,5.2527314705561485
5.005176309921691,98.29621236496388,987.9014750717898,24.4103619598163,48.703269479713995,0,5.002106296010295
4.34408188382492,88.96386786700566,863.6101959395552,37.69598600087454,34.63469309617962,1,4.326752928425872
4.467443168462314,89.07933912421758,863.2878094527576,25.35890016325991,47.15210590484605,1,4.485578853795822
4.847387647822666,92.03623505456675,965.0667649814025,36.21714139051463,40.02735042031585,0,4.855504653156524
4.695243898920358,99.51416725955953,935.1746721879723,31.776690977950686,45.36145570494054,0,4.693846861556685
4.906514348507277,109.73049058023183,992.1086285821693,20.95366142705871,39.018136162218504,0,4.890564638560401
5.028324962448553,101.54715654409061,1010.1306107548181,33.17664597608103,45.51091612686994,0,5.035935368554879
5.264846377178365,100.7765860948873,1029.0014329366322,29.411663489035732,45.93889642976597,0,5.278660394965338
4.964750610970454,91.5502095941417,1014.6340870749616,27.722664718751297,50.967549184388005,0,4.967604379214487
5.243250821913101,106.15489634436793,1052.85622518706,31.22478546586002,33.85250137708669,0,5.275324859022439
5.0322372074050605,106.1641308646825,1010.4153118245619,32.37316742783396,35.54481852254676,0,5.041429953766557
4.012266716823064,82.62117306893819,802.2696962969102,33.5379591098731,53.619142707305265,1,4.030538861174425
4.530332303090622,90.59462685721819,895.71131167368,35.89126423774001,42.02561882929901,0,4.533003611401342
4.927956222139192,95.61276618383732,989.947291222813,32.040679563891786,60.74529790229931,0,4.941469511204332
4.395152628579446,82.44223440799847,888.5422944344607,23.121829556068192,52.252697220150466,1,4.379217003926062
5.299964364998102,110.17304393158646,1025.0549591727092,27.631772711744045,56.06762150206407,0,5.290796397733846
5.765375416171849,119.87636643036491,1142.2998664874478,44.715241676343105,64.10692320420895,1,5.772362687241496
5.609380925848658,104.45896958351949,1116.7772457616597,33.62245530190864,46.90289188193427,1,5.616222915479805
4.893278564534896,105.81476618160133,983.7791250208647,41.846436504057486,44.255132945837246,1,4.90343080099376
5.745363068424976,117.77761747296952,1172.9388338035378,36.977170410995924,58.71702585598813,1,5.767370926270551
5.074333728601056,108.48464779775009,999.4319294282757,31.209010357778745,55.095135639296856,0,5.045834305164748
4.83145701444098,89.91850154639403,956.3321659518392,31.50703534890559,48.12669690178699,0,4.811967963488774
4.69329866822953,87.03685258751341,928.4090514329749,29.81709980061577,63.91457966955942,0,4.697890121051015
4.848765156755936,96.23045658628223,953.7224795490963,21.3109769207675,47.87755690160069,0,4.834277884119866
4.8059115907293855,98.63215394906369,954.2385882436319,30.090236262341122,50.32773637555781,0,4.873466955555172
5.085208111187744,110.68596633838969,1032.4576666373082,36.053372762710985,50.21222650834258,0,5.0955225035711464
5.080286990524932,105.1361343795743,994.9806881976996,27.00180002589398,40.65406105101529,0,5.0787203735463295
5.001523010076707,98.81705381747398,1008.8608899183995,32.059764995309045,50.77585389486391,0,4.99121362461503
5.218469084873175,99.23753565913404,1009.6557723742683,34.257955229465985,63.96760177398491,0,5.208865839209314
5.595323137393171,118.05646561145917,1107.8378675497902,25.451597803437622,54.44968315376176,1,5.595925950619475
5.4747770677206615,104.67201422565967,1088.3656275397727,27.743485678281676,50.310634263989314,0,5.477016706373087
4.257551015775048,93.29336308936259,885.007396613291,24.910442547614203,48.38232718834331,1,4.248417032881178
3.7230394325490224,73.0388654029479,739.1118404147508,25.889171966552965,53.30867028406351,1,3.7175763876186245
5.467159955619637,117.29610947548198,1049.4071216549091,23.561973581734694,57.49766628489185,0,5.494045647124329
4.316560650792289,89.72586946614219,823.3343520212329,25.497757693109868,56.092388308897526,1,4.34425075004531
4.887617299053658,97.06736853386087,978.2040515376651,37.09727840398919,46.68135138178021,0,4.892657978652355
4.41494348697032,85.70188788027576,895.2641145098622,25.422614854548538,53.247815941101145,1,4.3881182924255855
4.09900978120999,80.27565623746939,827.311073394543,30.63229609530345,54.799397411482786,1,4.10977984434277
5.270731364102394,107.55621074392408,1057.4976749364985,27.485656231645223,39.92805012473022,0,5.301817012934615
5.379577580151324,107.97733408411506,1099.1607079803782,35.894329685184694,51.68230541183694,0,5.406973202190572
4.71174479963664,91.26583895238927,931.5571355125853,36.55581148301808,28.38696113697638,0,4.726433316692833
3.704478853927545,73.26142002696274,758.7939819060456,34.32034991069474,54.82533709821185,1,3.7329273130332616
4.726877775873759,94.93044066607094,912.7352574742234,31.530672765513778,56.603430545626814,0,4.72794546132334
5.195902002701273,93.2743695819514,1021.0814438814932,28.84470231579551,57.475461257864595,0,5.208464062097947
4.260544215612936,87.50172488620221,815.9680152239508,24.040626479043752,46.049531478304324,1,4.246928704286432
5.091679959889578,96.93499307420753,1012.8390859645198,39.71764440561098,53.09046835024035,0,5.097525269012692
4.992345075413502,94.08023949224133,997.5437907373737,26.20163491123723,64.23953845541166,0,5.018935760292913
5.2896457498005445,97.35619326045735,1060.2111798046392,33.318231735164204,64.13769648291259,0,5.277857281570807
5.059790184207077,92.22634119480209,1013.195703899158,35.297827863116986,49.70827300773439,0,5.042561315617791
4.513465529559222,83.492073075623,884.1420392956098,27.22359751547335,51.3931963072956,0,4.515415308339696
5.598285750832246,108.42061022849246,1115.852333278185,35.19006263657981,61.10911144734433,1,5.593752506757766
4.920735213486515,108.18099995736316,954.198109325188,33.821066016694274,34.99197984737825,0,4.933718167907924
4.986347730245034,97.09755622542465,1024.5341255516519,38.63981917690883,46.769242573229754,0,4.977282539726093
4.533366020463402,91.55607094060818,900.6006826347203,27.653267667866444,63.355704555367566,0,4.567734812775456
4.778358874404245,97.56958442061654,945.8940524999751,23.570679913601424,59.75200541684766,0,4.752565352445024
4.55759864298655,91.80729879081024,943.2985351661916,27.472551222777444,53.69263777649905,0,4.582673338710944
4.913526970038289,97.88332209713582,957.8604633366732,31.044267712671658,34.94167594669379,0,4.898229985472127
5.855854240071172,111.14061598342721,1148.659105733595,30.29106363542528,49.50089766958838,1,5.8199345853794915
4.314049428534322,93.53562631208248,840.885479209493,28.032810518627247,44.10084603750067,1,4.318806931661299
4.19321930106163,92.90036923942203,837.2864325783363,20.454012705113783,53.31038902817213,1,4.1881271413413526
5.735585163746804,106.29840980432266,1155.7496653421126,32.352414980645534,41.906533152051196,1,5.713392976388743
4.895338161424067,92.78662027404944,993.86114164717,39.861722395411,39.74276605025393,0,4.861710623589762
4.665463630670041,91.91022090151579,984.5326324839077,32.32125619061502,29.351347223163586,0,4.6652964149246126
5.519952343698038,105.5763578994098,1059.0018196555923,33.04567759526757,62.21804684976701,1,5.539469081530514
4.697192230131568,96.4736723699107,951.6131578088019,32.86222653077551,46.00229488556943,0,4.708891299993297
5.913004856773468,114.6187361234363,1171.458359903249,31.985233349412,51.57145783702534,1,5.914138989750254
5.338962935669635,117.60453905242571,1056.0642841561514,34.65832983434048,49.97761883525819,0,5.348539887133989
4.756044295927149,101.07362889026095,938.8134166203522,31.97686840592833,39.32566067039501,0,4.755500013279591
6.078654106632752,122.6359522858161,1197.5554279103908,28.43661415173362,37.409350885518066,1,6.050059621772144
4.697142538498331,99.07778208656528,973.1190043917352,26.02005544995623,39.94684874002765,0,4.668724658793862
5.371047686004654,112.95045584187963,1091.0554837412087,28.755131723596623,42.76831561170607,0,5.36698431542496
5.149646290203246,100.1731883637737,1030.3931776117968,31.570647482253328,53.66606247013805,0,5.146433224475925
5.650870644699399,108.93632667127815,1157.19444398962,28.41958519438513,42.04282336479388,1,5.667890298269534
5.7807555983634265,116.00582728211677,1125.900540366708,31.57169341565715,67.46490631594622,1,5.795901682838921
5.016002074532883,104.62822211314739,976.5863122799581,32.195750668502086,60.27151035893151,0,5.028104734848062
4.623291064826908,93.16112328980526,881.0988583214878,34.16589715635091,58.08359549665708,0,4.617685410565365
5.2299860714695585,96.71473901843618,1032.0089234914458,36.413974844194904,48.8034109752685,0,5.202373028067356
4.661142315123947,89.20872408272473,935.4624335588845,30.390037092394287,65.14280735720484,0,4.669383737865267
6.0066936237633115,119.76400815729434,1203.395896311309,23.461117174261695,47.81994368878876,1,6.017197010028555
5.068267665541368,100.98702528919823,1016.6403713294712,28.274479515904048,49.68738585845754,0,5.020497036291815
4.817339224343946,106.20949537082795,935.2467082474675,30.220312837032996,51.69974539749269,0,4.800652460612293
5.092340152932454,94.9168633466541,1034.5311254387714,20.82115621911455,57.01823040543344,0,5.078519065384576
4.326436855235151,89.0566833138824,870.0799214118102,36.94332260051241,56.369080790029855,1,4.32880385925762
4.514192980744674,97.72942515653493,917.4996817782547,30.711889562552333,45.24874721555397,0,4.49812577208936
5.600206953972212,123.36138780655823,1082.1861472426415,31.906764172901426,44.670062805740464,1,5.5994442625957195
4.671552860514302,91.40907009436623,940.5403892788161,36.82763231263133,56.39902957152084,0,4.667342161707242
4.47654450865903,91.98803743678161,871.5535969334555,26.849285849288265,57.152365838912324,1,4.473361519228275
5.268326376263643,108.2153293112661,1045.7188102017014,32.87020965442015,46.066488751771274,0,5.253998490389629
5.592852077331498,112.83445020439643,1129.2577134390274,29.45067938449032,34.128119303215456,1,5.580072376250165
5.359476655332533,106.69530710045413,1073.7172031916248,29.079565664920402,47.92683903991755,0,5.337871314136919
5.498023842902908,112.1403538055584,1082.5739689849952,26.139038060978102,56.23525798825859,0,5.505625191714385
4.621602455715269,79.77081868820696,924.4459542667423,38.32801606843264,68.0541684641978,0,4.633024508287097
4.289094666629078,89.1922407828947,827.1882270209427,28.122499799622144,38.02042037659338,1,4.273682307626571
5.750666825977744,115.64422603786473,1173.1387131135148,33.49732123447851,45.734287471694266,1,5.781079627898085
4.838660080578932,95.66082712768731,963.6263357258613,20.62496306264032,46.10596438474624,0,4.832368051630091
4.874583491772476,107.72598081404732,997.2876972396018,35.899942648448935,63.55805339431501,0,4.905187204248407
5.664097070924529,109.90727132453783,1122.288780442985,35.261055779785295,49.65058499541367,1,5.651254527447898
5.27811500470033,103.54692014868144,1045.1514811719342,30.487170551486514,40.92673440627735,0,5.237583449168341
5.227943886040804,114.51664423183976,1030.3050414754039,28.865287669310376,55.58695282921819,0,5.235987842539051
6.082501172450542,117.48971692476155,1234.0237131239699,32.00000002806783,45.95361479959054,1,6.087472074552921
4.678240884809928,90.81424128151586,921.4595538154161,41.44395330440145,37.75612726642046,1,4.678928760716079
5.463920064040619,108.54327416365813,1105.6759214564274,21.183816505482575,41.072266927238495,0,5.451075414471739
5.028506562448542,104.77380365961858,998.0522645363227,33.91013693787064,67.3404195442262,0,5.027815117938825
5.134296139431629,103.72493532539914,987.3399618884933,25.441913489230487,53.84209221649462,0,5.1240709502742385
5.764234213206266,108.82155752836401,1141.440561285524,29.900408018501345,51.07760055452543,1,5.758187221879631
5.2539178781448115,102.41751474726028,1027.2014113417054,28.760599404606683,47.501062641879535,0,5.270750523260113
5.269148039524817,102.34618862443527,1054.5076623786101,27.858408711011222,52.92148842118799,0,5.272832384115419
5.536253668654901,110.33896814698278,1083.4425790174903,29.947674354736353,52.802359460024945,1,5.54845269640154
4.817523635228557,98.4796909977203,982.0242290600038,24.32914427361105,52.92168828207326,0,4.812886265096042
4.580395166330497,93.69893210604981,914.257516059039,35.14590218063984,51.14845090277753,0,4.573554819414402
4.4775954029894836,80.67184928954765,891.9671607027219,21.029282444007,58.687983383055496,1,4.454525752371711
4.016821705311999,85.65613904404425,816.4821838181515,32.69882256414171,50.231043460007314,1,4.009420973060635
6.028103564970161,121.82491552938633,1224.8988516755494,28.367320737327145,40.220611644473614,1,5.961681273858378
4.448395817139159,95.89057658075271,889.2771883924388,24.14537553096273,43.87577109099132,1,4.436591377813046
4.889373188207114,100.00845540059564,962.4506316504369,31.011916852993476,30.20981306510288,0,4.887735704663297
4.861593350055539,102.7384817897896,936.8392776888653,22.21524456646761,70.26817116042392,0,4.872866823140942
5.153703348904551,105.40679353534165,1017.0196746402065,30.198569108598175,58.62754591952687,0,5.148329791354052
5.407868606269648,114.8885009064067,1069.2294763209704,22.885615460942226,41.69929504870763,0,5.4148220771145485
5.430236744179872,111.21598806368634,1088.1884978958203,32.306360421589154,47.181551506029,0,5.386640970952067
4.708461280715531,93.6796493820961,934.7893185203455,25.378213331848123,43.631235257935664,0,4.707324543671391
4.916439143106794,109.69095646437029,997.0464880623875,27.745029914853454,65.42547211374117,0,4.882849087248526
5.14128997524415,107.27098511628246,1015.9983296234162,31.46974693971581,35.80122835729071,0,5.117123904930963
4.875654436908227,100.3818108431866,973.9900640445866,26.13728944078882,51.14476058818779,0,4.87191112595095
5.8036727880099965,109.69193367750826,1184.414306465937,29.710180001658486,48.914721574351525,1,5.829198067767468
5.245487475819125,98.46821142906481,1055.9339994429242,22.43084749377573,58.26838630709114,0,5.2529116110885266
5.367438893024909,108.81235527120745,1072.2870277712104,33.154378017980775,48.95990772275305,0,5.367803512967652
5.331440634333706,107.35641867551533,1054.2492380280378,38.82456902775385,32.41791123344565,0,5.331050026544364
5.5867369287426625,108.66412574981167,1104.6827578142331,43.96104433954981,47.48882165357559,1,5.572464350878573
5.090510779351853,102.51512908509736,1001.0898908113317,30.455840733332195,40.278377820566746,0,5.0796311110843995
4.351584026022077,94.97481516065952,859.4966678887573,33.941020703985934,50.795795465565604,1,4.360131546931493
5.199843975876321,107.4738918902779,1055.0821119501504,21.096871635462556,64.34177036520326,0,5.172136765507431
4.674321553104085,87.78138851331802,930.4265451949717,37.51367163152794,32.60574755767722,0,4.686182634109746
4.735691659125122,94.15628904678772,920.1428704373998,33.88114252362053,41.99777264600096,0,4.727921517782745
5.293182009377547,101.83880778328812,1093.999787736705,27.580332775243836,44.473070462165026,0,5.309693150874938
5.6191415357168175,110.44433113229354,1130.2276109662666,36.185904001445046,46.18368904586789,1,5.638363404861459
5.010635788368031,98.1446374392124,973.9882896633428,28.727619616773293,57.40125664105244,0,4.977174108117916
5.154416506299482,100.70010221296961,1022.0463227150799,27.70987408492722,48.26455582438612,0,5.142784891034937
5.851107472317619,110.7464725864854,1172.439222120092,32.376674627137454,54.15802725720445,1,5.833996918558806
5.120376589744284,101.76925838729473,1058.1671598148043,24.683227500848407,43.74226956268224,0,5.084122030442821
6.300841557090197,123.21379295756739,1238.006062252862,35.10812382199974,52.299243454179376,1,6.280190891566009
5.282754822815772,91.00785300630409,1076.0717789502733,24.720050940365784,57.77797630877715,0,5.331579939721078
4.1196186204220915,92.65723253095014,851.9134526238652,24.74972605088407,42.67700450262912,1,4.13180881834634
5.376670810552266,112.97726448212867,1062.761076008962,25.451551057958326,57.81358119806515,0,5.415016569924381
5.190579192441389,101.9300802242028,1032.565566111073,33.79750018758061,50.52372768727569,0,5.207161161241755
5.644876377041372,112.99162278953044,1108.2490904607992,26.91612319240146,60.45460240482252,1,5.6300395138212025
5.336590675634979,100.87354177611178,1063.24891230539,23.260021078164158,47.985800999230264,0,5.328955251701498
4.930772008008113,107.0940545492166,985.422602114764,26.97160000032101,53.81244655162099,0,4.94254073161292
4.387850881855317,97.24346111097191,890.7631763327108,29.839788146597567,49.5939376832147,1,4.3966010059247775
4.895488371356987,98.69323606837236,1000.9013436918063,24.095137581678074,49.037877379594214,0,4.8839415310428205
4.57473977289535,96.61244867883372,899.9860332866369,24.24159445482828,52.5893042822569,0,4.544539909483765
4.709738275097639,95.07119939662239,902.6011537350078,40.556481670497924,55.36807469224904,1,4.775493498845414
5.2942892022103045,99.20215684982644,1058.432944856536,25.697172980930567,37.50435088075995,0,5.291466208763448
5.834952252175703,114.63992819869577,1172.8612010345132,28.384788156134967,64.33633608817878,1,5.82843747431205
5.19733576491149,104.60635513208959,1044.4555067359988,28.16381499600357,31.403369594502017,0,5.199602454189597
4.402058468982408,85.76843078593093,873.8782288463007,27.893215961147792,43.15187890261104,1,4.397203897196187
5.22230133411007,103.35276029502623,1046.9553088152927,33.10673369984551,49.05730929235099,0,5.22475591226418
5.598315743322826,111.50931707891094,1149.97204483161,34.74071475236025,54.12355969085948,1,5.624054689045154
4.6951085478403085,93.49777846747887,946.6563929473119,28.47022784234204,65.76172527741379,0,4.69261757824658
4.932991416663541,98.92112078575823,979.1309148326467,23.817608567038256,31.417085117748925,0,4.9097372078769865
5.007344097364599,94.84385661530897,991.4648631309999,36.37220113924452,44.923058716102894,0,5.004111221475027
4.60755084345888,88.56593612353792,918.1131215382214,29.523294544016586,28.731665122007346,0,4.598262807830682
5.324140216921929,100.05988300993874,1097.5628426209987,38.651609074285844,50.31621973910248,0,5.352618195666866
4.939525925696109,103.67959626235319,984.2391709486978,18.772070512174185,52.716835845000304,0,4.96294830699086
5.2097662219535135,93.66708972986865,1041.5573575002884,30.977016106416603,65.90795742171252,0,5.21191672196213
4.55625391109895,96.89302993856363,901.604510801064,39.59303166938104,51.20634760893454,0,4.530679194002565
4.781270849838295,102.5571639830801,978.2338371164983,28.23367932280921,60.440251294423796,0,4.756753004569496
5.361190678913886,105.71291064336461,1111.4348808776706,28.87253288332682,55.83837081539059,0,5.361493144145577
4.813583423954117,83.25598303994585,971.7289457794511,31.477558457951694,45.647518029948316,0,4.820309883340542
5.863481925616703,115.46308570249761,1174.351843199049,27.206020905575215,35.910392532079605,1,5.855989469230181
4.800181907192699,95.68271733740988,960.7720381020246,28.439640339736336,52.75002298291811,0,4.790578515508554
5.112342362875943,97.19385615787428,974.7823367994737,28.310924529042985,35.078979828546366,0,5.10048637821237
5.466295415936545,106.7498163496897,1108.1621004730052,26.862896327868135,62.95207072669644,0,5.465827536731666
4.290817133533484,93.46731866498644,860.8467550266138,36.1442827510028,48.37937897963176,1,4.243161886492023
4.119595594009612,85.71654769170092,832.4859598151368,32.30539016148217,61.95177411511416,1,4.097569061434218
4.237171842714953,80.12061628240856,833.2051246613165,31.25314116051651,45.197855658676005,1,4.224630825806006
5.631292051713591,104.63784518629465,1118.5692727631763,34.04285503445058,52.68850786400992,1,5.6554421156126296
4.724070927053777,92.84633195302669,936.5936866806919,28.678220833982664,52.09348857334689,0,4.707794654215198
6.279099642834126,124.51470895993033,1276.252388248286,26.128980908235498,49.54955881989076,1,6.28270900567075
4.717876200671306,96.8385199502427,936.0000434021993,26.986878476927213,45.673404866034076,0,4.722407055689926
5.092275651598518,99.16892946913208,1060.1083367618996,30.008915205523046,53.9245601847052,0,5.118233981711733
5.771054976283938,117.97859740248806,1162.8282436370882,24.70394145813549,40.73836736516792,1,5.796306524423221
6.003046444079562,129.7366990818924,1175.0956356159977,27.498694917066622,37.905646710409414,1,6.001896384703664
6.030751788318199,124.69254087858529,1203.5794317986006,27.419416790642828,62.42826893326828,1,6.0212420934944095
5.604183115296571,111.84321976927757,1107.8031206161859,40.62278114914507,57.27167988892101,1,5.590906453240057
5.512031262905731,109.32487290284814,1058.5186031847456,16.130925300330418,50.6589160860224,1,5.507209998456416
5.296263474600591,104.14190382111248,1091.2421137223942,29.101901392971833,66.65142382543782,0,5.287582807514119
5.389180538083319,113.6868153239271,1091.898958461064,38.62846896407385,47.32234481275155,0,5.400253086270483
4.724407141835734,91.35157560695816,955.5455747251331,30.60922232066227,63.22703219988979,0,4.732813338185438
4.590900558288847,92.04412471077686,921.4881848637634,33.76708736710546,51.75574084925822,0,4.602736582111747
4.998312771294524,100.22224493529589,972.022202885056,30.49913157549884,39.7524924992361,0,5.023498445523247
4.914907688737536,95.78923281069305,973.3091949563985,26.663333093917597,68.48040191770849,0,4.952165071165539
4.773385975336362,88.60539176730673,971.5128105629527,18.790420327455436,59.90710846624085,0,4.775879243204513
5.348193723728357,108.5787469926555,1048.6143441500212,31.027278435181515,48.78978968990436,0,5.37018299915627
5.477652604285256,109.2480322264282,1044.895134532035,26.121966976988045,57.271712595339494,0,5.470619400608571
5.044203443145924,103.38527121010134,1004.2985684735663,25.99832296917348,45.962965660020934,0,5.067903582817585
5.738765040527631,112.10729927835679,1144.9178570249753,27.50506372010444,58.29149035059542,1,5.759995223671148
4.429155442933247,94.68721535273018,888.5423569149436,38.72430703311747,26.089214347160407,1,4.449323762332107
4.903170270360141,93.6795365011436,995.2044269423188,42.02418771126986,39.801986663054066,1,4.9050516671839715
4.641588839698597,101.39197821406142,941.0698841843437,31.086039687642003,59.79259744286963,0,4.62822167641878
4.06673169146347,72.5964512801281,818.5217343975726,27.67616388044136,47.50344461781081,1,4.0388411227061605
4.95865965707865,101.34704346435745,1015.6425591774642,24.11386791274395,52.07542294888742,0,4.957858912928228
4.9391262458083585,101.1596783288003,957.4458535454054,32.342700807730346,36.53214337884565,0,4.9697864966533425
5.756724871621065,111.1567120927169,1161.4366106137609,38.91452800032572,68.47866995702103,1,5.750527973593784
5.315405842277388,108.43008653485283,1075.6119357222165,28.763298064874217,61.905296437176766,0,5.33110837398659
4.487906587835398,96.15572510550875,872.7900718454748,18.10501979623388,47.993147816246704,1,4.504785615845776
5.927046283167094,107.45683146657156,1155.351844459771,33.35024835907762,45.953041431366735,1,5.92137255874855
5.610516847762677,114.72406099270759,1107.1845270230233,34.92699855725024,60.29604361419693,1,5.636843744513067
5.291048851734308,93.35462293303578,1044.9789414965558,22.070771798070762,69.82470450168927,0,5.232875636844698
4.886757950575084,92.90683499388564,992.4199793850654,30.882420918314764,59.537602558113534,0,4.86230294500032
4.52028038163826,98.55143945726992,891.7653006538301,32.25613008068049,71.71802667396602,0,4.501967735711091
4.8138966119644735,93.3690220723292,945.6523520272707,29.63446348995531,40.77648670938082,0,4.797502311507126
5.544374309852093,105.01808637499698,1096.6421872365274,26.04614540457323,41.80613169501209,1,5.551099568875811
5.942293152967305,117.8561744144227,1210.8312772765453,35.07968611781778,38.110588819466514,1,5.948093909028383
5.7716217641360945,125.77196697353965,1154.585220314758,27.983101270156588,54.41760649649479,1,5.779501575579594
4.755575289106863,85.95309454610714,947.5300373142344,22.57406918650034,51.7560354980437,0,4.767496918989513
4.440191283355494,83.54727610891317,885.8381466970777,19.752627571651594,48.48048876528014,1,4.421189191972581
5.070443123455602,108.89602088501019,1039.929831377651,36.30424759999655,58.09258628123298,0,5.046079602119456
4.115780317218574,91.60411806206014,808.17262891165,33.08331988235559,62.32328605214664,1,4.123706710858731
5.161583857092391,102.7145210203964,1058.6269372372803,30.439867735645844,34.74337590713158,0,5.1489792156194625
4.926198706850665,92.3287106243801,989.4496673485631,27.798626815745983,44.030279720988844,0,4.894789205943306
4.766981749065879,105.81885249036337,950.1879621736688,27.355007928984364,58.2014359412306,0,4.786408634756708
4.202648466366602,92.02518128607804,890.547703232006,24.621316757791945,45.32261316141418,1,4.230550504496648
5.256800053284858,108.53073600450834,1030.247220861,27.842721777200577,42.01793923641846,0,5.287943271078832
4.733649580169044,90.61097985869378,939.6562008424687,19.39956392439913,60.18537427650395,0,4.737389734598539
4.415041582144856,88.05568493870693,858.3596916456913,26.31968173265743,37.1049993027602,1,4.427560224064314
3.5638688933591753,70.47557746195935,731.8230180825585,28.44531241824453,46.98420192208895,1,3.5912662578264136
4.986242547474681,101.37910747257152,1031.03228816797,33.04940023595209,53.28644025804809,0,4.973414231674213
5.886125798334872,124.97752315735413,1210.623615295067,29.80036768313318,44.261800860898816,1,5.908339352015954
5.830629607273935,121.00967735116572,1190.6048965177072,33.9746155693778,57.831556560131745,1,5.836137531956799
4.771451871706864,90.0421570492135,950.3379649854535,36.74567552556715,44.31123024802631,0,4.789726104753716
4.6988939698191095,100.86036164647989,932.473974414025,35.29085046912051,64.0861949344592,0,4.7026158302366285
5.234387128037512,106.25340326081601,1013.454030157621,32.352549236892784,48.742537025042274,0,5.260312262232472
4.500807280405854,93.45147458741167,940.8789267848067,30.05931339590392,56.71270136705353,0,4.505277755656685
5.150895949909733,110.35062329458768,1039.558751544916,25.096059957932205,57.460239529828165,0,5.121216368720385
5.383040139192345,102.10290153627915,1066.7688897410794,33.69972025689658,43.724599972559275,0,5.412078671838639
5.613466611942154,112.09020434531077,1149.25446016817,38.39873691110765,29.465134513441114,1,5.594515997122712
4.9499229617600236,96.3411864784044,970.5293020168046,31.71053019825209,53.60755754663835,0,4.974984125964902
4.898163124911517,90.12396537140306,987.7650656667569,39.586295742130616,50.72288347124869,0,4.896358267282711
4.5610087066217195,92.95372402045899,908.7491586385272,22.372141459694582,55.55826027575127,0,4.584528926325674
4.58655982298007,104.28897921752352,930.0855073936201,24.229183076102295,47.734725276171616,0,4.609255195277405
4.8867605540492365,88.53482235845595,976.0806400261249,34.27600753874131,45.69572301199284,0,4.895363413535544
5.183682753408089,103.51225201291443,1007.7179928593932,31.321451050766257,70.084730109817,0,5.193853459760631
5.456792313116624,112.33856093770635,1092.8699900767256,36.568910882859036,35.27645938489222,0,5.465244885460476
4.598410524659828,92.58360150147746,940.6593877694728,29.922641796366303,57.33950478364238,0,4.558134029534206
5.746344284479761,114.36124542701653,1148.6845287788726,25.66012288735834,44.25398141816609,1,5.748710888857725
4.864438199478716,90.7926821723452,988.3899423275249,28.93203378897479,46.64221382259578,0,4.842116915957278
4.989316352825782,100.95026077121645,976.9526808516753,22.33658014538133,46.828971674260345,0,4.992740095700695
4.626394160426088,88.74406332344212,924.7536162198205,24.357046634514827,41.96565725828743,0,4.603535309498423
3.787879869863529,64.80798887237782,745.0857648709342,34.86221998959005,55.712242102362396,1,3.7641808310390075
5.442022698180525,114.81341506617915,1103.3441564381992,34.36393707234805,63.906435959499575,0,5.474121388215603
5.368421948546216,112.16036807013454,1074.3142209544833,31.815021424030384,54.700136612466615,0,5.3898108963087
4.859336221440893,97.44502931307325,985.6687178149109,21.394612395197655,51.03381996212095,0,4.85925336974201
5.033495358612436,101.81528061327722,1028.4532802456445,28.207982122435556,40.13559500900753,0,5.037190731617416
5.25796960885205,110.53098224061881,1065.4262932728377,23.875000556699746,55.16825265824451,0,5.2530112883371896
4.218727071556729,85.49623971502498,849.2077829972187,35.88266626893883,71.56349631729299,1,4.230124599076319
4.735473661326853,99.22956100034362,927.1304870951425,27.081389332186994,46.193053762049075,0,4.7219525739958765
5.397132339810914,106.45523579184902,1079.3707457488447,24.57126144609225,46.24016420648134,0,5.417007145068273
4.3728552884153755,94.01702446117724,863.9092496427584,30.148980825607122,44.38910869019003,1,4.367793551595093
5.146778966083315,104.53950795132971,1022.4745140825785,26.79922771582694,45.10585765505579,0,5.13838202616669
4.321709097688298,87.40444167179533,856.8511365226544,37.41871955101853,22.547004463276153,1,4.322143358057994
5.233214991216763,98.3139943807751,1027.0444867477077,26.325945512329046,54.05035385855713,0,5.221392054618251
4.982179258851258,101.0783644485337,957.2890799875718,23.003858703876844,41.54447823645386,0,4.988752905841188
4.192434092047245,79.68890725347264,825.1239574428937,19.235432421212423,33.897368812082,1,4.181686840260977
5.582369677228586,108.45597991192925,1120.3415244842004,29.846067487932924,57.53189949732549,1,5.591740149284963
4.632704211600975,88.57720609043889,899.5773014116453,27.19034943071037,39.17982214958064,0,4.657024342379205
4.59487378149281,86.56630097036006,919.2884010279944,22.855476967441366,46.61330946116242,0,4.580487347756646
5.100284598615471,112.62954898739423,1058.0622882093135,35.946132306278926,64.6644239118858,0,5.097673089469568
5.574318674714357,118.14306880422916,1135.3248660479162,33.33622573714621,35.90784201975487,1,5.583545288975065
4.4920890905108015,99.44361932093734,931.2886482845709,29.858910605313852,34.67401765402238,1,4.483371943411173
5.030839924923986,94.5023234007019,1013.9905425234517,36.821631220854336,52.69306189562338,0,5.040126336140519
5.214408250165286,104.64443375286018,1066.2318464927862,33.31268016699306,61.494873640103684,0,5.225516227378321
5.346552803631572,100.46351794661095,1054.8312661169587,25.885720492407838,34.25658282268037,0,5.368218039157458
5.088220777638613,98.28594116678693,1004.7573501872829,24.80389918004617,54.076897368371775,0,5.076100976716915
4.816486080458339,91.7390866920839,908.5144119689184,34.08990772226931,55.80999539961692,0,4.79763057565373
4.58620488967564,97.92201782572062,940.963887415974,31.981834782336755,29.408395163076797,0,4.580053341884366
5.043071941523188,98.88029043995496,1039.4208679010353,30.848738839853308,57.9850133790722,0,5.023716894732246
4.463930494007196,94.62050654861402,881.7225538944939,25.767510985655463,58.766058798421795,1,4.475220458088146
3.5393247582526963,73.80709961299651,702.7859175225946,33.03973783502877,46.882144267439756,1,3.516089732249168
5.218279902078834,115.88379180210062,1028.5787381419477,26.222505584330253,62.52346362298008,0,5.264940230443887
5.451967420543098,101.64212729516333,1098.0465551381694,29.49006672703161,61.36455574324845,0,5.477885977774573
3.818533782229081,82.66684184351561,786.2054073518809,37.2347207319349,51.03117925717205,1,3.8187852976210874
4.495134647645031,95.63489730490426,864.1714900513854,26.69582882094927,45.48554609675067,1,4.512482537504991
5.309577130502599,101.32464841991681,1070.104196713365,22.135053714635696,40.27172107417043,0,5.276841093216383
6.028747734855849,125.61062137948278,1200.216111536787,24.73726404064945,49.62436490633809,1,6.07921520148384
5.010396853837704,101.88866189188522,1004.3472586068744,34.971494133438114,55.69758919704179,0,4.998592561593694
4.635998529385433,91.58258928794162,936.3795859105725,31.273655686901048,46.75823138959359,0,4.633588581107446
4.9085517794475795,94.05135815409159,977.9463071140594,29.35561310655623,28.0249899473797,0,4.8714331137038105
5.6874382095740925,110.15321693423593,1135.415904846703,27.454530973442154,62.6871389457657,1,5.69716395566891
4.6770179104377325,103.78941868768429,931.1260787364537,32.42679953776595,51.90223221844894,0,4.65489102729619
4.600403996674873,92.01149402828489,939.4871233707403,25.754475745048882,46.20375503323166,0,4.602437111906194
4.758628238908984,99.08321478583697,960.1008469843467,31.52832784321298,58.571583884232886,0,4.747742750250493
4.523335695870644,86.51221700907512,909.078809928876,26.343727155935216,65.24638596482757,0,4.501780817172037
5.061335157997398,97.32743842883977,986.8479971776339,25.51170307362473,21.980884305121084,0,5.045247927962146
5.81233922923478,121.65670863094532,1154.8962509826931,26.81256282587494,54.34263649922072,1,5.81685498991649
5.161539636558015,96.48291167340263,1050.2813105183864,28.12296276758019,35.73350789189653,0,5.1359098171006385
4.873823248936856,95.40039613921076,975.5185812498496,29.755850820331485,54.99110506798941,0,4.8588470155163845
4.8540943655422275,97.25202436620572,984.0095025002282,31.177278975555573,51.27927202374579,0,4.867359833167517
4.218404595651672,84.92495492223368,879.011155136887,11.55817354285778,56.3572652644055,1,4.270454193149158
5.441554888573579,107.93563134639079,1109.083099098892,25.961747211266175,45.00752385505345,0,5.451106664964639
4.961081401493599,101.20072693535161,994.0794470527147,28.042150113219805,31.267598881808482,0,4.942736168650054
4.909760043204687,101.6594796431828,971.7322252370229,37.52531019304165,45.496318087433316,0,4.9024177598032415
6.59655378392243,135.60426340574526,1268.2397648633682,24.59998695808934,54.068476351397834,1,6.597185564045482
5.1493764541828435,98.05851004031773,1026.5075923871116,30.813983090499562,60.15392328675223,0,5.142387955170129
4.624104474952408,91.06131400940417,918.3006450741447,37.475151548679186,38.28168699527475,0,4.642165638287147
4.7868212018972285,101.71023834732927,965.1715642673532,23.435157350263637,60.270604268730175,0,4.791170671557513
5.574222854598378,115.95769302983692,1111.7664663801818,31.96987612932201,43.521277103534786,1,5.5923799022965754
5.056635205268882,94.26840684797232,1004.9193398650405,25.988640830327398,53.624498815945266,0,5.050346329462929
4.280861010841317,87.37461971858735,820.584223558119,27.47683128855383,44.90106047134367,1,4.307371015235742
5.459614467287602,99.30116309887798,1073.123536874519,25.984445830233426,51.82170627712102,0,5.4562847556019705
4.665927957230503,93.55323365491189,942.7186122621117,26.34071345792057,58.918776345702746,0,4.646504159847743
5.936648888108773,128.22181284590536,1221.6479302444086,43.60956073953247,37.729859227114645,1,5.980195295729618
5.540024032857325,106.06101707080157,1106.0542988965526,34.22227936035833,43.20094103253169,1,5.503524477918102
4.776339052170624,91.35516581595458,961.8240319056073,35.50868930893105,51.84962587342087,0,4.761564277664526
5.640508180867556,116.63031252521542,1147.1511993125673,32.45996743418248,74.01583661030352,1,5.627967623830949
5.033927755263702,92.9645475292258,990.5676723287353,21.96871605799021,41.36810287833172,0,5.084093880724833
5.426386837561109,105.363961601797,1092.6136483779308,31.974789851616535,70.40133885996919,0,5.462524015244039
5.2423664086472375,107.8295338608535,1033.6634796028043,35.36464807253673,70.0442330367517,0,5.272244971520081
4.576821672504563,88.36500421164425,932.6608232707329,25.733002629804442,49.026888492984085,0,4.570208499257037
4.678225083841269,92.38465174077052,938.6730777272885,34.82663333580563,47.018474738001,0,4.726748643918105
5.5149804087905805,114.02053672738678,1108.965118037745,33.52168104927039,43.07934801335308,1,5.5223474488674
4.83261233394673,98.7599770966174,950.8704948409743,39.26020022406835,49.31797469667331,0,4.8521576013527925
4.798175768379002,97.29760734905706,973.7758008680161,27.911084937431905,35.93280567440442,0,4.801769676001126
4.522438710325323,88.75316281015628,946.1820004896849,24.511945088621367,49.23760982679402,0,4.521449378898859
5.21179953279673,106.0862962322794,1022.2016726507818,28.191859453137273,64.96880273850856,0,5.206763959318203
6.031262459621573,120.00658579193266,1199.4573117713642,37.17785496581811,43.889149375232826,1,6.02706965975319
4.466233542872864,91.6136989070862,897.8788580579345,20.857970595790185,47.59275696010949,1,4.478403375846425
5.012109728336379,97.7575344411377,1018.1500699071922,19.65812142284484,32.98859525732758,0,5.019453724311887
5.706110277707714,113.20936068225659,1130.0311298357535,30.446976394658066,53.740620881310434,1,5.7054808503036405
4.960179304377142,94.25379712478278,935.3752550725736,27.78705353612922,52.64481684951374,0,4.990369784231119
5.226185898124867,104.34867991246617,1072.4209695082538,30.038639465878422,50.63702359765771,0,5.1668508367500525
4.46880323592656,85.32106040038698,908.9707695769949,34.726558856179324,47.83172949777857,1,4.479000980884984
5.214153548603824,98.71283872126652,1007.9717591110316,27.237153269405738,47.07242081227545,0,5.228508322737004
4.906427867497726,99.42186308923146,969.1341976639541,20.6349708453469,55.01900233700672,0,4.9293671248628295
5.4928649978399315,110.92099883608692,1129.9366481585328,40.22240778599972,49.71183398411377,1,5.491567569018864
5.593693025782375,115.78822919039037,1147.6945335256326,25.01385856280612,53.14971871555332,1,5.597851427130054
6.294781821009307,123.74000857231066,1277.7291646554402,24.704814389939514,52.149828174545476,1,6.314500788675602
5.289816586606788,107.83659596631955,1054.4410686421604,35.51860006861298,61.23427287095762,0,5.319639914692392
5.162898158291084,106.01195102719,1034.2393800344669,28.07755439479241,56.76994097375054,0,5.156887438587508
5.097192150788668,104.16771205493134,1016.8199140552111,29.683050739825948,51.9286184315019,0,5.1025316664512195
4.823416853594656,92.34006865788243,987.248166384308,32.41395062030159,65.1842203065218,0,4.856988332881631
5.169241921730846,104.13165584597286,1016.3315362162671,35.41791551554998,54.20268529056561,0,5.126761380213269
4.852299294930486,98.86668737888301,954.3438658884131,28.33269653409114,63.04962688790419,0,4.838499042934194
5.084230488134807,101.72050209723585,1037.0515893636816,37.5997600295715,56.069426083866375,0,5.113547207706866
5.6587987678039795,102.74358706422417,1130.8725244505647,19.321000756325972,31.58080921068457,1,5.680649524476146
4.496728717360179,90.73702246707099,926.915090581112,33.79893618476539,63.048347633193295,1,4.507177621578713
5.5699392805645225,122.46144080827666,1100.5576119732934,25.802362209911713,51.35176241342669,1,5.56096734310234
5.658557533669932,111.37095432961372,1130.61593952721,36.86135658303996,49.48045229099222,1,5.640921163690224
4.94096573650446,95.1789292408126,969.744887604013,30.710222394152726,52.81348347489577,0,4.929141424119613
3.9390725504957027,80.64819380847104,787.9617637276119,26.63547333995299,46.55016838042933,1,3.9700327149120764
4.696089006452784,95.48367118138853,909.6468625505807,33.31420546510816,52.270288603889455,0,4.683520152669677
5.6484972732805545,118.93362129269316,1119.9467862370116,34.46594173603626,44.08123933656908,1,5.650525732565348
4.988565968850559,93.48197859746674,968.9881164715495,33.20947061429319,62.7427225873437,0,4.973491815953325
4.500348883852545,93.66387893992587,913.9482414343341,24.851518801834697,48.8641188637895,0,4.517204364454526
4.747612539385892,97.90436109397515,963.8542946723713,27.579914381889576,46.17416157277567,0,4.7368380137789625
5.420310013252276,107.6954675803428,1049.4567480407684,29.979635814392825,40.75074184280726,0,5.418358135449188
5.2733667841006895,107.16077227162224,1081.3510717301494,29.793701736749696,52.68775789148641,0,5.239699141439833
4.880533950415153,102.75796641629483,1026.0550926114277,33.74872737719174,51.87107100125092,0,4.848266585691054
4.816587794092656,100.69333278199537,964.2376865532581,19.92549383746696,53.88424613677506,0,4.816741257959086
4.804120925478089,90.36732194919313,948.0018998911249,31.671635272767517,39.72748112494871,0,4.777617782374134
4.538794907750749,94.87668908879239,964.2455933702106,28.550093227816802,33.98818801188427,0,4.580896640537438
5.807687844734721,115.83031386953184,1135.158198980894,25.80749691808024,56.255913025065595,1,5.766457382492476
4.83883976539433,97.14116579796418,968.1700824162481,26.287566111152003,64.84641861876507,0,4.822836259421048
5.608579260412748,112.53757016326342,1125.308297535188,28.92731167741018,39.73646377610104,1,5.6089132777580994
5.7606580259612254,114.46194557523322,1179.0345576012935,11.994574477702411,65.89441283561699,1,5.75335536720531
5.49915544907398,115.94164646701493,1107.0258693173316,26.49355214604225,52.839110587363805,0,5.477072539940702
4.784189843640976,95.26520707357346,946.8652908124262,25.62092587676853,49.9293709544917,0,4.7650312868510705
5.201865045168304,98.43957026145024,1021.3493216259017,32.663916046613124,46.02451303454222,0,5.18205196361832
4.987902196804542,97.79039465624219,990.7440029559857,25.972366587447397,36.15481980575004,0,4.982167762908141
4.548149069634936,91.85645497675108,889.4912667080843,28.92443099914755,59.877285159246,0,4.5871876514252845
5.162179640860802,109.3896667387013,1033.392434567854,37.71138313830651,42.24393638562397,0,5.163738386791966
4.410480104420099,91.22507551314615,870.8120972868101,34.971757599077115,42.201933242623994,1,4.434138114207849
5.593839694230782,107.62411749088042,1088.8871829803616,34.511356999717265,59.91926309886955,1,5.603979221147345
4.767691351350804,107.77977661041054,978.6411860376588,27.50063784794574,31.170165533282734,0,4.789968599310448
5.10057982793642,103.33547311361829,1010.1625151187031,32.71516139644826,34.76402189331833,0,5.044580541884548
5.141643935773071,109.2098324054565,1002.966051055108,28.83051099773203,49.818657564919185,0,5.135554775350106
4.870547513147962,96.65237809507309,970.7443199398415,29.01953394661531,52.93284429004852,0,4.896690221610976
5.293346900737637,108.53373423827999,1060.0368114668806,32.04842671873275,54.847346479689236,0,5.281912184282651
4.762548171688738,99.44830595636678,917.5802998261669,27.01503205789534,46.98201506603747,0,4.7977976349861295
5.435648648728622,114.80394653334373,1093.7626830882398,37.46501552221602,75.3036966864169,0,5.4653264518039775
4.327010159876625,91.82704472442363,844.4588806015197,29.199349302010315,47.72107441234166,1,4.3176275455540765
5.063189789773206,105.62478079582901,1046.858534138457,33.091802831298324,47.69213847897278,0,5.053126519392279
5.969464499529142,117.8138563346123,1204.3721101473632,37.27800239628649,42.03013331186123,1,5.949192382682052
4.499834337697212,87.13795654416394,891.9688677372561,35.15826887287587,51.23906816521071,1,4.487242453059936
4.661127514737574,94.88558784637246,917.3221475411677,22.955404486547376,56.149612320467746,0,4.636475733454196
5.256953924829458,109.80471885829449,1049.291430814619,32.22447947504942,62.0357805453346,0,5.265530148438118
5.089790890969799,100.68221431551294,1030.2139930256255,34.253596972303235,35.10715735559782,0,5.06066996110287
5.1753150496367795,108.83216082130753,1034.553127355652,34.45931511080374,47.54004661644299,0,5.187389709960584
5.244593565073831,112.15495502890752,1044.5755368720293,24.433525829426845,54.46703610809144,0,5.257155139011837
5.317360734280885,101.7656100902506,1064.6395526725348,26.71482381491338,55.870575345945355,0,5.284136646177206
5.5548499209781115,106.91239490058082,1098.8928055708832,34.97279117870811,50.065486578045395,1,5.585846293104678
5.2049093284642565,103.39631127475845,1034.1177471559904,26.19119814658677,55.42423969532102,0,5.215181514352561
4.879371172690729,99.12548679476056,934.1583857600458,28.50151971667843,41.910361070742,0,4.894365133119627
5.336286850601366,104.10290194319205,1086.7318947373205,37.87937904750984,65.57905432318357,0,5.32111354657051
5.949940967447608,125.75983274328789,1195.9641490959568,29.76100374807605,59.926281029794296,1,5.962388549817071
4.933683126808713,100.79399684376652,971.2675084810741,26.366129310830786,36.55072212934827,0,4.956210995803154
4.512735347664679,90.45194219449729,940.5217691600407,25.611913215685476,39.248969518832446,0,4.510763179684586
5.553540334643486,103.89125907352708,1112.448396536545,31.66359664792594,39.53078249893094,1,5.593578783828454
4.939809418023201,92.21710927832649,967.2390121651363,23.334259957613956,56.77969970896528,0,4.94069071072146
3.9136652269929817,79.67835079126867,799.8677938280055,28.76332018051791,37.15272233582533,1,3.936480943002031
5.423710838575211,97.81123864073004,1092.7031320452274,31.66615267495011,46.6897566579192,0,5.429571014720384
4.732335907023039,99.70990518868113,954.3587811142922,36.49574910273834,54.54704396416774,0,4.744046337680176
4.954733358847919,98.30389795509679,982.4315596765521,33.33774040184998,49.33834065453565,0,4.921306713495224
5.165990165284507,119.5352681536638,1042.207947532462,26.429674410089106,52.588875157127056,0,5.173411240048814
5.095249839889533,113.44457805087121,1013.8148021734847,35.8920965878186,39.341972886512416,0,5.080550337864388
5.354725908569519,106.1872728251528,1082.0640107468207,28.50242481226261,55.94854373397244,0,5.337797942453966
4.782256814715078,95.11345128164497,918.3524738628029,23.821484889752956,43.867881075240035,0,4.817138878404397
5.2565528990880415,110.10896555177098,1042.6331105580243,29.13979320367264,46.75380325602059,0,5.252277494126795
4.870226661208042,105.92039627375104,1008.4884341977722,37.19084600572851,52.37731727905986,0,4.850160624588532
5.369405240443752,99.19795952169494,1058.5396989807443,30.826200250324625,51.030782215308484,0,5.3622226078815745
5.307683742006526,97.22179751335709,1049.4599824514414,30.06260932164893,50.23980019015593,0,5.281674737428088
4.532280648977702,87.53543895178214,897.4969030265408,38.186058223514266,42.493731780232444,0,4.560958338341627
5.542991058087516,113.77350907761964,1084.3020888997303,22.843225764727865,47.004505888008076,1,5.529077443204185
4.732018277442976,97.1247335013975,902.2380399640302,23.57200442973614,50.021835908370356,0,4.74260427612185
5.404028899140573,113.42943525773072,1076.1940518576423,21.92076764516584,36.24914766832915,0,5.431151033424779
5.183643656700671,97.67438549218687,1039.4459198217673,31.863240932400274,45.37467033686621,0,5.173640603076376
5.919091838397561,106.80111745310684,1182.7682663087392,30.832465635575623,53.876798790328465,1,5.9297322870430165
4.888267008814074,102.0554111527922,974.755830523857,37.71368183639888,37.22563396154658,0,4.867665287715985
4.8253416019409014,92.36585067399186,965.929137805188,31.21737538568385,61.5658165159424,0,4.874256993323175
4.990290197056134,89.71336461917949,1018.5148688422421,27.979214202603487,62.69613262599843,0,5.009017799748467
4.848410108582862,97.69352090145415,965.8730979979881,30.008974364390536,37.548494240399144,0,4.844557979807646
5.399970950971025,111.96529746051388,1068.5125386524596,30.58853709230479,63.57619633050139,0,5.384514276353246
4.191844695781706,83.22660825502773,832.7464294585794,21.641193633359165,48.56418411287866,1,4.1895647647249135
4.473158790426823,87.17393387762402,906.2186932805002,43.551658221674465,54.185145591570546,1,4.466359115979793
4.466098539210403,88.52515962347853,921.4602454129456,32.599355090509555,45.033489478717534,1,4.505157430290393
5.475153795986788,107.65016210773184,1082.467884413974,31.050041540112947,59.23044827226762,0,5.45064310154249
5.855306686290962,110.36589816611841,1173.0400129987702,33.0758199213929,54.06094018848667,1,5.858002714756767
4.947775390731264,95.38210442967313,996.3222269849721,33.54705490293303,41.858467434023964,0,4.94740862939859
4.915589138404995,100.91818229316897,963.2662675464226,29.297232572487843,38.347980000347114,0,4.9132409323980974
5.035026081556591,102.30891433801432,1007.4135596555766,26.843794318796498,35.39697564790777,0,5.032853748457824
5.580939151304095,112.459082055916,1086.8743531139771,32.99725343160852,51.87941776432756,1,5.578617735101686
4.536323432904713,85.75072624882736,871.8836805061547,31.928554202657264,55.72471411779736,0,4.553784754231355
5.119184491367393,101.47617401666952,1031.1718264313238,25.95054950455296,56.50965678779441,0,5.131364180297242
5.487598814891215,98.86665106561003,1089.8422681516274,37.09517805683632,48.82018905392622,0,5.495977047118671
5.250547084969923,105.90332501882541,1054.155025146409,31.466760181614916,38.43003544335636,0,5.189867297727018
5.094790808299372,109.04010470505528,1018.6002621197074,33.649096811338154,43.17925201976217,0,5.100786705782635
5.50052304628357,102.63980026546086,1080.576608283438,36.959604438399595,61.52348638961926,1,5.467410259080168
3.6483838535003814,70.03803870341885,728.7716846607896,30.109444105824174,45.153714353999185,1,3.6613102567630977
5.338937659765453,108.42428708885971,1043.1255058527936,31.584760034920578,51.43417630681476,0,5.368427607116864
4.672962158436288,99.72345634086318,962.4118788472857,34.05013619253058,39.24349516425113,0,4.654437376184517
4.084683551571771,79.45254794993468,789.817303417155,26.37569458099974,53.36583045459035,1,4.079447937124917
5.255601299762491,101.65077434892032,1047.2045545331266,30.270258314230006,45.42315438320922,0,5.243614185661431
5.686829272581479,103.89196973954915,1116.5204227553506,30.627742933255742,60.467127137757636,1,5.711537908096615
4.931275742686154,99.1427055002636,997.6635720044467,25.219707241583027,57.73557706206813,0,4.933176300391596
5.476437273601469,119.7391256727481,1088.6588272946638,41.588183943369394,45.042940534251,1,5.511003861212796
5.806139128994323,117.50957488970984,1150.8544914064405,22.96353278253799,48.73335972652337,1,5.81441421305327
5.657457226792023,113.0377496399219,1148.5554762594359,23.50948048156421,44.488837599593715,1,5.66230623040474
5.819982264685697,118.01005684754887,1164.5850647706905,36.57113287851789,35.8056680345499,1,5.821346400337753
5.371063745535946,107.36581489097591,1084.5456380259086,33.56633125398271,41.42557570452783,0,5.387423587521093
5.037716819450797,96.68926452771528,987.91684515981,24.87017591259611,51.982173277208204,0,5.00296309548589
4.199017094051416,88.09674145941685,811.7070799317331,33.03644507550847,53.25259498229582,1,4.200723973161826
4.876968755935025,98.66818273425928,977.5379104278078,37.33925222498655,51.48547903592639,0,4.8755678270604665
4.578376702341904,91.65560030650637,909.2984133584862,29.84868471201507,46.98266946041364,0,4.592885078885059
6.085471358748907,116.8325970385869,1229.6229651988604,42.99411450037291,59.330666057209854,1,6.081717326631426
4.912057093783831,104.75868153535042,980.8132497035152,21.379690945659824,50.635419045609375,0,4.891282405100577
5.061602403392243,104.55556179451041,1016.4219874631411,33.46911726929551,57.03253828095947,0,5.0617494168906365
5.275742688020234,102.75024957356817,1022.680887005222,35.83264168110502,32.26224867797481,0,5.254085877442867
5.021801223186227,105.44514873213421,1042.1289834295305,34.45671950802623,10.775997483816575,0,4.9832959789344775
5.847525520215377,114.4626562123815,1166.2202643424348,28.97822136677176,52.8378802783808,1,5.862067969845087
4.688675319132774,89.8634889201003,951.6868032333389,28.547792589944255,35.752343462785106,0,4.700256550586667
5.0973037276186215,98.147558964971,1002.7389121193318,32.220725855436285,47.87548297286944,0,5.106645546498493
4.628764707150976,83.71995137757908,931.913139474542,34.07877243326035,46.97902958975394,0,4.654823275589893
4.339988744389647,89.15748678988396,841.9408536074344,33.01236718141182,65.87400602415536,1,4.3266881065835685
4.694115454547357,84.7265846992554,947.8644476746648,35.200289453966946,53.99996552943607,0,4.665493171691932
4.981481601475794,93.48741287318707,989.1768386074422,24.905650214666323,51.658590267986725,0,4.980081005939633
4.78534888774137,85.32903770943474,957.6535876269854,28.861145104381826,58.36991154633674,0,4.778398881747252
4.653789510063072,92.64544173730698,944.7173826152165,25.29992033938123,53.68497586839039,0,4.636943595727671
4.2968412681640835,85.18522306192231,834.7174474084111,28.069436119569293,45.42323007011567,1,4.295244285094328
4.958447213685653,97.53546320778123,977.9996081248746,35.07610445907153,60.7147593025456,0,4.946215110761561
4.247639812984499,79.7399077863371,858.6744482186351,30.539919603626146,38.902498721117254,1,4.2109197073173625
5.380027981844801,101.73939086971282,1117.970025859895,43.03429581574885,53.23247187533562,1,5.371204448028926
5.041219876467252,103.1462468470779,1005.4823286002206,30.967031835948585,34.52430205863689,0,5.018492373133174
4.271224250267535,82.67172534680826,866.0675724119857,30.298459402898683,52.03943857515995,1,4.275857211699753
4.845395461475068,98.48970083718208,966.939662897844,30.530914597201082,51.929896417729296,0,4.832274766310254
4.623921797204709,88.05219251347306,963.6292713360676,26.81095653570032,66.76454961914663,0,4.64615442668753
5.1595872552095905,104.09705881804722,996.9730177026131,29.710816938112032,34.3502610655822,0,5.191664576554948
5.670225223011572,119.92089464681176,1135.9374654957016,35.63894013555823,43.99112824146187,1,5.68381285047181
4.062413765177128,84.17910430550647,779.9718723641844,30.56985334063886,58.22682426574144,1,4.031393241537462
5.057513039573709,99.08819170039177,961.3711765040075,26.03270135058264,53.353172563973075,0,5.08761695955129
4.9199336022166795,99.68466689611323,989.9359615056923,25.374576897606822,51.803050513375034,0,4.951448011224155
5.335670038225233,105.51007489185359,1069.923963567996,27.748990541670782,40.438642970414605,0,5.336045848451392
5.106598314118845,102.17136720585053,1015.6229240689249,30.3693171720544,44.09181651908571,0,5.133056837325555
4.624015334130591,90.8522514218693,922.6791850253231,35.96793267738131,62.450410082232565,0,4.612981831369657
4.840473032166691,95.98778461390687,1030.0605951147634,23.297556793167814,49.48490806246072,0,4.803148113469699
4.601987071598256,93.10020819733599,915.2339115590224,28.40086861055622,53.753596961444735,0,4.586781382825824
5.538003569299299,105.79327788807623,1117.8032010848613,30.721550097175395,48.84811671223521,1,5.572589586620194
5.010655824335971,95.13372235176952,989.1438684749166,20.831471161852825,38.16914484750235,0,4.980834225863742
5.950595342876504,112.06919408837402,1196.0237200761128,25.83200858516797,59.338104260749965,1,5.9505857685151335
4.969669593092689,91.39203633933523,989.1692451174255,26.600557301319068,55.03232384532496,0,4.970352470959494
4.645796616544769,86.82951886979298,920.9489536543591,26.020148130747508,73.05636837367189,0,4.635537131665413
4.243142803693586,85.66016860789237,885.0065313827237,30.959447725108237,39.84418620349455,1,4.234272371696844
4.098430161872027,77.50466565998113,843.2297316380923,29.197201952491014,58.22572921200481,1,4.099875144556751
4.207932028497255,86.72671289110058,844.3213386474356,27.22356948699482,36.884560339629985,1,4.19668878165856
5.133563325505742,102.84483525387765,980.628426382269,32.13981313276317,51.57346567673078,0,5.105122155562383
5.254362511614967,95.24472916510908,1043.6523178579419,38.61537358823125,59.76506589063165,0,5.258663150473836
4.209404648983933,87.46297090078713,895.9414810848883,38.196282583708765,29.27864883903513,1,4.230871980632833
5.447519157038058,113.0043763687197,1084.8905980748175,20.38614113968832,47.950675257583924,0,5.464910607411126
4.7584694741582805,90.20007610899135,973.7582462727293,32.885360919175696,44.3679026595738,0,4.742274764810484
5.073396505992775,103.56888783433045,1043.5181492376068,29.10988354968081,42.98042701704878,0,5.048371947685221
5.806110314127713,111.83971509550827,1165.601341142662,30.77577671432678,53.852126522593544,1,5.800426556484617
5.4484196579327655,109.45674504239699,1072.8474989491901,28.00858483228726,61.20685706422595,0,5.479775488128679
4.865734676047084,90.99220148616685,924.4406885737591,30.58794314943601,48.66721284770845,0,4.878646637626275
4.554403887292357,82.12254548317425,924.5640416306504,30.757036980360095,52.0548642756002,0,4.568483180828242
3.9240922993353475,76.56776003864212,768.5233398105985,27.105241213255383,51.143087530592474,1,3.9418894383710574
4.64042334037879,92.18982207620162,931.6076771135118,25.518162260874096,50.01803506356414,0,4.648838671629162
4.894434880586153,95.90029914365005,953.8905693254433,27.75652158690258,39.10657362287894,0,4.896847051538424
4.506410236424408,84.20805193737536,895.9772964754776,31.171296322283826,61.08444601722893,0,4.519656374357367
4.934371516453847,96.68793501842126,987.5486843887905,32.99498170842132,52.95195368158836,0,4.923448194369487
5.038425941479384,102.11499259249136,1013.0570599167628,34.266744886700735,53.94881490002577,0,5.010136681252058
4.887572009095961,97.52697503130653,955.2179580721438,27.529049884665437,41.93490370974418,0,4.902031947788448
4.67499870958827,94.41247934476146,958.9379608928812,31.419222836513683,45.4077960201076,0,4.6997534717032545
5.084327335983364,98.33597071739611,1004.9275715020333,34.812512959766494,48.23865802289222,0,5.061962697196243
5.220970324784704,110.27799606927489,1010.7046757478759,35.82797447572064,34.65875306551148,0,5.237408754433022
4.454800461278577,83.21514254279764,888.779623856446,29.70583572934239,33.11965674802322,1,4.488415775546341
5.705466189873135,116.5471252828963,1141.7807441551563,28.895341375301935,43.992520693614324,1,5.705421265837993
4.950705933857869,104.92357414195719,993.3529754350091,30.95562116918196,55.2252076644239,0,4.934345890163034
5.009424811472424,102.59303669319296,1029.1276103681862,24.251462635512972,43.46862610070059,0,5.011885184942959
5.354107211628278,106.06952309724142,1066.0924655909384,29.03195244482246,39.811948024092864,0,5.343096532264265
5.116608065631751,99.69067607932013,1020.9292206389747,33.72293199236565,41.8531434676233,0,5.104273463432623
5.476568316956622,114.71180459436373,1073.2499757666624,33.20973564721851,45.44657576854687,0,5.485231998302053
5.143562082600912,95.75636702570988,1045.1234865779404,28.648661978180556,46.46141037179896,0,5.111487493100314
4.693781312679781,89.02500495169741,942.4424438175183,31.088591005435834,71.65521452206556,0,4.664902734229937
5.180751762603051,101.62724642460242,1027.7497979747268,25.876748298546563,60.54620628487318,0,5.18113758021053
4.4281368963396694,94.75100671435338,847.5338853986245,33.51746074112513,60.24774112281728,1,4.427690725561421
5.0542798528882615,102.9844352379697,1039.744214478754,29.610892819317634,61.685803642733816,0,5.06115094442906
4.9833850046777695,94.82747130100417,972.1234016464327,28.62024274151931,40.011791306659504,0,5.020889512447437
4.89594157136373,96.36729290035008,967.362754085352,28.191380819533066,37.776353850127606,0,4.898031852085246
4.935731244280535,95.64300916512923,994.313139077627,29.68553066550071,38.931297084659434,0,4.947694687287231
4.059075477251181,77.63256458385594,787.8839368779024,27.76061177534021,63.34506133337838,1,4.039564818538888
4.725637546129519,99.40719871537428,915.257313660841,33.29071518001282,44.52808211117509,0,4.74099629939985
5.0464224505705575,94.06973336509361,966.8055384600982,28.023582259919095,37.48643817760713,0,5.035894633268344
5.079928195998701,109.64246819864587,1030.4055782578528,37.96482048013691,45.690037997801866,0,5.081356612650323
4.486162429537021,93.86439704166354,886.3287610128777,37.32605251740691,47.61394468285373,1,4.483985457035638
5.632853920432351,118.1113867616655,1185.1161859359368,25.542282550727478,52.68413273694562,1,5.6535134051306315
4.56691257589275,89.02355395772871,893.4954138659325,30.348521347146402,52.50951020712043,0,4.5407130448052495
5.484728600263368,108.94486840987182,1078.5166995840952,26.746716893319025,41.71819436126492,0,5.439063827571068
5.213597180935842,97.10618454609329,1031.4115767814603,28.36676218405694,56.85656392513711,0,5.209328526994084
4.676886345078098,90.91441486622796,940.2399621183894,40.01213733822399,43.60806466249842,1,4.686256970216201
5.887655446304756,120.22138316431088,1168.127022485245,28.462142914421005,48.43723663294957,1,5.890700833820906
4.40318158412176,94.54394699134218,892.8829611044022,31.801130185387144,56.86774070503355,1,4.427825668870038
5.459577086805001,103.65575765208776,1072.343649561227,32.70660647004139,43.58178596055659,0,5.468324540288594
5.500291159021489,108.17829349550345,1072.426397435026,24.9968531375838,44.30648576418862,1,5.489014192384292
4.664689895461677,92.53730180807094,896.9736843041533,25.724522627953974,55.916680496931306,0,4.618181492378883
5.696232650032164,106.94570698968086,1094.775046647689,23.969888142959405,41.42266823394981,1,5.69148640534826
4.8749767427005235,100.45628106280247,964.6339681506036,25.570146330511115,46.15207976395929,0,4.89553592274568
5.1443468146399285,99.26698463408552,1022.8497566801213,15.74984945341409,55.557421780428925,0,5.136505858986586
5.13016091938561,101.62626663182708,1013.4034433274585,32.72291200396814,70.54092441435975,0,5.130727324659166
4.932845629264726,96.39716572573514,1011.4372417966885,40.27096920628035,56.05404504762747,1,4.94127283435086
5.405404136579891,104.16139020299944,1105.6414315081408,30.739103695182635,54.72639762990012,0,5.385098289094895
5.396744360276107,107.89966227811935,1072.6528123063313,22.918655703296963,55.30801583672729,0,5.409209078208883
4.125734013380909,81.43663237477807,789.2683804123426,26.78611808550026,39.26809725932951,1,4.158476449180943
5.6521701214390765,111.1841130173882,1119.099922126714,27.705615774875014,51.15596738679908,1,5.648713854401208
4.168754005982163,79.73277201124154,821.7543733180913,24.91207611393312,49.702335116635986,1,4.146172717545517
5.516273102170828,111.92308539733133,1090.1119211886046,34.30091319197578,53.21584540372756,1,5.514941081630389
5.563352568413792,119.53513771073726,1098.7161356047934,34.05130022187667,51.16508052475871,1,5.518864886241614
4.454516784892401,89.78977186204365,877.834099063984,24.222741030911703,53.79699677417113,1,4.461254850171933
4.794592856022708,100.8724481950098,951.1877388865863,33.62540522223754,46.88532805100798,0,4.803638343575679
4.447147665757032,81.99184368937333,876.7187111750953,37.63406331788633,50.58608917371793,1,4.480660391633943
4.892539484855632,98.6395968935815,982.6743471436383,39.512791026147795,37.72171433943008,0,4.8886595890043
4.84598285790713,91.43281556328726,976.4039458995231,44.32606011542981,46.80092721997086,1,4.854152564670059
5.38983026613467,100.41198068503388,1059.7531514832842,25.490036752784015,63.908335481766436,0,5.372604504086952
5.655154373059804,109.4062304239009,1156.4521811321015,44.121102131976016,53.18808339628256,1,5.648025830649303
5.697841905394978,119.91633477996743,1119.9671350421834,28.228968057456058,49.79078962616923,1,5.667338196661734
4.718915986710849,99.1283988775652,911.4271850658631,27.03767272309743,68.96123276254346,0,4.715020194285184
4.895389063127736,99.12280487282672,986.6933740528482,31.635361874389226,36.391650216989206,0,4.8892828800573644
4.1582809038895245,75.50211527834084,815.308018089618,27.08969332953494,38.9054444455378,1,4.164264899211302
4.597064966751906,90.95989607809842,925.8388227655289,31.99522070323263,67.12711411276273,0,4.584593029145253
5.482425816548729,111.15701637548327,1048.4117912877352,23.399614061313493,50.45960936048934,0,5.484092723568231
5.807791411774116,117.0335093833753,1189.4074011844846,28.80623698968283,47.57416963710206,1,5.801123810661963
4.382825564060039,78.43754336379705,890.0109809728158,36.4279111718084,38.00795674904357,1,4.376195576294049
4.703767870423553,89.6237681683717,910.7440431014505,29.71469354284422,54.47696266395012,0,4.705375116942814
4.986797121520537,99.41555360966716,967.7838818271816,30.707978933699415,55.44459869527462,0,4.987607580366877
5.140080579409803,105.48306613578201,1061.461433963911,32.376293023586555,39.055056391651036,0,5.1553040601908355
4.595198240039177,80.92332569528381,904.2920499378762,35.853308146588304,48.59724414449572,0,4.59278537935658
5.212030522232045,103.4299905672416,1025.7224074717565,21.723876439052837,46.64484167966934,0,5.205032815249584
4.763080326464542,95.97685037868561,907.2950234099227,32.92262025918718,52.55977146418771,0,4.759464177562798
4.992773864560861,104.10353723379828,991.5392088001412,28.659304303791185,38.80749757779356,0,4.978480582224041
5.27314212400185,108.92713040122418,1050.0740325036547,30.83318947655919,62.51947454513157,0,5.265943902130516
5.003211134905469,102.97707929215342,1014.9520889164835,35.29975084881188,59.158237815976044,0,5.043834309166934
4.781807054736715,91.63643856122464,928.3798423836536,24.029066742940778,46.36824441267184,0,4.763553479522798
4.945195098037084,89.36389127512514,958.6332837626047,24.936777792784554,47.835812883616285,0,4.939621971359498
4.955818520397332,97.15110662263965,1000.182956774996,20.322850201430967,48.63577849722384,0,4.948068747131939
4.814994485058937,101.30804882722153,983.1334984363286,27.25420529118112,42.21691446993496,0,4.810051052814049
4.870601968666449,104.37931201095114,942.6973467109322,36.65216172189408,45.56570581764964,0,4.863977182488881
5.799323585252359,119.5392172165361,1181.4949987764664,29.39706405763265,47.29729632325391,1,5.804908387276779
5.280459723970619,107.75589859342105,1056.8427816238602,23.29937552172607,66.12868370707127,0,5.246256221942783
4.85225984098542,98.94339506163823,992.288074978577,27.571606277124765,59.466183083304365,0,4.87300327043606
5.348477202255368,104.18895031130346,1068.2910332207214,22.560691482546886,59.34654707336624,0,5.361128858248212
4.833090255121995,96.0115036346718,916.1724926746399,24.37406949134419,53.699256130043906,0,4.808232823400732
5.58656231879332,120.07659400499806,1114.2731161123434,31.944094551318567,38.826729910687654,1,5.541180773334273
5.184821096099047,98.98363189302157,1058.1670955932348,24.130633368469855,49.58508895422621,0,5.165279653176219
4.946348927997885,107.00087251350696,971.3948652179027,35.56317152601651,59.7048845961338,0,4.941495598769342
5.223858462905139,102.86702848564248,1037.0123932028787,29.64439854584832,37.41735370632712,0,5.275464300878954
4.21456192396575,90.91839902479039,839.3897147221304,30.427973519722627,56.36553206873264,1,4.2254270632652355
4.436616265545098,81.69825026341427,829.3329755116499,28.60813516196053,73.22609225262767,1,4.4004644725614686
4.403037496800472,90.99027094183269,914.0344508688439,33.864239192718614,60.61816645989732,1,4.389244386702453
5.0714715473818535,97.74558026789896,996.2667958784272,33.91579943888505,64.14029135561988,0,5.070407298656394
5.866257499742546,110.24881403522998,1183.3662085979652,31.675271759560857,52.18338750442161,1,5.871331170828508
6.115650073096316,123.40567167398105,1221.395991896299,32.82394552953824,59.6793194876499,1,6.089355095890108
5.3190255507203785,111.42786995738741,1088.957491271263,28.93955165039787,42.82146785645965,0,5.316325746160837
5.250422237472229,100.78373755647709,1058.2055699430075,32.71101503454524,57.958638123412264,0,5.236069454720018
4.099471132923631,74.49434285618061,815.1957411543066,28.310611122630966,56.54388134060763,1,4.077395961671584
4.728663100132989,94.11403818098502,927.8623181762122,30.01115811081201,52.89911174037663,0,4.733855013066968
4.60610812404588,91.6849858370317,937.1786388368188,28.626781253168513,63.16007419718498,0,4.621585667514736
4.689576200874442,96.53312215526134,900.4464140957962,27.71390730340402,44.61215162152612,0,4.706397026413675
4.915928090707605,103.06653467097455,996.1034265470388,26.55444101139105,48.12942483526337,0,4.9274158177302825
4.763954711151436,94.98201831666626,930.8100471991899,32.338450519294426,50.954620413582965,0,4.754007320488631
4.0103500948121065,89.48451847021344,827.1156922015541,36.553029564067316,39.70389028910599,1,4.024641090041377
5.373955128058767,108.6002762838518,1078.0170164650074,35.855509858347794,52.269319438002476,0,5.380136216820852
4.463628487130097,87.54043721256744,905.6081727830216,23.717173320272824,32.81069587046153,1,4.466307324789137
5.119623432055575,94.33463184559737,1025.5644626876094,36.44601525703437,60.469545344282096,0,5.107389569621539
6.037041334874987,119.42752909591889,1172.3607250721775,28.409207491910355,50.46637366565966,1,6.027103812328156
4.540307704206788,89.1242193570801,890.8469575734509,33.00366507572796,44.791070960962365,0,4.541785442929279
3.7348562386268354,79.49864875394407,760.4190344775948,25.468923339763947,41.65626387704879,1,3.7836537279665454
4.856997889059945,99.45237590153316,974.7326941591858,30.709899569370027,47.65420970380812,0,4.863022738661773
5.550479817499285,105.11275074182262,1133.7157616059706,31.568615914484536,56.88259710772414,1,5.538256047454279
5.979173727110297,120.44474647426112,1203.9002366828026,22.576976040401735,55.47738978737561,1,5.9625259382109075
4.385225202773792,91.06215991412111,857.7110027407051,33.04133583172094,42.94462052721539,1,4.375389870520667
5.248349611618261,112.60714902930438,1033.7486395692395,36.72967503919158,41.53960327372366,0,5.291895480569242
4.767344771609974,99.78441526926977,955.5273021324595,29.12676027159186,56.568987063196474,0,4.759359638691055
4.947025822847932,102.74474972851604,943.1242832495843,36.80084065414007,42.776525953849706,0,4.965163233540138
6.322171673508517,126.74386344324617,1297.903172414163,29.051532532737962,50.59909774079504,1,6.3146531085990905
4.248514835802423,86.91185674316571,858.5379018880358,34.24792265523308,51.23754642524277,1,4.253738526628015
5.126869830747287,108.78492111847655,1049.9146580904348,18.907150170244503,53.120621317267386,0,5.142704736227461
5.233846585882716,98.01304473025608,1015.1572383603598,42.09388889656732,58.582704301818715,1,5.222408528886518
5.542893162469674,109.1106666133087,1133.4699357010397,37.47729122621479,37.37037063132677,1,5.530070929386619
5.048991576735448,97.11698779092775,1054.4282935676445,28.576872478731605,30.888406747395123,0,5.082168970624554
5.154025269752051,104.97627098867163,1004.3874868428638,20.139554866780912,44.32552718771648,0,5.173717127649967
4.804175716289104,102.23462520403604,976.2631791558962,31.440141841527446,68.01528407832186,0,4.819989162662919
5.134563470622553,99.7063979788457,1026.9348930182564,22.780372264631215,70.22174100087378,0,5.150308996485012
4.828403862251295,84.61655540767872,934.7920954852941,32.22426768778744,68.31177135565888,0,4.837595372017517
5.310785944928026,104.15461517343816,1072.0148684226426,32.05782859582141,48.070186322393106,0,5.351141461191527
4.815194831978183,100.87126529965069,979.7110304923837,25.292984154989874,32.178849180151715,0,4.816072998015726
5.188550196951093,106.45915345377125,1025.6875083368416,35.60483511807189,26.569608983481594,0,5.200095444295111
4.985368593157511,101.84830310220309,1020.3920490366066,34.027873514030865,43.859618384505886,0,4.956350334585631
5.563025125386084,109.86053599834928,1079.269756941433,34.87911668644281,48.0192636985064,1,5.54652591165426
4.974303138205757,93.0909090830162,964.9655047121585,30.044288518344477,63.00625401055959,0,4.950286758209057
4.113483765896559,84.84614692605352,825.4287010910869,22.922379665431468,58.678054595424456,1,4.138965037566882
5.630960750356996,108.4478059569668,1126.6998556308447,34.88936136105569,52.2740507899162,1,5.579909947316581
4.547133849568691,101.8631606582761,895.095300145256,28.648143004321042,41.101552290588586,0,4.539087649113636
4.67311683067559,96.31487265528438,950.8152548545557,23.051099284036653,40.3922044175511,0,4.613242698622377
4.702169352978254,91.14014554679532,951.0517568799698,36.76019682987163,52.541276870714356,0,4.685543595068617
5.687219046585408,110.68745469476502,1154.606590735762,40.49703760251255,56.970509788397266,1,5.677400067590771
3.932162893010652,78.1785368271451,783.9698498950851,29.793759355103983,53.918812622455846,1,3.959860314886533
6.568874266829997,130.1799757264912,1325.8264587255662,40.79560577301646,39.65402040393345,1,6.576806825614426
5.528028404533026,116.14473696831028,1096.6926748460053,30.45657364305675,56.50667628792086,1,5.5113655740664464
5.11161945706458,103.16446999001184,1063.400265214648,28.097720479168245,54.259109671014116,0,5.132938731459217
4.972552999691857,95.7929012992945,978.2596845359317,26.847707729072614,39.29333593809822,0,4.972909644782452
5.142777037428829,112.30774417435549,1070.661356074932,38.18541203996371,42.15679029699744,0,5.143528374602973
5.26056121418967,105.45776594139451,1052.8100017797221,26.099280593061142,56.88495974561567,0,5.23650778403423
5.322607792975028,110.29635423934505,1037.011340803631,33.676346549874935,47.65492464854109,0,5.302807518696966
5.277802233001724,102.51491212281067,1082.9220336101168,27.204180824703958,65.89147301636457,0,5.261300287002814
5.044790340627625,102.71138495127511,1011.4760958934241,27.698466187128183,55.011292760645766,0,5.045719566090709
4.9013307898463365,99.58216575264271,997.2886399368721,35.151248469847836,45.13368811810731,0,4.90288850438595
4.924363358173244,89.03902070298413,1009.3497900055007,28.09981576855323,49.897943996090675,0,4.955245211443725
4.902545859823659,108.1272927487764,987.2682830476324,27.976023102898534,50.63383392637718,0,4.910246963182416
5.566885048433532,117.79092327328338,1101.53219279045,35.66402348587403,42.7160968675829,1,5.51273373456009
5.296778361140431,103.94959064207869,1078.8699397814712,37.986986466108114,40.87411801822373,0,5.302031200897865
3.5298056826678597,65.08476495107791,705.9762466826638,33.22344901642116,57.013898938095,1,3.500805355544509
5.32795038826488,108.29681583431537,1079.3072340251445,26.726151121880253,58.45273297042095,0,5.30863096977265
5.097368097359388,102.38085044425972,976.3990079960483,27.446957503512103,56.03781469552959,0,5.081124707924861
4.990645621777051,101.59125717835717,1007.0687586956072,30.399576318700188,65.15318094323801,0,4.977378855306805
4.8057407734555575,97.0727024500816,948.3764381882108,31.604650309628287,44.58226763988398,0,4.778237785614752
5.562056359993007,113.77233214638977,1145.477464742172,25.060670449301142,66.7427076607113,1,5.566126000062053
5.473763231061429,116.71179311818761,1107.2143931700678,33.61518969789932,40.99078881445847,0,5.44554718535961
4.613561166088195,95.11173934740714,927.509388134625,30.427566648197995,39.873144366315074,0,4.620694518233193
5.203526143562268,98.82224537669565,1050.431428579458,21.421458406809354,32.4004111785075,0,5.248265565103501
4.514171632729357,97.0962469181494,882.865509488337,25.35536758769635,45.54204686173183,0,4.487584451550676
4.310190917605535,94.40689116955214,894.5033173316681,27.47935663174168,44.96277663170547,1,4.304500711518751
4.686641387705017,109.49311142666076,977.1556859093415,29.635711555794725,55.25937280254651,0,4.636172240454768
5.43119673619138,103.00646455762961,1094.0976174492403,39.44639397751998,52.43890941620451,0,5.425178030331977
5.476562522688043,110.74566051951224,1127.1205759090815,31.19085653069814,38.07026628980863,0,5.489416865740673
5.256542710048646,94.72036068502798,1039.9255780362787,25.796140550506877,46.07273761574182,0,5.270955494675792
5.362547893423999,110.01670365037603,1056.5673073603002,31.103154021535815,46.28537978912315,0,5.364095168029681
5.258089143557479,102.4207813803157,1052.4363236860743,28.239561262730597,32.240177530381075,0,5.275874412052659
4.679259202388524,103.20241302189524,944.5506612450627,31.62379119766771,40.190532729866305,0,4.73018029310738
5.21596127233697,100.44615059664649,1035.3125208425315,32.902838435178076,42.291863693859106,0,5.250207366085722
5.400204762613841,99.5581800624405,1090.7963163301379,36.04615323611969,64.33625019820946,0,5.389754344025648
5.377145664906787,105.18659459462314,1081.5569226228258,29.87856752164987,51.914507159573525,0,5.3481235851774525
5.594456685737321,102.01169485866073,1098.9252016416433,38.19480263799917,56.621687539475,1,5.586333657405845
5.354151923600532,110.83853574454719,1081.2062450691408,34.54011331268096,35.01364502850788,0,5.335212268288185
5.175724103770792,93.18906684413423,1052.415385604589,26.46280227593906,61.94214483013992,0,5.184751054728085
5.535075119158214,110.84379028908008,1110.4444101834506,41.04927832874232,63.01102063024093,1,5.511451248369624
4.98673937037547,89.34572830822842,1020.4008361403278,31.634972566350488,30.01655032855374,0,4.985282921723663
4.559062674386141,89.5797644650396,887.4644590072891,25.824377480138825,42.94683276084152,0,4.575822955476867
4.918466518028118,106.58622113958504,993.0523120482605,38.26456525615211,54.9576557301551,0,4.916452600571774
4.627548677596775,94.35421300911447,902.1041213914195,40.38888792599222,56.44388453538182,1,4.608622401141819
