,waveform_feat_1,waveform_feat_2,waveform_feat_3,waveform_feat_4,waveform_feat_5,waveform_feat_6,waveform_feat_7,waveform_feat_8,waveform_feat_9,waveform_feat_10,amplitude,bandwidth,noise_power,phase_variance
0,0.5558260275751273,-0.226527472382838,-0.4304276988007158,2.0084730109816995,-1.4723540615107775,0.7339504783642384,-0.574601858183391,-0.335778617740422,-0.3171028325739657,-0.8034342741712571,0.712201741324344,1.117311964596014,0.1886760554049236,0.3183682753408089
1,0.5712242102362395,1.3906435959499572,0.4700136612466614,0.1033819962120951,-0.9864404990992466,0.5168252658244509,2.1563496317292987,-0.3806946237950925,-0.3759835793518661,-0.5610891309809973,1.3370376939349873,1.4196821049319654,0.374634428447976,0.3864438199478716
2,-0.4894142344944204,-2.7452995536723845,0.4050353858557128,-0.8455521763546138,-1.6102631187918002,0.7531899497325488,-1.082017785041936,-0.3386690538837576,1.46644239118858,-1.4092157980245137,1.1967949058477343,1.4252788320852177,0.1787879869863529,0.4442022698180525
3,-1.532598234597762,0.2693061895623381,1.1494873640103684,-1.574341717731963,0.4076897368371771,0.5809995399616921,-2.0591604836923203,0.7985013379072202,0.8766058798421794,-0.3117855732560247,0.8736843897092433,1.1718672442881786,0.2033495358612436,0.3257969608852049
4,1.2523463622980082,1.1364555743248452,0.1031179257172048,-0.4514453903249336,-0.9728278925829572,-0.0375635093661912,0.569758919704179,-0.3241768610406412,-2.19750100526203,1.2687138945765704,0.3437454143113457,0.9470947322653706,0.1397132339810913,0.1372855288415375
5,0.1902232218448937,-0.3796244966768338,0.8571583884232884,1.5246385964827562,-2.801911569487892,0.4342636499220715,-1.4266492108103472,0.4991105067989412,0.1279272023745792,0.6357265264405499,0.5293557932166629,0.8643418195376595,0.1233214991216763,0.1982179258851258
6,-0.4992476144946552,-1.873240111819152,-0.4503681912566681,0.406847635139783,1.015392328675223,-1.1718313004725252,1.0270604268730177,-0.6478722896465213,0.3624498815945265,-0.5098939528656328,0.338486818409449,1.1164739354457172,0.0632704211600975,0.1594873781492809
7,0.1821706277121016,0.8918776345702746,-1.2270140772885358,-0.6799058967468314,0.1849625873420866,2.4015836610303523,-0.863189712166828,2.040133885996919,2.004423303675171,-0.0973111507015911,1.2300853795846414,1.6148637349428716,0.2492089090510801,0.4030839924923986
8,-0.2981525261999003,-0.6920651986646917,-0.0682025303326691,-1.406719432559558,-0.0762390173205976,1.4968802738508562,-0.6110850624767177,-0.2407243039890507,-1.7011404742672418,0.3740620881310435,0.8428816500330574,1.2693105607263144,0.2088220777638612,0.2816486080458338
9,0.2644816849513739,0.0637023597657709,-0.2168270502221433,-0.2927579187724547,0.5019002337006719,-0.0288166015886233,0.3149718715553322,0.2149828174545479,1.1234272870957618,0.6769940973750542,1.075861466902692,1.5086143883046377,0.2463930494007196,0.2539324758252697
10,0.1928618431501906,1.5184220306521798,0.4202685290565615,1.3049626887904189,0.6069426083866378,-1.841919078931543,1.3048347633193296,0.1351762413426691,-0.0519547709007779,0.281348347489577,0.5436559804157668,1.0903934841086196,-0.0181466217770919,0.1495134647645031
11,-0.3449831619570674,0.2270288603889453,-0.5918760663430924,1.27427225873437,-0.1135881136210503,-0.3825838427224335,-0.924925815719274,0.2687757891486415,0.1871071001250919,0.3884246136775064,1.2928731391507795,1.70574954697117,0.3010396853837704,0.3635998529385433
12,-1.0272518875051289,-1.601181198811573,0.6255913025065598,1.4846418618765076,-1.026353622389896,1.5894412835616984,0.2839110587363809,-0.0070629045508297,-0.397548696545778,-1.3845180194249966,1.172565533834274,1.6374876419148183,0.2677017910437732,0.3600403996674873
13,0.9877285159245996,-0.7756063614376031,-0.7798066757376003,0.9919263098869546,-1.8829834466717263,-1.523597810668167,-0.0181342435080817,0.2932844290048521,0.4847346479689238,-0.3017984933962528,0.4517256477817967,0.9046671391741288,0.1061335157997397,0.281233922923478
14,2.530369668641689,-0.227892558765834,-0.2307861521027221,-0.7969866688138775,0.123906816521071,0.6149612320467747,1.20357805453346,-1.489284264440218,-0.2459953383557008,0.4467036108091441,0.5323079273116029,0.9747646497873712,0.0854094365542228,0.1218404595651671
15,0.5870575345945356,0.0065486578045392,0.5424239695321018,-0.8089638929258004,1.5579054323183568,0.9926281029794296,-1.3449277870651724,-1.0751030481167556,-1.046921750106906,0.6779699708965284,0.588310977714716,0.9922162802987198,0.0909760043204687,0.359655378392243
16,-1.2847277664174672,-0.3310243342080806,0.4547043964167744,-0.0661659345464347,0.2588875157127058,-1.0658027113487585,0.5948543733972447,-0.6132118924759965,-0.3246196743979412,0.2377317279059861,0.8298752908365686,1.1248208949904814,0.1786821201897228,0.3574222854598377
17,0.1030782215308481,0.0239800190155929,-0.7506268219767557,-0.2995494111991921,0.0021835908370359,-1.3750852331670849,-0.4625329663133788,0.3876798790328464,-1.2774366038453426,1.1565816515942398,0.8113270410537765,1.0561722021682634,0.2459614467287602,0.2665927957230503
18,1.2696132625998429,-1.2451505759600856,1.357619633050139,-0.1435815887121344,0.4185145591570548,-0.4966510521282467,0.9230448272267618,0.4060940188486671,-0.8141532565976035,-1.1652019999652885,0.9873297776217548,1.308004806571465,0.1776339052170624,0.3640508180867556
19,-1.4603024352092226,0.1879417764327564,0.5724714117797358,0.6509656787794414,-0.1179810946073778,-1.156996455664364,-0.682074798023783,1.1523486389619255,-0.4846285646000813,0.1434176306814761,0.5067855510527404,1.085277367512222,0.1242366408647237,0.1576821672504563
20,-1.0756504835748877,0.3365830454590349,-0.4576845616790778,1.0467127137757637,0.7735577062068134,-0.4957059465748997,-0.1266640273476633,-0.5511162400406288,-1.4194331965450098,-0.8574424295472166,0.7356450167682539,1.302996081758116,0.1832612333946729,0.2798175768379001
21,0.1982173277208201,0.3252594982295819,0.1485479035926389,-0.3017330539586357,0.9330666057209852,0.0635419045609373,0.7032538280959473,-1.7737751322025186,-3.9224002516183423,0.2837880278380801,0.4044877420650647,1.042359906559346,0.2031262459621572,0.1466233542872863
22,-1.4247656537214894,-0.212451702713056,-0.3020970410246056,1.587400602415537,0.3999965529436064,0.1658590267986727,0.8369911546336737,0.3684975868390387,-0.457676992988433,1.0714759302545598,0.5024219456672758,1.1412220555415429,0.0960179304377142,0.2226185898124867
23,-1.1097501278882742,0.3232471875335622,-1.5475697941363111,0.203943857515995,0.1929896417729295,1.6764549619146627,-1.5649738934417794,-0.6008871758538126,0.8226824265741438,0.3353172563973077,0.693760647185312,1.242830709720765,0.1906427867497725,0.3492864997839931
24,0.180305051337503,-0.9561357029585392,-0.5908183480914292,1.2450410082232566,-0.0515091937539279,0.3753596961444733,-0.115188328776479,-1.1830855152497652,0.9338104260749966,0.5032323845324963,0.9187386051564752,1.4589563642018613,0.2289816586606788,0.3162898158291083
25,2.305636837367189,-1.015581379650545,0.8225729212004805,-1.3115439660370012,0.1573465676730776,0.9765065890631646,-2.072135116096487,-0.2049324742416078,-0.5632097340426203,-0.7019572982951219,1.2291576452366004,1.464683370718931,0.3169241921730845,0.3852299294930486
26,0.3852126522593542,1.1206857064225952,-0.1332787152291555,0.2054864275600201,0.1143087530592477,0.0018035063564141,-1.0893426377121065,1.1084446017228928,0.295195368158836,0.3948814900025776,0.5168460976269614,1.131759753560796,0.0496728717360179,0.2569939280564522
27,-0.8065096290255822,-0.4592203979892406,-0.1761341977107783,-1.5341246934488515,-1.6880343251976782,-0.6007479306385678,0.52252076644239,-0.6531373899299409,-1.0188051975907135,-0.8146856532376702,0.9317115067339866,1.188193147300892,0.0939072550495702,0.2696089006452783
28,-0.4553424231453126,-0.3538589628201037,2.1655214522065567,1.0546206284873183,1.024774112281728,1.1685803642733814,-0.9988208693340496,-1.2223646149872391,-1.1068702915340567,1.334506133337838,0.929699454656111,1.1977131937701118,0.1500348883852544,0.2747612539385891
29,-0.547191788882491,-1.251356182239287,-0.430996200219813,-0.2386055317146274,0.2684132736945621,0.250951020712043,-0.8281805638735081,0.6856563925137109,-0.6391935337501581,-0.156276336705043,0.5840620026504553,1.054673356820138,0.0880533950415152,0.1816587794092656
30,0.686774070503355,-0.6418214039443414,-0.5693514235811376,0.591668049693131,-0.8577331766050195,-0.3847920236040706,0.5557421780428925,2.054092441435975,0.6054045047627467,0.4726397629900116,0.7608241850956179,1.1077589815501496,0.2807687844734721,0.283883976539433
31,0.5308015836727296,-1.0731902740670494,0.115596738679908,-0.0297664883364017,0.3215845403727561,0.1165080524758708,0.3796996774171124,-0.3114671948992015,0.0586089173717927,-1.227828566056992,0.6217158520825496,1.1521316051922452,0.149915544907398,0.1784189843640976
32,-0.3199072780029138,1.3908335481766434,0.3188083396282559,-0.0209210373830768,1.8961232762543467,-1.3608349783010791,-1.1094555554462198,1.712711411276273,0.0459609360489338,-0.2425830362897937,0.5403730090336609,0.9975804393609085,0.0548149069634935,0.2162179640860801
33,-1.1992043250956432,0.4476962663950118,0.5444598695274623,-1.0944943608348965,-0.1402755855504283,-0.335515832033066,0.255977146418771,-1.1192502422206438,1.2519474545131573,0.9158237815976042,1.0231440313260296,1.6187679388461564,0.2767691351350803,0.410057982793642
34,-0.3631755587328161,-0.2164187116383712,-0.136422150277616,-0.7783085530065034,-0.4434294182350357,-0.270270367674609,1.612868370707128,0.9466183083304368,0.9346547073366236,0.3699256130043903,1.2424931807319213,1.4741095026295925,0.3293346900737637,0.3762548171688738
35,-1.1173270089312346,-0.0414911045773792,0.97048845961338,-1.258264629367288,0.6365532068732643,2.322609225262766,1.0618166459897318,1.4140291355619874,0.2183387504421607,0.9679319487649898,1.3306945946185866,1.365402031975325,0.3063189789773206,0.4969464499529142
36,-0.7178532143540355,0.7958638123412264,0.6543881340607632,0.2899111740376629,1.3160074197184983,-0.5387848378473886,-0.1870575164736626,0.0954620413582965,-1.0296109710894006,0.2269319438002478,0.6999668675394426,1.1322255029475148,0.2256953924829457,0.3089790890969799
37,-1.718930412953847,1.0469545344282092,0.0466373665659657,-0.5208929039037633,-0.8343736122951215,-0.2345790296191875,0.6882597107724135,0.5477389787375606,-0.705537947278461,-0.8460396726276345,0.5350630099273559,1.0489187130147664,0.1317360734280885,0.2554849920978111
38,0.6568987063196474,-0.7223474046150294,0.0599097740795035,0.123754642524277,0.3120621317267384,0.8582704301818718,-1.2629629368673227,-1.911159325260488,-0.5674472812283516,1.801528407832186,0.8409818656928513,1.1758742345381457,0.2336286850601365,0.3949940967447607
39,2.0221741000873785,1.8311771355658877,-0.1929813677606896,-1.7821150819848288,-2.343039101651841,-0.6140381615494112,-0.1980736301493601,1.3006254010559588,0.8678054595424457,0.2274050789916206,0.7867366253617427,1.1025470695329358,0.2553540334643486,0.2939809418023201
40,-0.8898447709411417,-0.9607795582448904,0.2541276870714354,0.6970509788397266,0.3918812622455845,-1.0345979596066548,0.6506676287920862,0.4259109671014114,-1.0706664061901785,-0.7843209703002557,0.2827330453985963,1.0847421677150422,0.0732335907023038,0.1954733358847919
41,0.6884959745615665,-0.2345075351458909,1.5891473016364572,0.5011292760645764,-0.4866311881892691,-0.0102056003909326,0.0633833926377181,-0.72839031324171,-0.9125881981776266,0.7013898938094993,0.8331980330569015,1.2190499679779063,0.235472590856952,0.2782256814715078
42,0.8452732970420956,0.6037814695529586,1.5153180943238018,-0.5417732360116019,1.6742707660711302,-0.9009211185541528,-1.0126855633684928,-1.7599588821492502,-0.445795313826817,-0.5037223368294537,0.5513105798176082,0.9740453322416084,0.1369405240443751,0.2307683742006527
43,0.5259372802546505,0.2438909416204509,-1.1929733710191368,-0.3927262384258175,-0.3714620210876854,-1.7759822469618929,-0.9809467270133696,-0.7708136306140894,1.4336250198209464,0.1914507159573525,1.0596841946933109,1.6085982116175033,0.2732018277442976,0.4404028899140573
44,0.6621687539474996,-1.498635497149212,1.1942144830139918,1.3011020630240928,-1.998344967144626,-0.7053167239158482,0.4957655730155103,0.6443884535381822,-0.6784947304872218,-0.3054994630536529,0.5367287313401341,1.1838183676795122,0.0888267008814074,0.1825341601940901
45,-0.5973810610451429,0.1104180469461195,1.1971785314619128,-0.7710421571412046,1.000820497768414,-0.7816720723468876,-0.8476272124968842,0.8185946183432132,0.9219363780076169,0.8514099367626543,0.7980580394112268,1.1696820217165724,0.2399970950971025,0.2191844695781706
46,-1.3157974082181412,-0.4659509780720507,0.8229885920033214,0.0415418405638946,-1.0736928461974642,0.4583179391254417,-0.7148072589914705,1.794524848392212,1.5448414624182585,0.6040974263555673,0.6946317580853646,1.093219707842081,0.2475153795986788,0.3855306686290962
47,1.3610067047697736,0.0647913501233811,0.7654374943750158,1.477720295302075,0.2454986817943127,-0.2551871715142836,-1.7046219581771158,-0.0831335257214939,0.8234231845623113,0.9456334275676296,0.7895550781462529,1.1831178276809988,0.203502608155659,0.3580939151304095
48,0.5043650657184098,-0.5412990949622398,-1.9768215689475903,-0.4952150980047351,-0.3043448710539514,-0.3129289671900141,0.6185563569779244,1.98567641101484,0.123529201841093,-0.2167317891564616,0.7072646865809427,1.2238368982734784,0.2487598814891215,0.3250547084969922
49,-0.2592218130040925,0.1243847669077142,-0.828293760348399,0.120198558746055,0.4508123363317998,0.2096860635744881,0.4575419340047812,0.4337476093485353,-1.7718966822464437,0.6368701583954032,0.5189581616598743,1.1001046092567142,-0.0351616146499618,0.2338937659765454
50,-0.6710148456624536,-1.095839163003958,-1.1044518278549962,0.4335416104725293,-0.2225749272248529,-1.6819687839854107,0.4780378151922834,-1.439608130798827,0.1398213585182108,0.2384989256730541,1.1018886475308864,1.3169367103143543,0.325560129976249,0.4686829272581479
51,0.8855770816950449,1.7816847864668517,-1.3646763259005417,-0.0524738560630494,-0.2763352950442173,0.4337496859609622,0.2156687709336185,-0.3525462427366199,-0.4409021886108555,-1.1164508551840475,1.1793827228058462,1.595287454720294,0.3806139128994322,0.4657457226792024
52,0.9878615824065092,0.4592041815995292,0.9177681977951372,-0.3103961364755137,-0.6568354686944304,-1.0783150666292278,0.3589175837406595,-1.0397932245282346,1.8486630689665504,-1.3076425810934404,1.4459946794057088,1.5742127491071891,0.3037716819450796,0.3199017094051416
53,0.2736601192125019,1.5668547072137862,0.599089759263809,0.1756737124917793,-0.9684836469618956,-1.381769188567704,0.7700501089175859,1.5061472407749463,-0.4388499904781714,-1.139061507616351,1.1630906267805077,1.4156753404683808,0.4085471358748906,0.3912057093783831
54,-2.4581694305490185,-0.9807648436625376,-0.1136568424990401,1.5991232408367342,0.6731336922329685,0.305085404706753,-0.4001196613011309,-0.5831657172559563,1.4056475975079636,0.2007385407583894,0.8123204806784486,1.2551485376040468,0.2021801223186227,0.3847525520215376
55,-2.102600691921022,-0.6735396478972429,-0.8582160317716268,-0.5462640091774649,0.5629106602850852,-0.1074448817942494,-0.076865407003662,1.3134731613252366,-0.6964610897866884,1.8641995258873496,1.1066025957398322,1.5194607455237243,0.2628764707150975,0.3339988744389647
56,-0.6713075913710861,0.0891981966125713,-0.2812035954027669,0.123419133500961,0.4445919950731289,0.4338352400888765,-0.75311733062058,-1.122914677447571,2.5031717909057107,-0.4839843396005531,0.4388230909094714,0.9962963202951588,0.078534888774137,0.1653789510063072
57,0.6992124386719866,-1.6076413105231968,-0.2796127199046768,-0.1271993839824429,0.4728150699278325,-2.722454140991939,0.1661406130783306,-1.1497414553678929,0.3243457111949238,-1.036329196838163,0.3593682536328166,0.9916894427371306,0.0247639812984498,0.2380027981844801
58,-0.8554826959255813,-0.2736276103932681,-1.0523294696031953,-0.4755344467353548,-1.1933757685433153,-1.8331704516987275,1.0179570524293595,-1.2960486928239283,-0.1786808876079835,0.7528910814937849,0.5082439752934503,0.8542448500535069,0.0845395461475068,0.1623921797204708
59,-0.6149441025160431,-0.8251658997455379,0.2262380886674214,1.117933822727152,-1.1693152650864689,-0.1501478320174389,-1.7324945949673274,-0.39320100368219,0.0342046845380754,-0.8546246417550657,0.831917451041918,1.3340450446023144,0.1062413765177127,0.3057513039573708
60,-0.4569918338252314,-1.40822676830745,0.0770786113814936,1.0556942488831498,-1.0971438697704636,-0.6226717665523829,0.5025462464541818,1.2120907193227362,-1.493189812208931,-0.1687847374159493,0.783986720443336,1.2671340076450466,0.2106598314118844,0.262401533413059
61,0.283130822319525,-0.1020563906288479,-2.476792066877087,0.5010900093087719,1.519336351090644,0.1166617511695034,-1.0311060532942633,-0.5131272463642831,1.769913067655593,0.9099625408605586,0.4680946064333381,0.920397414319651,0.1538003569299299,0.2010655824335971
62,0.6400266183843293,0.356412583534376,-0.6611371121909724,-0.2005711806557685,-0.0779227356785158,0.549574316064444,1.5089188942669034,1.118338136793128,-1.4193843557960406,0.2239949689010487,1.485178602862951,1.493933918618538,0.2645796616544768,0.3243142803693586
63,0.736763345167897,0.6188603301446354,-0.6292337633874194,2.9141092157683617,-1.2770845623311189,-1.08318844666605,0.2335950812615763,2.116803054963853,-0.8361948507041709,-0.2658283656469923,0.6196860323744056,1.041586405699451,0.2133563325505741,0.3254362511614966
64,1.0772936730156928,-0.0178621548877335,-0.3346038545302957,0.5656329018867201,0.2725179902295931,1.0304387856367914,1.2914688890653634,0.3070030600053617,0.291732725378309,0.2141109822861335,0.3418809297967866,1.0895038314076115,0.075846947415828,0.2073396505992774
65,0.4891305566492876,0.0551706378714639,-0.0006084823222894,1.1966271208272423,1.5161161803550431,-1.5075529446334208,0.010021151740569,-0.6886944334452347,-0.3109714664860723,0.4025162097353214,0.9612220628255423,1.2896839315865531,0.1865734676047084,0.2554403887292356
66,0.6694383715424684,-0.1121264436113449,-1.9133403347228028,-0.9650455805761796,0.896499670200166,-2.7404264220349317,1.187427151682,0.5212299906445413,1.316176081530022,-0.1985691868809604,0.2848184598670695,0.928084668075758,0.0894434880586152,0.1506410236424408
67,-2.061405424022905,0.430362641506498,1.2746531240383412,0.924721805513421,-0.6626914834880354,0.0867610754626467,-0.532836268779924,-0.8192664641893721,0.955388571179851,-1.197532311265162,1.1803114549361542,1.5076851882958768,0.288757200909596,0.367499870958827
68,-0.8938164305816126,-1.1040256334723857,-1.4902475232990466,0.1464142918426034,1.161503048481976,-0.1848767562452656,-1.5057478005641665,0.8399445397420275,1.6857017540349717,-0.6462423241465945,0.5168654671966728,1.044194064956941,0.0454800461278577,0.2705466189873135
69,-0.4785542667177183,0.5156606300833942,1.6218737477850511,-0.5198341457252261,-1.332449780998205,0.6314186062724064,0.7990680731422993,0.0061314504352268,-0.5581332596574506,0.9943787309920464,1.1852117801573607,1.5018849622944848,0.3354107211628278,0.4116608065631751
70,0.5280360045479643,-0.7684355169034929,0.0490947313056715,-1.3517075320246466,0.6858904564379201,-0.2622335693828559,-0.4357108323847371,-0.0328744851524341,0.0403076993302478,0.8949300615655605,1.3429704950869867,1.5287124165201824,0.2693781312679781,0.4180751762603051
71,0.5910905313252215,-0.1564092787928027,0.7636681497189952,0.400737253691613,-0.4265996362860371,-0.1247181582364859,-0.1482228888431208,0.5052613431742017,-0.3670226147216417,-0.3904091864216333,0.3856273792679338,1.0108559705776523,0.0983385004677769,0.189594157136373
72,1.9687573094339588,0.9397354817471042,-0.7606006644251391,0.5709409939421983,0.1183500656551772,0.3915511752600938,0.1373413245651045,1.1896426454852358,0.3456203446514458,-0.0620886982142874,0.4871462488561069,0.8118150954502361,0.0725637546129519,0.2046422450570557
73,1.042190576983017,0.233285041087872,0.1214785793290578,0.3140226024861145,-0.0936090233663665,0.0092269929954689,-0.5866945887618727,-0.7511672196238788,-0.9985703864824396,-1.391983286797076,1.22397845879961,1.397232485907404,0.363285392043235,0.356691257589275
74,-0.8797173613845565,-0.1742670344669256,0.103117582445637,-0.2712965631476405,-2.355703490127358,1.5745863577623422,1.0864801228903818,0.4457598512171287,1.907490672553268,-0.9773641174837108,1.3454185800790104,1.5427194361871686,0.2676886345078098,0.4887655446304756
75,1.8876251206260048,-0.965214076750548,0.2387379252913565,-1.2738373251342043,0.0146940955443667,0.3861664979983887,-0.1546903311345547,0.7138774440901375,0.0990144494872573,-0.5224147283775092,1.020954475236528,1.5919154173610002,0.3500291159021489,0.3664689895461678
76,-0.5668133178023392,0.8109137726156964,-0.6537420298069675,0.9154029704849368,1.2227117928319309,-1.66871386234613,1.132926387301035,2.060422698444699,0.2520037612019284,0.5990841852948223,1.4088697950096494,1.4749953485401046,0.3144346814639928,0.413016091938561
77,1.0370053243691586,-0.2754823151790223,0.1822802235378697,-1.3141995296231093,0.1386350285304509,0.4981119956445415,0.5161630229264693,1.0654247235975804,-0.7748021781355291,-0.5326067566734964,0.4865691258529452,1.0810808273159782,0.1396744360276106,0.1125734013380909
78,1.8955073459913552,-0.1503283737637099,0.200033787312328,-0.067010041725221,-0.8216808263050224,1.6235292108918062,-0.5277014119206057,-1.12728552370693,-0.4507402773027516,-2.001706001725533,0.9304340242878152,1.0337508011964325,0.2516273102170829,0.3563352568413792
79,-0.6512874649831818,-0.9681285978523266,0.6174286309273244,-0.6734142395598725,0.8878039355788485,1.3984839930693214,0.7811753362875992,-0.2153882888600766,0.1411144967055929,-1.5249849401440596,0.3909033569784801,0.9589185712045416,0.0447147665757032,0.1892539484855632
80,-0.1337793725212396,-0.8604384680668331,0.6943263811492989,2.572752389244474,0.4998216359738093,-1.9911401489546663,-0.3612301929143729,0.1224909253744546,0.0873574252602637,-0.7308131256087531,1.1537948573721388,1.577966053226934,0.3655154373059804,0.4697841905394978
81,0.2452917426369353,-1.2425008369193873,-0.944908722685067,0.6457976416037114,-1.015663230879826,0.5382116054922572,-1.369463774656058,1.764825883791736,-0.7742699224040547,-0.2236665718034441,0.7437831973421698,1.1790778126255472,0.1158280903889524,0.2597064966751905
82,0.3306132610904059,-0.5653499525010943,0.1434059610713044,0.5753567245201257,0.9606132325034852,0.7914974359729572,-0.171810463802674,-0.1466317740436022,2.3491085580250326,0.949889068249292,0.8964851633097458,1.3615582823548231,0.1382825564060039,0.2703767870423553
83,-0.9218236563202136,0.0999881637655518,-0.3351431387781925,-0.1353342339231097,-1.229495157708088,-0.4119232343859531,1.8115557731939127,0.579076300875503,-2.49116140815146,1.2167234924979469,0.4973594243041073,1.0280161158819607,0.0595198240039177,0.2212030522232045
84,1.0896295229091613,-0.3592853043064165,0.7172635437832151,-0.8593992108172007,-0.4702557162663573,1.4985463606698537,-0.2717300398697084,-1.869731661954991,-0.0633032227813367,-0.0785883929143568,0.7526160652929085,1.198554772912172,0.2273142124001849,0.3003211134905468
85,1.1983685693734596,0.01433642217576,-0.4215823114402927,1.045056145231206,0.1207902325011102,-0.750022681565717,1.1549975605416176,0.1936617645167992,0.0029259666794376,0.1779083914116544,0.7563614109473432,1.189039019607417,0.1955818520397332,0.2814994485058936
86,-1.070668371416597,-0.5276537761783373,0.0035826018327832,-0.1946636950246799,1.2724283828165954,0.2174058527270034,0.8549039226364025,0.0093953545758494,1.056288483746123,0.3975277565731539,1.1611805905999346,1.6598647170504717,0.3280459723970619,0.385225984098542
87,0.0134204853884601,-0.0132830889590195,-0.9544386262909632,0.5069157201363107,-0.0402047345363789,-0.5019919601812046,1.1064617708120716,-1.2502160258948012,-0.422495895432434,1.0277187487795334,0.8696954404510736,1.1666180510243989,0.258656231879332,0.3184821096099047
88,0.3155229409202532,-0.0478589276527573,0.2510035431501465,0.1794141710488413,-1.5166625462859211,-0.3492618853479615,1.6165216545137489,-0.6593241347771676,-0.318301014104334,-0.5416207633091875,1.1839046783993656,1.5447716925810278,0.221456192396575,0.3436616265545097
89,-0.0870152233181374,-0.5831228313242981,0.48674150215806,0.1973134122902665,0.7735476151070181,-1.0509411661889605,-0.3403404828829032,-0.225722631612135,0.4556469100885947,-0.7932211972070344,0.6806074993600945,1.2142943094763707,0.2866257499742546,0.4115650073096316
90,0.915653804258344,1.1864155905176088,-0.9888723476355838,-0.4908728948935657,-0.5319315082920923,2.6323862046774984,-0.4299001052078867,1.6776254421561343,-1.2666319951066096,-0.9896509661643634,0.5638051101440757,1.0500844474944455,0.009947113292363,0.1728663100132989
91,-0.6866045318482008,-0.8456893114465224,-0.2678987341584987,-0.7087782027214982,-0.8193415927345735,1.1584719964733277,1.2237936225131651,0.9492964983753156,0.5239989555843281,0.0927430657795522,1.0818324372137642,1.4379152401748885,0.2915928090707605,0.3763954711151436
92,-0.4970306906659087,-0.953157504755092,0.3629957034326874,-1.173630392546798,-0.9939209291753932,1.1529132562048097,1.900649041722087,0.3932951381664807,1.1064571522946445,-0.2458483174439833,0.9031050284436318,1.5747910256117534,0.2463628487130096,0.4119623432055575
93,-1.3376741860876842,0.612171618618584,0.5692893232700639,0.0716685538802441,-0.2423754581051113,0.962210578581098,-0.9857330334274744,-0.7737805788906578,-1.008106506760428,0.0849729626358272,1.0074082669749975,1.1080615408413577,0.0734856238626835,0.2856997889059944
94,-1.0878930121092585,-0.6842421805152435,-0.7057555622271979,-0.2606083323339582,-1.4873744464039769,0.087204992037267,1.2473036506646775,0.1354913723167619,1.5413211448013209,1.3339981858769252,1.3651439452497856,1.6958347454220597,0.2385225202773791,0.4248349611618261
95,0.7777350472478546,0.0746858426368856,0.0225003882454395,0.7637997723632599,-0.3916706095040324,-1.882520751467464,0.4920040541029598,-1.1310686299349713,-0.9621412281903848,0.000223947995788,0.7534689543219947,1.1894051645695864,0.3322171673508517,0.2248514835802423
96,-0.0951248775534698,-1.4120756063156303,0.1654915641331403,0.9661396608610484,-1.1283415702657829,1.2724833308487593,-1.560170825129944,2.1173241443709534,-0.4112604304834833,0.1456169968268912,0.8253739661494573,1.2467693171765433,0.2542893162469674,0.3048991576735447
97,-1.89203357248567,-0.0621360664693085,0.2284821777181917,-0.0861621040994945,-0.5630810770523736,-0.9465645185278148,1.130526619537311,0.0308071349979501,1.5407523765167723,-0.526482354794923,0.8308050539504103,1.1608351432578208,0.2134563470622553,0.2828403862251294
98,-0.4347946933722169,0.8155942445961629,-1.622974962003564,-1.213463360152923,1.0974849713531636,-1.1719339292231947,-1.819051015302548,1.868527188073091,-1.3938176478742057,0.1841193983281696,0.5621571889856051,0.9630389663956366,0.1188550196951093,0.1985368593157511
99,0.0690851927242711,-2.810628316618084,-0.2673170231678089,0.4484132494791095,0.3543093815188606,0.9035206838035016,-0.387491314905434,0.7125044420921607,-0.6893290680800719,-1.410467416412775,0.6126050250772168,0.9948606276411514,0.0113483765896559,0.2630960750356996
100,-1.2977283756812326,-1.4621104551954147,1.0095859678911938,-1.5145735090585566,0.2740388406493032,-0.265924194072433,-0.1026485734506316,1.3636072951996998,-0.4384273672152734,0.6116015615496833,0.4094267699137381,0.934623366135118,0.0702169352978254,0.2687219046585409
101,0.0375633513811117,-0.1520189056326978,2.299969124386473,-1.4413417457153697,1.2891318354374448,0.6564065654899721,-0.479524994631784,1.629318517441612,-1.8481101123885368,-0.5217666572990717,0.5864325786021305,1.5137748533659994,0.2528028404533026,0.311161945706458
102,-1.2084822042690762,0.4120834648714601,-1.1130641011871776,0.4330639467413191,-0.186436415821554,-0.4793539426560843,0.3886472460333105,-0.2686216239380641,-1.088634843059039,2.8013729896349786,0.7945105999383714,1.2285554074857656,0.2260561214189669,0.3322607792975028
103,-0.4871671830291446,-2.2176090801520147,-0.8420986897213886,-1.2672766883727302,0.8261456160405156,0.321652659591586,0.3987128017903442,-0.3700224658372443,-0.2793502470569215,-0.3709311036076682,0.8555604466003449,1.2089580681255248,0.1901330789846337,0.2924363358173244
104,-0.0811931841354697,0.8353334353648353,0.3360754125053464,0.5001128296208667,0.4995589082492027,0.8844424373817379,0.2881500415402546,0.3588480726789188,1.1888062411931566,-0.6650459180031121,1.1707637579470975,1.6133770096867064,0.3296778361140431,0.252980568266786
105,-0.8557425799515072,-1.185921599186856,0.1829145636202559,-1.8537322412191235,0.4621540960596773,-0.1091930945005526,1.1346396998210568,-0.6719173104649906,-0.2033182854175067,1.1222033332933687,0.5655900776529761,1.0194736194718774,0.0990645621777051,0.1805740773455557
106,1.3831356467781524,-0.68015236575182,0.1817812325871601,0.2944189776840481,0.3736534056211483,-0.2625756593156221,1.2813833981236349,-1.8897034836215452,-0.421130234801084,0.4479307327729469,0.9124112719986014,1.2947526462122858,0.1613561166088195,0.3203526143562267
107,0.4572248119493435,1.352759030614763,1.198225393201287,-0.2855416253072237,1.2998712435306046,-0.7140417437774549,0.9308873827918376,1.8105224784209928,1.2149441068549691,0.1057703835241232,1.0542514898188071,1.3620381835211068,0.2686641387705017,0.4431196736191379
108,-0.3317787717721222,-1.5285912962592862,0.310539637914204,-1.1152172279709192,-0.7931346636139368,-1.1907458007366716,-0.4603923326566551,-0.0279694144869822,0.2736145811657051,-0.6005066354139633,0.5953125045376086,1.0513085420097292,0.1362547893423998,0.2258089143557479
109,1.0692837063951832,-0.2082052579899659,-0.7877224332655192,0.2262922672434363,1.963552833543816,0.3351605665351178,-0.3628556273736071,-1.527461356118704,-0.2194123209720703,0.2349281250881155,0.4358518404777047,1.0431922544673942,0.1400204762613841,0.2377145664906787
110,-0.38758089125557,-1.6653846382409996,-0.8505653895034339,1.4545384608877576,1.434001003730461,-0.8866391692045981,0.6727567871994219,-1.1785727847701737,1.4043162819949524,0.2452358478942363,0.6188913371474642,1.0708303847201064,0.1175724103770791,0.2535075119158214
111,0.9496414986165338,-1.715093347182539,0.6776371019248881,-0.0076740636845034,0.8519290707908426,0.9148677980978496,0.0657846894747494,-0.6008296390959147,0.7796961821794943,-0.0601544994051276,0.497347874075094,0.9118125348772282,0.0918466518028118,0.1627548677596775
112,-0.8727849535276425,-0.9201522314576858,-1.4771644163123816,-0.5102911595630633,1.1026920460743783,0.1778297997054342,-0.5297677059230407,0.8048559381800797,-0.8324766217233888,0.0953502743327785,1.0987232587538427,1.485548132928448,0.2603790039500019,0.384601923518048
113,-0.1796303727255153,0.7791306255883522,-1.5772283709195007,-0.8501977458146558,-1.6382456590945336,-0.25959672180927,1.2114275036324305,-0.5054472096535272,-0.5106839381956507,0.8717244241841364,0.9159577999569322,1.521329370737294,0.3000602737681112,0.3591455684465905
114,1.0685495584552998,-0.0885710672687899,0.6847148540498922,-1.0769545408779464,1.3779743339254138,2.148706293937052,0.5212157911887249,-2.0843316213428005,-0.5582302623977843,0.6128253216693214,0.8659245668432406,1.2937570137626555,0.1196220067815513,0.2618637610716893
115,-0.4214829971663628,1.2721985542500975,0.5881572644358652,-0.7064755007657966,0.0322648107712527,-0.8938332206390901,-0.1825848784124418,-0.5545932404325518,1.1747618002330382,2.116012056830995,1.0846286475319051,1.4060096898891137,0.3414737420965874,0.3903086930613598
116,-1.431188333235752,-1.923216286209752,-0.2451724218513857,-1.5184156988286823,0.0462116036709171,0.7489361138059267,1.494141897266825,0.201394558715281,-0.193155224849579,-1.978384916573084,1.1603227738034083,1.2996137635593246,0.3317709015104613,0.3380370802573263
117,0.0261851491857984,0.0712872605494616,0.6389568142127453,-0.7084881015290911,-0.4350526002358597,-1.4780022553041845,-2.291292806884065,-1.1084970907967833,-1.5703258142530163,0.3367122954206112,0.5059932630266328,1.0277376937958191,0.1680329297919325,0.1345589800440444
118,-0.5181340566668573,-0.5382371300747891,-0.984413046175212,-3.2325654325124336,1.5083107487475504,-1.0002705227767883,-0.412420069849907,-1.4548921652893103,0.971930343440634,0.1434289370373244,0.7470731766268761,1.5183849544753696,0.3900255590755427,0.4619473176469719
119,-0.8263652852658686,-0.3922296113440238,1.67817992212487,-0.0729694318812782,-0.1817335376159058,-0.9413814861392652,-1.894581150472303,-0.1600386735793444,0.3254851123246176,1.0995844643276695,0.8209659415274626,1.1508363814367952,0.2403561298318655,0.2513226900147766
120,-2.2484965344996555,-1.125096327023029,-0.5807410905564503,-0.0034808485732018,-0.1450336915284224,-0.1216886856872695,0.4080960585699445,-0.9032931107791092,0.9341414422336946,0.4334524416994807,1.2714536654034327,1.5505470159166628,0.353010495374944,0.5379830019455539
121,-0.3198322641280793,1.6009079918889153,1.5564160355717669,0.9328953551938086,-3.0185567705677925,1.5789450927179751,0.7947585224719341,2.0064086377129366,1.2374645917335385,1.5783426774972855,1.258862395076815,1.44910363742925,0.2987212843904002,0.3115462047555441
122,0.878654850180379,1.3486931986455122,1.99412374073444,0.2165547383782058,-1.5722305440781297,-0.3074609000151421,0.3899455993834367,0.0748875843715577,-1.2465619661594265,-1.631067625194979,0.7305286868910942,1.1590717561886896,0.1737955801032704,0.3076177436016861
123,-0.7411626686348293,0.807739555984151,1.5803397708229694,0.9165676137777012,1.057427287114136,-0.0808155731635576,-1.742082457705964,-0.4552205808827054,-0.2587644118723787,-0.4970524868356822,0.4177580067617799,1.1121030667324472,0.1000103532459098,0.1995349839430693
124,0.0546948653746261,0.4414197598929505,0.8530151882434975,-0.278119864366334,-1.9037594056445932,-0.4828777192911349,0.0437103969919838,1.2228079221334085,-0.5678078421841054,0.5125436283994018,0.4672105283487082,1.015519068385898,0.1412549132333817,0.1566434892144549
125,0.2900878996354323,0.0439005331233884,0.9305333193245916,-0.6608411967525808,-0.5751864496435164,-0.011900823094228,-0.6401465050936997,0.5080122910545997,-0.7131923043661328,0.2263042077451344,0.7341883510924744,1.1696273971223334,0.1327064538263392,0.2590371070139251
126,-0.1001727687867565,0.2149259647767057,-0.4597413950630392,-0.339088294526827,0.0960092679970499,0.2020745061613126,-0.004201915391156,1.705362356513084,-0.9907369187412842,-0.0642037949527135,1.128566868968301,1.587438918071273,0.3131280664500962,0.4096794955683772
127,-1.5736290221169846,0.3720814786673863,-1.115246536376814,-0.2783102558765762,-0.3720643253313259,0.2808911266011715,-0.5527909175451801,-0.5953056976939823,1.435856464085898,0.2845667904745262,1.3276346943251958,1.4862628211600604,0.3195232424964445,0.3948389123533752
128,-0.561050852022268,-0.2508336718112308,1.645354952270745,-0.235164878251097,-0.6892766231523877,-0.6849961501263927,-0.5491264809895774,-0.5944977224267224,-1.279647848349243,-1.124200096946978,0.5265362349399628,0.9417241342388418,-0.0219408579138214,0.1932860418906848
129,-0.82932037436137,0.5915710184530977,-0.3812372872728735,-0.2071616890940402,1.270088025254897,1.295007149938418,-0.2821249431377349,-0.630863510683409,-0.8644303136735378,0.6927757697082377,0.942274813609994,1.2926215402241592,0.2482698742295585,0.3618065360903109
130,-0.2047072335222877,-0.3864948903227902,-0.8136645751375527,-0.7696664090113885,0.3200581914932445,-1.315438265887262,0.9948686937879384,-0.5338446438149185,-0.1496359442517925,-1.3369779581405543,0.8088657590961438,1.2197315707405596,0.1691174052282825,0.2841963571986475
131,-0.0123659382423645,-0.3283209426905598,-0.0500805988564666,1.4717088983618904,0.1776980457902398,-0.7946591841458039,-0.7113199105465682,0.5951311859137686,1.298693290993424,0.28191802075105,0.5615771149771142,1.1203884437168816,0.09302768621595,0.1774905367574294
132,0.6887127445547695,0.6097377233367051,1.419064413357521,-1.9495901727260327,0.6672189393045282,0.9837360439035638,-1.3387237061355737,-0.885668184006416,-0.8507827486281534,-0.7287901963773834,0.5000527958856598,1.0601206748929115,0.0278072591933229,0.0851909523431381
133,-0.4817170509355259,0.2426028130549414,0.8656746511673697,1.0813169577685364,-0.8378230611677818,-0.8447029987029827,1.315821840016223,0.6467439354186445,0.0828648418689961,0.4733366755549671,0.7449463150508417,1.077928757408584,0.1745929901176344,0.2926109840591264
134,-0.0298037818514406,0.5245846830476146,-0.3360666965057405,0.2688049344392308,-1.5105460503694963,-0.687784294825431,-0.6770111767903435,-0.3743900332069141,-0.926513254779748,-0.5335436258230818,1.132012738646548,1.6452467534470745,0.316337238230116,0.4150237179805414
135,-1.5144140623981206,0.5487004763949003,-0.0825135189113944,-1.7052076077760168,-0.8348299105466731,0.3366014275621669,-0.5430219463857897,-0.6969414601380967,-0.0745926770080763,0.3435975351782162,0.8622207144043402,1.086116688221923,0.2519555893710135,0.296211785673227
136,-1.4363524570391606,0.5501284812178794,-0.8002932816073767,-0.0179279682497987,-0.0354201406915095,-0.5270661182397741,-1.0236597461307144,-0.2856865480922635,1.625330309075195,-1.361675030463631,0.8670480617241213,1.0928142766959843,0.1223120616991967,0.3408944829012514
137,1.6923130191048756,-0.2597211710765324,0.0353714170886391,-1.0867108113847272,-0.7712694166774808,-0.5029096500380191,-1.0456949708779122,-0.2089179573708717,-0.4070158918067711,1.8507811424357332,1.2564614289146274,1.409794844564249,0.2565168459362653,0.4562717392207385
138,-1.165974185680461,0.1026905167485872,0.2478462819018247,-1.0703205486518377,0.6868274954528385,-0.3983270128816281,-2.4923896515830672,0.659849612104565,-1.1169408841023638,-1.047774946139099,0.6810588107132672,1.3642672953255963,0.1549689632676065,0.3319195962804191
139,0.6879020828923982,-0.3471614824184498,0.9177721505515004,1.2101660953653188,-0.6449284603222979,0.7932624959550306,-0.7554608013928819,2.2331159171321766,-0.6929570045312151,1.026087440960004,1.1507072286376523,1.5603187431082344,0.2727942998942904,0.3918603546963853
140,0.8437900258815756,0.3160878221089338,-0.6705431614166831,-0.1513974919414092,-2.153588112944552,0.2244200383822503,0.3496153310283852,0.1334994190613714,-2.973306171292557,-1.265636445089811,1.2061378763093582,1.3997812544218526,0.3370412172710063,0.3743393216764207
141,-0.7480909828486626,0.2916589331890461,0.2893389056429845,-0.1702237919711792,0.6352455366039567,-1.0262423753029,0.6102350056939962,0.474742104839891,0.3775547328379105,-0.1820404310856558,0.4771400084659981,0.9005650625391488,-0.0281166829397655,0.1904486118699915
142,1.8307438248312615,0.4931956884898786,-0.9683358632535588,0.2483054757359842,0.7524833770742185,-0.5881085989243096,1.089272246931099,0.3820337057160107,-2.342478337665347,0.2996719773379263,1.0412615421612916,1.2784604287898025,0.1990369810132802,0.2868554585395866
143,-0.4060291544127153,0.537179814541736,0.9442148402518143,0.195162047141818,1.6652522339446956,-0.1787068845634957,0.6248178230538752,0.8049425736373473,-0.0973459688927327,0.7787743079777822,0.8022465892812047,1.254711911517521,0.1409593592345577,0.3557160847334436
144,-0.5946729871621688,-0.4225684190212185,-1.3124886903363124,0.2414091163700469,0.325251675854344,1.1792631585792293,0.7911400043558836,-0.2847955566474331,-1.178179687334277,0.432850402519974,0.5715381315441244,1.0718185725707934,0.1219237869404863,0.2009808328846995
145,1.110753172414642,0.7551849738039433,1.0844775248572875,-0.2118895311982425,-0.4666189681756455,-0.736901352231799,-0.0558964666135955,-0.0785907959688194,0.2066776285391162,-0.129297457035508,0.567286123596682,1.0591814133741375,0.0822979644529488,0.1713199113551549
146,-0.1336277297267712,-0.7766940529721439,0.9416190135514908,0.0765180622437113,-0.1744439342852821,-0.7474292532492047,-1.331913110391086,1.3079641925493437,0.5546387081318072,-1.6239178425699672,0.8101856295261987,1.3549020151495186,0.1380446462173049,0.2266237367123779
147,0.7631423007096569,0.9224811702331092,0.1243761223009295,1.598110895751759,0.2167196421228829,-1.41682352794919,0.365169001048321,0.2448973017127292,-0.6032968487781549,0.573558836877425,0.8164760841236517,1.2050887701856017,0.2086670832185204,0.312197659895425
148,-1.667665266190862,0.9905668274427896,-0.8781217036054526,-0.9849461251170324,-0.1138247723074768,0.4329729280436354,0.1639240635934296,-0.7426591657723782,-0.5060892911918885,-1.133042347377462,0.4776797745365195,1.148986343860208,0.0199548010761742,0.1585751487609877
149,-0.2246799016298701,1.0750212145109097,-0.0042629376438761,0.8594142547594531,1.4554013377261916,-0.588018519036967,-0.1865732530553646,2.171192861062495,1.4443434119799452,-1.6724045258123523,0.4896745239850952,0.8356811188845833,0.0912072797783964,0.2830735082864009
150,0.3871483160609065,0.0005599923396953,0.8264531108587624,-0.7449787674850553,-0.8396083720406722,-0.6760707152936095,-0.5719285461984328,0.8153241668090142,-1.18120117314888,-0.6226138999593189,1.2031329732443945,1.5230700905718684,0.236991761741371,0.3691819295980261
151,-1.7890123905014412,1.007117823412373,1.2710300994311403,-0.3270734308637865,-0.297949364813223,0.4532219022828972,1.4744820073782556,0.4086107475639172,-0.6975419424751146,-1.6188225719864404,0.4624803619676063,0.9682284903243766,0.1640821897501884,0.2278845530362562
152,-1.1151262626634877,0.073219450312465,-0.6553275232007943,0.1949677059907586,-0.552924016236234,-1.0581464312944115,-1.177031631453071,1.5623545093732296,0.8889877491836431,1.7305179518279583,0.3888542043062968,1.0246504778432004,0.1249110874248392,0.2570074519260633
153,0.5399509007551029,-0.429991408614839,1.323340922489938,-0.0330680013617678,0.2208417702903523,-0.0428243790755189,-2.9469042192840145,1.6047350122948532,0.4910039459577534,0.32982306086851,0.9580540686568374,1.0984905808172132,0.1594571244394831,0.2371211070542691
154,-0.0617760622705607,0.163427820386131,-0.5972789358462477,0.6165793523072711,-1.3070983443991324,0.1860684324705468,0.5615734705711045,-0.198669133822903,0.3708677924710247,-0.9913343922342502,1.1648970211339529,1.5466358374446334,0.3493667258294551,0.3962024488178738
155,-0.965826770895964,0.2367171210263931,0.6785496546210517,-1.874865655501711,0.5220206351107666,-0.5432015003763371,-0.1928060873074124,-1.3395179235650372,-0.8516172401867081,0.9661253255303112,0.4680152476745156,1.015175799224874,0.0582428549184988,0.3044769360847387
156,0.0328633739802131,-0.3827784017095585,-0.1164883526310347,0.4892118246643012,0.4404944961633377,-0.0750270003968008,1.0929591108966683,0.970462636906666,0.4133720291303957,0.0546117829100704,0.6392338972881941,1.2184740578895723,0.301180310961482,0.3003399922279999
157,0.6573210951195391,0.3142674218011834,1.0608000718059476,0.8995613767383077,-1.0182539014177283,-1.0859631707417063,-0.7012495444040763,0.9761386900669212,-1.5763089967712456,0.3947573891079933,1.1714941447497758,1.4642554577189573,0.2909804159118796,0.4686424237338265
158,0.3625430910929613,1.1626480586861927,0.1803386906638874,-1.3432093905839009,-0.9593549606481228,-1.1819955218978246,-0.5379439663331403,-0.1829015674239269,-1.165441526221057,1.4706619906522893,0.2788138088670493,1.1533433701296325,0.0288021423774927,0.1866673835382792
159,-1.325281371952441,1.3461034238624805,1.1851630314393404,0.8983025496890353,-0.6937666074967505,0.3424508791769014,-1.277371133550618,0.9109070350337491,-0.0739847815362688,-0.4093202145866852,1.1356133369552006,1.558855326977072,0.2200937824058126,0.4231086333040971
160,-1.2237448466562693,-2.477506118629017,-1.038540857035756,1.1127981956129065,-0.402833428474804,-0.1693288571150473,0.6555543582884528,1.805668878116265,1.325004654945639,-0.972335003816188,1.0024309623286851,1.0636825995407189,0.2094853083805198,0.2669008911101695
161,-1.9425705714374064,2.359614259100104,2.268991611659453,0.1884535964292827,-1.2704882455818216,0.9632265338939392,-0.1079836860126101,-0.1129811231066104,0.894458843105129,0.3343747468732986,0.8425887206193037,1.201914777741575,0.1679256545477845,0.3243936142435537
162,-1.1858149110149452,-0.3247419350819738,0.6611529286613466,0.5102522224050186,0.2620165743584757,0.9334229544758642,-0.3617169878172646,0.178669775219072,-3.3755791001776,-0.4496501938428139,0.9804348109786744,1.18090962082727,0.2359878971074091,0.2353363521064418
163,0.7639029085756444,-0.3903944671171425,-0.466227391717112,-1.0414529517748186,1.0033658927291456,0.5484632735405707,0.8254145978230849,-1.7262139619578896,-0.1604500432656339,-0.2801110077500062,0.7043563623181992,1.2472406277880377,0.2742058014267983,0.317780667439283
164,-0.2805717065985525,-0.6160275437179559,-0.3461042717800152,0.8496447827066518,-1.9128513533478293,1.7772947680304536,0.4838411250264615,-0.0423318956602127,0.9068341463729264,-1.451834745168435,0.4686941969476845,0.9999291405423354,0.0374796133015141,0.2302257663177683
165,-0.664700905151014,-0.1210754323905538,1.3655603704321777,-0.0464965811265579,0.4500546711851462,-0.5895789959361277,0.486842068967491,1.6772395929744568,0.995526691674114,-0.0814559877778794,1.3323499593485113,1.454790966716692,0.2764978926120249,0.4132939114826024
166,0.6754908472654697,0.5775169546072118,0.5065876716972757,1.1119533608604089,1.1044777038374665,-0.1271585968748843,0.6418790614777692,-0.3830949211597937,-0.9230723963155776,-0.2694937557039864,0.7563280263959404,1.1933867385374175,0.3049860894583258,0.2876487149627001
167,-0.0762781517395826,-1.661580989177992,0.8603325594167204,-2.767325422602398,2.714816939486321,1.5018791337963189,-0.2610087241723136,0.0094263605637732,0.3029718735872831,-0.589160387988942,0.4641659847978778,0.935245819436484,0.1372095985749968,0.1909387913390948
168,0.1926191475869363,-0.1439999777016611,-0.0942727172309659,0.1814610634806386,-1.3135277983539944,0.0395697241336481,0.1634477466174772,0.1288496213559143,-0.2158307554361544,1.1378577759693718,0.4350626961678574,1.1321304032273012,0.1709801502256818,0.1699788217130647
169,-0.3536525548815512,0.2273259068231903,1.2972975339255457,-0.0793761400203122,0.2144632674675513,-0.0963846363148971,1.2373697935635992,-0.2577245615862952,1.2833545772882056,-0.1035878946470647,0.6133460048639384,1.3007513689836925,0.1657685087119998,0.3395312799581384
170,-0.8594597234480168,0.679373170574121,-0.304667833755656,0.6205008990991628,-2.729404384923734,0.0052052618949463,-0.4596052987574804,-1.063258686531278,-0.5532410018397994,-0.5737031442926516,0.6029896182288165,1.289259733829931,0.1394414035359609,0.3365382059533262
171,-0.0479857948505811,-1.3673264612849558,0.3162737802597137,1.366214785205788,0.2809284969478263,0.808988609229009,1.0945624546137955,1.2364895121841768,1.8701386928213053,-0.4992019982759302,0.5014273067836434,0.9046060580603354,0.0796481843536609,0.234315922847835
172,-0.7184839851611164,0.7834656483247346,0.7082662196573998,0.7756752996156893,1.889282454250252,0.0113699087984941,0.4261565596461849,-0.9803882514834747,2.1353211239759577,-0.336544921209111,0.8105894453115234,1.2584412980472484,0.2988220292257743,0.2217879194144474
173,-0.3082159281608299,-0.3467498910082427,-0.6448958586443377,-0.7294370488476493,-0.5237042828895252,-1.3657959280509446,-0.7853179202632383,1.9489631114476191,0.7356551436413686,0.925904176727718,0.6617212574968624,1.0104355937523213,0.0550607975838435,0.1334843187130505
174,1.1772087874169148,1.8341345643623908,-1.771422551443844,-1.2298831152865406,-0.8037236608946853,-0.4697297964895977,-0.3005693905852489,-0.4469775528060408,0.219308913132054,0.0352953907452159,0.7810879609222967,1.292165011192446,0.1936225439811233,0.3755577465123674
175,-0.7228347951782497,-2.17554877698757,-0.9928687053786982,-0.5492386533125753,-0.2470794368077194,-1.129667459310537,-0.4908064664964202,-1.1309873884855863,-0.125819351548333,-1.0730913283626151,0.354882430994844,0.9987911052153944,0.037380327779344,0.2181815941312484
176,-0.8489046563704645,-1.308684130989139,-0.1535006955697838,-0.8664477699523984,0.9067842666754292,0.405850266692899,-0.069851868183643,-0.7974854973437886,0.3805203053163029,0.690700889348637,0.8886887390097301,1.1579238206318947,0.0697893071686432,0.3099474073398247
177,0.1426884122016302,1.6037018554669304,0.4596373180748159,0.9136072175680342,0.1335654155359782,0.6756644532569765,-0.7967812326691753,-0.4583983632127938,0.3493635534823797,0.3420994815573816,0.843673855173351,1.2404294754961698,0.2617891095911077,0.2464473160175475
178,0.5076118229432475,1.1003928922787292,-1.424971171815412,-0.974452547610296,0.2295726410742531,-0.7243636318034608,3.377768241289362,0.515719619170136,-0.0783308489301572,-0.5154692730838591,1.3020324158175671,1.6192507512477974,0.2110706207996741,0.4159825912959489
179,-0.4801622831930444,0.0301406613151773,0.1119819326212577,-0.4566991446935129,-0.2731522465199018,1.3442845752345964,1.3845049626510342,0.252033979934877,-1.3412597272367377,0.5385031566390435,0.4495820168992328,0.9918477326898354,0.1173838241769168,0.1756385717943224
180,1.554282441611026,1.369781101962379,0.7344258528096671,1.4224229552858216,0.0533842724790217,0.628102969833705,-0.6807755663251802,0.2922654561557121,1.3295342439705244,-0.589423411486891,0.7324291920838388,1.2034152417488024,0.1456377030568598,0.2457087435557407
181,-0.8614434294642864,0.0974889390236968,-0.2266622037239995,0.6491477210704204,-0.4532595259470423,1.718439615602714,-1.2896760979610558,1.2537347862197346,-0.7648492283081031,-1.7959827345840234,0.5679373282956504,0.8851205964841344,0.1333156250454606,0.2231295646426975
182,0.2378751563488673,-0.2546079860138835,-1.1096093679030308,-1.681376891715264,-0.0083607872714567,0.9758368916238178,0.5849534930864443,0.0567066488392654,0.4788475732177351,-0.027214132377857,0.9411289906814104,1.4322435347664344,0.3597054701523686,0.3509417234430159
183,-1.4297242430303712,-1.4208939852234432,-0.2031685289846788,-0.1606532863660744,0.8509826785067651,0.7573042237747472,0.6051330157589494,-0.2802827130771807,-1.3806521701101395,0.4120711370660239,1.130339360653592,1.5462060893251897,0.3391695254641297,0.3874230556977752
184,0.5251693132621684,-2.388531462477686,-0.8343381865826627,-0.691054377393896,0.1183502011234362,-0.8033604327656939,-0.0381345688246403,-0.2105349403529919,-0.1591494715377279,-0.7163942937007461,0.4402489805308358,1.1422369861698507,0.1869449831898789,0.2489429025390898
185,-0.6389850540666776,-1.0802670597806927,0.380067440573832,0.5711026285913683,-0.7706179501253388,1.5206400960170443,-0.3146014474420489,1.5301856237965608,-0.6421271738316033,-2.0265777765994355,0.8085318142565024,1.1191734278359071,0.1584777796721717,0.3261257052632879
186,0.4021978249123513,0.2485451051189872,0.034393795307583,-0.6422324784439893,-0.034572225485819,-0.5112594578695273,-0.3023495663317506,0.841632255765075,0.1842172295300934,0.6099513873319773,1.2627597331333025,1.640159859294643,0.3325225046268069,0.3248459849120091
187,-0.2318685066257899,-0.342017345804775,-1.1534825308886436,-0.370036612568197,-3.321114555589139,-0.5902219663056348,-0.081874177190839,0.563673654270156,-0.2686778775249567,0.3476735422449994,0.905194761772292,1.1001939372685587,0.1808014364023824,0.3125100103125847
188,-2.179788661390245,-0.0568368522069497,-1.6795027929134034,-1.2083035156593327,-0.1871655478638609,1.2762639878735544,0.3712067634700587,0.0182309971371171,-0.0195303894671022,-0.7136288932044673,0.9995667489783964,1.510991855600536,0.2303361529568091,0.2908401690639806
189,-0.5439834133726836,0.4273760454707971,-1.3853605184444944,0.5930540502830212,-0.3885070671188527,0.8255570748695653,0.9610934572320832,-1.67308401250574,-0.5815807632272181,-0.8555276879406237,0.553450564848055,1.0887655425873837,0.0839666187221404,0.2897605677956161
190,-1.812727965073143,-1.0325332762094106,2.44125584526534,0.6095098962124401,1.917287968605754,0.8290984400183357,-0.7418431610084755,-0.381771196674043,0.5884361802403073,0.4375062034730363,0.5230070759191402,1.0497743089091394,0.133296212602723,0.2210793305307228
191,-0.5773420157083338,-1.509993170579207,3.287761187388739,-0.1411496723428056,-0.3257388931826199,0.1133344639053018,-0.2427285893110286,0.1227289077054837,1.2869472861164193,-0.1245484796864237,1.3258410750704417,1.4382746813453078,0.2720849123026985,0.3449922883514152
192,-1.1627104393277614,-0.1616437944786109,-0.4644017814099108,1.4238989372468511,1.1711190647375709,0.1075250004307988,-1.2787358548192564,-1.2258922634399458,0.0151232615845536,0.3363229693212808,1.265925184593034,1.577893650351211,0.3228886433075942,0.4837246216673769
193,-0.3746228193260549,-0.4801695842072341,-0.5927992331786469,-0.0233939602439462,-2.382762352073065,-1.10132662876971,-0.6270508454473506,1.2075031949519206,-0.8138136419289294,0.1804681418312064,0.7994403981170954,1.2668741655592513,0.1454149561930343,0.2806450148762799
194,0.226542750930996,1.2979165056607622,1.2625774069641502,-0.0575029687949163,-0.4754847411894428,-0.6638331028256903,-0.2410632224657809,-0.4340333543235999,0.553627409358232,0.4203098174852043,0.8695537757565778,1.2849102110743145,0.1853016526167909,0.2964200374070966
195,0.5918011911450157,1.2592837114361684,1.862869121400177,0.1246633934075568,1.0994637713956532,-0.3516601838342151,1.1850069835830157,1.0615091571758442,1.008415969942991,0.0940698411915238,0.6482126253319191,1.164297079919339,0.2445191581759893,0.3287602508053283
196,-0.6683581639908888,-1.3945284378654763,-0.0400372075210992,1.533012542249183,-0.3098449013640731,0.7851265854600545,0.8439514005189311,-0.2836862209271727,1.3163448375195197,-2.908660744480504,1.2750998582071813,1.504977368718096,0.3003531579314088,0.3669839430263276
197,-1.222750278738175,-0.9156322963584598,-0.8197150228673898,0.3362629511858955,0.2900378030539018,0.3939905721750079,0.596081494132487,-0.9501045691456492,-1.218176066807319,0.3963196820078629,1.30482426303038,1.542097294438939,0.3246009423996399,0.373698257866621
198,-0.6302320736464391,-1.5704750453679706,0.9713442845414816,1.3951019065022976,1.5571608896986593,0.1870077214747202,0.6259320959729026,1.3698682233619108,-0.6414157900234342,1.110677684054092,0.8769985620193133,1.6097152711753695,0.2760581271995798,0.3568612117978439
199,0.2753962341432087,0.913711652342591,0.1860930208759352,1.2962567097480018,0.2235237625415368,-1.4839790594674176,1.451926632314722,-0.947530740972112,1.2530582102439145,-0.090242881440322,1.304021836787099,1.460798736008087,0.352996819202331,0.4308502974788349
200,1.1760109851977063,1.134768614866765,0.4301429743153713,0.5085353176271308,0.4226286171925659,-2.013824756281078,0.1183302188982021,-1.116064176071895,0.1711871437456629,-1.1429425463832157,0.8683569323200478,1.0634044288799465,0.26059719926932,0.3130625265616928
201,-1.184951941226075,1.6049345017539018,1.0694473881241895,-0.0041425849441544,0.1847686502490239,-0.2479160257430088,0.5698763759795229,-0.6760543665488049,0.9937402628679574,-0.2530868410141108,0.4630722860753797,1.0143388467342251,0.011188238355084,0.2204326405740335
202,-0.4198469958312289,0.0217130184848427,-0.5911468299256105,0.3286823494964829,-0.5373625893133998,0.468523602818836,1.2160065389114765,-0.7193216868081737,-0.1305754572951713,0.4613307130354217,0.3970628491817928,0.8647329714156465,0.0238820406891054,0.2556344187494963
203,-0.4358573549814069,0.4643205608266651,0.5553988606517399,1.083261776294304,-0.6059900460849119,-0.9427752402304744,-0.3075773895637438,-0.9677523395471,0.5644982040474971,-1.1617513001764113,1.1056104909460815,1.65337277099165,0.2732099268473851,0.3146321021203527
204,2.333016418252688,1.2959278615737506,0.0125757696003142,0.867394492997976,-1.6368018643107916,2.523373331399558,-0.5902146122004895,-0.1204974138993595,-1.8559332871884369,0.4862873047408947,0.6883475560051341,1.323581162000694,0.1922050911031666,0.2725856351754699
205,-1.1063441570771089,0.1016557615660292,-0.5442744329245381,-1.0777439349303437,-0.8043615017626171,0.2257880340855212,-1.2814909728688244,-0.748811671023577,0.6632733812644779,2.602479874874313,0.5160018225852787,1.0501782736167544,0.155869940795123,0.2724249614946463
206,0.4775888195530048,-0.9172616421772876,-0.367114170072311,0.0315890061525782,-0.3494249506357074,0.903058166736933,0.2174734830142245,0.9078523849098702,-0.3144437902976293,1.3255002197212566,0.4640231354210914,0.8673952313917962,0.0793267419438362,0.2130140253291443
207,-0.1664855842815459,-0.9711898691379915,2.1773203810422213,-1.8249777469611168,-0.7387387253049276,-0.6270278518303946,2.5083062730565637,1.806858884146512,1.4939281436421976,-0.3306586623763318,0.703624107378939,1.1042849085104955,0.2171893940774942,0.2975673824214774
208,2.426178003841775,0.3683520038409712,0.9772633703031224,0.1796953811062069,-0.0494665713232515,-0.2517786739263792,-0.2096399934191622,0.6084916486780788,0.367199798775388,-0.0314713702036838,0.5032796995411587,0.9241504665299932,0.0884799642897116,0.1537883427865848
209,1.5095239926988544,-2.96675306874073,0.509887247921195,0.7177387066589793,1.1469628682551696,-0.0648714410533611,0.2079200673839576,0.9859483833147212,1.49116640428018,-0.3005359851787682,0.5890198411124787,1.1035249334723751,0.0076906068880953,0.1535244569903795
210,0.2669757831275602,1.6785739643487574,-2.124027075878851,-0.6900125998145852,1.465835978602963,1.0925378336083031,0.5224452109266943,-0.4485968731091201,-0.8818184989854194,-0.5912156192423738,0.6503470744909922,1.13499760655931,0.1958281015104819,0.2275177390150735
211,1.5480082208186925,-0.6284426891553463,0.1014229642396578,-0.753707644861746,0.842774030099027,-0.5387262803464412,-0.0975938901544142,-1.6833821330428256,-1.6133682362049395,0.0076731933215063,0.7078140186874687,1.09960426279185,0.2103633664699472,0.3034672168518125
212,-1.325157155197762,2.1050866393345022,-2.061523112112249,-0.8001752986641041,0.0167008672675504,-0.3651329377957845,-1.104145456663919,-0.957927839495268,-0.9906540774992384,-0.2867216948200629,0.7278262446662747,1.2176820872139398,0.1726659957706367,0.2864172444836973
213,1.951929089517424,0.0779372965582097,1.182900489387524,0.5069763458281417,1.1138623979822204,-2.799964302593586,-0.3044580211482294,1.3071354231507135,-0.5717358227493337,1.762473164869612,0.6673452090298537,1.1340461051790347,0.0350209381536201,0.2414866208939587
214,1.4838901537677616,-0.4691307161274624,-0.5031635190463567,-1.0136058423544687,-0.6295942318637977,-1.2325890641689152,0.4288111804330056,-1.4560464933464334,0.6037330161902218,0.6280786969002486,1.3217094831737388,1.3851736711247382,0.340938882187743,0.4768965959206276
215,-1.6612044051839223,1.5498186063283397,0.5136092944152219,0.749698021444869,-0.7586652015427723,0.6223791184731187,1.1263934497220656,-0.0986083990046772,2.001922459248361,0.0440646349129376,0.3877455193755586,0.9082497178985736,0.1508830733421751,0.2135747655412824
216,1.1407858004524745,0.293008807258655,0.5855215328568677,-1.6713322676347722,0.3710537382153631,-0.734975101257266,-0.8463983057776877,1.7441031844659785,-0.2137702480623489,-1.0033018309754966,0.8551476275239523,1.2340589216400497,0.2195347960464072,0.2336763935844458
217,-0.3591316281088747,-1.3004502289219138,1.43388446819627,-0.695680744166515,0.5292999339436693,1.3561067142103251,-0.5001526812147293,0.532022432272786,-1.03008605490443,2.445769569113684,1.357097655993217,1.6169589992427773,0.2885304627965986,0.3978261525093069
218,0.9363801346166222,-0.192606438760806,-0.7728337308889638,-0.1139965528396263,-0.3399837223515192,1.9529445539995067,-1.2255347222149022,0.1348014232902034,-0.0183380666337099,-0.1174103003448694,0.6468892497444279,1.2514254756017835,0.2286028720857072,0.2968904491500344
219,-0.1086166549383424,-0.1160708101204834,0.8730660663320997,0.6089844464924351,0.4189116113727865,-3.033989362145269,0.2997948741631638,-1.6556393601700825,0.6463201631358254,1.4744973675705146,1.368653003980575,1.466592276902006,0.32823029629468,0.3490167830653942
220,-0.9262391125885509,-0.2617807223427068,-0.599355705052997,1.2354317757568007,0.095027885272073,1.7283293805663331,0.4137542029473876,0.2424501806358193,0.0682067826028363,0.8179920992573367,0.7976447849125763,1.1825645742097164,0.2112653961020471,0.2815236535583321
221,-1.737686198245343,0.0853439555205099,-0.0700464437279648,0.7254188271577661,-0.1877016058740368,-1.03873443416267,0.0073506749196991,-1.0828405288683434,-1.9252622125874852,0.727122481485493,0.7868527404328333,1.2826047171441506,0.1781617881380891,0.219671144963066
222,0.5790615726946706,0.4670909439935746,1.302928421945811,-0.6650318903039252,-1.431114142771255,-0.0700297768080445,-0.3475002997059104,-0.8422957167700686,-0.0798491534877959,-0.6116051462045847,0.6749583904205421,1.1381454078690487,0.035386865244719,0.2344853902622597
223,-1.8360052833568312,-0.4411766907937603,-1.1363751667038573,0.2316480716109227,-0.6560347582406549,1.1116314741410516,1.6038660672678655,0.6793813730119062,-1.55102618198332,1.5051959988790395,0.7497025229448657,1.226348721533106,0.2147112064506747,0.2882796099841839
224,1.575720450373765,0.0187905113079407,1.322926160335532,-0.5516751380466781,-1.8662459348495892,-0.7602844386215937,1.7293008660447564,-1.4910799236114736,-0.0004787180685054,0.0341438933402122,0.4216234334413603,0.930945894768374,0.0541904042259378,0.1584088895884777
225,-0.5129742439678118,-0.443521599837115,0.0722491342362027,-0.5621623419347272,-1.422058497167931,0.215031942943456,1.0733665824449723,0.8695725186534211,-0.8097354673898115,-1.2512279153776755,0.4932821709950645,0.9284240010889248,0.134102603285631,0.2743623077667964
226,-0.2841878821547786,1.567791509795664,0.6455980789595456,0.7039646767942336,0.8898569517854946,0.4207665625185863,0.1206085476135786,0.6623068966479679,-0.5461661042180197,-1.4144630113663208,1.1129920137944935,1.5239404500535376,0.3249842555151467,0.4236001135459637
227,0.7229969346243232,1.2377381057492252,-1.1182319393560314,0.8219214824159002,1.68076571338819,-0.0022462017571209,-0.8180021847417462,0.1230186735267556,-0.5505339682007013,-0.6167301099564017,0.8075955267916087,1.274268241835972,0.2241124476340328,0.238116878883635
228,0.4331840672715426,-1.6037294750298954,-1.4439289224922272,0.0192908803739428,-0.0223085389124311,0.3435545770399357,1.8752253884833885,0.1045140360758211,0.5981721503347945,-0.975532935614632,1.330373409658391,1.5887290837266743,0.2618356947910709,0.4018968917723801
229,0.7679376635165371,-0.5263908651106778,0.0714208325810931,-0.1088486250691617,1.032974234914031,-1.3099765543749995,-2.2832386346150395,-0.2134326970879245,0.4685312569051241,0.1522693758075,0.868332899281107,1.1790686180420638,0.2536489023883006,0.418193624730968
230,1.2322042374139113,0.4373726741796683,-0.5638483318598599,-2.3254201541396804,-0.2373122341952182,1.027959002257798,-0.3920477826671146,0.0283202636777641,0.4213602543067085,-1.015292374249816,1.0821020951047526,1.3618955396846224,0.3151909297802437,0.4360781252563072
231,0.6232358966388174,1.6371217900017057,-0.1728133518934063,-1.1290644218323018,-0.0666010270219737,-2.2243841086088687,0.336903263976616,0.4522743776485788,1.6756362938455622,-0.193994792566625,0.7769133626155231,1.3453260663321034,0.1330697100138375,0.3346459311515805
232,0.4084853381464702,-0.8612881023859011,-0.3564271205250787,-1.525185436662198,-0.1947896212832356,-0.3053091535185648,0.2991997660888958,-0.6235968803326393,0.0833453509750919,-0.3333800556076656,0.7394139179241107,1.3719377906207295,0.2996257676584059,0.2616671706108326
233,-0.3314993882995142,0.0803623259630301,0.0405229423170099,0.7611740390516385,-0.1206430341298348,-0.3498853491230032,-0.1808074450872261,-0.7146641168409925,-0.3599110935666715,2.031158713073231,0.745044286409142,1.2859587886979802,0.1806434675105243,0.297729439103388
234,-0.9126787606958672,-0.2786563338793094,-0.3874886632696904,-0.2471716122443994,-0.331239308878395,0.2792401012209997,-1.7101751013917943,1.0371714725320045,0.6325827996421973,-1.2428715860631347,0.502538842054241,0.8080326843802343,0.0993081126952881,0.1655136112967913
235,-2.2690772729524014,-0.9770721461414013,-0.2426664614271225,2.580291898690775,0.5432569649742733,-1.8075896491814576,-0.689655504900944,-0.0532124362729832,0.2536835542980969,-1.314748860310423,1.1260315766400342,1.644363200346881,0.2371746552860371,0.4406602593373989
236,-0.1349902279770614,-0.7176391376105407,-1.1037585626023163,0.2595956466989539,0.7738771734428223,0.8410412769616195,0.574386351133876,-0.4973695331402628,0.7145497614635058,0.3090544381042879,0.4721037069668191,0.9720239831504166,0.1395185948025855,0.2170025647284445
237,0.1339418829520131,-0.6116931217017983,-0.4968761273415282,0.073886936124554,2.439874466985501,0.3012424800913901,-0.611188502250286,-0.8323894449694428,-0.4917666126562028,2.177293447549065,0.5570612997219531,1.096818466053286,0.0834345808408338,0.1693881632746124
238,-0.399256645945962,0.906870534610285,-0.3759282454713564,0.2611845412796286,0.7917452740087223,-0.571902849809924,-0.6411116541527696,1.6588696944553298,0.9845928948957968,0.7906723186907282,0.6914849473442202,1.1174589470021044,0.3474547212654363,0.3622339790368393
239,0.787276293122914,0.4595754883110654,2.017775813175065,0.0439083018771567,0.5772623672009194,-1.4509129285940126,-0.8249606865912409,-1.2008189998350405,1.2740635835161491,-2.55254015202075,0.3648925633791978,0.867754204325643,0.1240933030859245,0.2273632398688983
240,-0.4023100227527226,-2.9937066026606227,-0.8312878954818901,-0.4909489497318663,1.384871093794044,0.3966279392214571,-0.8331415233289663,1.065963719731826,0.0178322545297575,0.0375668587072523,1.2823325752976047,1.4745044206446305,0.2937272869998549,0.4163939762079679
241,-1.202671507771992,-0.9900137139031392,-0.8250972999455244,0.0464612731541895,0.0778857269806748,1.544092663524045,0.3850551679378343,-2.707565693672108,0.2626419878716904,-1.4500163561675328,1.2128839509439997,1.2780699627252463,0.2885100184712403,0.3574296782869843
242,-0.9659709246115364,-0.8121694717263299,-0.6633383235123018,-1.375149392040303,0.2034820034522876,-1.4108022850909592,0.3566676072498469,2.2369710770616296,-1.3293590589340638,-0.2845103043392221,1.2262817128362768,1.798525900260341,0.3183740832737152,0.3843235156913801
243,-2.52345736251247,-0.3009352929701331,0.6427171526314838,0.720639231357267,0.0773637302840967,0.8892634247589758,2.546054535942792,1.7123046874375991,-0.5225209294096369,-1.4511039864667383,0.8921801501977252,1.2482687887209212,0.221004724522592,0.3303425296607835
244,-0.4061514165738035,-0.9469827656173482,0.4513475478646326,-1.181193539429498,-0.072822432590342,0.8380140545363104,-0.100695872817177,-0.9463138227477964,1.1748140575856918,-1.8789809447538277,0.7056543564829542,0.8869111564674084,0.1236816038405727,0.1536809435009231
245,-0.3277950558774631,-0.0416600233813347,0.015908658399631,0.1804960560780812,0.6104398198094931,-0.0354074390453508,-0.3680582821436807,-0.4075893446596956,-0.6115158020383546,0.7875433243268652,1.2833268969513372,1.4081313488513905,0.2791316593197457,0.3852455042881047
246,-0.6465284794765146,0.8467711090082444,0.018999082259871,-0.5212548068561296,0.6184072157441348,-0.7274539247231182,0.6381840407282129,0.2127261211917848,-0.5963246890919207,0.5286348153345591,0.8975816719344709,1.291845444394241,0.1377141311776807,0.3027467055499924
247,0.5465897256886387,1.1575196058099575,0.966147012409296,0.4912740207262828,-1.1275909512087632,2.448586988174057,-1.4036162110718102,0.949263174282309,0.4312838168862984,-1.1741423724811146,1.093563021787624,1.3741495089324665,0.2891491474787814,0.384575860577209
248,-0.1243009388784991,-0.0787528862446404,1.3055827158105235,-0.7133109002802115,-0.2619450064243539,-2.336069605021263,1.7347627931235772,-1.0704682430200712,0.3269108642391749,-0.1014078297218639,1.5640074729518283,1.5432959825360697,0.2311191249622881,0.3717612997914529
249,-0.0980009667833399,0.809861984870875,1.6712624603036346,0.2514936699419917,0.6550780176305259,0.3288915367270408,1.0175314239306263,-0.4629163794863271,1.075390554416414,1.110499865647384,1.3532074943144097,1.7088442772869925,0.220700834388102,0.3060037807430478
250,1.0825370086829098,-0.660147867336476,-0.1683376342371908,0.2394669887804349,-1.3708420448290055,1.5949202080860148,-0.0122765335021758,0.2839278876047216,-0.577004439727203,-1.3268775593670228,0.6870965175371783,1.0389614177370905,0.0565853634061816,0.2267314543061218
251,-0.604029885474771,0.2192041876335884,0.6734288127536935,0.1617915406027201,0.3467240162419504,-0.3370263746813766,0.4962485662454281,1.482832866385907,0.7047894424389869,0.8095418882529403,0.5364252260983122,1.200337550659716,0.2163910586421542,0.3462135069768914
252,0.294016399306631,-1.503155069599602,-1.0446665306312433,0.4548758006638433,-0.0109390519600858,0.439842886472828,1.6764234178440736,0.7260359992293337,1.2588862057428216,0.09468138947073,1.0479156071561193,1.5085687161403358,0.2537287686970206,0.4127691877837158
253,-0.8072156774844398,-0.057866159214341,-0.8047518137191378,1.558294956772448,0.7903910765354696,0.5205124966282796,1.2359432022281034,-2.0200564145232254,0.5881379513426596,-1.3106457843043726,0.7104653677636976,1.1591899160839778,0.1502092302604885,0.3325568120911828
254,-0.0072556984656611,-0.3117075924672144,0.6617366120969479,0.2281872889609554,1.3451171736117884,-0.6018971609326136,0.7091143896332839,0.1622232168988319,-1.6352902700715526,-0.9186164585230326,0.5858451116656666,0.9765379430042588,0.1019118997480014,0.1275704292683228
255,-0.1498780335221683,1.1122924498917277,0.4637230575571145,-1.1675008238807143,-0.1403162280471597,2.01780644879303,0.111223334840858,-0.3273255750723957,0.4917396407562205,0.76339307958197,0.7700323351993213,1.1949795382958257,0.3310396545514987,0.2444016487112918
256,-0.4561683474800591,0.502574774371437,-0.3288894966708092,0.7193276018294383,0.1696931579712837,0.4819678270528922,-0.7591835461675044,-0.8212863840728593,0.9454973046593949,-0.0793963813854937,1.4196265858128656,1.5996858773465807,0.3140318202245068,0.4879310242097567
257,0.2850347420993615,-0.3063954270865195,0.898726774013644,-0.6078099800296577,-0.1356012399008828,0.7859928127031317,1.172967699164266,-0.5237592910266834,1.959683981955883,0.3132416936936163,0.8372105472606863,1.238915919566793,0.1973439673491227,0.3611784441209313
258,-1.0429282618087377,0.369052048589968,-0.3829992144834577,0.4340684871831768,-0.042856247660338,0.0742736901901447,-0.911593376586146,0.99006123071636,-1.156127367151032,-1.1087648954049951,0.9096469233810884,1.1374322712503786,0.1340376402700616,0.2898509681302171
259,0.3673603491474866,1.6028442471779696,-0.3525930970644072,0.7009723227039657,1.073340176863545,0.8146844372940691,-0.3112082891736814,-1.0910467171940743,-2.207547565671355,-0.2628404994623932,0.4199961435602353,0.9936475425384644,0.1618719067342069,0.1771349172456605
260,1.1780873685621749,-1.124165984761934,0.7002098475187654,-0.9501525300518722,0.1060725763868382,0.7077916141550177,-0.6594954368384278,0.170484680696914,-0.4150913367253287,0.7051486589381767,0.7957176618688425,1.2058022734808396,0.2424215441102642,0.1876555333007697
261,0.2353171684846372,0.0565076744292673,1.5583499601419777,0.6623061423683021,-0.6903518661262891,-0.0858639007977618,-0.0758987850796607,0.0803195726252119,2.524509276607495,0.3708518927109968,1.1089949557852057,1.5211283692279474,0.360003947821343,0.3754048776246897
262,-2.035902570104776,-0.5427989717169651,-1.9323720874958088,-0.3297982570458398,-1.9873102297264285,-0.871590471068428,-1.52072152963412,0.3841601779674775,0.0005393626288786,0.3029623074987311,0.3123447293958126,1.0619711445966136,0.0682318805587185,0.1405166670454819
263,-0.1045513885685264,-1.3942977502044178,0.5135213692547353,1.9222245602694528,0.4092125786065467,-0.425924599317566,-1.428067176105445,-0.9080669707599652,0.4530396565720589,1.073118026799375,0.7375654610286776,1.181547464234415,0.1697627667730893,0.1897216971450465
264,0.2608661747219759,0.7998872897059834,0.7076782440272429,0.5065343913859176,-0.6584735952612559,0.1739235119751524,-0.8483778038821382,0.0174289529581017,0.3308635310669119,1.6787838073868548,1.3345599295330697,1.6274875041278722,0.3325760995669752,0.3431157164787591
265,-1.309731974367632,0.4815076309913054,1.4812365916235948,0.7588477658387964,0.8329454428250415,0.5876949018678121,1.2983344897754168,-1.087478168112368,-1.3859266659702465,-0.0063341404652559,1.1697762699078722,1.4993478684770545,0.3299397194780955,0.4334170244359041
266,-2.16116210357171,1.2306458041780113,1.2207151954954414,-0.4333505550845262,-0.3707705966605096,-0.0723474751506713,0.0520206504396197,0.1271739191942854,0.5582321068783032,-0.1726263530084781,0.7265826201221505,1.208199555641356,0.222864020230762,0.3727911161073383
267,0.943193303477794,0.4459477771253033,-0.6069634458726355,1.3351126678040974,-1.358256986122487,-0.0921658108214764,0.966917401075468,-0.7230731049121446,0.3095556467671514,0.543339596999048,1.3056759809737084,1.5789056687375518,0.304191331396468,0.4705229572601752
268,-0.860523867981239,-0.072477719594035,-0.1565038302092101,-0.5517378518322928,2.3016748520507746,-0.7631063534454757,1.0049302940678833,-0.3928010168811419,-1.0866361888852818,0.1028142431550689,0.8409762795959498,1.113891208982643,0.2701684985062595,0.3348951636269514
269,0.6490933843875007,0.9205095750656788,1.5622651106550691,2.9452462899351,0.2505142037555971,-0.6630921738253879,0.4528743267948912,-0.2662129504064916,0.9259661298522298,-1.2971642963657215,0.4556955978871517,0.9520507032600756,0.114828777257038,0.2231592397633792
270,2.3683345424004374,0.8560480947755128,-1.6840040177961646,-0.7090289023149722,0.8160810441139388,1.1763440561714549,-1.272237627231963,0.7130258504329489,-1.9473398726619235,-0.0893358654710459,1.2295938398446808,1.5311308673442885,0.384997868728819,0.4535771576117443
271,1.1120468421032064,-0.5515157301029805,-1.5069222991380136,0.1462147963775593,-0.6047188666354781,0.6295583660658357,-0.8853264322180604,-0.7726368896531003,-2.0210023208762435,0.1699447110514828,1.2285953386897537,1.5941310580767485,0.248373804823623,0.4198963524973405
272,-0.1609049382765987,-1.188384670740071,0.193798713767092,1.027070300644139,-0.2155679434189498,0.2681669498219737,0.2733112495851642,-1.2043298271789604,2.056585820707596,-0.4708498301222839,1.4713959524599665,1.4781954104607626,0.2576183035690457,0.367395555570347
273,0.6561162018602708,0.7692152772290496,-0.1395951271157517,0.6067950250596347,0.2458192218163891,-1.417639757227406,-0.3322727012500882,-0.6125509023540618,-0.4617450413461271,-1.304003177836638,1.0365550443986418,1.4215238091872298,0.2814745950704985,0.3297216490410679
274,1.12643371674603,1.601992654613413,0.9780029759984088,1.2705292241471429,-0.3446348370081561,-0.6362568349860365,-0.7785870468117115,0.6440649229572226,0.2270630531441496,-0.0772217115984257,0.8015618333949603,1.2902277173786647,0.154612190992654,0.3759641961820884
275,1.295148544195343,0.404941353815343,-0.8386576375205848,-0.6809088291356947,0.6819932992541455,1.041732852654597,0.5516802322559695,1.8968887478720813,1.635007165731419,0.4410358348507628,0.8510792088527596,1.3030580585624056,0.1671082723073931,0.3427262613533308
276,-0.8385806594815023,-1.3099875117317676,-0.3873817450147148,0.753213446416157,1.8266470793119376,0.4174470344107998,1.1687227942312366,-0.2453074861878023,0.6227691252275501,0.8233568294771726,1.036209914940703,1.589024750083651,0.3085919669896765,0.4276625609992392
277,-1.979594275852528,-0.4134388023765102,0.9497003842778696,0.2744683356365649,-1.196515048150933,-2.430122375727356,-0.3657807453020064,-0.071585692893879,-0.8839229498283454,0.1430849370279944,0.6824405394375148,1.1104930157723394,0.2298614109126692,0.2525825997887899
278,0.5063867472328947,0.6706871707262329,-2.3559189249323222,-1.3142850978081202,-0.3046226483547355,0.5721731310374635,0.4892340135500355,0.4718699478766758,-0.3834179419689318,-0.3276334373099607,1.2694809438148684,1.3632862193539754,0.3424087106333334,0.3383738342615746
279,-0.7283292684217407,0.7681941281058479,-0.9204887877395782,0.8500363951895699,0.207853238137646,-0.0450444784551535,-0.6567103997764666,-1.3555418611641263,-0.6476527563780456,-0.3300068686248863,1.2828449906519284,1.5625630933646,0.2651614090785212,0.4291013283542363
280,-2.3690243115812515,-0.1973551553346642,0.9243573680260057,0.5672179054338725,-0.4962058757415074,0.0469362984152277,-0.5561645694219997,0.1487607333356961,1.5401078237440315,0.968498802624876,1.2390663395000334,1.4461158143807262,0.2495722657961895,0.301868715416371
281,0.5207943056927528,-0.4928849123837183,0.7499383929448385,-1.686876951373053,-0.2523534819908905,0.5837114198239499,0.7404212140477514,0.669884490215741,0.2948306892096945,-0.1957249790838829,0.8349650047299694,1.0435197228637945,0.2047672099720654,0.2868275891958875
282,0.5379759698264889,-0.9528610405863004,-0.8446772632932499,0.0617346764602967,0.1731976427087473,-1.8256151785646464,0.4551463809495185,0.7727283779193933,-0.0772852374662953,2.374466283283992,0.8679142775438196,1.1697954500510137,0.1835276106826454,0.3365935352144147
283,-0.6829351063151862,-0.3610871633868695,-0.3950669061272093,-0.0761876112910175,-0.3287248129662911,-1.4068105446048718,-0.5465482962364754,-0.097620695774076,1.2285720820619974,2.2022432733729134,0.5335058029084118,1.0316155957182778,0.1234633794904263,0.1232213938396447
284,1.3354738978506546,-0.7753790296726064,-0.6958096106261655,-0.1593285775093509,1.7845588888535862,-0.1654240521818934,-1.327507490537431,-0.5011771369530351,0.757056001819417,0.6899402768960868,0.8756788679986982,1.2612468794013605,0.1491658435711751,0.2877959763162899
285,-0.2002166664916561,0.6834146735600306,-2.273172202546832,0.1038292350326976,0.8606854213686301,-0.8328632751545352,-0.836338536496288,-1.8664481527634755,1.589895594810694,-0.7201539770215667,0.4960692712372369,0.9865503215598268,0.1166929983284267,0.2715683390915592
286,0.2410432778621117,0.6039170414833746,1.512067949141453,-0.1538977739856352,-0.5394297937784186,0.1730676485705534,1.284080276542287,-0.1701725314007837,-0.9548690815840764,-1.5407578083153624,0.9081766727672828,1.0687780806568594,0.2311034995153024,0.3664466659767704
287,-1.2212973846052253,0.8643914974066649,-0.3206244763068115,-0.6075209099207104,-0.7159672231839423,0.0850458602001818,-0.2394550937655837,-0.2731321437192525,1.3493239278107392,1.5380162818616334,0.8386808520689203,1.3090980425185967,0.3006135222850383,0.351185477305349
288,-1.6100216729089964,0.3275927311429576,-0.7768620986213922,-0.2482511138610935,0.3092783851266944,-0.2127199169309193,0.2304598806276331,0.6729702060319175,0.2945768005403198,-0.6468363041676235,0.5249308595641728,1.1045088474084754,0.1072443916548445,0.2011951521642478
289,-0.6291996069703238,-1.4397052966180357,-0.8539202975207183,1.962068361898528,-0.7920035740952445,-1.1933788124438198,0.3199278618447733,-0.1103647592918598,-0.1955932368492254,1.40904596641209,0.7648585764286268,1.3563413358832108,0.1590785667028999,0.3766183862339058
290,0.5491266755583651,-0.5299929317034754,-0.4244759175917799,-0.5025865139056851,0.8747396215802571,-0.3081476294531374,-1.7931535024541505,-0.0483196787343443,-1.537026001127929,2.184230601754902,0.5499864123740371,0.8600693825198058,0.118382464649571,0.0949986746174188
291,-0.9656679138472308,-0.1618647653577306,0.2582027347011369,-0.28865816067923,-0.2900304014661926,0.4218272861608771,1.5262159587962787,0.7675090818172975,1.4785138785735428,-1.046619108093502,0.5625508016831036,1.088523148298899,0.0703822022173973,0.2061773847977791
292,0.3173626332553613,0.1552460520582792,0.3510912916767348,1.3762319706355726,-0.220789149792054,-0.4055033665540877,0.5339807974186639,-1.7782027275658474,-0.2368520491221783,-0.1341976892854529,1.4931236150625429,1.4494253295738064,0.2470546206471699,0.4740831701231299
293,-0.9203586163069252,1.0570590113565772,-1.0622403173432842,-0.1358730483637962,0.2931572253229683,1.3534515614761184,-0.0105564348808533,0.9361535941282104,0.7005953972771274,0.1234575561691425,0.9962587190530796,1.2003695671847847,0.2505731517704178,0.367073795776544
294,-1.0895134082734554,-1.4345808609043489,0.1065054014191864,-0.5426968739026136,0.9192610916812918,0.7458565180985776,-0.1846109944370498,-1.1577129239412691,0.5107355496072734,-1.0179494461351504,0.4257515767461616,0.9514694164632131,0.1615437256577367,0.2842507139354255
295,-0.758463922930865,-0.9794157382151544,-0.1385010219399534,1.1701923340705616,-0.0050408702235287,-0.4432186924276957,-1.5256149300452442,0.5521245847298429,-0.7804046059286275,0.1175176191580966,0.8562880860174356,1.1120185646497944,0.299353055584972,0.2734514551094018
296,-0.3542186159166406,0.8381772195994377,-0.1572363920285521,-0.0589263545230516,0.4857471474554596,2.1069401822631857,0.8884469303585544,-0.0886061063486094,0.0031979906152883,-0.5248594603244346,1.149729332824282,1.534233783448962,0.3777080210357387,0.4426987988276112
297,-0.9499957035196952,-0.552750787066322,-0.7721489637119425,0.6533683837958855,-1.071194857868986,1.3332105613800442,0.7520463836188297,0.0205017293676684,0.0003186114650683,-0.5572813096145535,0.5414865500361911,1.0463288530118109,0.1021757334321733,0.2279069757259253
298,0.270084411347764,1.088092463208589,-0.7031564622558137,-1.5333920889187305,0.7032182548567439,0.3243659742438005,-1.1201988014411794,-0.733391370914118,-0.8591042740501407,-0.7245322690342489,0.5470439922305697,1.1703392540930202,0.212066096745839,0.2424492958190246
299,-0.3236827540411877,-0.2665473042807473,-0.6507936550684602,-0.7581638194999282,-0.2287843439193815,0.1676915348595612,-0.3162965363648446,1.1586670233413017,0.5080877144207865,-1.5908458568586958,0.538632331781156,0.979552877901388,0.1877737849157745,0.2786509862607428
300,0.5237277654138535,0.6055439825855826,-0.4347349681241912,-1.4951975873031556,0.008066759411136,-0.007708651482244,-1.1216462365331947,-1.4512192162599356,-0.0875535464534394,-0.2330771920508219,0.4534194430881837,0.9849162288433304,0.0963026217195803,0.1774170261920188
301,-0.4172653653223936,-0.0834107347465613,-1.1027763738203191,-0.4348206128661142,0.5333250306143476,-0.3499700803512888,-1.671972471792552,-0.4726922777235716,-1.0701584635068604,0.2671362964617307,0.8195024984028128,1.124171793111241,0.1434692332531237,0.3311355611950134
302,0.3188374033804253,-1.658774625086031,0.759012970582189,-1.1121863012785584,1.5591822904823514,-0.0487762645006168,-1.2463934985391625,-1.1419860706926814,0.3480952917873448,-0.3912998898983776,0.8629529584221811,1.1195684240340007,0.24476777153813,0.2684211135417334
303,-0.0966539096181408,1.6127802326970393,-0.6992440642290753,0.0599628576957066,1.4198444873730531,0.2705134754664001,-1.606602735358006,0.5053890117321368,-1.163002857783444,1.406807528732965,0.8253165238037982,1.2820344012612457,0.1983193717648143,0.3227370456070567
304,-0.8228676049979778,2.9695095077456646,1.4673759883276782,-0.7966125696279787,0.0200138050016104,0.7536442816334635,0.7836604742267077,0.4423362599761972,1.25215903696611,-0.1229689466343695,1.1225355534168642,1.4803533416571903,0.2897070284559829,0.3626710826729881
305,-0.3667176685760331,-0.3468639879246106,0.8583732319721272,0.3651810403026461,0.2912836656902564,0.795234249257182,-2.051052407853855,0.3100688238751504,0.2185688888737157,1.6688080813007051,1.173483875532633,1.3451381701136254,0.2754423126428947,0.3857562253315165
306,-1.528587982263667,1.557186632376758,0.0754091289246658,0.4889895306600449,1.6759187876093766,0.560761268005573,0.4003682894625609,0.2422911858023184,-0.4834781349943769,-0.0284891245103928,0.774382024750462,1.175850255412922,0.1969117900069935,0.3239720759043032
307,-0.7155127661227486,-0.044566899425482,-2.3359306970550966,0.4290395675675486,-0.1217372537836254,-0.3362037366667643,0.2197580839401431,-1.4335639229654409,1.9292699966212823,-0.1027674614875996,0.8874517074132523,1.1350234773151733,0.1398399572305428,0.2478977793878448
308,-0.1458444329721895,-0.9653962101329224,0.0239463824492612,1.3869598902732805,1.035916209432034,0.8544377511405561,0.5463989516672716,-0.3585425275626097,-1.450163167036702,-0.201038771866635,1.1269195618207608,1.4648078682183492,0.2615001966901271,0.3351941667875053
309,-0.2358714645336772,1.048794439671241,0.3093904424598202,1.6123115279035485,1.1974885400381745,-0.4564956095040957,-1.7951291966198684,1.385575233941481,1.3593852232307442,-1.366211590902226,0.4543879172525812,1.0181426620113971,0.1297514732917782,0.1721288473445839
310,1.509240019827501,0.3821171705925179,0.160685498125653,1.6147832542473273,1.3446851732306149,0.6513309519952039,0.473217065811983,0.6163942905303591,-0.4000574338825259,-0.0551014497323209,0.7587002177856567,1.1073301691152688,0.1984280414812612,0.2575785682904593
311,-0.9023171545945426,-0.3330397757389188,-0.366633878668933,-0.6353053696216646,0.1367465026484631,-0.3239808507005772,0.5022347203519739,-1.622320613293765,-0.1133547941072996,0.1315516401774956,0.55731278132412,0.8214133508065888,0.0820185163773768,0.2150553669595871
312,-0.3106292398368805,-0.1723926998092312,-1.5852460107298574,0.356477104669492,0.6476059825670705,0.4935372942037668,1.038727059442183,0.2015296057825019,0.478681180650937,0.1560907384568524,0.5183834516322504,1.2693033663980495,0.1174900012283953,0.1497972701578995
313,0.6875507195924941,-1.577229636132122,-0.8935809679780109,1.586899657033091,-2.4604358220962053,-0.1401779298253439,1.1722749596080682,-0.0932606655417646,-0.4050110714506975,0.1294216768153004,1.185680362936639,1.3223753666533549,0.2959700125351619,0.3583471971499621
314,-0.3531201800024465,0.0308494927569391,-0.6833810365201296,1.108674419955724,1.423264921065661,-0.1333903221116225,-1.3864894206912433,-0.5238431703133952,-0.1839886601029642,0.5055388769032081,1.3373085413340242,1.4450459725404463,0.2941617042102377,0.3682221079297798
315,-1.008013223170678,-0.7691623186421507,0.5106761378588074,0.9389088320395578,-0.6215940451706842,-1.333217053950996,3.284118201287884,0.7833042370887136,-0.2670037617670316,0.8690312755308397,0.9738851351853332,1.1678757233882089,0.2916278521739601,0.3407075881059133
316,-0.1244566297144221,0.8671568891001863,0.1593931977762221,0.0912718981675732,-0.1135818682307886,-1.4473813334630898,1.93809489939314,-0.9415339202677434,-1.3600235763105946,-0.2128598827563673,0.8482066727335387,1.236873314731752,0.2196898649108126,0.2036163710327194
317,-0.9614718135105068,-0.051712790560271,0.6877638485617686,0.995302900529223,0.8147307216216817,-0.3056320547856803,0.0495918276615858,0.4078790508974909,-1.7577874239420723,0.5705847001198596,0.4721116605849244,1.0845157971184325,0.0975551408262947,0.1297405076598212
318,-1.4572992875838315,2.0403465989064893,-0.4045150846416953,-0.1848751771945912,-0.7697070992378554,-0.6299700318556897,2.27409356914324,0.9403696886232976,-1.5492024451478383,1.5042129006852296,0.494759554942253,1.1704105516255492,0.162344585776736,0.1968997995316984
319,1.1932422751414316,-0.2812124622882884,0.3066969420298376,-0.0149440794210742,1.9725799044469323,-0.7962901889920904,0.1460106097757269,-0.4281453309928047,-1.4330404046178542,2.191638255054987,0.5951449277058086,0.9633492979631948,0.014806420658664,0.1537767005935222
320,-1.1815665791024124,0.2201291874877759,-1.7407006063803354,-0.3990705392430932,0.4219688214334575,-0.8247339795023627,0.586801850735655,-0.2690410918880824,1.1600825123986132,1.361760913340223,0.95628887685082,1.1726006918170695,0.1878308010312491,0.2850080901862559
321,-0.5867447607300117,0.0767328593929568,0.1834542264722327,0.6193492954346985,0.0143819962442657,0.1902109593428422,-0.2434064747951195,0.1152398669720183,1.2979401935351325,0.6460832412118543,1.485620488435951,1.6625958915362062,0.4109390116724067,0.3920477394799974
322,0.701255639443369,0.7230703241355783,-0.1538087778810355,0.3188270435795304,-1.0851736783357446,1.268807656316957,-2.7829604323432204,-0.0871483923354251,1.1408959771502742,-1.3638679336293416,0.8295624488747095,1.048335745057921,0.2738467213059137,0.2416110224366032
323,0.3997799176168511,-0.6807664465790269,-0.3688032651888687,0.9459409606394378,0.1980569258851502,-2.0343558678843627,-0.9764255397315984,0.9753357348887596,0.4489427181929976,1.7481355725242844,0.5216775563762629,0.8902697472367156,0.0705566586630652,0.158136878447515
324,1.6826475940132972,-0.3422451301467918,2.5032378050694883,0.0244796698519107,-0.9626685344090254,-0.6336398659105773,-2.256725105289419,1.607019008249281,1.5947619890438636,-1.015507438813321,1.1088187108986274,1.4460877296851022,0.2725865602537461,0.4416666955890154
325,-0.2278842883819059,0.0956075441125776,-0.9603530521421138,-1.7551020312711616,-0.2103576037769118,-0.3210794294592468,-0.3884112409887751,0.2227160626009646,1.4295196585259922,-0.3030927196917261,1.034270581040622,1.5220541427013867,0.3608979576152779,0.3743401817743302
326,0.1704429987213628,0.726870523744936,0.5541429265127488,-0.614423524447842,0.0963771231140358,0.5475398201690533,-1.1283513375107777,1.263539010796508,1.431588905214111,-0.7227802554444938,0.7282081109252398,1.176947537481975,0.2589862604180355,0.3097053815476678
327,0.1936700183481687,0.6422782566710317,-0.5456141563287527,0.4816138456880944,0.1632556262921654,-1.4679181776388008,0.4591613159785581,-1.1001424162710358,0.9392028516620472,-0.6712110751338888,0.7468785705392402,1.248387665118804,0.1448853925081788,0.3340679755221474
328,-0.161285433661145,1.372278913446575,0.4963816465288452,-1.0794739195745453,-1.0149165707990837,-0.5993027886237254,0.394644083356666,0.3582998149327681,-0.8431023046628692,-1.167209485614359,0.8408607307701768,1.1692191528861116,0.1580707100776384,0.2556659538858271
329,0.2815834050858342,-0.1818600657901619,2.1572158874477374,0.0366036565630789,1.8142528277002747,-1.17038359810434,-1.5732129395617072,-1.1200851325255343,1.1891297814534665,1.756101589693534,0.553481733634591,1.122898050248906,0.0681346126485602,0.2229193351775742
330,-0.782179453952634,-0.4605660297595575,-1.1689809102124995,-1.8116398471183872,0.7184116977766297,0.2230203029621631,0.0104879826738754,-1.40005653716338,1.6399566818286606,-0.5033567380494731,0.5912972981397931,1.14153822693428,0.1984470533564549,0.2545158291509083
331,0.5336264248164758,-1.4545614052447244,-0.1905251896200373,0.2913744562385839,0.3270752180533076,0.154648543236625,0.4945224920487726,-1.1305204560329611,0.19737260543966,0.1137576834802773,1.0595240437815605,1.4332220443531114,0.3146096364163186,0.3906335490796813
332,0.2316726841950608,0.0723452173191817,-1.2732127739133976,-1.3177997521089737,-2.2142681858845514,0.8175345098452976,0.8276575097351987,0.8435502912221203,0.3067899624614518,-2.133119217718111,0.2761768766675028,0.7879299847364933,0.0696567411071412,0.2228843293026776
333,-1.026710491785266,0.1704154175931119,0.1355180027917954,-0.2227482131520212,0.3689172029082467,0.0116517076852455,0.1207704655513616,-0.6390653328320162,0.9820109861215902,-0.430771608680384,0.2252495157274765,0.950026982384837,0.0736876071741289,0.2694168889104224
334,-1.3306490830206263,-0.7709990128187286,-0.3484661913619803,0.9940027883688468,-0.042267998434793,-0.186148218965649,-1.2486634247626274,0.7854825898295763,-0.6519521540233857,-0.1000278589413359,0.4614978188287136,1.0382988984740928,0.1070628570043731,0.0934716760096399
335,1.480183076881865,0.5087633310493045,-1.6282540477151743,-1.7695102363524722,-0.064310450119246,-1.212740614874805,0.6485467476329978,0.0422630649649791,0.1653847690238629,-0.7067431816423531,0.5768207216631738,1.021539650545629,0.1254134319837294,0.3963118853218164
336,1.7413836552867057,2.8425937280104594,-0.2785847237567147,0.3530392484150009,0.0974173430643125,-0.2596868634410686,-0.8320704677327967,-1.0849679874804772,-1.1355972655255242,0.4052400255491454,0.8873830590752116,1.6724696649761108,0.2856276240299822,0.4143664452201505
337,-0.5196744782036353,-2.5782928501405302,0.4448582205983223,-0.0382612824641558,1.346673001401146,0.3731223970910093,-1.4786735963102973,-2.229676640729981,-0.7194723843379374,-0.6251074206936527,1.1931731632048137,1.4575763666601955,0.271508353588062,0.4164754367786504
338,0.9431592010001668,-0.0088709322895733,1.133688498098509,-1.3248330557026349,0.965264384380448,0.7209891534309195,-2.0182341114311964,1.3226178412607723,0.0934584917663527,0.3920445038685057,0.6482826303328322,1.2750579167521765,0.1791902797557373,0.2434965330479821
339,-0.8648961124284227,1.2752470129219724,-1.18585232923887,0.832092018373946,0.8206074759086712,-0.974167428172222,1.983373599422574,0.2315284802175192,0.6538926102710242,-1.5271207953357555,0.4549987142004186,1.1257149216862572,0.0732332456491888,0.217922680910481
340,2.117730003008565,-1.2245569402250898,1.0248864327659304,-0.9947717179316954,-0.6189888028476827,0.7887540438854471,1.0275527136751572,-1.271284249114102,1.0904721690569938,1.044980495133194,0.7269043724284527,1.275792184992362,0.2342753869395102,0.3924304416648205
341,-0.9379534088448924,1.5986475935911102,-1.456857628248038,-0.6247725827776154,0.4790026240919887,-0.8535662847026064,0.263819085679341,0.2410760788032951,-0.1870742699227205,0.8324005385905596,0.7824436054500785,1.2668654804757906,0.2049033769769472,0.3647935890931507
342,-0.2283607926576391,0.2315410688138056,1.1464718774879026,0.7906862100258404,0.7860172908142086,-1.1491796022167802,0.5247925755013217,-0.8784987909695048,-1.2814149797780263,-0.0717063462849683,0.4281167612391269,1.074500531287728,0.0902651351941659,0.1967905911445751
343,-0.9042951866515898,0.7906177188399772,0.8145354596953241,-1.902626236431442,-0.82830253957689,-1.4597866719179988,-0.4626292765928906,0.4551756698688243,-0.2422880981783883,-0.5897592406671354,0.8091752484448373,1.2252240396426677,0.1941885478439021,0.3107356591585263
344,1.300176526813139,-2.3048571725962885,1.2368718935182248,-0.5442882931554857,-0.0781090101127895,-0.5273633377201086,1.5428881055391184,-1.2309784968052595,0.0117363697219358,0.5274386518599967,0.9578118057562184,1.2985449685615218,0.2434577296248448,0.2772230236988064
345,-1.6110027678851675,-0.9198981704461536,-0.1481785334982291,-0.8866650346843747,-0.8155917712191499,-0.3498626630764374,0.6495813316461732,-0.3427177768781444,1.0784261944729463,-0.9977577826593548,0.7110759171771677,1.2955300558237752,0.2438023396264897,0.3736335337875491
346,-1.2519222604734526,1.926345405721134,-0.6579581276655113,-1.3109120070721598,-1.7420539417718304,1.075103453808939,-0.3413045146600592,-0.2537097350663985,-0.1592017115866396,1.0129428846697812,0.7396019374030771,1.1770451344639652,0.1180257918737283,0.2803764446969563
347,-0.1795298339759204,2.344053778832626,0.1337605740542292,1.0617847669583211,0.8052398579044068,-0.0364473202580377,-0.5869709860204633,0.3319639285665536,0.510098731207273,-0.5725860481265272,0.5996570510579448,0.9533504620771802,0.1320239897600412,0.1904748447001094
348,0.1663388659506558,1.236204978259596,2.0699477390696788,0.8543693203494214,1.8627596863802824,-0.6293742112064558,0.7018822520592939,1.3385195085812722,-0.8963333329719959,-0.4855901120450092,0.8324057028221561,1.0852308610184331,0.204260472481695,0.1504432014549638
349,1.73790476183525,-0.97509885578694,-1.3411300326557107,1.5279815736395113,1.1967632249804383,0.4321202439837694,-0.0457107546458274,-0.4385245056049819,0.2819488738090511,1.57980695740155,0.7813103841838016,1.036952675628486,0.2602997258273408,0.3388703676382255
350,0.238566126142076,2.1669592672469657,-0.8979419856402304,-0.0196807543282693,-0.3730586676639155,-1.0851415431623328,-0.1530837330096554,0.4173293016604396,0.52423017995203,2.170452178944556,0.8466670981966081,1.352100622715938,0.1525541739587581,0.3873681598957779
351,0.4644674697235597,1.150136803679616,0.0660942462989759,1.6780556004525953,2.398449285588069,0.5310851309759498,-0.9926590154515812,-0.5488050227771684,0.2819343032051621,0.4564980352506458,1.3398287346390576,1.4763444712781053,0.3567810073591472,0.3446853243794183
352,0.6984251343843719,0.460197681230041,0.0069849162559386,-0.6361984412021287,0.4011382612642294,1.8549873574806568,1.0199286054277548,0.534703949636198,1.0295669238227512,-0.3710640289008525,0.7175485838472326,1.13914102767603,0.1735511145967992,0.2471721178619873
353,-0.5082651460833204,-0.7477851043659819,-0.1252866227694379,-0.4220058967090802,1.2082747406521392,-0.4753234176821889,-0.8027217162249164,1.942577178830632,-0.4513752310813436,0.1535284572503509,0.6223083067095325,0.9741145599630168,0.1176252484178439,0.1714824316793159
354,0.4513228247434116,-1.1366931189208151,1.2354837695030692,0.6371190404112276,1.5583840118807817,-0.6792219372181003,0.09912579247616,0.0393557549941953,0.2638884943500218,-1.454614748577161,0.3179396699451483,1.0270057358391422,0.0043872512290111,0.1965682976957266
355,0.1108363786922223,-1.4264639114237452,0.3583340711969214,-2.12864912451852,-1.8515868342905863,0.8185487164399984,-0.5468384551947827,-0.9878580736322408,1.270845621075548,0.3276262173284149,0.663168496116719,1.3987275999230808,0.2455681361087361,0.305287689563574
356,0.8720901955337838,-0.1662420723208304,2.679628693900003,-0.6045138605597951,1.7444955493598882,-0.0613660400999128,-1.654510394912746,0.4828487457481086,0.3147625614551637,-1.0513218142392298,0.6263706677654669,0.9153684022534264,0.1271739689335046,0.2099905216859356
357,-0.9222192771347149,-0.0246976430849922,0.3497478152479815,-2.470663282879401,1.0531214525238028,-0.4944979738149775,-1.3317474843981765,0.9410665514519309,-0.0236179794184563,1.2161657767822542,0.8264020081333671,1.3272353500106768,0.2366246051389901,0.3144361831412511
358,0.4379522629797555,-0.001514502948046,-0.1527299449801561,0.4827127605561378,-0.4135312588093302,-0.8525725887464994,0.6099091226546439,-0.1444878414444294,0.033567648069006,1.0893798361546077,0.9517668845657556,1.4039953704720536,0.2938645533202138,0.4046686187138326
359,-0.1138766077357409,0.0150339255417905,-0.5996495114509319,0.4307399339818508,0.349827912680088,0.900775131790558,-0.5791288370068761,-0.4578169695901857,0.7921373991454693,0.2522130033628634,0.6869796275326077,1.441167667557842,0.2758197027626786,0.3301059160196241
360,-0.9062181261926946,1.306554067734501,-1.6984505684002509,0.7842847532637518,-1.2652120359981966,1.885788516485527,-1.5445997269056233,1.1522506518727484,-0.0816343600112439,-0.366602569838744,0.8072036861283746,1.1787791030098849,0.1524040769988882,0.3038740259259431
361,0.1853966564677613,0.631900339157813,-0.9044005023308695,-0.8157877251685722,0.6496048651128858,-1.7073429536496,-0.5842290931920854,3.040686954159441,-0.9680129645892808,1.1478027917597526,0.8257752540142751,1.0758239424518374,0.2167088208622448,0.2922370475587625
362,-0.5859507687138121,0.5090451447971439,0.6543556905962175,1.1289567351829477,-0.2002538268127756,1.988884638754853,-0.5893365645851804,0.23422041359956,0.2452769322176075,-1.1219681199494154,0.6092192442122609,1.1139614989220497,0.1793197233289178,0.3943843828670095
363,-0.2858722549791206,0.1615134992384073,-0.4321210431294197,2.440923965456535,-0.8386236735995307,1.1794244681404278,0.8564598131487865,-0.0138621345042713,-0.8652090538522469,-0.76825532039177,0.8556553124533759,1.0664518430900107,0.2243018144708818,0.2226348005530817
364,-0.5179672992165097,-1.785741281946263,-1.0034654257992903,-1.4824765153636426,1.345875003177717,0.6184623923882185,0.7859740988654604,0.5888319515419477,0.1669676233341631,1.460680332129137,1.362403658083061,1.4528875348182122,0.2953181905630414,0.4662898323771095
365,-0.6107626557317373,0.1066696553670448,0.7470588278241231,-1.321209231856129,3.096588896142549,0.0285657627775861,0.1419894505755927,1.2568780316749215,0.9149553330102238,0.0380780193964591,0.6712836431415751,1.0602881814887009,0.1708200336826997,0.3519189425509658
366,0.130129438098042,-1.504148530947979,-0.5564657778499762,0.5172102161589602,0.4438928390428866,1.221165750004087,-0.1205010582233246,-1.3872865134308665,1.056730430775678,1.436089346182016,0.9720980886784736,1.2167844401889432,0.27744205707955,0.427587039995546
367,0.8982445728562294,-0.1636336708574914,1.044386051876579,3.4289104780082136,0.1151523144404756,-1.3117366922451246,-0.586285049552152,0.6254760003040509,-1.6048043108980627,0.1694030749120695,1.3800392624608244,1.4536838637914602,0.2794286696441999,0.4576950367127874
368,0.3803366503158828,1.535121739812652,1.3101948560543004,0.864584791751771,-2.162679010514529,0.9210531280479252,0.7055133860602464,0.2559443770783465,-1.7302221261454855,-0.7767739091870604,0.3130258300304579,0.9611479224816992,0.1095211944962528,0.2224609360642517
369,-1.1668227695340665,-2.01500843950709,-0.0029151514147945,-0.7978221214427796,2.625305580268912,-0.1687719394379095,1.2937531558659603,-1.5690990246932246,-0.5300895860048698,0.0968978760343145,0.4490193306809117,1.003444101170584,-0.0244163676706494,0.1670875793833076
370,-0.9081539486076704,-0.4222006848047443,-0.2179509062435387,-0.2339079854448944,1.8551185730353463,0.3782262854315101,0.4795105629413033,0.5396547743450705,0.6126263773371126,-0.0828869838748653,0.5453508712554468,0.901770596574532,0.1029492110794798,0.2223436250401349
371,-0.3207463714788462,0.1668160595182774,1.1568039489134727,1.1262381884363837,-0.2403984756884111,0.7678436946681114,-0.1945846630396678,0.0338705494352442,-0.4735233815541974,-0.1816451389062335,0.4657450799142235,1.0170463770996572,0.0518633717357693,0.1896694360151976
372,1.34133006954968,0.0924211473392362,0.1352825085523179,-1.4472177792579584,-0.3092439076327296,-0.2413149037447287,-0.8291434854434051,0.0216654117035635,-0.4291822902276543,0.0799958552435821,0.5610216169589223,1.0156972960968431,0.0706734365218032,0.2112108202145396
373,0.1215030098189344,-0.9557543578226444,-0.3987017824831894,0.0773742827608335,1.1842994311567254,0.2567191727957405,-0.6619351799174277,0.3990047592438523,1.7075488893217603,0.9167064725890186,0.8714609790636618,0.995005872142252,0.2579537032477949,0.2831872630659464
374,0.5475265304356202,0.7255901754823215,1.4399540414286307,1.07562679401766,0.5667603811176578,1.0686422195900849,-1.0816510962640609,-1.502265252340281,0.1570986506438301,0.0686807096505383,0.5425489933240231,1.1197246923645228,0.0314163151384767,0.1645279498786226
375,-0.5439100535132576,0.8258526698277096,-1.862863586451236,-0.5347722560578038,-0.4849555448776149,-1.6363017850994594,1.494731007269304,-1.359201268663323,-0.5883400573076859,0.9079797578051338,0.7711451304124296,1.1216246478875571,0.2867468287918404,0.2571613953086603
376,0.6460453434287315,-1.1081746964847463,0.6824892092606365,0.2897844786582218,2.333035562111468,0.4039404160683044,-0.1412418210685317,-0.8565019571194227,-0.7442433669555713,-0.8257690954681581,1.11666798307697,1.5204389031602976,0.2398925236961955,0.3802159644121868
377,1.371098813911922,0.0179699150164706,0.56524712397473,1.514247599980887,-2.358464142207465,1.278873764700375,0.0553969117833341,0.4350483716404443,-0.8284032217482512,-0.7551243984485184,0.5317453261250176,0.9667139595617488,0.0953306570550025,0.1735333943775814
378,0.4888458898129879,2.3845978003314694,1.0033133128149014,1.2655229214185404,-0.1920012702614198,-0.6002042245856282,-0.7808049515789934,-0.488273724696688,-2.0527824331705253,-0.7249193428916019,0.972829453622885,1.532159321133924,0.387746653582362,0.4009200815391719
379,-0.5603531560598431,-0.175358174394841,0.1317501097472917,0.3624508686256106,-0.01492537244296,-0.581443086342757,-1.9633586432655208,-0.5753086084017933,-0.9724506376870052,0.4660667482786038,0.522526411724755,1.069272275511686,0.036533475172665,0.2851257329064803
380,0.909287396693694,0.9385710670599392,0.7569527361278201,-0.1335257354524882,-0.5219555654758967,-0.7471027536670662,-1.5074989166017505,0.9918537005078576,-0.1747110379299744,-1.2463402936208738,0.5202328796422802,1.1631856899089108,0.0633483502238005,0.2909030961278912
381,-0.8264913757102347,-0.8669734564325522,0.0430244850151267,1.067467851070686,-0.3479895495955831,-2.252533514783649,-0.1891803351589201,-0.1561939000971957,-0.2249202309355217,-0.6274611664757017,0.8775155494034783,1.2553040085852358,0.2117012227176574,0.2875735690962775
382,0.2174390807258423,0.0661411151490017,-0.024830314126647,0.4126413614429657,-0.4298328231478535,-0.4865856697006532,1.3801232895854,0.5593554097154361,0.8269460609427997,1.2261045853340684,0.9200531658473872,1.2140359869848047,0.1016465148206424,0.2441406769146498
383,0.5259441806248001,0.9283886791361712,-1.5793451620702603,0.2041538719960271,-0.1827184618143275,1.6776840908998094,0.9276455318033,-0.6304451907931798,0.3727941585292059,0.1676813334492398,1.1721231371710878,1.5309998983165556,0.2971705755550052,0.4609485394896832
384,0.4543314331522287,-1.0188424693746518,0.3600164652382253,-0.2281513492882343,0.2824497640556004,-0.7243851651221698,-0.5850631713965995,1.1738420203667026,-1.051547558340161,-0.9777544010420484,0.9073347203942064,1.514358793650516,0.2091010387306422,0.4379856147742084
385,-0.051581257215578,-0.7718903751859546,-0.8850286322627987,0.1050759712082949,-1.5050658569037048,-1.007962234913638,2.054095582923644,0.4594750589690091,-0.7465633522699111,0.4182150782661971,1.1858311928336995,1.5419609972024118,0.2568058519705117,0.4639732465828876
386,0.5673304769866295,0.9944144200902384,-0.1271560294567304,0.9764977027728892,-2.038446524882173,-1.0563081304757531,0.1638714017364557,0.3296335328077915,-0.9117822876686418,0.2594199912631591,0.6041724664058852,1.0583544303011887,0.0935241376568279,0.2289928642647566
387,-0.6238402486872604,-0.2769590942271656,1.024773800665011,0.9089374968885996,-0.9970603273632624,-1.0572514620201034,-0.4111733955533163,-0.0267463011729251,-0.6578984885747409,1.040642442799668,0.4293107432012651,1.0855555659020713,0.182474044716196,0.2535305279989593
388,0.3473898417085552,0.406085109874429,-1.2665388289449715,1.16729071738378,-2.820168822240691,0.8340554518493689,0.9343117376707712,-0.4324011872779615,1.2729102172474238,-0.0630975529543464,1.0905596295288886,1.5361417317273105,0.2353429228120676,0.4286195155587838
389,0.0624317033274429,0.3395287874042162,3.186574911811055,1.3444339080830043,0.701131200712918,-0.912804486601195,0.1435898254794921,-0.8131240938463865,0.8221108472828129,0.1404669757348567,1.2675905119293809,1.3130183660467836,0.2419108078043818,0.3858430551628116
390,-1.1245216796138953,0.0811245834185029,-0.8494174697163055,0.151216221337547,-0.8590773163652565,0.0274876333608127,0.7504698619350948,-0.0530519919251061,-0.3908882671723887,0.2032762210574625,1.154871037928876,1.3790523064581195,0.3194489364676092,0.4125736804470256
391,0.697182620792853,-1.1071832698817603,0.2606561547052026,1.3175408190173998,0.5736569632767152,0.0577541466672278,0.6397375066988947,0.4524964561026824,0.753601109159814,-2.0239316109829444,0.7805730868021481,1.1244208499841637,0.2524353563208282,0.3827703556544147
392,-1.5534561336632653,1.004829149483237,-1.5052791761614406,0.401538635719205,-0.3520496560322916,-0.9961892455959968,0.3496497571474736,0.2010335037165706,2.110342652096377,-0.6248112045358892,0.7516438516153463,1.1387833082845178,0.2245603832705998,0.2820985310126507
393,1.4401101200691735,0.3524229143843145,-0.6610218815427124,0.7992464575172452,0.5657385044539512,0.0358432948580492,0.2662953564406234,-0.5969870310455316,-0.8257871252545068,0.7594421738225829,1.1790904199005148,1.573965315172467,0.2045321956246353,0.4659151162426335
394,-0.223939424313274,-0.0800829982490924,0.2798215959442771,0.2652883447838081,-1.4293264709740647,1.2862520864548588,0.1211821519006783,-0.2026532628221493,0.4308460051697467,0.236542193614863,0.8072680524329342,1.158850685543782,0.1955382922889275,0.2981214677510259
395,0.7670626894897021,0.5379836721509411,0.7178462289962667,1.350993905727516,0.883624548970972,-0.1604862203285626,-1.1229011560768327,1.667797933004515,-0.2377233733471127,-0.4731074133605223,0.9403198044832612,1.6494938227453235,0.3020662816135309,0.4221501065223688
396,-1.7367268177644393,0.3384731053121114,0.1488866039537701,-1.515114936249481,0.4532740421331758,-0.498191920701439,2.6903150072886937,-0.5693611920908682,-0.4351933321977932,-0.8747762242543677,1.3427324655861064,1.39788375424397,0.3236735949517614,0.3866179454550603
397,1.277876521041972,-0.3727757944647531,-0.7249141537654967,0.7069550099205425,-1.3803529354131852,0.6251105462489474,1.7813997166008575,0.566607832835089,0.6378983162599249,0.8700602169074838,0.8846770775216495,0.9872772579648504,0.1950452849879365,0.2698589672108019
398,1.7097080286755186,1.2098939600191043,0.4396697222730237,0.9038914006360014,-0.8859349254651107,0.7762935907473221,-1.0055559711837476,-0.3670224186316266,-3.082562175143237,0.401429659367462,1.2648394425951233,1.5470044187368202,0.2646187052588987,0.3643913067911978
399,-0.6438720111083527,1.1111452152044623,0.3901926106054028,1.1240958947016253,-1.0835965446725375,1.0383860371596327,2.105856344363327,0.7641582999318943,0.7903490086922889,0.169597676394935,1.1834001947164006,1.4103357772684793,0.3420991847726063,0.3815396399776277
400,-0.5246687805653643,0.7611923727015086,-1.5060829104020683,-0.4177551249208164,-1.7710568023371822,-0.7036563773150829,0.6420450918935612,0.5053933762204632,0.0509136955354726,0.1704009940620107,0.2093011780678358,0.9625177943378194,0.0480728089578013,0.1184362092269527
401,-1.8858646178642091,-0.3725622805709149,-0.68135160643521,-0.6590596905145408,0.5995786278137534,-0.8605073265053105,-0.6046808501274109,-2.0870692457095164,-0.2941231803761696,-1.0878375477136195,1.0143860042666142,1.510940847183297,0.3664320414124115,0.415659223693249
402,0.0792029286896436,-0.9511080467424646,0.1045422455492162,-0.1446857607423431,1.6720417730423207,0.4972179804531937,-1.839637872562303,-1.2648888441027084,0.0552080089923332,-0.9298479483926508,0.739349661178426,1.2455904195170702,0.1770454844890504,0.2652699815418428
403,-2.968368430235852,1.3495463138337431,0.7202240169054077,0.5209768734917716,-0.6073230454709151,0.4276767710099296,-0.7043603242208816,0.2048573002176907,-0.9205832258364774,1.516288450556014,1.0268455997650523,1.3248171193248282,0.2805038146720277,0.4079026744960066
404,-1.5702366540818449,1.2322838295108312,0.0389158280173302,-0.4894669953419908,0.1670029216957383,0.7333480071781809,1.366746736694397,0.3131430231335321,-0.8906960852622773,0.0556301237657885,0.7903376329985111,1.1584033072052642,0.1527126969651609,0.3304123095842484
405,1.8167932366623727,1.347678085512624,0.9087634781243586,0.7956870201223867,0.6994500906065418,1.15875483450987,-0.4566287857219052,-1.355086065775006,0.0690035007370613,-0.817581586777691,1.0024302120080122,1.5776027913843476,0.2498891490536637,0.3623782381323482
406,-1.0550207553771844,-0.7202785765879318,2.485313924533686,0.1361246340758442,0.3619078363609881,-1.222362807004254,-1.8437529587926296,-0.8190526431188059,1.4381955852087482,0.3342754660765211,0.6533214809384323,1.1498597853114365,0.2487656229238989,0.3257814044221978
407,0.5985950914443922,0.7385660392020614,-0.5913493797982777,1.3879655839733676,-0.6328075992221822,1.406232359262553,0.4423021561353406,-1.7890451542463222,-0.748009486600535,-1.7849385328721046,0.5978422112028035,1.0522142545933937,0.0448165085734815,0.1834605387836221
408,1.163282132794209,-0.024735420802401,-2.22834243994978,0.3757468817196583,-0.53716426238832,-1.4838058550333233,1.6779658369686972,0.1072858660965787,-0.2934314023133125,-0.399424780986017,1.0829701306323805,1.633057490403904,0.2401605676786844,0.4446848844694556
409,-1.5132794691577722,-1.3045488995841097,1.284916784875083,-0.4738828697857191,0.0220677009368635,-2.0443304762010746,-1.3180920357955055,0.6098125198747528,0.3777117601138336,1.7533751987243156,0.5892953870108769,1.182962020171609,0.0795156703685251,0.2356161079790081
410,1.3429563316312263,-0.230710972484823,0.472953564713271,-0.3166034429030739,2.0548098186386485,1.1490146960523997,0.1696850908577512,0.2003947848763514,1.444850287259808,0.5795778471138472,1.0281651836538843,1.1382358323066304,0.123247987623382,0.2059994983046117
411,1.558628017070086,-2.193647926258873,0.4612282614987982,-0.515434864681385,1.7563779876279924,1.5463986871898292,0.0328358091013066,1.5356309788110316,1.783114519992506,0.0744066719261473,1.3069068043291996,1.3116849791941416,0.2813840473531038,0.4218656593519481
412,2.471933772431857,-0.0313411526697224,-0.2145209503359089,0.8658725885843434,-0.3537907311423138,0.0853397757948938,1.4094344240509098,0.0192188522172703,-1.6950177929753076,0.3673193878491966,1.227776330524487,1.5425444864184172,0.3111144927900427,0.4639432906656697
413,-0.6962935790523948,0.865271157294546,0.6961897158262457,1.471400348166522,0.9075323007926968,1.0902442836580648,-0.6690967601377134,0.8039864958905025,1.9684512893602903,-0.6886499086367672,0.7047683619261204,1.1323004861541468,0.1613670277364588,0.3415095905931305
414,1.799738291727098,-0.5493500912013305,-0.8519712450499742,0.2962004433548381,0.7159104161288095,0.911750123972265,-0.9617624207732018,0.4345400972542903,-0.6855545714835052,-1.4889222560705766,0.8900398588395064,1.2451225319318509,0.2591746833444964,0.2410979566311809
415,-0.9287363155327848,-0.7509003659558182,0.5215951603525072,1.1522136630686686,-1.4732066298752666,0.3519610742080556,-1.1766981857709065,0.6290854090140003,-0.6227305810037479,-1.0513290180232788,0.9667224111551138,1.3523238621712257,0.2367810998622873,0.389089945438553
416,0.7996645153475748,-0.5869226054450949,-0.3159639513526983,-2.2199890875563764,0.9465513614234736,0.8209085211691072,0.0054578442813139,-1.527580941355759,1.209369178334763,-0.6662633863607912,0.3343376792322226,0.9475551863737348,0.0632348269659023,0.2360739661878672
417,-0.4533534501005882,2.312044056359531,-0.7036364441092297,0.7422099624265004,0.5620922620826175,0.3901721928800851,0.2820005425545109,0.3763885618891993,0.2719405909405403,-0.0519183587760609,0.6949859260397855,1.2757495149337486,0.2685268071998357,0.3347601450041999
418,1.5112831241107425,-1.3126605607992785,1.0214581040153763,0.8223422986875516,0.6983991213294012,1.1169794276401286,-0.0925993952683929,-1.8689740758268767,-0.0722926597144858,-0.9911942176245544,0.8283751023661502,1.101212665909925,0.1576574516937317,0.3624809452648333
419,-0.7318592098580639,-1.2424196738324118,-0.4773448584438344,-0.5966236939834492,-2.3775698299271024,0.7002219112822892,2.220321858004882,0.6062371934962887,-0.2029239565342277,-0.0547463956762155,1.3169023505857995,1.4960980480622457,0.2791045227117054,0.2987096063444311
420,-0.420985868013176,0.0900415838669583,-0.0370080940732336,-0.8410484303982945,1.6828883889478314,-1.487154235709771,0.7183315431942462,-0.1011976273175318,1.9008318150657448,0.3408645992482214,1.039372137197334,1.6911419087139723,0.2359772214498766,0.409473991061054
421,-0.3599055371832482,-0.2477071984344973,0.0399066945197611,-1.1427906949964008,-0.7668695251179117,-1.7849439691918576,-0.922976898374094,0.0939064816604497,0.300175049284521,-1.9793296949964017,1.3511165959792797,1.3745077331997708,0.3092355237390541,0.4468957768755328
422,-0.1372117030442004,0.5634099508221323,-0.1629121933762352,-0.6337886457778004,-0.4121611450482139,-0.540763354977222,-0.6367305591080572,0.1738235252448483,2.307688227735451,-0.7436999169051833,0.501249932190725,1.2868403055666768,0.0165700370560902,0.2529364264941939
423,-0.3181426326614269,-0.0516979393752316,-0.6873544343582936,1.0982358035234263,-2.370885373306438,-0.5310591703786757,0.818313736319962,-0.2940943083886337,-0.8208389588502913,0.4407567544387641,0.7827198262603536,1.2771920154836676,0.2220653575849623,0.2633421901445001
424,0.906343235397152,0.2106354452150584,-0.8012203598128833,0.4562033191517433,-0.4020493002747899,0.7451868818938278,1.4832588848565909,-2.6055767556885328,0.1110674731956326,-1.7357339369476272,0.5228996392459341,0.8142098548601713,0.1301623750285697,0.2149079232995263
425,2.4417885853297707,-0.4681245337961904,0.7463732418253723,-0.0353168595948957,-0.8030845807190595,-0.9220530471774268,1.585679173100759,0.9559380601783108,1.9435840873775632,0.0554533351576991,0.8638660168643103,1.305811832508715,0.2183809920104855,0.3074044709899138
426,0.2879196212460003,-0.2671915656552882,-0.2870822031150092,-1.0418869324773683,0.0840101909243512,-0.7892465948861971,0.4419089221642027,0.1700102189802096,0.2876820436757222,1.675129939690226,0.7118931663338708,1.1287779236350948,0.2593367310088665,0.3718167702852989
427,-0.0377179497655911,0.7567270028534282,2.0515094640855813,1.3066170692950476,1.1531696984548447,-0.3066882155205,0.2296430555677967,-1.3182762920299418,0.4989144009644145,0.2744601776138416,1.1642834345531918,1.504600274725327,0.2547692812503117,0.4586378422633723
428,0.0233851251561811,1.02719478824286,-1.2077748224243965,1.6348628511603471,0.901764687940284,-0.070633979651974,-0.1487295878173936,0.4806112152485943,1.5208512320637797,0.1016077186900107,0.866541682369178,1.3941217436463749,0.156083846141013,0.2810996050490891
429,0.1440309019792262,0.0181184776258713,1.7820241127014729,-0.3688831029370238,-0.0295075986190712,1.4634356542609943,0.1470108336128635,1.1370588600455225,-0.9112800569029584,-0.2052925216285141,0.5231445922525573,1.064648953772577,0.0892166181226183,0.1563519454773149
430,1.4844340384402286,-0.6763397157635455,-0.1512990397697074,0.2566852308914786,-0.9891545179929868,-0.4138101186218971,0.1126366818256403,0.0466817341619612,1.2803520208371355,1.5414571948322535,0.5881407528923571,1.0721135362545582,0.0541862949718137,0.2677721400552748
431,-0.8560848720009113,0.1112685191674894,0.6742483084247656,1.516347465799197,0.7184902973171294,0.2909134015923317,0.6665425319826307,0.6737688343362598,-0.9277142922843684,0.1927987925062688,1.3755298063794903,1.5134296497247792,0.3039798931188018,0.4277028885557953
432,1.4591609941886914,-0.2073567686940046,0.1294466425474442,-0.2425164495260219,-2.313859495606875,0.0205901772346791,0.3017919306528727,-0.512493390880902,-1.154636948884728,-0.8806064597816493,0.7138296929743743,1.2030031479164085,0.0923808227695409,0.3438227822751468
433,0.7641876161355642,1.972524773046905,1.3824333409054328,-1.3443460048305518,0.8546273105507028,-0.66316237580929,-0.5822670625087771,-0.461975597971284,0.7060669498554304,0.9592533764490382,0.343850677755814,1.1503419828429,0.0834939953016774,0.1894166509034411
434,-0.0980310712797879,-0.0810707410080247,0.464263743235793,0.5679945395242418,1.176225706758529,-1.284371975509199,0.02002733980403,-1.0680243758911776,-0.050942279063403,-0.2261752876807609,0.4372266093915494,0.9711961126077924,0.1709265672574018,0.075609567173246
435,-0.0467494539027022,-0.7997428881105317,-1.4872897932074287,-2.094437526714903,-0.1311801542648404,-0.4310011058329391,-0.6759376648038271,1.3225484628316608,-0.8594381867953109,1.4168340821388028,1.3915448079132282,1.5338023481101708,0.2396489176071392,0.3462343803475381
436,1.623843744269257,-1.950900466789381,0.0923814589989697,-0.3996964908359908,-2.9118039447172657,-1.4446412530684145,0.7749361071084743,2.0191992527112643,0.9026781426992484,0.3236324725129776,0.6676393027208203,0.9054493120057268,0.042332474470202,0.2568657271182364
437,-0.0213323816310875,1.6826629146481138,2.1482392019576406,-0.5868426795241861,-1.999986560310291,-2.0981874632712016,1.321880992159802,-0.0470585407743865,0.1832419104587185,-1.7906509929567132,1.250782931442887,1.4062074423463602,0.3108312487702309,0.3487123658179861
438,-0.7531889127884663,-0.2954808139007823,0.2078383833640706,-0.398592038913759,-1.0373261983013429,-0.7845669926025229,1.2083232859472328,0.2447846196034997,0.6121568069555516,-0.8988738108773296,1.3651232097633907,1.6061370964873134,0.3266003099410971,0.4180830530623508
439,-2.9538234854006244,-0.5231043068844964,-0.8665705544254966,0.3490122686280793,3.285723713681842,0.6951660176182558,2.735960159383489,0.5687696953394487,-0.6298862375727151,0.3479160781208834,0.6761188124867374,0.9999686327388224,0.0409062937289599,0.2224736956416153
440,1.780638599477708,1.8295625963212392,-0.5753373680430791,0.2531836956992989,-1.4292668796711452,0.8246686246914298,1.5533546990558944,0.0397994541160161,-0.6673840543601282,0.3601309512775626,0.7086047049537114,0.8985240506814147,0.0819268616653007,0.2208223019050726
441,0.417459031363166,0.0811438318496202,0.1787151243359529,-0.1738148504693709,0.995954928226406,0.736227445165127,-0.9831031471441491,-1.0105906031585947,-0.254374417026562,0.7368371241051792,1.1919142726491392,1.4017696419622685,0.3560928928115235,0.516002036100863
442,0.1480574138908146,-0.6431504101226553,0.2615185967258301,-0.330810519522272,0.8804864602241314,0.3330584350670474,-0.3152781874521438,0.2315187720464615,1.3150480595242016,-0.5696300765463775,0.8196131459023908,1.1095931710264,0.1225519737473262,0.312898799061059
443,0.4026569816471609,-0.0704603404659958,0.4269836838620996,-0.6545649415957304,0.1103354331593758,1.1078232824168008,-0.9370069812461074,-1.3294051033250818,-1.2914555644869643,-1.170662530200189,0.9103877343316258,1.247516774649538,0.1998798079540573,0.2705364174105347
444,0.5953232878926642,-1.4058596858654655,-0.2978953447435307,0.618289303310708,0.4166590605485936,-0.3855589799624851,0.1909237317551059,0.1071453297375683,-0.2242409555481863,-0.2108347186545802,1.0361754550922866,1.5834751326324883,0.3456885810692792,0.3227135106654634
445,2.2354274347569607,0.8093109039313008,2.480650917512143,-0.4969631329205013,-0.0849665968881474,-1.3321257652766474,-0.8095668020895723,1.901913148662501,-0.5220342898417564,1.9192813001444595,1.4384758467271026,1.5574071220894,0.3699797322572896,0.3328936125757442
446,-1.2433622606798904,-1.0534690340732769,-0.3412312210234211,-0.0637499216791778,0.9230872924501295,0.4507704171862659,-0.4163152573440277,-0.1333158065181062,-0.3190629197847001,-0.9146537353257298,0.995126376687684,1.4851030690232705,0.3251392213447597,0.4898180411463482
447,-0.8879629366016216,1.0278838914334096,-1.82816492792714,1.617358697445055,-0.342994225602232,-0.7725086063921601,0.7397592906972692,1.4852165841471172,1.1176324416039574,0.5018520493598908,1.3059118370722698,1.4757318723187969,0.2486815396167054,0.4615000286359575
448,1.086863489721836,-1.716497577143866,-0.5218305414881482,-0.9111700600248446,1.2246387312151752,-0.3834780189238867,0.8454065567820555,0.5358569424886379,-0.862306936163681,-0.5869582099762845,0.7035294574249286,1.3628468554772322,0.1857807675196745,0.3795291036308925
449,1.293817690814726,-0.7754826486844134,0.1248676101954789,-0.782541286326445,-0.3139521869158607,-0.0461619439699719,-0.7828665102974913,-0.9604469539838816,0.2862733367774424,-0.8447374087911762,0.5678931290059278,0.986300451055754,0.0740301814086936,0.182954606132696
450,-0.8106575556986726,-0.9390531437019708,-0.0779080463313184,0.9437016343998412,1.5065286363122667,-0.7259180859937786,2.150310793331211,-1.004704860706796,1.0835485233278697,-0.7216964540154426,1.2642475038562857,1.5077156496217716,0.2703094295965647,0.3917184294841184
451,-0.8709232698700103,-0.7447561567843887,-0.0524476996491191,0.5799721710336103,0.669868037904822,-0.9439850153478884,-0.9896592875112686,-0.9166386933635472,-0.1113544023855112,-0.2101556041908746,0.8078577029719151,0.9871265905585188,0.2229084057394349,0.2510139387641596
452,-0.950175462069795,0.2696036940632441,2.262568808335318,-0.5047154618351514,-0.4335118212035334,0.5596615703243687,-0.5588162917367949,0.6689644817181823,-0.7185427067790403,1.8321196075773007,0.6846667596794256,1.0312655652889289,0.1103053751066054,0.2322276248443855
453,0.3447749725922945,-0.6200229490767115,-0.588691699469274,-0.5137997527080349,1.3727496662488734,-1.2687510076012831,-0.6679416704595047,-0.561660556925426,-0.0156879667569379,-0.2711096926467944,1.0936468563554265,1.6953259137526568,0.2737060162052398,0.4088875053134015
454,-1.4912278313904628,-0.3998226835954676,-0.0995506831849684,-0.6280978350797833,0.6867754890476648,0.9194084287536473,-0.0783866997293929,0.2305415868507293,-2.161055997349271,-0.4211027721618318,0.5400481386506328,1.0131065186215849,0.0961278269637003,0.1402353118200378
455,1.0048216917579127,-0.4234365831792775,-0.7372616763919609,2.277688926030931,1.8190771901958047,0.4675749124821571,1.1389106114800476,-2.2259354179580777,-0.7875514406287065,-0.4699578731731514,0.9450927548279212,1.3807196643637885,0.1158670652938657,0.248798570455681
456,-0.2359800988669462,-0.4899440209739625,-2.5500262915163465,0.3860246187085598,0.5436541282806068,1.6018987915899814,-0.7883092647749634,-0.8701631577799022,-2.679984485964469,-0.2935668365908861,0.4720189657622994,0.9035462205089808,0.1252982776727932,0.1635863898796693
457,0.9011117810621716,-0.6117678621927194,2.143444818543648,-0.2565948357895235,0.1469922842885556,-1.3631030805815938,0.2872203451752794,-1.9793197948526955,0.6936979550131449,0.7244281762354122,1.0165056067806604,1.3190548594343596,0.2106287015316107,0.3513493131659866
458,1.3592914243365102,-1.019968718767689,0.1605621182974192,0.5638165593865041,0.4422816383303098,-0.8652992751348513,-2.39198188955614,0.3469602968844811,-0.1524996783099194,-0.5666705929614403,0.6105900424357309,0.9436052511941756,0.0591891377729017,0.2039071531484823
459,0.7639453637154662,-0.0449195381544331,-1.3191950527677994,-1.9314522890962216,-1.1289632651331654,2.3930122947667867,0.722776773932773,0.1886123419750117,-0.1816609271858047,-0.2473929399474357,0.5861636124497944,1.0139060398653417,0.0211501758904501,0.1598587778024578
460,1.1671959833590948,-0.4905957419034316,0.5769204106842927,-0.348427950291594,1.9401566318350625,0.7422885075783037,1.2455568146836256,-0.5844097746882387,1.0581361125674218,-0.3125774253946907,0.4926027136405622,0.9924334395674168,0.1986271088394904,0.1307006028800501
461,0.1100348239328492,1.6350476706194583,-1.0427750567564191,0.2032477313054003,0.4380052585187268,0.5200043808008099,-0.4507844930934654,2.0862641008080813,-1.2949318853402605,1.4588853886324693,0.8505589241835875,1.348911310832829,0.3135724872711398,0.2797801288408019
462,1.215065605591639,1.9008887896036848,-1.5882270987078202,-0.8688314878897103,1.4919430591616407,-1.877039154630309,-1.6064589010404138,-0.4883077867114918,0.1919937886222675,1.5922250736487749,1.27371441790803,1.5569760357198648,0.3097740865776645,0.3950577399380347
463,-0.1852659149303581,-0.6082391480645393,0.3113899376964271,0.4695964832944008,0.4412398221702712,-0.177986207951345,-1.9550861139181497,-0.917615989106332,1.4202710852674625,0.1870689379765998,0.8435975389500047,0.9467753914780316,0.2341034745031315,0.3063088951830983
464,-0.3225221191070567,1.1181685483739747,-1.1301166323689484,-0.2253481337130077,0.1377584051740372,-0.4413775032946291,0.1007628229015987,-0.1876939314217652,-1.399343047785875,0.1814778818790559,1.16662876548326,1.704686219571956,0.2662532990604723,0.3798462005467485
465,-1.3283517915128675,0.1656151250967222,1.3741358241501094,-0.2810231972760544,-1.1714831299709862,-0.1269878132049804,-0.8319711080785314,0.5945090026314696,-0.1479887475228535,1.709763251664573,0.9991553302204734,1.1167938695150144,0.172494235853173,0.2926487288284575
466,1.1629895956773382,-0.1530805044814027,0.7156090679730908,-0.3932364091628454,0.0339568851651682,-0.3614341963503122,0.7664559598497087,1.432988276709578,0.7986482071911434,0.9219366012853558,0.5840734482129549,1.0207802507353314,0.0353687326423868,0.1733915718436405
467,0.9230334372357292,0.5512559223347099,-1.139286159210268,1.7009715194164998,1.804410826698425,-0.2338796033133684,-0.3706979152161819,0.612411652915375,0.5508128351835049,-0.2019460687530188,1.1088968350181685,1.4922778954776954,0.3212921829314914,0.4209102877943986
468,-1.250025655587604,0.3057011907497771,0.5514365381755453,0.7258211480387973,0.3492927723542075,-0.2711151483619093,0.9940020395062782,0.0658484975659183,-0.4649230143647206,-0.180653382045721,0.3223988245951598,1.1063940987560856,0.1126284422998311,0.2692266023796953
469,-1.745969032474982,-0.1822418241785388,0.6884365198746686,0.3397830221392301,1.520664172981186,-0.2629749140157042,0.487313163053316,0.792740176305772,2.342857008287408,0.1447654911176404,1.2666297490936007,1.6101322957735762,0.3233272655725063,0.4673112878101374
470,-1.0441871788640231,0.8479287533552818,1.8657273559684568,-0.3225487102266215,0.8410815386064158,1.22872805522892,1.0170655439701537,0.1255585224735779,-0.6984737582131462,-0.0812795480135857,0.5522250636017778,0.9902084753557095,0.2136217360223441,0.2444518561139946
471,0.4586004538776307,0.908222524091729,0.3339450479990393,-0.379907966540577,0.5553796561497687,0.8600850677428203,0.3796100564144805,-0.836187114538325,-0.1814060347171899,0.9478207764124668,1.2860616631506618,1.3723695583461664,0.2355846191268231,0.4146357741070927
472,-1.3830178087444738,-2.093178022391159,1.5080828501440209,0.5114152550218797,0.6067300025201064,-1.076816973627056,0.737528063466538,0.2752486875683642,-1.5843275778483972,1.4242834142738574,0.5145521197768241,0.9385877434991684,0.107049134980603,0.2794313464021798
473,0.1586833236187289,-0.3960839660792687,-0.3779897459852177,-2.015221905432377,0.5933365996313634,0.2618572072457253,-0.1940801323330949,1.2784852074516722,-1.3838590189958455,-0.5967724763676152,1.3043103711825448,1.385899149024726,0.2944245586428528,0.359751675957372
474,-0.8500082547603859,-0.278794979771553,0.067470025257223,0.4300135238113549,-0.3469734531051173,-0.8773557351548937,1.6860069497704442,2.411640191788569,0.1432866718820253,-0.7567803670208672,0.7612300083591439,1.1586384334370357,0.1761177208697997,0.2372432314013302
475,1.4754541310422942,-1.4467571063284652,-0.3347733247048275,-0.6961170513463018,-1.1595355504504887,-0.2800242329217695,-0.8641720791739649,0.0126544641486544,0.0271771676724639,-0.6213317235219793,1.1808517977722714,1.443939236315269,0.1535275654998865,0.5026486012250831
476,-0.3705133565938696,-0.2308489679037105,0.809846061119427,-0.1484294010641856,0.8247017407860974,0.5858129835546556,0.571530696900742,1.3878459703459731,-1.1193908797459098,-0.4731831063071136,0.6088769654216672,0.9623699275075004,0.1009409524870299,0.1414172826341219
477,1.763298800299569,-0.2573165005892674,-2.8151236899058496,-0.2029683431478853,0.1349395301632497,-2.617113117431211,1.3339356398879485,-0.713712463865602,0.3285631151875155,-0.2259815453440622,0.9695722877810866,1.3897288694773111,0.2078346864123262,0.3511765322092672
478,-1.2883514192040415,-1.07050813463542,-0.935082836427547,1.085671909183638,-0.1475381881001518,-0.5218655165517466,-0.9346089125902312,1.1961502215261264,1.4642012725235871,1.1847438987066807,1.2262930168400883,1.366327456112407,0.2794088315518171,0.4065963983385979
479,0.4924373391541666,0.2898300418707116,-1.2159378179759015,-0.2458191267110575,-0.6838602033464366,-1.8255121089847095,1.0570434191653657,-0.6958299463922752,1.195941907435307,0.8817464007600121,0.7545452281256556,1.1781346722564965,0.1954300221245443,0.2959560751067269
480,0.5567179766334188,0.6128840717631837,-0.6153138820737076,1.8578501512906649,0.0431254309530491,0.3019316851187039,-0.6490763335666391,-0.93116526077696,0.4772960088094232,0.2175134959387854,0.8052258490497484,1.09393949336034,0.1641491925436032,0.2357707867150015
481,-0.7893523659025773,-1.438426718775404,-1.269923087327547,1.196133717091107,-0.6132538146500716,-0.3389085456758337,1.450340258759062,-1.122150561486415,-0.7269948257170568,-0.7687668285606931,0.8977815549686201,0.9894353058159676,0.2576795171658463,0.3693174698631422
482,1.6180684811660395,1.9933835005824136,0.7515632254021709,0.7833847241542399,-0.5803550028527311,1.9473284869042828,0.2676962543586619,0.8531102644497399,-0.1055249387709541,-0.2680325873276106,0.7697819413017379,0.93968629121727,0.1819344719016354,0.296790791935559
483,1.6630422595961174,0.539723679738307,1.4513754610703815,0.2553281717450444,-0.8483665364230907,-0.5833429328784879,0.1029652424646105,-0.6265002160433267,-1.1074614086276906,1.2014170317870247,0.6989401780071087,1.1484781606191756,0.2765097599431675,0.333246358115087
484,-0.5448700708235121,0.1381927477913204,0.2961335898856047,-0.5881531253205687,1.4507994663087391,-1.1171417612046128,0.2616252635807709,0.2461177063765836,-0.0542546028641478,-1.2969126132719826,0.70754358856219,1.0402400830404568,0.1836491341195114,0.2893271610324781
485,0.8708175518634642,0.7435106703345966,-0.6755685285912163,0.7074872072053618,0.3749076863007757,-1.2806121453611083,-0.8539289145713574,1.1382814448895793,0.3094161851420503,-0.5643029458106261,1.2744298781044974,1.446468328743234,0.325574978768093,0.4967577020030115
486,-0.858475891172642,-0.5153937981154209,-0.4444795298777045,-0.8459630326292517,-1.7417641123833023,1.1400132864007857,0.9706336726114432,-1.2732554518068595,0.1363112955636676,-0.9022382027147666,0.5815501022444263,0.9951911492669228,0.0908424764473352,0.1821663432910064
487,-0.2615672232265353,-0.3447665798736565,-0.4278342157178725,2.002947084076286,-0.4403256846761904,-0.8082638250669247,-0.7625814294970479,1.0437769564017552,-1.6521023316929349,-0.7626229164355202,0.6180640912452144,0.9372686554048696,0.1022611354499991,0.2025598950940542
488,1.446822840111534,0.2439861879976468,0.1919220050361132,2.132146460143701,0.2463479529484988,-0.7081861613595825,-0.2820770568763486,-1.135432309030569,1.2559370400156968,0.5745617175367154,1.1247323710782702,1.36275344521159,0.3161487251808834,0.3969498014072308
489,1.124414149970889,1.2129839285493706,-0.4142107809275326,-0.9447528520088898,-0.0517131113080458,-0.8727610707885383,0.1649568754090246,1.1320968808346892,-0.1681396460491672,0.1499950899077391,1.2750360704154855,1.4466399693560834,0.3610410649406523,0.3561613109394078
490,-0.0938456162233665,0.8027275724376978,-0.66778239428829,-2.196446261643099,0.4708688593753808,0.9878344213079936,0.4463742447585357,-0.6402304954680139,-1.135012098186069,0.4944975317803214,0.9712040284017892,1.025236349017174,0.2217385032278445,0.3237715341263311
491,0.1414789529346736,-0.1257926276583297,1.8224633429937909,-0.9468000941813316,1.7750370211274655,0.0317839048706399,-1.8355704768708747,-0.1792026543191408,0.959496076599441,-0.3650550328049707,0.7204442932059119,1.2424393937861011,0.2639759334880079,0.1891590580322967
492,-1.474778541238395,-0.1645145317961699,-0.8571723738917058,0.4918144010879626,0.7733998160676113,-1.0562704077481062,-0.7058040551156496,0.7566424651069377,-0.8588442782989592,-1.082158135827995,0.5502744807490815,0.7506729179669922,0.0517167598238396,0.2814583182450473
493,-1.1786911317962547,0.3520386129581204,0.3091577195174642,-0.6840460303790417,0.005085396128234,1.5271323841551303,-0.9740601569182216,-1.9517426090104493,0.4550755757203704,-0.1104011639015884,0.4418217966607946,0.8826120035591027,0.0901031135507659,0.3033953169081776
494,-0.7100250868151013,0.6520802373549079,0.83922514466879,-2.2082780198800926,-0.6525979093314883,2.317516231196855,0.5834049157981909,0.6761036382971497,1.1728942786314784,0.0170688251997261,0.6168317752793975,1.0948690088360655,0.2748715841589813,0.3928851171768866
495,0.79668416009162,0.7180620438372025,0.5390414967527589,-0.3220119706174046,0.1720589223662588,-0.5883615643067782,0.0128143045664949,-1.168490892099267,-0.7906239912729525,-0.2823120419249295,0.7896568775709717,1.0760947297473358,0.304792175090458,0.3797221195874598
496,-0.943705431430076,-0.5050172707451764,-0.1639259767555159,0.4022623446643774,0.9492573018529092,-0.4637843713781079,1.3351046172686238,0.9386110786254932,0.5040938319439419,0.1536491292966189,0.8678946987762234,1.118759765106258,0.1975485329580981,0.2919819959477585
497,0.3191208418685413,1.187051150666382,1.2235796597592736,1.3349467283836431,0.0413268318770031,0.554967164998613,1.343546506622051,-0.6237160349163927,-0.3184168537183037,0.0160366630134783,0.5330851304615578,1.1451001438131336,0.1439708520568701,0.1461311961507621
498,0.8995987379794065,0.9151721507186228,-0.2308641111979353,-1.50860945437971,0.2461839442959672,-0.9183161373284012,-1.4899362046402225,-1.2638715607337163,0.3263810078455604,1.361037360932807,1.4064744675029306,1.5313132140013157,0.3343532897929458,0.4733270429639302
499,0.0388945162362438,0.2113806546459647,1.1828949388779253,-1.5444549090835542,0.5201764216002716,-0.0115897843188212,0.5660574588320672,-0.483483908403816,-0.8179372904264822,0.1405089042856054,1.0332629625729672,1.4964174421293537,0.2734272724320392,0.3216070287317272
500,1.6491913233344615,0.8609101045414628,-0.5076927701800915,-1.3409720359812798,-1.6820672836977857,1.3160994518504814,-0.9550822881358276,-0.3255134129949364,1.3212111260775763,-1.6139014554789917,0.834670997760492,1.4511556551584424,0.1079961127747123,0.2983859694475265
501,1.4922645094750588,-0.2536404538925019,-1.1485833152387388,-0.2473509271489131,-0.7225967814014777,0.4408197989057157,-0.6481324338877777,-1.911642210919043,-0.2205625344089894,-1.356545052286539,0.8640542935074774,1.212307820165618,0.194343597374213,0.2350391818277087
502,0.2043198839883197,-1.1871303322833242,-0.4880128031720859,0.1825878042143362,-0.2124587250342695,0.2504302830010448,0.6802871657177568,-1.157933699731306,-0.0643975406247079,-3.329503797508129,0.8232786742940164,1.124323602298407,0.0905039147510723,0.3597296110256865
503,0.2473333016825238,-0.3008141303748423,-0.9834497634779712,0.315719422296524,1.1726975771850674,-0.4760177475989431,-0.9448144902417202,0.1650252624387116,-1.3356066666463606,-0.6603813705355391,1.3437578729763062,1.505166097685108,0.3114537344102851,0.4537159006357781
504,1.2224021616505023,0.0621792298122876,-1.8794669639461663,-1.796991647279401,0.1620856926467755,0.8623905759176876,-1.61762145862615,0.4497126074965085,1.3303435074897187,1.8878589879586387,0.8224339656778084,1.2904017554761311,0.1851258899563075,0.3655991869286973
505,0.3312227598598763,0.5068025945524742,-2.133184427628144,2.099752547995989,-0.5754902130961214,-0.9334711584250414,-0.2552061344396246,1.511673414185431,2.208046047543548,0.1254086794758444,0.5320785725932684,1.0194051943605873,0.0364969455643984,0.2143477927150854
506,0.9980841726036552,0.0432040486855039,-1.037795473018184,1.4767436707882908,-0.622127480356389,1.5355307733718824,1.2985413297690838,0.6140362639572081,1.828974756254353,2.2323460331857383,1.0752067623758323,1.4361717273471506,0.2592312185841939,0.3466882534050388
507,-0.1752433629643115,-0.8087941184164312,-1.8642698372564723,2.244682255430256,-0.4396820089184496,1.1350368571017395,-0.7412553675094832,1.538265640912035,-0.7001175918154133,-1.1917191336173432,1.5187157104525442,1.6331339061988404,0.396018375107213,0.3388552490222218
508,-0.2085064309537503,-0.5317757009616373,0.5962997854612124,-0.0513949271925236,0.6277023945519214,-0.2910214730852939,-0.6651073710188052,-0.5835605478960735,2.0449387980310263,0.2251709322269358,1.210688062486634,1.3706492374795904,0.2652152561401468,0.3540936508291712
509,-1.9837622094530445,-0.520209013454081,0.0968660324758756,1.8453996812503788,1.0286987158898997,-0.9217178364819152,2.418355753572451,-0.0311603648014776,1.2463298110749446,-1.1550084973999026,1.385937600966234,1.460377032189824,0.3534189666847008,0.4302060444794259
510,-2.3981630952508977,-1.4084314903683608,-3.250333476195706,2.1120893272529084,0.2145329188864159,-0.9246440184480312,0.4526240299801209,0.1893340361801658,0.6209333956139913,1.2095314011362686,1.030363875210479,1.0520555776860276,0.2629616619893399,0.3573220435200364
511,-0.2899211530250153,-0.8798393061009868,0.8277752143719177,0.8023327778844658,0.1007358081213449,2.177554188680773,-0.4378221228616522,-0.8998579716352683,0.4180914275066016,-0.6749378569134983,0.7026621161972966,1.300713333647316,0.2168072481513114,0.2886261870023296
512,0.4955165241448956,-0.8330082558394399,-0.4002422829318855,1.8908404200391653,-0.4055873567476789,-0.7988515440172963,1.1706787887065002,-1.0510419502866937,-0.692943230147068,0.5765611205089946,1.0764096769542,1.4280890548550813,0.4024906047892963,0.4000341409478741
513,0.9384114238732918,1.2204763910810743,-0.7472218322204848,0.5960086729861199,-0.4661081995441796,-0.6056556335106323,1.2032127822922851,-0.5495543958595862,0.2782045960209798,0.1555794692306387,1.3173195002297189,1.4209100618332446,0.261007352688918,0.4540992404624971
514,-1.0707543763385026,0.9660928553563208,0.5602808936789537,-1.9862906118704209,0.2774211112373432,-0.772973434166621,1.0970753064126275,-1.445399836780758,-0.3564769686295441,0.3620245509884657,0.3650423788448468,0.9584786232094727,0.1017013705536116,0.2055686300920026
515,0.0543402941418751,0.7629582567139714,-1.5184219860092891,1.651914336867378,0.5251446587882714,1.359718213000896,0.8742401692332417,-0.0116101144550435,-1.2841982109111607,-0.5635531812487009,0.4820906714983843,1.0395819781095923,0.1346427877908906,0.2367318772729665
516,1.5895633328625771,1.3854377816563823,-0.61959998010369,-2.8183042862021788,-0.2126897343051187,-0.2877028881291165,-0.2497726120403833,0.5285392018314015,0.8762125793216632,0.9902995470995242,0.7014196191332174,1.1715844902071202,0.2597381430938469,0.3447323593786936
517,0.4457091401353669,-1.800770701922636,-0.3411997326932956,2.30408978354919,0.3742167348024783,0.3678195684438652,0.3594859397738579,0.4153796225059898,-2.3831121810859237,-0.2395243169110685,0.9940710822778404,1.53514799003522,0.2010887375312594,0.4023467451030185
518,-0.0378928317946894,1.2814953992534124,0.0476728946222959,-1.6465113866019412,0.4300891561717522,-0.8038246482427452,-1.2167856410814175,-0.8341590467165808,0.5425042296645155,1.2587612397600685,1.4846650525118965,1.4052107282731017,0.2582838477254209,0.438201489078643
519,0.4829299451775867,0.6320232236170215,0.4730452728380011,0.1013271768604683,0.6969306349627576,-2.4187754670694206,0.1110883513048331,-1.0449250346222516,1.162902572544139,-0.1471553052168605,0.3457198484790353,0.936724497011496,0.1298220568790876,0.1682857076155298
520,0.0309480882678301,-1.5050718742538034,1.0168308890128517,0.6273281202738094,0.5569478823405032,-0.8130228521688223,-0.7736398449381301,0.2235994544459053,-0.6944984102480511,0.4348929626773385,0.7764030012789029,1.2744185710315037,0.221077304176828,0.3133409198147701
521,-2.160912602766722,-0.4875445564065926,1.7967534654264914,0.4394858279957648,0.1667936645309926,1.9852265356713568,-2.335953618801436,-0.8153111147881075,-0.4011731717473891,0.8583512330053901,0.7660877720729962,1.2370061115268955,0.1938133659950121,0.3228902804962892
522,0.8756563632282364,-0.8660067089826261,0.9979543221425496,-0.4033147673217075,1.2116396256491668,-1.0326426981220578,-0.1233115990661605,-0.4901673153765603,1.0560303715657138,-0.522781216566171,1.1254601962323032,1.4817431025620458,0.2505021103723993,0.3982496194996882
523,-0.042448529011756,0.5068113976630492,0.5452584830261195,0.8869526074731716,0.2111247768446667,-0.4182489152798312,-0.3496987453587504,0.025672315207612,0.2495924760743833,-0.1471716478484363,1.078349870455673,1.3885953549838006,0.3129330573927694,0.410636988792883
524,0.0192034209655472,-1.517253860572105,0.6673552844546782,0.1811122888894298,1.0018704135410883,0.0001605074070849,-1.7383975785217862,-0.3584461893066749,-0.1999299231184167,0.7429033054335988,1.3174310602422858,1.45688744304249,0.3204026423418378,0.4275398786136832
525,-2.070273544513395,0.0411795169489348,0.5136752157933061,-0.6614878852815197,0.0746280098168473,-0.6270365091498445,-0.7295729332203905,-0.408419850131317,-0.7106919924670108,0.6836183119363326,0.8444773807831595,1.1174346317197856,0.2074681741135594,0.318207014802733
526,-0.7349518768353778,-0.9029100070479272,1.7679286668395335,0.9607400118240352,-1.8615133606592005,-0.7647682898525335,0.2424629717227108,0.3237550672314934,-1.4904928657368934,1.158565492822322,0.8007178466907943,0.9913522341628916,0.208024481198674,0.4106265519698621
527,0.8252244191816259,0.4819016320403386,1.356728490712121,0.452289992570918,0.4485808792518472,1.5576792718222423,1.1012195807277088,-0.8415074589115312,0.6331951786719153,-0.664267864958582,0.4639960731243017,0.927192290214468,0.1186674279855699,0.2156189105233286
528,0.504154550950278,0.4766135070198144,-1.383467312455986,-0.1218456113110352,0.2652570235804022,-0.4362901909941569,0.3147099423907597,0.8058977770010688,-0.0305930642307556,0.2245994767082595,0.6192735165416414,0.8742131844091112,0.1365690126287496,0.2295211030625731
529,1.383424078555975,0.4731965832252261,0.2008242896744736,-0.9580793796413608,0.6710260113888488,0.3301499493919385,1.283739433701408,0.0468785433033113,-1.816266500133996,-1.700120868828262,1.178678019458918,1.533868731792169,0.3514728740799178,0.4436157690014225
530,0.7356807637597333,-0.5701935976981533,0.4367677511104973,0.1142326445023561,-0.1668396676939207,-0.0963612855882233,-0.8653895050452268,-0.0157776888996707,-0.5844934327943987,-0.3722565201257048,1.0285471031889406,1.5820158186755484,0.2967655697483741,0.4036437049007758
531,-0.323649044709161,-0.2266932698987192,0.9221734565070864,-0.1297908292046934,1.0237023365900986,1.5378549513264816,0.8549446510561495,0.5344685350685111,0.3268322094835202,0.86535870905007,1.210979548650254,1.484975701120174,0.3595853748553532,0.3958141020075394
532,0.0893607385962395,0.9845698459571984,0.6141058052896843,-0.3598404607803878,0.8958508801028059,0.0914800059775685,-0.106132007612316,-0.4761991603989872,0.1660188478745722,0.9964626154129836,1.0320680807425249,1.460647014403027,0.3089347358405238,0.4614607392148525
533,0.8889400055930373,0.3533937974589567,0.5996436407250353,1.271696791522558,-0.149966291170861,-1.1154200035302062,1.3011298521785726,-0.5297782520307184,-0.6903381233439047,-1.7961977553345514,0.8603094684948834,1.1149464721252955,0.3242594958339446,0.3132387655488989
534,0.5712830531642964,-1.6214526245522214,-0.7502588076917368,0.5882367945150587,0.721921252408372,-0.6517041482182336,-0.1341533269924053,-0.8725945264061531,-0.5483967878111827,0.266215260152907,1.3913086106998522,1.484828556642277,0.3266679622352724,0.4419734252259202
535,-0.5016466787964576,-0.2442150401756691,-1.464706681617567,1.1329561648061377,0.5100665931710657,0.7929053718372018,1.2904253246168622,-0.8252128755457164,-0.3583944830280237,-1.894834367582211,1.3827292067631385,1.6057368305378226,0.3436098500036488,0.3842456634402946
536,3.140422910102237,-0.1495853153173761,1.038727899914912,-1.2381611443354588,0.9963884256430094,1.8575908766496656,-0.0602807490279814,-1.0108814965896014,-0.138796400945536,-2.2267615249572263,1.1142380937065908,1.5332607510324197,0.3466564036170534,0.3888639649611696
537,-0.0378867010218419,0.8209671393129958,-0.0357576443735142,-0.2841395546889674,0.527568116112033,0.6040248469495526,-1.6599055625051826,0.0888229622787884,2.4359851242292434,-1.335016245648024,0.6065171965714387,1.145261674548618,0.054183954046329,0.158153964810186
538,-0.0854188328330664,1.9417461220517027,1.1041751565436757,-0.5133966807760615,0.2061353796226038,-0.0021116799848234,-0.7480718043216674,-0.0742521074930824,-0.2799661328065292,0.1127489380767496,0.7859624941094664,1.2307612668189196,0.1737716493116474,0.3676101339433572
539,-0.7483831806910334,-1.276618200244661,-0.0412807733923707,1.71511821817878,0.0822029262627964,-0.3315937789315453,0.7540858050384984,-0.1583196125953785,1.8680329249591097,-0.0039125092950785,0.5424066861518451,1.003944704824074,0.0282045238065736,0.1342092091786246
540,0.7004970631581634,-0.7546043823932729,0.5030892533366624,0.2750934769437541,-0.056506124659208,-0.5017577611697203,-0.6380301656523745,0.2823526639796525,0.6289391096964736,-0.1271627962941314,1.242151387542271,1.2867404373845164,0.3506318704822035,0.392092307781384
541,0.2872679291207924,-0.0379146781327695,0.0985260249053878,-0.200444982677225,0.0179725793683082,2.6980404568174263,0.3116342988074249,0.645296958431043,0.438023605328097,-0.2628168232970594,1.1243092969594737,1.430791625061611,0.1909275465376241,0.2946831498734342
542,1.293989213291668,-0.2911637704263413,1.0550545489425514,-0.3342069980664487,-0.9599725191440408,0.3653962082361929,-1.104668356102107,0.5356402250166092,-1.1941586560913169,-0.3190080304728533,0.599558151400203,1.1703172609918038,0.0180985471281991,0.1106812267322656
543,-1.4317296965247417,2.8241670094027294,-1.6539595596163144,0.0098137403964043,1.1433042743300137,1.0363859085870253,0.8513421221731372,-0.3172283882214755,1.351088946337002,0.9133910908021826,0.7377965194445619,1.2582737583173864,0.2248436795253798,0.3534885727491925
544,0.2122996176604765,0.2405807577265921,-0.3039226476153726,-0.9096520258330384,1.2371509754787164,1.3122079936015318,-0.8841091410299213,-0.1537851651461917,-0.143423216458929,-0.0326559037403099,0.6800302471634692,0.9683856137031124,0.2429007097651072,0.2585901863517382
545,0.0642948785875816,0.94686146164618,-0.7472173084867436,-0.8463469915126599,1.2366197421429752,-0.4626447418812982,-1.2630353535770662,-0.48512994209987,-0.3300527352440008,1.554962727725765,0.5981512135611362,1.214506374595938,0.2396587844109338,0.2938971433939361
546,0.9248262123767372,1.1475206166322425,0.819973642346786,0.946243671615314,-0.6880821265803181,-0.1986021553534843,-0.9899153130235488,-0.2104880305370333,0.684104990934741,0.1345832848122468,0.454215161381751,0.9840637767854092,0.0814708618799608,0.1325976444029916
547,1.3114808189602951,-1.1414157922272192,0.5002383506982397,-1.248302801869318,0.0941764691736422,0.7403334225564788,-0.2145025668242192,0.5511266040869559,-0.959732334832934,-1.663689978196383,0.7285319323009569,1.2521279905013811,0.216083927068825,0.308402990298341
548,0.5570296224878031,1.7440102340757326,-0.996044940169892,1.2221941801067953,0.043423408816411,-1.335691521693076,-1.1315053013521623,0.01578477336065,-0.4044622879241036,-1.312912976758239,0.7004851518146621,1.1818496837864332,0.0911467476778572,0.3089238331942694
549,-1.694039281225405,-0.8467193279265061,0.1938090083311182,-0.006400752603138,-0.5012379575000783,0.2018871942914827,1.0400267198626876,0.3941265104341478,-0.1213086713895806,0.9280720066606888,1.414328656172035,1.3525867867957897,0.2707036163341122,0.4164553389355065
550,-0.959850302216295,-0.2249195395553516,-0.2010879356003681,-1.236953258442845,-0.4198741622843577,-2.074959680895303,1.9121780476629533,-0.937413788436313,1.586114131421312,0.0380845057194924,0.9252842634427484,1.155177538369985,0.1653874835367051,0.2015538428791958
551,0.5648641321559589,-0.4887997983509315,0.2079296919616743,0.650489639988436,0.6645524143941822,0.7747733900743572,-0.3683327100391763,-0.4803596724913551,-1.5941763252676036,0.5232190111769367,1.2155157193962158,1.7042076040143743,0.3138679230982338,0.3988860510408143
552,1.0823787113234429,1.6159816799179296,0.3051726345805077,-0.7664797729085693,-1.6970961432894554,1.0416667330833504,-1.7962765667775356,-0.3406040777437667,-0.2243068279436459,-0.0694551378510193,0.8322082310766986,1.1988907996051397,0.1593492813869935,0.3411639957838852
553,0.0358026000358401,0.138147556367575,-2.4153632620785297,0.0146559098701267,-2.229575574111877,0.7322180730909948,-0.5551251558036121,-2.1570367252233504,-0.8142046773853758,-0.5700753391846538,0.8225761523111755,1.2017613251933656,0.1512316986360875,0.3651753965967379
554,1.1906996175550046,0.196637741750245,0.3444449443505802,1.181221634220601,-0.0961442879244894,0.7541879610324033,0.6838611139319919,-1.2864694935694123,1.4729835776298297,-1.4203017800706943,1.2997054117999665,1.44470791626327,0.3500912426840968,0.3751214580807396
555,0.917366649477848,-1.5170730369056329,0.6012367881516733,1.8619148781501729,-0.2129786565502112,-0.2563556428531463,0.6104399993168492,-0.329396455962543,1.8182787037428212,0.1921922494586957,0.7217996507488964,1.1240296882519711,0.1114465723455954,0.3235771190209103
556,-0.3201695082207257,-0.5402855278956832,-0.9329484701730206,-0.6277549867574896,-0.3506733936585964,-0.48763907349858,-0.6581752741371039,2.0988412303524395,-1.0300950764894898,0.1466325876461747,0.316885512166165,0.8771556168734237,-0.0037794004539266,0.1956965153604553
557,0.592521009760872,0.6301079955837326,-0.058607075782472,-0.2407025718473096,0.4515474912395065,0.2665216499782007,-0.2589588347675133,-1.5618785717244308,-0.4679237223332475,-1.1465501637074578,0.4849679539728128,0.9673303786813636,0.0478711152664711,0.141388312328168
558,-0.6671595500663265,0.0332232385169594,0.3587361439966162,1.7804527512924062,-0.5374063789038138,0.7746256352751506,0.3059600244378365,1.2959976706397898,0.576228719595626,-1.0084814272863163,1.269655479531986,1.4449448068291513,0.3158179160768072,0.3557375656937889
559,-1.7230460292912313,0.3112616996675048,-0.5284509979003907,-0.9803137459505972,-1.2675777045330776,0.1609754975871555,1.507707699313365,-0.4086723457060416,0.5902703110753222,-0.1022663502175925,0.8181062742771082,1.3303278037316064,0.2293082900196391,0.2793793090891759
560,-1.289382089103393,0.7348113435104173,-1.0946920440273713,0.0216266305935647,-0.3415204150053051,0.8930774345656918,-1.058150992470687,0.3908699078019598,-0.8397974073487009,-0.5111052123287851,1.238579845553389,1.4759334825469788,0.3003940092347364,0.3837194473925748
561,-3.635200227540102,2.092098571617909,0.5505569328262319,-0.7673474859381645,-1.124655688332994,-0.4956487528793405,0.7168795348194515,-1.8920849255849252,-0.1415844192943381,1.7706418724626731,0.4835664794114608,1.0212093353074174,0.0503320650209024,0.1492060586505011
562,-1.133946335967804,0.0803850387636549,2.2033098152577577,0.6321516296907728,0.1259238204854551,0.5066364549090028,-0.4008653350097023,1.29963128530344,-0.3993300229002119,-1.959181608735977,0.3611457446168788,0.839972889549629,0.039135865388976,0.2079731253402064
563,-0.3913031039404598,-0.9667345298767036,-0.2811940121974293,-0.2590840590806308,1.1974231998049074,0.6952927266643856,0.2632654875753966,-0.0029454113325951,-1.0588580088579944,-2.181175237665677,0.4107212484508116,1.0513614464231096,0.101735687437628,0.1015747893280973
564,0.1131600113927831,0.7946412035736589,-0.1083338832445891,-0.5348543227867003,0.4645021652142125,-0.083332200624347,1.6857441919739613,1.2327283420682844,0.9595080570233296,0.7577341142099038,0.865497558422169,1.281079864559171,0.1503068662582573,0.3210095771447496
565,-1.290167414451457,0.6629937020525997,0.3763259576465752,0.6064247283911633,0.4926094868130525,0.4527625878480655,2.7008664695495948,-0.076185669951919,0.9363373808293304,-0.4709898102640032,0.7143501762590801,1.2097670376748335,0.1367750796522517,0.2103446773732711
566,0.7906415838876719,0.9393198902324554,0.3644260771353479,1.6692469423765,-0.8842760363604175,-0.4872209416682221,0.2123800860234896,0.880806853484222,0.1794295212949332,1.285759036510566,0.7617182810387032,1.1876271053725165,0.1801160153192698,0.240798472088872
567,-0.6616898709663194,-1.1405784894885544,0.3081283365365046,-0.0771802761136963,0.54286372035822,-0.0274022908665039,-0.340019790623457,-0.0749375717237234,0.0288488947931849,-0.3049812998483304,0.7600100937868863,1.2269294752580733,0.1977553484938731,0.3091250515299606
568,-0.2031320463234281,-0.4035933369869101,0.8566651198694065,0.1940210045057993,2.2567524721687664,0.1607045512784618,-0.5508574703286617,2.6706753748630647,0.4136263777143353,0.9901247868928168,1.099482719931865,1.617171791471616,0.2411913331722609,0.4243780148543359
569,0.5921029832024916,0.6230110292977487,0.5356540513524742,-1.102084564776065,0.3675290475614119,-1.324861303850239,-0.1743628364125342,-0.7256174565632872,0.357470185848724,0.3341262473382346,0.9181891092959962,1.2480908092748897,0.1898737886467585,0.273585147666851
570,0.4811458907651867,0.2872965727490871,-0.6068253417863988,-0.2610034893516796,0.9203961612544848,1.0678566772943998,-1.1467830986265493,-1.5309276325126464,-0.7268893832047121,1.0452075820322506,0.9036087651046256,1.0577025074738329,0.1514937869810178,0.2801221117254139
571,1.2148840301830344,-0.9247118804011716,0.3073093537363383,1.834431333140088,0.4153114772403338,1.4215032852330935,0.9987265700830984,-0.9101987062279108,-0.1899814234970781,0.0347544782918479,1.3856480636267996,1.5379767636040895,0.2515977120744877,0.3844846147307548
572,0.10413338802134,0.9163289534385712,0.4086847622754085,-2.936200943778115,-1.312840273092726,-2.187380914976043,0.1753652406553341,0.240487649467761,0.2832249586107184,-0.9589282677146164,0.7385676855903706,1.1290211007766464,0.2489444779278389,0.2314128435368247
573,0.6741440051199892,0.7162624964685291,-1.2551490672051575,-1.4660382014488722,-0.0001316862269378,1.791782273613359,1.6997427421986424,0.5634043604480524,-0.7299966715800764,0.8868426594885851,0.9608780855734372,1.2828229690184625,0.2545430835301849,0.276853024398737
574,-0.4524242648090414,-0.7675070366738105,-2.143966831621994,0.1023821983476529,-0.6298673491373752,0.0964303795285044,-2.299357696237061,0.1698266725836872,-2.431121163971628,1.087940253268552,1.1775088921381336,1.3566848185475289,0.2737668796466598,0.4246827423821576
575,0.5218912341350844,-0.2786647714245878,0.5627198600820792,-0.9780742626635524,0.0723755156148924,0.7947740384603357,-3.0942892490913896,-0.4472243596775238,-0.0226441301363742,-0.1962936177457665,1.3944094592672094,1.3892843183197547,0.2817247031507367,0.3924350389883739
576,1.4571018262274051,-1.1239011249228843,-0.621159243445229,-1.9158690263084484,1.5102866512731454,-0.2462901426088,-0.438408888036707,-0.052482682310714,0.6362358284303241,0.3473634035161247,0.3604210797807514,1.05913492417584,0.0638004834128695,0.1902304824411488
577,2.6478842135570875,0.4539358884037746,-0.465245429169081,-0.5613567375239471,-0.3927589524168091,-1.501836924629838,0.039864207491586,0.7834681062089172,-0.6133636006232359,-0.8073800562841116,1.1322075942132184,1.4210661494280326,0.2996477507259723,0.3892195210715989
578,1.5159451462942335,-1.426483156621165,-2.0678183764773013,-1.1529019436473826,-1.5404327171242964,0.3862260641045818,-0.3607045004495735,-0.2196870450238398,1.1529341769747732,-0.6913348611627764,0.7628142117721335,1.1271538378319657,0.2159762335391477,0.3826808634246142
579,0.7750894117456407,1.511322799203203,-0.4556624980136606,0.7370228555563136,-0.2418179125289801,0.924098128840789,-1.571489187576273,-1.6455122451253463,-0.3912677149075407,-0.8889248090597707,0.5139887232839128,1.0996118214911128,0.0304889037423268,0.2078880719646884
580,-0.5167091094298853,-0.2195265824471398,0.7200135318362517,-0.4076605785659349,-0.8238613106230867,-0.3515133767588989,-0.7691452798066177,-0.9340055020627144,-1.6130168135769691,0.0694781162210786,0.6902631681028933,1.0523075072468098,0.1630314296270482,0.3595949667206786
581,-0.5687057065970534,0.9662787392346716,-1.4473960920589406,-0.5420835550478789,1.8129072206587489,-0.9396095170978496,-0.2365332520961239,-1.2158439828253684,-1.348427512780981,1.5473109830876783,1.3425023743004467,1.52430047220544,0.2233649720055034,0.3901859674306032
582,0.1710394926371472,0.1336788382376233,-1.6963162351162222,0.3587413881083029,1.1574219459938258,1.1494770608285296,0.6683332296061608,-1.129485577595404,0.3131234171929916,0.6675849604766076,0.8301700008901736,1.2175536229578598,0.1078103208259627,0.2554841075990064
583,-1.7944435850889011,-1.1212795914817848,0.8881573217434416,0.8760457766719285,-1.5485830336213924,0.7950214592691726,0.0953033991536178,0.7810089546071515,-0.6345213234339414,0.645183496480902,0.7935922235851284,1.253629090951719,0.0901936089450026,0.291893801226007
584,0.8438287744856245,-0.3513349354557117,0.017752546173286,-0.6485216295046535,1.6516389486858791,-0.1202719393257659,-0.922024325177182,-0.7158259138747501,0.1267706011421131,0.7533311717782117,0.8143048769878953,1.2849611988516212,0.2346428792118718,0.3291285659404402
585,-1.3358268451505215,1.8476600029424488,0.3086752940556164,0.4664559729694125,-0.0971895438234364,0.0192589673511255,-0.148283137927403,1.0177959690359604,-0.0079285874533704,0.7670502184927098,0.4200059493298065,0.8091997862876692,0.0803473621469299,0.250081591260428
586,-0.4338475233525722,0.1956405283123157,-0.8039203442394212,1.216528232549537,-0.8337472407191158,-0.3249794442613262,-0.3149604124547449,-0.3539513876737683,0.722495769442937,-0.3166577647366437,0.6393454527524431,1.0710549102297786,0.1214670411400867,0.2189819824192982
587,1.3939245305410728,-0.8184750861301682,0.1693774699427069,-0.7757859893125999,0.4209727825314667,-0.01594972697677,-0.1550620446984784,1.188474966503524,-0.6543418710551034,0.5865151576180001,0.4443881253239219,0.986993970644638,0.1834534762913165,0.1528720997104062
588,-0.7689599126747924,0.1126852001603737,-1.1955753282234454,-0.6625171463067404,-0.082143045572865,1.8146491673230776,0.1008038704597741,1.6546683158667064,0.220323291690918,-0.3870842444749391,0.6614778790709852,0.967797184550794,0.1662716054547539,0.1296592495251231
589,1.5393565226006936,0.4370176220734189,-0.6427215938827137,0.4705714594002974,-0.2925947499076102,-1.989034196171296,0.9359731592656176,1.094934055641929,1.8379420299922755,0.4221436921952626,0.5585904201164649,0.9263229864052378,0.0292366404037906,0.2109267021205473
590,-0.2487234240825325,0.8349894273785858,0.8498203653189064,1.638281183136422,-0.0446276230664421,-0.1655789725675944,-0.7155444197585275,0.5374620867252017,-1.5482616682308352,0.7760873728625646,0.6009471788595969,0.9155058561406504,0.0250492019770799,0.1954077617832522
591,0.5878351218657896,0.585070202458372,0.1382252365018404,1.5329782475310847,0.8719934654268633,-0.6070771913756997,-0.5891790496976468,-0.8796738134146368,0.5512833327755875,-1.0001389212399567,0.7912564671222819,1.2548319627554498,0.2474797285682244,0.2970292409363753
592,1.0833921435833522,1.3229733083455433,-0.8790162689504512,-0.1855485345928537,0.0166209813624137,0.8839831604696676,1.609343375609877,-1.6854923928685774,-0.3181807175266828,-0.2660166955603469,0.6855503314794263,1.0224234744535292,0.082678674699655,0.1194216320448586
593,-1.4006698548865475,-0.4851100193040616,0.4277689443506111,-0.2786789028395571,-1.5446211686074136,2.874082698009913,0.2661778652041803,0.1116941301066749,-1.0979263630670464,0.2607061619712753,0.7737340479683833,1.1663613054588864,0.2480152398140735,0.3231241812033427
594,-0.1642137840414943,-1.8885234127154065,-1.0702554400144162,0.794926017673945,1.9440176500004416,0.3671654050430446,1.1030832782933673,-0.15575530858321,-0.0865461606806029,1.090979027619465,1.0230946317551073,1.5172254386411037,0.3335765585864526,0.4764015679693916
595,1.6627772891794692,1.3010966934656216,-1.066363075384819,-0.0669588903152457,0.2775246844762952,-0.2596779635075291,0.3878575434155957,0.8205768116689474,1.0028097519551404,1.6858701522215231,0.888750396741406,1.2760846654311475,0.2030042997307582,0.3194156002711725
596,-0.3294411047248347,-1.364033164839314,0.3582345940144528,1.8838110311848024,-0.4769758599540591,0.6868469770637194,0.6957457924726428,0.1914420473446089,0.0069247210437143,-0.9234292057213924,0.924950490070616,1.066722260252035,0.1825280336391522,0.2613715625621879
597,-2.2816620724205774,-1.1118507066640289,-0.3903041491116992,1.0974226874227069,-0.1031280623513756,-0.5190257189181485,-0.8909854419534304,0.6568058285094803,1.3583571664306051,1.0634357218674595,0.5379153118726124,1.1230222175650788,0.0701512856639463,0.0804847816265281
598,0.6061496997584691,-1.47561274638294,-0.3516742428437714,1.9473042288896751,1.1219504919152248,-1.537503218234725,-0.0555905231992714,0.3630984326610387,-0.7621584630262199,-2.3092040214088487,0.458777925497553,1.0913473732017407,0.126881495147494,0.2214093123905288
599,0.0988240450164317,-0.7877582576204393,-0.7838417390846841,-0.3546803599307581,-0.1336759146548117,-0.0090827940956864,-0.8839898989220014,-0.2202095296340774,-1.757423370402755,0.3110390653680782,0.472000669812552,0.8720969263780214,0.1257647160812234,0.1582859094982687
600,-2.8562754133411574,-0.2894900804336195,0.9191861536769532,-1.0593406872748266,0.7164302036574001,1.1557327121208922,-3.3078999524973884,-0.1513629035757423,-2.875773427628275,-0.118208445570946,0.7184096733380456,1.0570507208354516,0.0709675848723024,0.1694307376305686
601,-0.0071712109813268,-2.4825439859108385,1.9248383620798653,0.2860158076346249,-0.8490234320820353,1.4653794274985183,-1.7956132206423168,-1.2291710335183172,-2.2994555236698986,1.801045196539334,0.4907055793386412,0.976049807797825,0.1558416887764977,0.2093208084872023
602,0.3323463714720034,0.659401789848495,0.3010012339184757,0.5737677611445846,0.0780777138959894,0.2709213427074413,0.1076034362229507,-0.6085918055692785,-0.0466247652146691,0.2735945732616776,0.4268368261091472,1.1890440685155783,0.1024654165760111,0.2384419837984448
603,0.1105491195521307,-1.477772107753317,-1.344986668608409,1.0828414339163912,-0.3069940458834018,0.5847253470359405,-1.0921199097223964,-1.47314587664653,-0.843596612531713,-0.2225650707714132,0.4391773492555241,1.0363115627744524,0.1155554995571597,0.1055175353951923
604,-0.6651402992844123,1.293933523105714,0.1795233015374615,1.8489386185618584,0.4044081540714172,-2.412550817919811,1.0560416064585545,-1.5095516224699548,0.2305336672113391,-0.7746840576638448,0.701527511046064,1.1290644460922548,0.0801402341927006,0.1448865129772072
605,2.1427110344641864,1.4395979274301354,-0.7418206417017582,-0.1273576681211117,0.2445980696492174,0.8634140715616104,0.0291519123250126,-1.0248948993808669,-0.7175586392000529,-0.0044817963767913,0.8347561613803552,1.2086697699414397,0.2177834474281614,0.3095788698097044
606,1.234456978764691,0.4278378605360439,-0.7734149266150159,0.64837277770979,-0.3869848388781598,0.8904080051868413,2.5270104183286053,-0.3588263709435495,0.8016051597263709,-0.7453933320377297,0.5506240989305926,1.1447305699391808,0.1284051602564323,0.1475172250545029
607,-0.1122637671912975,0.0295622868721012,-0.1936836600443805,2.463013688775024,-0.3065930746783823,0.586851538784868,-1.9300868693234323,0.4319965633696103,1.1420545923522467,-0.5275973425790509,0.9362562852712452,1.3640614563488287,0.3576028367256043,0.24382529833802
608,-2.510222141040413,-0.0386517688273251,0.017183850385528,0.7240750507443041,2.010903035413434,-0.3800536506003067,-0.8562881236602804,-1.1669178013714432,0.1980786170315993,0.4793542588185019,0.8242882013150276,0.9917901296811013,0.2276574578189604,0.2725899850916614
609,-0.5456553943625845,0.7786827457257895,0.4653840768191756,0.0432316896448903,-0.9024147207441254,-0.4818643154847231,-2.429755297682545,0.2357870641980336,0.0263412887474352,0.1884789910894864,0.9923445794824954,1.1225385029981418,0.1155408481016369,0.276436812964874
610,0.5043190155645603,0.3858214864322229,-0.1103831806460352,0.0486680431627524,-1.4043164166961697,-0.5837206456894258,0.0504710536834613,-0.7358535759123606,0.8601507958725464,-0.6586320809550305,0.3024512228782862,1.075109945450731,-0.003254152312816,0.2014228790591579
611,0.2163054112483163,0.1165656568153358,0.7462775936104097,0.900791174028302,0.6940326109679394,-2.106006201383133,1.1941481480131266,1.527308224194598,-0.4821242843214694,0.2366469126728498,0.8883282270215704,1.4679702195463358,0.3821689077902267,0.4180323945717897
612,-0.890831680130782,-1.9483785067321515,-0.7387152655423863,-0.5401390394636103,-0.3548507313518155,-0.958914090005988,-0.7334251668172389,-0.0110063216284076,-0.770226983110142,0.5435243325500279,0.7136506395035066,1.1968796511060915,0.2009008436022223,0.3236315172921702
613,0.6816606513974395,2.3803877461644896,1.125679932123462,0.2431030583284144,-0.6202642966676787,0.2937473516739988,0.3265959599163561,-0.5133130890056609,0.7837313967528776,-1.3980980146818751,0.3633141636719174,1.059256727384733,-0.0352195815801387,0.1685057723818095
614,-0.2443998355375105,0.5558584593174067,-0.287584147592097,-0.2067544034292712,-0.1377858611922804,-0.8356012406877456,1.1739009315742082,-1.018037671922815,0.3181593274098852,0.4136478982823735,1.1267589236322682,1.563332682607124,0.3011315426338434,0.3297218473071857
615,-0.9486219012089668,0.0731042543807433,-0.9096321727447022,1.3910424750559454,-1.138782936976213,-0.6538970942319644,-1.2242250083555806,-1.357698726867552,1.5912152908822934,0.5427746739125621,1.0522510311274478,1.5198680009547407,0.2960466329067722,0.3710437945182127
616,0.140293425700544,-0.6565769633469216,0.9076118110467684,-0.824222439367453,0.7936392943301029,-0.8725112766056362,-0.6445077018756719,0.7582823861179211,0.8638273441557671,0.5974729338967611,0.451916621048802,1.069616799715929,0.0741153713565392,0.1955954377985463
617,-1.0496741157567948,-0.4467268657228287,0.1568987411985134,-0.8492809619100916,1.370962760129293,-2.401946943950546,-0.7787395153691529,-0.5095665028698317,-2.843943664771768,-1.3962291302361909,0.7169936588080543,0.8576317363116077,0.007407863421267,0.2391794832399303
618,0.6252895125420684,0.0302836365529638,1.5731360220429027,1.545226445884819,0.4330463786039467,0.3132382490007116,0.0659311085789004,-2.65508201787949,-1.3945595133260753,0.100675503098934,1.0982035408058846,1.468176247225738,0.2609421810934442,0.3870099929616244
619,0.6160257087476715,0.2896698121381407,-0.8924649677156576,0.9374062824694956,1.4824440287546363,0.9379896002913398,0.9895993295904708,-0.5592257979552109,1.0759341227007992,0.1457586393276572,1.4397807168144512,1.580212845861812,0.3431111755943488,0.3291886472103677
620,0.5115555285220048,0.3654318428247091,-0.121487105440411,-0.8600024751223019,-0.0821366635540463,0.9867616174828228,-0.4414758053129096,0.893347262608146,0.7370706706176718,-0.2989373970198303,0.3848846263447131,0.7160921340514572,0.0595309589458623,0.2478351593192829
621,1.3888001036195767,-0.355546671190706,1.5095468626126316,0.4341269815409725,-0.0158659184535135,-0.8878013803376538,-0.0882602301350412,-0.2037595134944202,-1.2582963852509057,-0.2176154227176671,0.5516946515748371,0.9778486737047876,0.0988849858140973,0.1655557228712297
622,-0.8038031800970857,0.5859917689787818,1.306280475728203,-1.226915676295241,1.7123077283669226,-0.1285510343851297,-0.9750213849385142,0.7577547802081833,-0.446454478255048,-0.0817366760314941,0.8204758882401785,1.2765878279480614,0.1192056606294763,0.3149823843918674
623,-0.4042782442120789,-0.8167379318649001,0.7239970324019037,-0.2863014028941872,-1.436651792179246,0.5510601242159328,-1.205582351023755,-1.1532601726752587,1.192606204977316,-1.196339899210212,0.8932434870954667,1.158489971103663,0.2350350306060292,0.4407327222236276
624,-2.3164448569274905,0.6228614849614956,-0.3038634294811303,-0.2176551211381164,-0.3145003933502,0.2316699390187268,-0.7527192419030679,1.4761148745657644,-1.4762304803093984,0.4448749166771231,0.7895657207013108,1.2393307050005322,0.1630971458169304,0.3090625581301025
625,0.6421210038765839,-0.7596517608333779,-1.0237344452778183,1.0171742141701563,-0.9908607540167148,-0.6066639407505668,0.8873089624597463,0.0347412335390242,-1.7971436676291046,1.7470591445535142,0.8460271624982304,1.2194842340270138,0.1490152340145571,0.3103180885662725
626,-0.530010758779966,-0.4027572899064173,0.2557842523263653,0.6250767970040728,1.961104291291467,-1.6600681494056964,0.8259522089259458,0.743009694050077,-0.1371649108741167,0.7872736948162223,0.9462195938717636,1.2448635764514526,0.248099359453592,0.2881494014993686
627,0.9342740176365468,-1.3819627849870044,1.7497665058808305,-1.5587622531381418,-1.1353162812387732,-0.2617876736240963,1.9249405131870565,-0.3082566297533864,-0.0319338900508106,1.4320786039045634,1.3124850359135565,1.5279267838216526,0.2524544635156384,0.4159260502399437
628,-0.3003181425654727,-1.1784367129306756,-0.4172348352383145,1.3707918338057774,0.0708649970551364,1.93065825905626,0.7379349262621552,-0.6448089363934834,0.0510763044650783,-0.8532181181418795,0.4008303336559689,0.9367119725115208,0.1094664153646187,0.2148622136690062
629,-0.66843303064877,4.479084251025757,1.018624510033811,0.8610979890066731,-0.623180315308064,1.569584066281079,1.099415601792937,1.8816212893577708,1.8331141483984488,-1.479089288097522,0.3810767534922871,1.1053985771182877,0.1286003139150236,0.1647635782194558
630,-1.1098394892699073,-1.0037878154636364,-0.943940643332437,0.3234523642603904,-0.5668034520958176,2.0725985407625185,1.9046798820816375,-0.0064615940790397,1.9553262161497904,1.4881346272402018,0.9693622805326236,1.485509542091857,0.277702814306942,0.4056570228526511
631,-0.4507065591772589,-2.0092153440255616,-0.2179683849607293,-0.644622131078473,0.2065056251458303,0.0892282868747491,0.0630176588992285,0.5236847413791645,-1.2125219470836786,0.4113602775697078,1.145532500826665,1.299254313925499,0.280582653084942,0.3847190444465844
632,-0.4396161530170061,0.199982199863687,0.95740984523219,-1.2243997732210297,-0.2812936526695694,-0.1185342340288641,-0.5142689715706409,0.8998294961329573,-0.7203883588004716,-0.5554003994423388,0.863366102477406,1.1301800325388949,0.2839337336686283,0.2044179724674121
633,-0.7099191329520645,1.0920554114388017,-0.4924441124122167,0.4600453908835562,1.975705101230074,-0.0748184203505853,1.1120606800331574,1.671354084093128,1.0271915600404138,-0.0168013159777404,0.9311167497802624,1.1775681029121894,0.2429792436171778,0.3039900742029366
634,0.6421077589986135,-1.2873785931353454,-0.780043158149952,-0.604675181631919,2.240612120174282,-0.812584514255267,-0.8274767512618296,-1.0439209802489835,0.5598117619307609,0.1426213926688828,0.6139555536025469,0.9612638035447189,0.0450689787411093,0.2710252143635532
635,1.0867589770265649,0.6712596660773543,-1.3803898467240674,-0.8072777700103707,1.3653287482758214,-0.203298244576805,1.1875918180180127,-0.149680947915317,-0.9676564282885214,-0.3032607776667061,0.7886519354117859,1.222155847362421,0.2617375957022397,0.2484022378952782
636,-0.968049795549696,-0.5655527624024238,0.2009257065652459,0.5116050903690205,-1.590191323254298,-0.0173680075090981,-0.5866157355597524,-0.6484148089588124,0.1326846191330768,-0.550451872689212,0.8595490897639257,1.1410105243537108,0.1933915322177814,0.3036139482692144
637,1.382137994846674,1.1880618762510602,1.1818282939420397,-0.4949101954903018,-0.9624988349193224,0.0820299293881155,-0.1503483662862672,-0.6088231624233649,-1.1757344466669617,-0.0415179692680715,0.3499778138553063,0.9221162957179564,0.1675536446206569,0.2443095594292398
638,-0.4040694502524733,0.6883470370380197,0.6651060515214794,1.100799805422717,-1.2592955518800382,0.4010583076936326,-0.7274657062336721,-1.2204142108110847,-0.4286022369487101,1.0687049801346178,0.4937360422672765,1.0243123458512893,0.0852878747181771,0.2678291692913991
639,-0.3723183535704842,1.565454659959112,0.5488785155203335,-0.394090478980577,1.1600484289064086,0.4453967721142857,-0.9325593884467054,1.8588026355805152,0.2594788230864766,0.0187961919854918,0.7799647422205837,1.2231842092134848,0.2573015072071032,0.2611314257577046
640,-0.8555326699056159,1.1795382676077382,0.5172754273613065,0.6292381802952409,-0.5075313435257685,0.8341005719100684,0.9118135935708016,-0.6687782387811225,-1.416990139680991,0.581373059338924,0.6558789184496894,0.8469538590256623,0.1814821065556399,0.1813662208024012
641,-1.5733469496057395,0.1520157778377793,-0.4472451047873071,1.218665210788921,-0.3928438907672072,1.107272972003804,-0.5142094443630262,0.999991005059611,2.060341543836832,-1.0680471383662404,0.7757301252174719,1.0109989828817056,0.1772602641311153,0.2480096734486557
642,0.2920357217309079,2.748782415910065,0.0665888269029216,0.0617882702296482,0.7884989473510197,0.0410808640947541,-1.7072259945705526,1.1322873748389386,-2.0029484138651927,-0.4167916511383418,0.4392353654626527,0.986268903421112,0.1478895807236452,0.2103801675700313
643,1.2074257491566482,-0.3565424286427857,-0.6936964924644041,0.8792639051665606,-0.8511147868343866,-1.2222257195919537,0.2745139874932834,-0.1829232984125909,-1.243673114188842,0.63695253999487,0.8307676653401115,1.0904480611154437,0.1559622955198635,0.3899362509175655
644,0.4644876055772338,-0.3597550166056319,-0.2913320061249465,0.4703927420091565,1.1903614197520662,-0.2827932101093248,0.6546884930081445,0.5652002170845991,0.8793072927089763,0.0393091987434653,0.4264798965236753,1.1656208252057296,0.0878469400559566,0.2001143968071752
645,-0.912325514066358,-0.4624991531999693,0.3428534657816479,1.818464378381593,-0.4840196231962784,0.8047874435273991,-0.32805645067676,0.1104687558861357,1.5153967492635925,0.7642925814204332,1.3605547740344894,1.6271892421938656,0.2944593719860456,0.3805878473239231
646,-1.2412992727409569,-0.5724750238115909,1.2562213444413588,0.1418780426284953,-1.1488401196158635,-0.8189524449737209,0.7034935227111718,0.9944102812176302,0.0178553014821744,2.475313800936102,0.7944079551477787,1.2337957528232115,0.2445651843434877,0.3002114929497075
647,0.8241523634556386,-0.2434810696329004,-0.8157060480993442,-0.9748843046390414,0.3354213204803695,-0.4887770449134068,1.6737437539834248,1.4663118029178597,0.6330665474972272,-1.1789961729568956,0.8618886298023154,1.363835973227094,0.2190654806132392,0.3155826428002389
648,-0.672218872552405,1.2556775257411008,-0.563066199795102,1.1221417339195243,0.474603923034761,0.0517178848131873,-0.7028328129354411,-0.0942438435247516,0.1896479548748979,1.0325388983011217,0.97216337623649,1.2369269863170935,0.3194187864615084,0.3952587884359564
649,-0.8857356006337547,-0.2628168425261151,0.0448231319322847,0.6626783576861647,-0.9084643375227768,-1.316569792887215,0.6739651517100497,-1.5179491149467033,1.2849797147621682,-0.1559260974829079,0.7485217325085258,1.2243530204186344,0.1969798135401546,0.3563890125316949
650,-1.5475310822744464,-0.4804202194034942,0.3791236330692372,-0.5327010875549777,0.0200297488243475,0.7400783657052865,-0.2021903353876195,-0.9370576764661336,-0.298983997371841,1.41484013645926,0.5086110868258978,0.9253076714929832,0.1495083119479644,0.1891434462526899
651,1.685064345333184,-2.019926173942275,1.091027909191477,0.2501477160353562,0.92398267912015,-0.5504882602676295,-1.768263509501486,0.5844887886474618,-0.940977261282717,-1.3882924314848524,0.8526536683672308,1.15225892938072,0.1675086557251281,0.3042084115092848
652,-1.3184013824734664,0.6009137824153344,0.1394524660291971,0.7824660218746737,0.6690752544963648,-0.4209335645837658,-0.0704735738774557,-0.5114375287825396,-0.2103277728654908,-0.967254737981066,0.8012828643543686,1.2479827035366833,0.1865677123345129,0.2081820108114801
653,0.3904842938743351,1.0751207489817565,-0.8166130298209866,1.2812696454013426,0.1135214964779417,0.2410789764058132,-1.6994295196075182,-1.807262309565734,0.1441163627796819,0.7897321246320076,1.1350839174617418,1.5793818467143816,0.2851311960378446,0.3876808298742726
654,-0.6713804436449524,1.6700939005830893,0.7349359742543154,-0.9083412517079852,0.0308486670535071,2.476929133723412,-1.2425640027997056,0.5282699389151054,-0.3227445527233424,0.7068962909185121,0.8986376505905938,1.1288026772741078,0.122859839087855,0.2919684440237253
655,1.2672736463183818,-0.3862370887113674,1.1189122717071738,2.221203394271961,0.0662747373442347,0.7848886874941853,-0.5904407702032749,0.0192593090312124,-0.1766750927082425,0.7969359256585957,0.4515826048751263,0.9033753680246746,0.0912310772050654,0.2245752823623392
656,1.2046759357569254,-0.1096548491174593,1.5336228457329233,1.530047441561629,0.8468537431799008,-0.5160265317217283,-0.6118288167399027,-0.8123813546900387,0.9491660702381608,-1.2117682074893643,0.4990711438432184,1.030698107268624,0.1906703849257711,0.1828560569221218
657,0.6768376541110072,-1.081109347824113,0.8235461198419735,0.0172195827305605,1.3336385618598274,1.141454578321271,1.4350654120021116,1.4608187182891128,0.1436308339881977,-1.158793066424605,0.827834863464467,1.1490786637400865,0.1576820140056513,0.2707546173291115
658,-1.0525230549973783,-2.0868485293159376,-1.0836658334280935,0.068823657704649,-0.5596541808251622,-0.1801356044098513,0.4927154194614009,-0.304065258065758,-1.1218288004125845,-0.0532336675634321,0.7521241428478311,1.2359475797547126,0.3174537893350379,0.2641978281862079
659,-0.8984904867728449,-0.2707864969790631,1.3427769644230034,-0.2705053040961747,1.770957553347745,1.4316359869379698,-0.5793053085790432,-1.1111237664157756,-0.0525541619201934,1.153327763396889,0.7583374694384538,1.1936876986888751,0.2197899424354873,0.3131775405977392
660,-0.4901909062286882,0.908090298262139,1.2084399891360882,-0.7740256503626058,-0.6760510882885871,0.7126620321270069,0.1518475496415706,-0.6860615265436788,-0.3521804481195873,-0.0705195527274191,0.9284095793948116,0.9573607929464792,0.0806535064902163,0.2752060913994925
661,-1.5648544249554606,0.7656431064826952,-0.4786921889391912,-2.783716223798099,-0.0238709683094527,-0.7415712588935076,1.6888221923026767,-0.5854450209199682,-1.097643363578611,0.5079326699620159,1.3645950281315562,1.3434351968394402,0.1496183830153121,0.4285589703109604
662,-0.6604473680075832,-0.7794562012522323,0.5095013828244059,-1.040467307889566,-1.457273658199453,1.725998002094337,0.5794987376006449,-0.2642092849943651,-0.003477209701936,0.505864358116156,0.8243657223702715,1.090979159320057,0.1507230199639535,0.2515128140182662
663,0.9733374496134208,-0.7559752913150118,0.3661465259656823,-0.5067041762102386,-0.1889812445126243,0.1606928674649046,-0.0066785730526722,0.7355668983025718,0.4870865591155939,-1.5081692093721777,0.511053531747394,0.9373684723816992,0.1247031959487759,0.0572686668547804
664,-1.357823207065442,-0.3697166847592928,1.8286252624418249,-0.8515918325016023,-0.2082227096127528,-0.5363460269565219,-0.55404438408808,0.1782397439050555,1.4007772761956514,0.455968399880589,0.41431481348722,0.8873946039088949,0.0871829660813754,0.173097612075493
665,-0.8035309614270922,2.753229510803207,0.0785732209611258,-0.5772209563821133,1.4120963746775894,-0.4690706179438185,1.6629136549874428,-0.8706427909666666,1.4300303889213692,0.2010476642816944,0.5797843779895766,0.8140663228339943,0.1022745738165376,0.2279168211605853
666,1.2910522327024336,1.9017657087015445,-1.132607290521254,1.2757718207583224,-1.4089039044254048,-1.0471843552482285,-0.803409459792437,0.5036366361778611,0.0330158769348596,-0.1671360841628359,0.6856647436561955,0.9518234028906524,0.1162229302176258,0.1098068603718817
667,0.1462352790223609,0.5912895892934729,0.6682481239413528,1.094166835615131,1.8200348127674395,-0.0213623724414769,-0.5210889621309163,0.6135361291851883,-1.1442548162646202,-0.6787041321116114,0.2608043795686976,1.08447743757817,0.0997219853175964,0.2589256344899212
668,0.9993809463927898,-0.1241283748177041,-1.208192458358039,-1.4898030653651742,0.0487166793938072,1.14189653696801,1.1285457775311865,0.1108805028928373,2.008909419096128,-0.1048203659404626,0.3626597111030251,1.0519902139528752,0.1934408920271926,0.2209852804178633
669,-0.1385676233974107,-2.567435909739,-0.4473629491612156,0.8520150349084945,1.563961336859704,-0.8302346336672846,0.4622523292930485,1.0468790323232875,0.011208153195899,-2.2832804575272303,0.5276581505591049,1.000855608082435,0.0214559271437043,0.2677786467855174
670,0.2472899995742523,0.7614306240608931,-0.9474228950184588,-0.254154530874387,-1.155496042128764,-2.5701475485803527,1.0270044117876564,-0.0037485338018516,1.5976749967049828,0.8573221919061772,0.4389142360194934,1.0504483256383017,0.0218482846714373,0.141027016774611
671,-0.3542097616654489,-0.0831806601044086,0.5661773907701725,0.9668834167557434,0.3226706307420114,1.1055931452894845,-0.2966687366744715,-0.9971435467856864,-0.0648092535611302,0.2051848907361836,1.4152631098833353,1.4652697711042155,0.3726637738021272,0.3960884670470741
672,-1.2015353947392868,-1.336722084146622,0.4473862964734275,-0.4063568513704236,-0.1658409056620021,-0.3596926657008235,1.5206009017632118,1.261761160395,-1.2373536900391682,-0.532793213080447,0.3158102227042142,1.089206759973172,0.0705053841122196,0.2349344406758521
673,0.850004267969593,0.6019362371032422,-0.0414579623297856,-1.1376002049642353,-0.6825400461535457,-0.5167675675462897,0.2769943311191006,1.7037271546972377,-0.686880234788128,-1.02603524755524,0.8025210867540082,1.045688177205713,0.2082147382685284,0.4098111571076399
674,-0.1085864768279433,1.0317389805140589,-1.4468829667607033,1.4536341508749475,-0.1720313621156695,-0.7343200023133737,-1.6001892867621594,0.7065207734206274,-0.1711711952415348,0.1707054827545068,0.849298645851446,1.1942482246994537,0.2537671700978449,0.3105334232601555
675,-0.900811741011364,-0.3190960342510237,-0.4865812463547379,-0.1005931053782075,-0.6695523263758105,-1.5341809606872214,2.728499745296607,-1.363404247337514,0.1814590069425389,-1.7720278284240425,1.2314301345394192,1.3908374827840897,0.3116924012894799,0.4517721708208472
676,-1.997047436617975,0.0978264918522675,0.1743675877683032,1.2614989908023837,0.3995468410157058,-0.1498107187457909,-0.9496002440650042,1.4990120682335486,0.928851246050224,-1.2463294777484246,0.4163937847899975,1.1424495821246947,0.0954146987927437,0.1556115244230729
677,0.0379637282106352,0.1440522315264967,-0.3456536566056691,0.7718504858067948,0.8317331383481771,-0.1904856978051058,-0.2808692457976584,1.4989584626675316,0.9328388923622372,0.0723603899083844,0.8997632076920246,1.171320576426173,0.2379757443743054,0.2854120683870731
678,-1.6292090390800535,0.3440001063050359,0.6980834649176682,-2.754521628398373,0.2518694483180255,-0.4166919867957354,-0.2208542801295515,-0.9073809527633206,-0.1481892904036419,1.3919915761813313,1.1910260784705144,1.5493560204334291,0.3145448528795003,0.3002234109774131
679,-0.4463984988155156,0.9655735587931836,-0.8063312188796102,0.7587561926560389,0.0016558556219512,0.3520248287892806,0.0071532560974875,0.6416252324412085,-2.567585117933758,-1.4198253134575696,1.031813438985841,1.5929409984790817,0.2933931705549226,0.3738134348614289
680,0.4170804980086446,-2.043538353896236,-0.5305803556472093,-0.0543408410366497,-0.8281401376128967,-0.6915614026937736,0.2715822001535923,1.0092949557798092,-0.9584493812548076,-0.5750581961873702,0.9962138977113788,1.3920263678724152,0.1989100680019026,0.3949359640649234
681,-0.7312609733270449,-2.4213797518772786,0.1417117903175087,0.9347177458284922,1.0166432073158822,-0.8707663764407388,-1.2516980485201423,0.0216055475916846,0.8292736865664673,0.1548504483103839,0.4401562419418953,0.9033412109014683,0.0965938287416023,0.2181985315426369
682,0.2893046358737612,1.1418309277362335,-0.7391365592307034,-0.2199700866730299,1.6346055117612015,-0.1968111230976269,-1.2673369659665712,-0.6693560962502948,-0.9381798512212424,0.3571625857012706,0.7093197932209945,0.8488116580436786,0.1579690521650261,0.2486550780507536
683,-0.8959470035887789,0.2710342528612446,-0.7360652185406498,-2.123378538398228,0.3066197869819221,0.1484636815468889,0.5177578157088407,-0.6729872191652566,-0.7795444753593765,0.4014668584815456,0.7220907260623299,1.2203235954586031,0.1771183375331192,0.3092844290209369
684,1.519019572530981,0.0111680095063276,0.4245850960471449,-0.3215876844257072,-1.5436305218736848,0.967429419154058,0.908414239086162,0.7107740251751941,-0.1819454383424186,0.5970560997385407,1.4263696520106826,1.5605606232631313,0.3254304186616721,0.3784845340022679
685,0.8937617973878307,1.6201586849567071,0.988526104647442,0.0638212250336388,-1.3082532554243715,0.155658297671741,0.2565773958493077,0.709029775318304,1.3538918593234257,-0.0951505120567792,0.6515943335075665,1.179153178945959,0.2603304077431957,0.2236416071705176
686,2.1009871898131114,-1.7592870200405772,0.4193418724616252,-0.7985203921840281,-1.907221999688803,-0.2017743762991585,-1.4571726984209563,-0.1614278980328168,0.0347692480944567,1.1185414093359494,0.6944910631823306,1.2126267736234069,0.1507672607576368,0.2603738276442393
687,-1.5075851347639375,0.9084451656457724,0.098080450279794,1.0288491536095945,-0.4317511750311277,-1.3322445867634454,-1.2174993262158662,-1.291807453667116,0.4778141529206551,1.4769220222146997,0.4576401418271822,0.8634382595809851,0.0512939076891815,0.2351713958393654
688,-0.5649515266552204,0.6291352982577835,-1.5234420581356198,0.180321249177299,0.6685626163371267,-1.4481247752768684,-0.2038834689798545,0.7159171404855652,-2.933770647229477,1.3354530617017426,1.0038945326653554,1.3402127865505162,0.2684987510233053,0.4365977751254923
689,0.3536793758910481,0.7167276477173428,-0.4127192791947643,-1.7227224815653557,0.5340629563169517,-0.082590325416512,0.0321154554323206,1.0876069851989536,0.762063873862598,1.9212374170896127,0.480307819200311,0.9535418921884382,0.1022179398757803,0.1127146283570174
690,0.1538542288734989,-0.6912124377911172,-0.1884168469087262,0.4156633725386062,1.0158565189929774,-1.4670339514387187,0.0085376151791689,1.6095416570383692,-0.2402088710025202,0.9310118548691044,0.8494705653775033,1.2383435031403645,0.1795345762952139,0.3502962255898208
691,0.4931175272160051,0.95586060652498,-0.8097605415999324,-0.8054016700655807,0.020271892122288,-1.5322217872403114,-0.2697406066116577,0.252876657515667,1.7846356069497724,0.4027181892698216,0.6872503901046961,1.312790899325357,0.2077246832797625,0.2831723705060913
692,0.6252284708731023,1.1644758470500058,-0.9646575888950566,-0.1650826623709857,2.4254125918038927,-0.0791222223845087,1.1164307487822072,0.9637378771731072,-1.4781137143876892,0.3104792770059333,0.7980126364631689,1.1892735234189058,0.2610141448208858,0.2461660436264493
693,0.1467474722052256,0.3299587878404347,-0.75411247979106,-1.116919511912159,-0.4760100000208513,-0.0977949970842028,1.184984447600316,1.817310819725607,1.3965978462231778,0.8601852107818442,0.4237480760853401,1.103630289207248,0.070223253240807,0.2450266538665796
694,-1.0043402622995898,-0.4088961749894955,0.2099260524129978,-0.632439038076175,0.5772056525279509,0.7204861082542877,0.5362900625654685,1.025134604557581,-0.904591213713074,0.9328287040921978,0.669943598300871,0.9598204973058366,0.1340681163287652,0.142315385933007
695,-0.6956454501201963,-0.9409359526428854,0.5321161341863817,1.215873562198981,0.4880134863760098,0.0208040237725442,0.310153826101507,0.1364269180672801,-1.125950896135394,-1.2426201449449152,0.8754733298067809,1.2199423985986766,0.2236519141080107,0.2677213963982302
696,-0.0788258794734547,0.0798568357693037,0.011332378367734,0.6761016136499133,-0.2154767161643399,0.562979181904856,-0.1445867673264478,1.823358962036466,0.0807137267264466,2.340722611525677,0.3338916584432827,1.0503252064749504,-0.0031701576239727,0.1841324753878732
697,0.3520115910908643,-0.2136771705882156,-0.8994479762596744,-1.4428885740576936,-0.9914422843961568,-0.8796063091639899,0.3948200204121767,-0.5261653710601875,0.1869270525544976,1.281978362376686,0.894118186641997,1.2191897735873036,0.2974171322394907,0.3512554576290886
698,-0.0878083516348536,2.079156698466804,-1.1758109803391978,-0.1505835483749278,-0.5393129236109787,0.936506606057008,-2.239791630366121,-1.4431152891778112,-0.1073468224509627,1.5513777210094932,0.4346101611674423,1.002731337985144,0.0976314648727782,0.1208911618326936
699,0.2258418340373073,-1.3515474542642338,-1.1971665926902302,1.6729897028449527,-0.6211347987962408,-0.942963372449764,1.4773725606308603,1.0110970055869908,1.274059643266796,-0.9500418802658166,0.7059601083515648,1.143923909302014,0.0981889748572031,0.3023746734125821
700,-1.5251056410143606,0.1331664893627056,0.3351261330736639,0.3646018037048318,1.478183935639002,-1.7337670900082482,0.8596950512977658,-1.0966250441473178,0.8557353208608411,-0.4749567045213774,0.775092815534696,1.0327106098688426,0.2202106432638666,0.3357936372345479
701,-0.8139717958905116,-0.6099027069492022,-1.4456102007765623,0.0404289398334671,-0.7726733906604571,0.7862982309002783,0.6400560810329173,1.6881570529027907,0.3663274835410772,0.5206777670800737,0.5227034478864889,0.967593182479103,0.1295721075875927,0.2340110180238345
702,1.4000998118278138,-0.6276626960266963,-1.4882582128230326,0.2000940591283936,-1.422633469214404,2.45393867292539,1.4554982920789432,2.1639763333015805,0.0624469766631292,0.5505735937015979,0.8307403569719689,1.1175387749565238,0.213830038275559,0.3597740325412739
703,-0.459475431952644,0.882924805586752,-1.215543212051057,-2.543093189474779,-0.7907106194885667,-1.4554734756173158,1.4779267361595356,1.815677455080316,-1.402929072413111,1.2917156075212397,0.440337094138827,1.209793933913243,0.0737184533007307,0.2016203506670068
704,0.9513849835007704,-1.5697766847188763,-0.3902675309316181,-0.5801637221245197,0.7479953986272,-1.2287793509050138,-0.0988726256594824,-0.685934503949618,0.4733411833851433,-0.2167920316879292,0.4327514403993663,1.0223270835920262,0.0128889153682362,0.1726979100591639
705,-0.5352457039403952,-0.2132965756320779,2.036042832840112,-0.4168996361193892,-1.041005218283787,0.5834335691559652,-0.1435246694229566,-1.4152339308664723,2.231496335202466,-0.3524789455866479,1.0361818199477149,1.513533834789229,0.3497223687754454,0.4323003093557276
706,-0.3778694539613512,0.1598353519080974,1.7301167692088393,-1.6797453265189957,0.2759858494205397,2.0872721617936274,0.1287286807396483,-1.2353339793034797,-0.6183968529606526,0.2068825297567905,0.5628340639141108,1.404206965292788,0.2147639970310434,0.26117504297535
707,1.330803915639862,-0.3393358444160607,0.8266517974324317,-1.4353688270468892,-1.4437183695950546,-0.4828006886849496,1.438028721873262,0.0688746395137692,0.2898111955666193,0.2780795955735272,1.223569187848641,1.5176189822502693,0.2666575641524218,0.4098958333671038
708,1.1092079825867307,-0.6102206925378539,0.6882851084882323,-0.8308826638551301,1.9832726559207603,-0.8003911042966898,-0.8823893030786208,0.5496698134880496,0.0797884314323238,0.3268524062609343,0.4392527712379692,0.9595638007309976,0.0656860432122457,0.1283664355130173
709,0.227313795492318,-1.0903921988074388,1.613358929079484,0.8935422058891094,1.358949951267116,-0.5283308891104243,0.4165235447151714,0.1973684622346911,1.1280026262015077,1.160248131829619,0.8145836470215384,1.2585299436516335,0.2257441798038186,0.3409962626317617
710,0.1930508029581148,-1.5179511318432517,1.779661887087689,0.5559874336901389,-0.6084370413911421,0.4065421382666949,-1.5110935484525234,1.055353067471044,-1.471211744279153,-0.2208344920370825,1.24865103150223,1.4467274501783096,0.3419831932215594,0.3321241230079033
711,0.2444544496055498,1.0388397119820936,0.106544676434374,0.6349628736125502,-0.0281669084495529,-0.0321859509442826,0.0854772503482973,-0.1890579208523746,-1.6865702430814355,-0.7683234936966282,0.709932861748752,1.1035799928576755,0.2540028029569655,0.3471394257070038
712,0.2447748411116984,-0.2491210034887189,-0.1558090821819066,-0.3233536694387154,-0.8635983927318178,-0.4930994609762938,-0.3068317443885947,0.0051431405418493,0.3933783444697123,-0.1805502908857391,0.8487305237044995,1.3071929865211798,0.1560358608794006,0.317429755993049
713,-1.0296552556924194,-1.3980820399187832,2.5974372073752243,-1.129815030264563,-0.5186250012643829,0.5170003025139351,0.3608606095656809,0.5208656925615726,-0.4427170695321754,0.2385580706395472,0.7874825571616836,1.2846882103884911,0.1942387883723901,0.2807528555794959
714,0.0613436642408636,-0.3121313675412872,0.2454097417713399,1.0553655467507066,-0.0222002234353247,-0.0155471536435745,1.0681610348759842,0.9613603598188132,1.5839364409634833,-1.7562302344795768,0.854090851856099,1.2876169167191232,0.1665827402576599,0.2969462164323811
715,0.9051191831693894,0.6015800454021792,-0.8856523977532653,0.2515879179988448,1.0511217477579984,-0.8291589224854,0.4425624290228071,0.8713536757310174,-1.071019562531488,-0.142285692445148,1.041233904953752,1.250193898250706,0.3100229815706864,0.4304452678127316
716,0.3009683766424111,-0.7961315055429548,-0.8791531990935461,-0.1350446018627742,0.801639716903692,0.6437340011921098,-0.8614127291863422,0.6521678851156861,-0.8359397761665085,-1.6101697979934344,1.2393100213630088,1.305043828224563,0.2824575284961763,0.2890826119974459
717,-0.3671435710472313,1.1229693715857356,0.6559605521413735,-0.0015718073731942,-0.4167054835910575,-0.3897621361164312,0.1087849058607961,-1.0684374858458288,-0.3481073452012972,-0.2155694613597688,1.4054551661481276,1.3913945417881914,0.3627701804729948,0.4472934821842073
718,-1.3510744584514975,-0.8384482508975749,0.4105067914863815,0.0095118399409942,-0.308761791193383,-0.9114274375379638,1.576849825589217,-0.8379792146793185,0.2515928072617374,-0.4878690880737953,0.4099409647463938,0.8867215048732255,0.1175185108193169,0.1577837981408464
719,0.0362792926383351,0.4576097419403723,-1.370256589207886,-0.006616244153488,1.1907286489798454,1.761501893492003,-0.130013973255131,0.0416812072169087,2.211333028601533,1.1349242815991982,1.215372696323731,1.4517172409193082,0.2109420792767183,0.2884765990437771
720,-0.6172845692552189,-0.6189834508861229,0.9565494617872686,-1.0110371300457306,1.087726751338853,0.3342999637510083,0.5177207640270725,-0.2567338034800533,-0.6298248042464099,1.4619928308683203,1.2340026372741897,1.4438442253669377,0.2723455091542934,0.4347931919546893
721,-0.2467372805534749,-0.4109350765738617,-0.0801370678798091,0.1930221327179428,-1.0308251267194486,-0.5648714942069116,-0.6180320739060579,0.8452803046068483,-0.8859625679998893,-1.7557678577580538,0.6173442276632445,0.9727455278638192,0.0829700646545069,0.2250071516556942
722,-1.967094562906154,-1.4703801346757173,1.3615382028481111,0.0162065994840516,0.5012490868072027,0.5364877271213292,0.0561839183923203,-0.0747812966513082,1.0445264298181407,0.1459959143126399,0.3643064430300424,1.0223153054747698,0.1275942985911077,0.2340115104208814
723,1.3990974792634143,0.6208299452898662,-0.617796273481028,-0.4971340238699362,-0.7274648064542795,1.2175480219507155,-0.4050509529455527,-0.7984727967996325,0.31977804112682,-0.0971671063725031,0.9094870946246304,1.423864473019106,0.2560868373588266,0.4049943477204606
724,0.2945685125751638,1.8898139038938435,0.9130708059288596,0.0270105543019063,-1.4084233842060083,-0.4999624972086356,0.7110461025453031,-1.1710410396618165,2.140970296330354,0.0144165626355486,0.8480744579767985,1.3496710407445982,0.1752517259815963,0.2751213750845392
725,0.0488483932094848,-0.6666451929579779,0.4967377567757184,-1.158001806522232,2.164892589101457,1.3173513046520111,0.9842964451970456,-1.3904290057898094,0.2054132704577508,1.2090863980140043,1.372450802831812,1.5296576938530304,0.3633825755593987,0.4144364001504918
726,0.5931053993577392,-1.002109104633775,-0.6500937553086553,-0.4519361380059906,-0.6034378344886075,1.5287788357103074,-1.921013138823256,0.6559191396588365,-1.2923033749284512,-0.9612514874510678,0.3842883381286729,0.8666871645222194,0.0224243875470535,0.2331025917379236
727,-2.0097333668687174,-0.5490544311588659,1.5107316515392135,0.264824242464778,-1.198361546999097,1.0171476743793124,1.2313042635686855,0.1040464810390855,2.0347491581525903,0.8215641246246144,1.3782895234630512,1.684936214138638,0.342155266616162,0.4581419288767493
728,0.6826525072925881,-0.8033787071662901,0.6273984856213408,0.2167912776044933,0.5198290026710267,-0.6845856191413306,0.1280988843589866,-0.8168615002149581,-2.147132099966032,0.9983045685783836,0.4419983667346315,0.8843584183256143,0.1425039666208776,0.22088403761197
729,-1.5023889816895173,0.107186464782416,0.3330021294490398,0.3265630158630548,-0.2830790735982502,0.2712114752799734,0.4709670697851621,0.7349648157519848,1.733441339384263,0.2341941514982053,0.5107444374340893,1.038737148063299,0.1161592741229103,0.2641908429926781
730,0.0640488450177018,-0.906728965350094,0.435946323899337,0.6673831031405686,-0.1923031842816272,0.5446125041840371,-0.2925161935493418,0.6709926520889239,0.9126023140297436,0.8986278667304854,0.6294985584816956,1.0544220352340348,0.1422901436281464,0.2257031276212388
731,0.1178443261413006,-1.0399681516170514,-0.6119130526418207,0.5951573238847284,2.448812305740227,-0.3407207715320818,0.45583767838814,-0.5560525574794034,-0.9739670442491009,-0.6763158635773625,1.1308245401948072,1.575656467491314,0.2302752465570369,0.4526945776147942
732,-2.082471976702672,1.3534350629077507,-2.2301302529146136,-0.2638282304006328,-1.1781278953500545,-0.8843802153622045,1.376522659738668,0.201066990031392,-0.9653961591817004,-0.5895171324965108,0.6805477060233965,1.2285803286794732,0.157742302078692,0.3276694491537213
733,-0.7654812204420857,-0.0435456720788806,0.1728916847876924,1.89557477322856,-1.916300765997707,-0.0348123147579524,-0.3155676925345221,0.9465485277167824,0.3548181181783934,0.5903622081149456,0.7966074774072092,1.0405244041836668,0.2210349815509239,0.2711039611583644
734,0.3450861860150825,-0.9319911252835396,1.211265496493013,0.7985049046156689,0.915529791724743,1.2640501705071647,0.4176751006519598,1.4809924041174929,0.3776395717866411,-0.2190585880246086,0.888114672081337,1.2001325688734408,0.2197710492694019,0.2521215522492394
735,-0.0066039104833647,-0.0238437681361164,-0.519391322090543,1.6318888483702207,0.2962953655036676,0.0947384758329066,0.3882742549264336,2.979854516737147,-1.1317241885996594,-0.8450385117162756,1.1116001652858958,1.4541361363898917,0.3428351240121278,0.4838688543902745
736,-1.3805710174469965,-0.232599238435486,0.2455184433273603,-0.4653225183410773,-0.53972679815177,0.1424048666281323,-0.5021078248296975,0.3101758271828381,1.1142343467426044,0.6770304698008064,0.7194828248257124,1.307684814465768,0.0915161291137149,0.2402905299453855
737,0.8810133471652023,1.0859184115067195,0.2828281601187029,-0.1586410260431011,-0.7722530708831956,-0.391178163635721,-0.5236855326768944,0.7316723266209116,0.3467825545941961,0.6967578627143014,1.0561832315719837,1.3647491310559277,0.2208205805106209,0.4206499456068899
738,-1.1603368561001517,1.431749484241079,-0.4269803715067624,-1.1000166420746629,-0.4392177648218127,2.483765992587508,-0.3877168664915675,-0.3250964714709254,-0.1921046806296761,-0.1486203834314553,0.7785932302272139,1.237940539760511,0.2345236343060756,0.3132808496586267
739,-0.7814760658012543,0.1432130832061304,1.0755949081983305,0.3142893154787071,-1.1111652988999856,-0.3443459049337084,-0.5515274001016297,0.0529394682348011,1.330451671562317,-0.148882796020883,0.8657763176150374,1.193046771375773,0.1406503305847127,0.3528907090410398
740,-0.0881548688703907,1.7776448188194294,0.8762059916716602,0.5740812821065351,1.958131615301776,0.4898112547940131,-1.9865271419775223,0.8326657578803607,-1.59200845711865,0.4520053685824477,0.7410887867218874,1.1064403701237573,0.1911041062097801,0.2543594540351743
741,-1.71374357412924,-0.4668554103999194,-0.3637845296098712,-0.7701191072317533,-0.3488519971912,1.0325617203605524,-0.7139529121595534,0.5451408795105409,-0.9656496396073002,-0.1894995763921291,0.7582569618010568,1.2344053921563467,0.2174170869623063,0.2551084966787185
742,0.3238392663274503,-0.9965284166185596,-1.31172043291069,0.4918781505788882,1.1230803993406389,-0.0790650194873722,-0.4573129065567042,0.1556753876883868,0.0554799187653804,0.2429025407112514,1.1268441940576883,1.6074333004770245,0.324820005886697,0.5037532519674272
743,-2.5282451003137143,-1.0691042911659632,-0.8452301054368538,0.1508676285115625,0.1858778836222663,0.636180488684036,0.2575817492104368,-1.3007350703873355,1.4470046175850602,1.2719183034223662,0.9180128173741527,1.3144293068559938,0.1306065724772099,0.3381930175816711
744,-1.2581972900269258,0.3327052943741829,-0.5954243852430158,0.1388639892005482,1.0533102796418703,2.130104266320959,0.7512777051426102,0.2949347351101359,-0.3398211683082972,0.1821348710111764,0.4946893198303089,0.944901819646175,0.1084007670266264,0.2472605767305742
745,1.3597718933283136,-0.0447087567595853,-0.8861126513476503,-1.6196898655166263,0.5130478674102508,0.2472881256277393,-0.6459081732622967,1.0260141257072977,-0.4217768643876304,-0.1346440918247952,1.2751247386506317,1.412152619865794,0.337122945679631,0.3681206228962018
746,-0.0166641332979435,-0.3509527421380881,0.2358650657495708,1.151515145933001,-1.1424818981184228,0.4885201384740087,0.172158669606441,0.1537638295447062,0.8718445698740908,0.0492974252171587,0.8216683118964286,1.1696649932522865,0.1890566874132187,0.3383121487520255
747,0.4802292619057029,0.7158646295711472,-0.5043652003806066,0.2991834608137983,-0.2507876072106319,-0.1326817797198955,-0.3220613964783319,0.4710804040968864,0.0816447090182537,0.3945440343166743,0.6959806280184102,1.3945195074276933,0.1089456965352752,0.2701166158372571
748,-0.0175173628957484,-1.604121012470325,0.0313684160997084,0.063537955156817,0.2425959371534602,-0.593729193685742,-1.195469716665512,0.624606644894278,-0.2736065565341689,0.1712440476849957,1.2555317834912612,1.558431416643531,0.2949762139714147,0.3971304648499229
749,-0.2814600798882956,-0.0060618257735948,-0.4492853479358082,-0.968083589153828,0.4737316607686571,-0.6031200882261201,0.1639514808948106,0.4104602219020778,-0.5868127156030817,-1.203885634372985,0.8410550085327617,1.176893052254232,0.2696590628967453,0.3419674557115801
750,2.426085613853053,-0.5277718759454261,0.6234171586011584,1.939463549570124,0.7899077468538932,-0.3004428088275515,-0.0671163875351113,-0.8326072197388483,0.8816964269577422,0.5662707080586883,0.5872824351005634,0.9033843276629584,0.0960305787797148,0.1849767025639648
751,-0.5144258182617432,-1.0421748070984445,-1.3212337376636916,0.9865140038042008,0.1203731289555607,0.2149845363327515,-0.8229486258623573,-1.463503103304406,0.9626135747116324,0.0420390369972307,1.0491597936465802,1.5360164183945766,0.2731177121110091,0.4327701914925119
752,0.9072346600576204,-0.3859331265155641,-0.2368178430368583,0.7132981766206321,0.7323480796505246,0.7975656226859541,-0.2952012531026962,0.6145472376508678,1.1090994654767188,-0.1047720116815343,0.6929808437105669,1.371904061284182,0.1551833670703969,0.3109651168600218
753,-0.5134883637740536,1.3427476033167658,-0.6544457335513071,0.629476497114477,-0.0584223105198613,-1.8415656164845604,1.1285940674785802,-2.757853629547368,-1.9841280667576089,0.5273300794806717,0.8791859310388068,1.1429359569799886,0.2426234321716475,0.2385408201099791
754,0.5270711986781154,-0.6375798578775357,0.1478220903032449,-2.531430045778005,0.7069754644705992,0.2497254870535969,-0.0456428533337954,0.020841482137772,0.4932541761930318,-0.0289015234978609,0.645211769918256,1.001414926496576,0.070179429601556,0.1850409113786283
755,-1.87405550273122,2.1963322345225227,1.2008008194284512,-1.284944661954828,-0.3451372304765904,-0.2360341901560408,1.0788495665089637,-2.159268935319768,-0.4990082644297892,-1.7606364433375037,1.321337890408908,1.441554470814956,0.2625321155288611,0.3889231701208131
756,-0.2850955158283383,-0.4725008930849044,0.0796940673827122,-0.6048743990091834,-0.7510233913905242,0.6196566917631479,0.4546727409425804,0.5513983427782422,-0.1769000904908426,-0.5717385822251894,0.6823037887230032,1.3820543907941816,0.1716802704392638,0.3415808393090201
757,-0.1188524820207707,0.5011620700684521,-2.1767797009718484,0.394111930370858,0.3091381873347979,0.0621509060857269,-0.1493134218716751,-2.5661193859324136,-0.4398532631004059,1.7894387110773733,0.8209470083647773,1.101546594951803,0.1997022645393635,0.3392001389655374
758,0.0129012955683056,-0.3072898386747181,0.0169061955901125,0.3547728686280085,0.6588202446894643,-0.2288801631579418,0.4249196023936837,1.6766508027613596,1.0062507994327152,2.3403002158569794,1.171760799737054,1.6193112945851027,0.3510757696390932,0.4459457427329165
759,-0.6567703583517164,1.6761895075020152,-0.7906736399225947,0.3535661467404633,0.7324765292380994,-0.5107771919044725,0.0879642774742757,0.9104611024518412,-0.7102708983119079,1.669383459547647,1.1310514841590504,1.3920157552218513,0.2693206197318603,0.409812047033336
760,-1.384596624727349,1.939691442728384,1.001326134799592,-0.0897255763277786,-0.4026682112367314,-0.5070282627910236,-0.1357956402570148,-0.0484958615488262,1.2552262466345816,1.968654100384584,0.5545786713532356,0.7828428595239553,0.0995943399194125,0.2079044612661592
761,0.1993799206540077,-0.8456284879894043,-0.545726040636194,-0.1830907846112844,-1.0301221052967755,-1.1789414021073787,2.097127212373027,0.302613525946254,-0.8331331336803468,0.8166035703577127,0.7722455743684449,1.3291273839015878,0.2210890037125435,0.3655095954040448
762,-1.1783461248068456,-1.0960120478710536,-0.8030424010642451,1.6545132808650334,-0.2528800657783739,-2.4417069869024868,1.2100659331755932,-0.3063813641623574,-1.8494080058784057,-0.3166834879634098,0.4784039479649767,1.0937477492506924,0.1817533197263759,0.265584672463633
763,0.5210038966049031,0.4040491665329693,1.7984149791648192,-0.8527678625699305,0.0467201202649723,-0.6995692785784219,-1.542192894187223,0.8855273723059548,0.4632695691475201,0.2836784496988527,1.03617876098569,1.4746323922457618,0.2827417647275101,0.4244627267538164
764,0.4267901932586445,-0.6854728526884201,-1.0056950873181931,0.0376473721693602,1.161211402411614,1.608077135453547,0.7954327068074329,0.0291744267680959,0.269783929399936,0.0115938593253714,0.5686353555014533,0.9161107325974264,0.1033919256958468,0.0990036333921931
765,-1.0259433396994282,0.0246473782105429,-1.3348268175884932,-0.1240772261030395,1.6361051105963191,0.8228592227833518,-0.9231191842365296,-0.0724290696422832,-0.8343763117547379,-0.06251376817721,0.9441945005801892,1.1487625759323306,0.2027931969922248,0.2845175143005969
766,1.041107816524563,0.6530079383099038,2.484144080745336,1.1924774025075715,0.2040003810776914,0.6771499741332931,-0.2024431741833357,-1.1275042470864962,1.3057765782875206,1.008991476931648,1.371904136252012,1.216249355860262,0.2991694828837045,0.3947090621251151
767,-0.2410542145939642,0.2739357369313382,1.2409391873848064,0.8463514262060201,-1.4631012512496988,0.2436200214898242,-0.167631525488364,1.1130006991386807,1.0310427387826613,1.318607828178045,1.1319545418612476,1.6726226545635632,0.2556335270572114,0.4385898088617831
768,-1.1178943387202076,-0.7841115340562388,1.114082436135439,-0.5916458153424456,-1.5214329809143077,0.5325964876140653,-0.5472184402659728,1.7897907703084006,0.2961845539884635,0.1602592866416655,0.8356252788706084,1.3261519252535516,0.1666405457611247,0.263351555043812
769,-0.369243891615757,1.5908353339269714,0.3585544598898209,-0.4084995181562064,-0.7940837066054469,-0.0734730545642178,-0.9776468371548056,1.028877441678944,-1.808342054024234,-0.1395140283330708,1.3644104861216098,1.542532130833011,0.222753132666162,0.3730347492768365
770,0.6101335450879344,0.3421194201096571,-0.7172829730156689,0.6602587067065492,-0.8860393883859076,-0.02238465649681,0.6518415719803556,0.4629127794931132,-0.675039011419468,1.1974945165643631,0.5386382653848061,1.0837764221546589,0.0660384673403522,0.0542872005091529
771,0.086694571485534,0.7429954109391514,1.529101006673247,1.117520548774607,1.120129406331044,0.1926799298494722,0.7939351209105097,0.213596574564316,-1.2093244677784134,0.3027437925050423,1.278483477860555,1.3779679310056023,0.1991330600938794,0.258383703750793
772,0.2563609837384655,0.5837293615218192,-0.1279969752133951,-0.7614555567638507,0.6565060831752271,-1.313272287252248,1.4588191358564693,-0.2314180612049924,0.2455281720561682,0.558558153281572,0.5813980860197742,1.0128617450404966,0.0887171809643874,0.2694512181481381
773,0.5906880448441909,-1.4089842999517348,0.8240865805442636,0.3031538283762733,-0.6352613845586089,-0.7496669509459138,-0.3340530820568455,-1.298741686610492,1.7222673909870256,1.4861513251433442,0.8637324683023073,1.3616300042721916,0.1303632263916501,0.2982724688023018
774,0.4517002009759392,-0.2233984163420908,-0.1971079879373953,0.7580657061739681,1.7578268995019506,-0.5703967395967432,-1.1175860426233242,1.547640773595271,-1.7871385875844514,-1.0085308082526463,0.9574929937577978,1.4770617668144532,0.2875692073116661,0.4313306818631535
775,-0.2468578925108528,-1.5604334678050311,1.1121490628065982,0.8569052705051,-0.5747932272153171,1.2796141191777477,1.4492924284038262,-0.1131706482900635,-0.4506681775680075,2.259602027742478,0.5045563881141898,1.0623407138279917,0.1351720066569447,0.3077464338691571
776,0.721161822084155,0.2563246529688533,1.3635459466396125,0.3019306350030213,-0.5056205859191885,0.0801597604875534,1.038654287319735,-1.9921855663492136,-0.288030739439221,1.383057398581605,0.4684703344713876,0.9058977299333622,0.1123041807658204,0.1598859986430228
777,-0.5118684010935176,1.5461085604314098,1.4147438193598127,-0.0655291154889513,-0.5685393048890007,-0.2873588741496345,2.6646144920014345,1.874424446933244,0.1253909718067383,-0.6081535516204094,1.4222941152654802,1.4716781961054768,0.2717211816063005,0.3764342139424441
778,0.1170410355812631,0.2438269266167647,-1.243358737609354,0.0800412692152601,1.32240432481173,-1.7993566812164734,0.8265839651372482,1.3747979700547797,-0.5605573450943682,1.6941757581910564,1.307762613520746,1.4842253016768514,0.2679166589934809,0.4832675958811765
779,-0.6903370624483454,0.4410826618604037,-0.3067726846636304,-0.3069963571626035,-0.6172990697580455,0.6985754808620198,0.8488054577314491,-0.0644221995771886,-1.3599682136722742,0.4031701666343897,0.714383015933825,1.2035566074032993,0.2326153075805115,0.2184332444791463
780,0.4220143594106939,-0.2167150113864274,1.8672312871808088,-1.563929264900654,-2.217283710253568,-0.7308348996976709,0.7104245340914495,-1.0558446374338408,-0.9809709185260752,0.9510213361781548,0.8480260501405925,1.094489232451955,0.2411391390417001,0.2518674494040511
781,0.4625479227977496,0.3770609096283998,0.7814289194655282,-0.4251929532728843,-0.3789840740581913,0.809779272561425,-1.3448867807811995,-2.1427198463985464,-0.4332841736278544,0.9308732890656916,0.8692769031848862,1.3105833066294712,0.2430718262816402,0.3125658324119051
782,0.2555596989868032,0.8572915041230154,-2.016294310423165,0.3154968083234917,0.6538645046423779,-1.3507974226106847,0.8620575905465448,-0.1115188965057928,3.071336701606002,-2.177236068896736,0.47686990570703,0.9423580423665155,0.1735517345408552,0.1650252389916178
783,1.3691143676747508,-0.3941580965260737,-1.6171517144400436,-0.526955143564992,0.2774792413374659,1.0374666695650432,1.7219642881321755,1.4218930887043426,-0.9653820207044944,1.1301646922661168,0.6962933926430004,1.266536893503283,0.1601931598406752,0.2524968251266936
784,0.3912849571208737,-0.6546030209289879,-0.211910593477481,-0.7098426594447239,0.0370923419364558,-0.7296578822941202,-1.027994073217439,0.479119127782772,0.6287305482596371,-0.1875970000916119,0.3556395737830234,0.9517090160539482,0.0958642488051753,0.2121545863830349
785,1.3676513039359723,-0.2604305864951131,-0.3027745451255383,0.6604889823456973,-0.1324255849433367,0.0847977290261434,-2.520438470619065,0.0167073847379748,-1.82719593747126,-1.2209505709988706,1.3426959366449225,1.5526897923665794,0.290456389022341,0.390090216181014
786,-1.335322538755505,-1.042583153533826,-0.548853859632253,-0.4864926155454853,0.6642752042571255,0.222387814134697,-1.9010744288179855,0.0832946375468077,0.3182552465834273,-0.3285665162529581,0.8510157468915184,1.327257016292857,0.20631570997416,0.2765434572894795
787,-0.0608859769067025,0.1903101253970567,0.7645995976355802,-1.5748799874627346,-0.244317038639649,1.508336098057729,1.4166613082979562,0.85093692777578,0.536824683955676,1.6546347484020885,0.7007133998914454,1.0554794735587774,0.2333134836021761,0.3288989261819778
788,1.9178480016066657,-0.1290799880468524,-0.96943244328832,-0.2702923176244952,3.0966955137720533,-1.5693563427251942,-0.4705391395294173,-1.412691152492631,0.1247638628773853,-1.2026910288948676,0.8577363525106662,1.1871340553647944,0.2703467372945876,0.2757940752707591
789,-0.1087510228336178,-1.950095160018759,0.6176206650846504,1.2223452564679749,-0.383943622063459,-0.135130007075702,-0.1634072307313122,0.1809106752250252,-0.0381695869664282,0.768116952430694,1.3432903855810807,1.4961257105010457,0.2695824617660331,0.4296265153658881
790,1.2330391334509456,-0.8140712224921829,-0.3093284927742968,0.9016194489247448,-1.4216690480590324,-1.97072128184557,0.2263159528984785,0.4963464110704922,-0.7223001879535923,-0.5786510541204551,0.5409636118683994,1.0356972759266927,0.1040639211028099,0.1981053459141584
791,-0.7601923217408988,-0.8669252393444344,0.6934958206046,-1.1804984869976387,-0.2655228614333487,-0.9053361675148524,-1.4552889759012155,0.8701781747467708,-0.5198252221735389,0.1884400804207568,1.038837199287044,1.3184256645196173,0.2361413447492756,0.3055899579101694
792,-1.50807587980101,-0.7419394537564759,0.7560878806950055,2.58727145584531,-1.976216064390312,-0.2011077952894263,0.4122805981435,-0.6161001532392837,0.849521986994124,-0.8667326706603131,0.9007157200596669,1.2517994776391452,0.2013102376387018,0.2848217837367042
793,0.1538476602166413,-0.5220719044983598,1.2194310829547723,-0.6763645030356056,-0.3518737962865159,0.9456890374971552,-1.0280386590928636,0.0687500567635722,-1.8225343436866015,-1.0879334586290748,0.7919082662337312,0.8829574264121944,0.2105300419648821,0.275576195994482
794,0.3821312758908035,-0.9906975095362324,-0.5445729318237916,0.4930864020479377,-0.5791861411469302,0.8228420732163579,0.2156627874860643,0.435683111924503,1.2409655987385322,0.3198230626140657,0.6592669998282884,1.0019344070811755,0.0405518290232519,0.1975059922935941
795,1.538847290469344,0.9112622830378236,-0.5234524298344567,1.2931480750212714,0.2638660209029452,-0.3946797086605034,0.2783856953208826,1.1123268243902629,0.4550450942422218,1.8223928325513976,1.0430818372406243,1.5473407415712466,0.3145473682169742,0.4478919815554134
796,1.0865305578988218,0.5231600334021624,-1.0260680827411577,-0.1797325140101208,0.0716641397508513,0.696631501217747,0.6373330412721927,0.1695404102182861,0.1203499153771711,0.7204568950760697,1.0813677312458152,1.5034008096228146,0.2317489102286682,0.4350747390962357
797,-0.8585862256299859,1.6955158192498565,-2.0471668851634712,1.4554094821720291,-0.045185528425162,1.002579814271594,0.3638404342926127,0.3460344109108019,0.554254476026521,0.8090542890877785,0.8518871180440123,1.249580502102757,0.200080951567847,0.3207386445394395
798,-0.32883082658724,1.0347991305262365,-1.0844706235787835,-0.0053305733261247,0.8359699242722769,0.9950175796158892,0.460788848261401,-0.3933924379557356,0.8967077783687035,-0.6693662391187534,0.9604339108308596,1.1714905742957986,0.2069322591855042,0.2456936850409295
799,1.751409073748911,-0.0846708974996642,-1.5396256942059603,-1.194683468016552,0.0436436368795875,0.1398252713260531,1.9696566849510957,-1.0384993376142264,0.0394621993039307,-1.059421407082057,1.06976085576025,1.5097813293093307,0.3551966773350953,0.3871859587874214
800,-0.4926548532134034,1.683972030069338,-1.1363362231559908,0.5870424240678338,0.3929073590143916,-0.0241714263582086,0.5194366231917376,-1.1600203819432886,1.6563225078035575,1.924845495123521,1.1646125206031814,1.4593114755495624,0.2732621664577838,0.4147485727854411
801,0.0471046977593133,2.423106130613554,-0.3990279315499204,0.4004319938562802,1.4318890637745134,-0.4590044602229095,-1.3815490588794384,-1.611717065618854,2.060826563902659,-0.5290246506387777,0.3502742354821355,1.1280939576666729,0.0667288850935269,0.236095174271907
802,-0.1857367634184986,-1.1127640783210544,0.9483392793291884,-0.7815598592245849,-0.4912630276613219,0.2995204194161605,-1.0640459272455725,-0.1785822695142253,1.4022095895032698,0.4282543975168632,0.6730001402606125,1.2668840130546215,0.2335972303907248,0.3192101036002948
803,0.1305422924283584,0.214864709463865,-0.3891350959765637,1.9961523197549256,-0.8121571305340674,0.2109261619639301,0.1150255663428071,1.0087625071331352,1.1031739387936397,-0.0320188044870708,0.7005571478200208,1.2249548189598076,0.1408471907632805,0.2873618372451907
804,0.2906664931130496,0.3285347539139482,-2.272141655570607,-1.5889896024777754,-0.6050636907219706,-0.5615986763768689,-1.1992824219641325,0.7495825713736299,0.0021184210174724,-0.2146945473868372,0.9029413100955328,1.2796701927070742,0.2007591471270216,0.2512596712038579
805,-1.2561552745073867,-0.0445448642447885,-2.626684755998612,-0.162956310805841,0.063183668807756,0.2419149843214985,-1.56410176347928,0.2248167366914747,-1.0414312698645425,-0.8124698322923339,1.296838156826129,1.5019381237698026,0.1839842200884788,0.4391314913158259
806,0.7179313858226648,2.014113723359744,0.05135875880268,-0.8170954586402323,0.1886704475099985,0.9390291574991456,0.6209975658727354,2.7431128724637457,-0.7153375690946667,0.252231479919298,1.196365074919546,1.6202451247983072,0.2452364740578597,0.2411648093402
807,1.5489179534182032,1.486159237018532,-1.9500779265243808,-0.0033576200399812,1.4845207658486996,2.890642990399137,0.7037958837508185,-0.3678632936964837,-1.00920315243739,2.2187433575308493,1.2418625787517776,1.5291563676681972,0.2154664186196773,0.3510750227066697
808,0.7287415864657592,-0.8480669268854175,-0.2031563663337811,0.310186516828704,0.5438066538881178,-0.89961865754579,-0.6141904181254927,-1.65293456237296,1.0397622896047818,-0.3416184667703161,1.0755217743719905,1.1694389385846196,0.2365479488188108,0.2674670086315808
809,0.4663216491832921,1.4222585085763269,0.2198701423739456,-0.112970475949068,0.1939214768839341,0.0631936038502268,1.2461649978779448,0.3108383975387898,-0.5444010195789126,1.0478490568897505,0.2909697101146843,0.9829741753204094,0.0867197719856947,0.1800060880665814
810,1.230484356358352,-1.3383306268204636,1.5327838847681057,0.3647117732084854,0.2832699501465984,1.0066246315965148,-0.5669763910042788,0.954164514190924,-0.3767754697378553,-1.4749506797103382,1.182803874674041,1.5264268271645636,0.2924941524373096,0.3367996916026318
811,-0.9977562791069342,0.5670218329032266,-0.9454683399946582,1.6100761231896492,1.1892834534396428,1.333439166032965,0.1247785796774119,0.2578616172949595,-1.1937118542442775,0.9957835101574904,1.272927718734291,1.3050628244677576,0.1974821271357899,0.4369590247350784
812,0.3798334550370854,0.5673056252922603,1.688311811452882,-0.60596298394751,-0.1261415498773181,0.3266709215421677,-0.9354354054587068,-0.1875988212768397,0.4929498104669693,-0.325421271372831,0.5507020272135357,0.9942604634925964,0.0302275747622463,0.1646044529662962
813,1.3089894097291122,-1.510924561816994,1.1227712402333418,0.6611854748160046,-0.5688285875565908,-0.924408568229998,-2.080282617242452,-0.795175012413834,1.0471766550029968,-0.0560857262786742,1.1605879878470244,1.3404106031425886,0.2630485670988383,0.432616516908834
814,1.1629808803918416,-0.619871070624552,0.7071061601065628,-0.7174986020844216,-0.9655750062098388,-0.1071272171706762,-0.6649665113199965,-1.5428221490372125,-0.1823147007169933,0.1064354164312888,1.4140958046433825,1.458056524734145,0.3378244177158049,0.3042969964706266
815,1.2683586114960674,0.93680567713306,1.2199431992328311,0.7203574983935084,0.3326127589499748,-1.2289449064718925,0.1498721979352745,0.5967937773308142,1.457437949370436,0.6862885417318136,0.8659451241113612,1.1196051585272515,0.2153672808353985,0.2876123790880145
816,1.2403834346054217,-1.031997891365239,-0.326417626148095,0.4293507136612708,1.1609526907425614,-0.1452286458389196,-0.0824459591491534,0.6871403060029787,-1.1258708271451243,1.607404549823429,0.9320414009783836,1.1125564351660082,0.2313803148780915,0.2860246268351733
817,-0.8791360931076848,-1.918589423559303,0.0100670085225806,1.698458702375565,0.5864531303336101,0.751090543003633,0.0413857623071142,-0.152377497271177,-1.5449093695931155,-2.259386257904186,0.7841694521990337,1.181614610684079,0.1577163447752943,0.2992950517046664
818,0.1962723384408632,1.312549194340226,0.3441337048280654,0.6235995270520134,1.5837175456395398,0.328766851441058,-0.1226551003076195,-0.818524805650065,2.022212562972086,0.5265477791536803,0.4937351777878178,1.0241240248406729,0.1042252572846431,0.2398997274806118
819,-0.9436017159193308,-1.1711676678012368,1.2530637269289129,-1.0374416964083255,1.853834157502221,-2.756462797090711,1.422595197789977,0.4868948111619643,0.118594423056874,-0.1754584350417629,0.8923508616047369,1.0949376678172198,0.2434386250295385,0.2406831786445072
820,1.8907298485940296,0.7070588584012034,-0.9032036088954514,-1.7189099560288814,0.1772972131473084,-0.0010711335374141,-1.5198680373755091,-0.0553935254823357,-0.5739346330742002,0.0092900683066945,1.28817838322066,1.5619738784702868,0.2044341554168747,0.4046489623264705
821,0.7259236116484019,1.4926099474640355,0.9088890363692872,-0.7214407498302056,0.3689151288291944,0.0631071214920239,-1.332128954630901,0.3982327846922724,1.856672337917714,0.032426604187004,0.4531503886639684,0.9241234742064623,0.1675426165349502,0.167316042968129
822,-1.5941826797254006,0.030268671108619,-1.2137121989732502,0.8636055068862878,0.5248649917251288,-0.1709100534747432,-0.3311642658558212,-0.2122343016155467,0.0082744943423203,-0.7722350213415422,0.719362307088195,1.2075694940005093,0.2342794873149208,0.2929175706994936
823,-1.387753081001437,1.138698946694648,-0.3854009764969582,0.1670431041691441,0.2852819511674943,0.3220204796552139,-1.1738179970984242,-1.6758401645518477,-0.5886925246919921,0.3957115324169533,0.9166370545669252,1.253097566196409,0.0910894340134284,0.2735266518246496
824,-0.727949867474313,-0.3549213536992336,2.1272974137495684,-1.845423884804536,-0.7550339959104986,1.8966040685739285,-0.0445986719952234,-0.7059851654989105,1.1687689170111202,0.0552304364811112,0.7438157900648301,1.247936095342942,0.0687591471812944,0.4274504854358861
825,-0.348308395044006,0.1923689270375111,-0.6581088093827662,-1.0174910628880784,-0.1135969276347483,-1.0109969600760071,0.0106933117964803,0.3544065674743389,0.8530604560516108,1.1279249855168274,1.2796539142341314,1.514887680391769,0.3590783858209573,0.5171827026406313
826,-0.4057365016322516,0.4994146079390693,0.4925234462063564,0.3278187158159839,-0.4794594109504584,-1.0280678124641107,0.5020018890665597,-1.70686256219305,-0.2678394325683111,-2.553631015648598,0.8870746644588403,1.294881309647162,0.2065345012232191,0.2929237123316526
827,-1.3364024233582634,-0.8771339384474245,1.0967242076292842,0.6881080244042689,-0.5539346838422423,0.7293697951297508,0.8876229633803967,-0.1606648483747215,-1.3843781442136902,-0.2079123100661142,0.75242045559951,1.1173888008285455,0.1656492950150251,0.2324722017828508
828,-0.0978924051721363,-1.232454390830226,0.3670467929299679,0.2798118543023553,0.4450426998941867,0.2789230971674434,0.729843035114983,-0.1793280278730315,0.2017851073709533,-0.397740284245532,1.1886192823972466,1.3315332422773614,0.3095458262071855,0.3981834695978829
829,-0.5844992156219503,1.3382496307620757,-2.0437687015264965,0.8767599891542641,-0.6205408754456606,-0.750038177643121,0.261577484065407,-1.4896096123510028,-0.816023071946203,-0.849139646512992,0.8146935298386688,1.1477868429980007,0.3538430185090252,0.3680057950090156
830,-0.2213982581850948,-0.8041376881606885,1.601118685639269,1.797016516497954,-2.021993522748063,0.5443227047657363,0.8586634390775747,0.5429852023911051,-0.6581134930916945,-0.2440955621585414,0.3755457499915277,1.0232868087426898,0.0695996928531338,0.1492760136646293
831,-0.7482746547776955,-0.4202640311588286,-1.209965028667176,-0.1147888216345503,-1.5028017113050698,-0.2001345542281376,-1.2485816890997643,0.2068163617914038,-0.6794195609428907,0.2905803478745374,0.6659927928876066,1.2432216690759257,0.1659309882465213,0.3483913012012602
832,1.081580728364782,1.589446936104708,-2.5280045890204903,-0.8341940938737827,-0.3030860771120139,0.460327818381483,-1.6503545041545291,-0.9820924068002156,0.1303572026571099,0.0848882415266671,0.5993782214530439,1.137391438521145,0.0573806616962948,0.2237682805346005
833,0.377618406420093,0.4436757268881162,0.3385944331158625,0.1936553166314926,0.0557397733263678,0.6647630897243626,-2.239322666564225,1.5443334869712346,-2.204482050880324,-1.079161816904492,0.5632454216642301,0.9525821824896036,0.0614114021303562,0.2804760332887986
834,-0.2267607966501447,0.6726128910898425,-2.9952668907996163,-0.0281243239418344,0.7923950394157345,0.994518116028477,-0.6973296584974588,-0.3008352869550322,-0.6161481288926278,-0.3926746535260844,0.8227495875732054,1.2635967750711738,0.1588961994086036,0.2390357766738903
835,-1.031826550728435,-0.889252162470918,0.434376922028368,0.1316153732727417,0.4915865075904735,0.2140143897008368,0.7043386011475956,0.8782139981549947,-1.741716619866104,-0.8543096504143626,0.743055022550789,1.1875978612610003,0.1467889996591325,0.2995077595674808
836,-0.2313759574900389,-0.022677525487341,-0.6700905738180335,0.9120236709883056,1.9799483682905985,0.186161955581734,0.0843410321982112,0.8494562551043311,-1.865839755203436,0.0284689404384104,0.9467242217897248,1.3879952577530128,0.3335455624138437,0.4301895260138947
837,0.9790358254675168,-0.6431539972011118,-1.2265605799019654,-0.1858056100997783,-0.0606854332019206,-0.9086522819154584,2.096161276050951,-0.4786963810079456,-1.1536593514265687,-0.0936213190706114,0.7608123234613134,1.0982235690923046,0.1486298224236994,0.2813365877029343
838,0.9078606377044912,0.0174142489982309,0.4855939200440023,-0.8715105943331573,1.4876884464035136,0.5617110279184433,1.0477015688776097,0.3651606324751693,0.8248840377287843,-0.8730525596772274,0.8644518491645292,1.2928245691344324,0.1751734132259015,0.2423253787007608
839,-0.4914104166895625,1.34648059555603,1.5597419472839638,-1.1470655997190768,0.2497360678638121,-0.4309438004852274,-0.6970314693648616,0.2848396953554499,1.140962932365408,0.4516624732841938,0.8267843637866333,1.117646502937415,0.1740873680569399,0.3662638045218518
840,-0.319512449919035,0.51486117993516,-0.359976173580901,0.4121143007306019,1.3964657004557333,-2.077159659300828,0.7972522985400334,-1.5390549215704683,1.2283277105444614,-0.6370256098728607,0.5827115428565768,1.0157974312251452,0.0364040499443638,0.2105698283735329
841,-1.217671377606484,0.6952692270887474,0.3641700631424107,-0.999186902961658,-1.2529997571683935,-0.1874814874912822,-1.2040869501711966,-1.0614729729236276,0.1156207904214335,-0.9658716342550968,0.9062657290787528,1.1624366334234464,0.2675557044993357,0.3646372644759103
842,0.4265392900265429,1.4901435958834768,-0.1485554149005823,0.1301510619855845,2.018096732835487,-1.1876011173773469,1.1912351951807418,1.070857597912482,0.8543173391737832,1.2917478507326312,0.6663732832143474,1.0305243126531354,0.1293695849903006,0.2707093644165545
843,0.2805749659586189,-0.5829294955992674,1.0945732912205677,1.132842211712895,1.1053139014932878,0.0445020823192364,-0.7161945136133265,0.1913622541116111,0.9422300175678358,1.0243517898599654,1.2671090905603464,1.4498765892209788,0.2775728581736069,0.411927747688687
844,-0.4296761270745949,0.31537289612739,-1.308778304485956,0.9849501030058512,-0.7833087567250635,0.7852553595715474,-1.1493045773901618,1.0314159064340078,0.3218351900227704,-0.7813576956169462,0.3709438578053781,0.9856741084635808,0.1548273559115127,0.0904373074417359
845,0.6913563810805253,-0.5903616918053307,0.7495550374451283,-0.2741114753807214,-1.7210471256296629,-0.982416240480937,-0.4304147086872844,1.368189023748578,0.9011436305292247,1.623861412322142,0.9534482101794516,1.312237421870316,0.1770117692084762,0.3271695413935904
846,1.6536352160298582,-0.534750804590915,-0.1884868597588294,-0.4112799243305384,-0.6715106053010765,-1.8414947093364584,-0.0147477180168424,-1.2855655937111106,-0.0341718815343273,2.115770809562985,0.5003147726906326,1.1229990368438685,0.149134157138497,0.1299964638408495
847,-0.5093450963307086,0.1947740056280672,0.9066483858092832,0.2802912919659069,0.2924841879422958,-0.36240243368808,-0.2318779750612326,-0.9600105221878282,0.8460450088894076,-1.741491656614096,1.2880893620196263,1.4794372146356751,0.304141628525905,0.3635914049515092
848,0.9710883383822022,-1.4036983847452424,0.9626072740766524,-0.3538175262121811,-1.2318686881330805,0.5792986450796365,0.9287675350757748,-0.4380786481035368,0.7206105486789331,-2.2850844946693503,0.9748137069120836,1.3040061819902575,0.1630114418013516,0.2332694696544883
849,-1.3205962897466004,1.292408930468729,-0.2236692741979161,-1.862213326448848,-0.6988661804419937,-0.9234004725250808,-0.1659617314729247,-0.3707509838076473,0.1789317289381608,-0.0694660516125747,0.7614327369022152,1.2434502646091306,0.2120102921973111,0.3626566412384122
850,1.3597392550370186,0.4245485997196691,0.457671611193586,1.1651571238945218,-0.3887687504295817,-1.2618774433584852,1.2069703246322492,0.1358417481081124,0.1393512078989284,-0.6333299215302364,0.5789919722180852,1.0969569025752908,0.1163427700305218,0.1305350634894505
851,-0.6168553331035774,0.8467223387708436,0.9846557981376104,0.7838234057466584,0.792961605445475,0.5690295372597589,0.1315227300781565,-0.1753796843209805,1.2103238499415532,-0.3737208704904336,1.1706452203279647,1.6060089739908665,0.2974238535737676,0.4251545184311873
852,0.3699792138807469,-0.8040129979542465,-0.6592990368504504,-0.2361545678572265,-0.8039383767271636,0.7978518254783004,-1.3480342515450294,0.0992296233810729,0.1325080968421812,-1.8107995783196809,0.4681251684753867,0.8970188151458155,0.0938327967976944,0.2154523721516327
853,-0.4410238205236087,0.2556995380481427,0.4287279932940681,-0.2043072086001658,0.6768882044807154,-0.1093162572360408,0.0136529120750567,0.2516538689865537,0.9269996287341687,-0.6757180024155319,1.1016468420807837,1.476428875514333,0.2530268379007008,0.4559622458782048
854,-0.4868218725182975,-0.6688964917292147,-0.3321977161419333,1.426234258079765,0.5727253193298222,-1.131089745168842,-0.6004469655886746,0.3727672242764021,-0.9065077809327704,-0.7253400408147569,0.4705544242411966,1.1452755545126183,0.1764373925270454,0.1959477017639128
855,1.3449596661741487,-0.6133756284731867,0.9546668160293869,1.2553231895309385,-0.7334620911689643,-0.8899625565571414,-0.2761320864811651,-1.088627720673625,0.1210338785027424,-0.2056519118533864,0.399155126745265,0.7914102122266663,0.0263981463486604,0.131308258755067
856,0.3605800158863015,1.3969434562328211,0.8174849807703192,0.4892397754123562,-1.966048412967918,0.4433759821023751,1.7226276607045492,-3.0105225163135167,0.6893825429756253,-0.1593585747564642,0.6378469627461505,1.0115824587226947,0.1194802262045994,0.0889789495532437
857,-0.8497950030229446,0.8011285839119535,1.7097059006073303,0.7752307288377537,-0.3711919512615264,-0.9434698244081564,0.1446276337895437,0.8731692923815881,-0.3870530262337276,-0.2903829916507967,0.6802033570782738,1.2887079776446286,0.2143387056191293,0.2926397360657201
858,2.8220002498383985,1.078651945959726,1.1501286783936322,-1.460285906058812,-0.7071886792934604,0.074681639454239,-1.0011375578851496,1.6003972988892945,1.410312306590645,-0.5335453373840537,0.8564842358600123,1.3635797806135814,0.1889478768231474,0.3034684901329034
859,1.7839186066074848,-0.0042520967199421,2.5893897173890488,0.1446861305250364,0.576192750328422,1.3999034411695583,1.2776333498078092,0.5107320661358935,-0.1411403194438358,0.5141326999931192,0.5192596918731305,1.2392109635273991,-0.0049678132209512,0.2341611507394404
860,-0.816184171876115,0.1521337188641158,-1.1093075324979949,-1.7808816400803014,0.050426764139443,1.2622778906716725,0.9258046415960592,-0.0819122957256082,1.7469896981754964,-0.5690613908465737,1.1827796626861404,1.556677172618418,0.2671313723002638,0.3975517484570775
861,-1.9178326617980237,-2.182101294200962,-1.181190940595717,0.8166247432622288,-0.6348026834673863,0.460958641857302,1.6462833835839772,-1.100096962577806,0.4784997317958898,0.5389630726557222,0.8711410579465495,1.511291020104384,0.2404018094701036,0.2575967200984745
862,-0.8607379884731032,1.3542109252450831,-0.2877070555494765,-0.3837529809130093,2.111613218417973,0.5227667423667182,0.925290549685498,1.3548929315218388,-0.6504739994592169,1.2498210970536792,0.7576240317977297,1.1546585891616146,0.1102178413684992,0.2834954904149281
863,-0.50189411499767,-0.5446233893382973,-0.2719999723081361,-0.6220648349449548,0.8221564326571629,0.2672106551450557,-0.4912244146171128,0.6745050331548218,-0.275182437386346,-0.3280703703646766,0.8732829081821746,1.0725767880923205,0.2524241325525296,0.3243887410542169
864,0.0486838849015436,0.4634603556662172,0.3898476493774196,-0.3632491822528304,0.8471112074394023,-0.222394151079656,-0.654984488608719,-1.4680216487673514,0.9831784809990212,0.0123900761940075,0.7265766678028962,1.1858470362662152,0.2799160903820517,0.3366773906752933
865,0.2108723585105147,1.0458029156995154,-0.477406231597816,-1.3743992484741283,0.0697807022152185,0.3079615520802954,-0.2628490661603728,1.473737578076169,-2.4861665677213565,1.120056637899783,0.8008783654898148,1.1762316683039016,0.203830453522583,0.2744118221028848
866,0.7911536503642258,0.4567707777004593,-3.335901549469096,1.2838887832702683,-1.0264341106358852,-0.5076919783833868,-0.1705926647900688,0.4074180346519753,0.6394280421925499,0.8928405543192964,0.2895250494280985,1.204217791053473,0.10776624995997,0.2199073632561268
867,0.8158535100785161,0.2529272042131258,0.4159226590575908,-1.0907537158222465,-0.7510268068190222,0.8954602236748322,0.8372094867286812,0.7237994164444209,-0.5144167616565275,0.9104921319436958,0.4942092250123091,0.9264883199275412,0.0907037759525614,0.1200302618902844
868,-1.161244452480358,1.077359809862273,-0.2608708012458902,1.6841704063406324,-1.521442092065485,1.7634040459185218,-0.3614643291634618,-0.3794792560117442,0.1948388189855969,-0.6970789128006968,1.5415629747079955,1.3765488001577604,0.248401685807641,0.37798703978068
869,-0.0723290013023068,-0.7376262652708545,-0.701063530979187,0.4868859503005718,-0.901565495303516,-0.7681942350054822,-1.372791249746409,-0.5039306799613394,1.311602029723922,-0.8459336401029685,1.3932113587278565,1.5014508999262657,0.2381932101984768,0.462716918037867
870,-0.7316332651872413,0.1939219464815355,-0.3707964337995265,2.22815443334965,-0.1625279646762567,0.3352183462173717,0.943768784799322,0.9245778658628506,0.2332875815573793,-0.1611274866860012,0.8731000626785482,1.253843495721645,0.235786712058542,0.4197180950291225
871,2.024028536379257,-0.0997602753142666,-0.4416901044284806,-0.6458489882940185,-1.726803202706756,0.8216157522371632,-2.3480683971008265,-0.0057228409049207,-0.204860634271385,2.239965192231448,0.7185094895036113,0.9313284656996704,0.1811942496405576,0.219158409487945
872,-1.8316512287136264,-0.901103286984357,-0.1360964586816493,-0.1975293374691683,-0.5495445908100448,-0.0809879094021674,-1.2595627288697413,0.357192878994939,-2.3214853420775783,-0.025769355877257,0.849909581613775,1.0307729168356672,0.1914807117305902,0.2593588204831717
873,-0.6003566942635733,1.0162879427566356,1.7553110706333046,-0.3310521687503577,1.390725929141431,-0.3161162806304107,-0.96612652312909,1.7459036321856196,0.5207764447340067,0.0044385226098143,0.8828058814893309,1.3071080500402803,0.0962756824491844,0.2988982567997865
874,0.6871774750986485,0.2742150351301673,-0.069219407941518,-1.3264348273079964,-0.2705367371612667,0.6232554234584727,-0.1227714256868105,0.902325761130386,0.3836550238667889,-0.8781363180854069,0.6121861504794253,0.9813321037686557,0.1364531822501182,0.2175582733813542
875,-1.3191719578321237,-0.157178499930168,-0.5242284481045876,0.3363218096216861,-0.7181376587627298,-0.6153923257548771,1.0530697175949124,0.1482029686278978,-0.7027270654272929,0.0176418087350196,0.5341660231952626,0.9728685021931702,0.0391709597932145,0.1439234926287486
876,1.3789112430016826,0.2937866882747226,0.5929508094251296,-0.7522345365274425,1.0264193771346004,2.3181022604638017,-0.7914676425128536,-1.1818939743719894,0.1755422438351482,0.8755050498444104,1.3064028771682976,1.5019458255518885,0.2930743877696387,0.3788054978838824
877,-0.0913896720502613,-1.0532063960426628,-0.1085841617803899,0.5980922727774546,-0.4070318269460593,0.6072550177549216,1.16471078523991,0.2402306257704476,-0.0279477712782926,0.8293439252262819,0.7694811154519249,1.304691179448814,0.1832377959065986,0.2329467643349215
878,-0.8561008274372305,-0.9547098336929226,-0.2665722849289853,-0.4918794548144672,-0.8033419752904754,1.8304684749987743,2.1719932094942918,-0.3537050422555822,0.0917189497483654,-0.1878428200637909,0.5743651775540173,0.9795123336135284,0.1015697932766388,0.2803789153199755
879,1.1074992401181565,1.305645561840047,-1.777263798689647,0.4760108000656256,-1.3068213411611485,1.7582721578752782,0.440248030210398,-0.8233495383626361,-0.2413213879378531,-0.2889772582661584,0.4979439442649492,1.0289183673118725,0.0410538254350837,0.189016527382452
880,0.5251129428858157,1.0419126041774782,-1.14820729197171,1.8387545009121136,1.6056901078208434,-0.8753235675910453,0.0728017943623093,1.710808544114316,1.232918586677483,-0.3367430300478956,0.5609526045208602,0.8444626266158758,0.1100422546557854,0.2050395536322403
881,0.8143398145678733,2.9971982917191387,0.1051599818512121,-0.6326482514400192,0.1724198520913992,0.2465520954973179,-0.5245367390000981,0.4416250678142169,-1.2544010597275013,-0.6655338670086792,0.804128745558744,1.3037158898658243,0.216721925742426,0.3739035949178222
882,0.7582447761547977,-1.7548708515422513,0.9031675919947764,-2.011981365705703,-1.731324578876315,-0.4989787430558854,0.2868638428193504,1.3252636031273886,0.0576227631595955,-0.2465536075759898,0.4006410484405964,1.0135924567218348,0.1042233393194973,0.146537275312246
883,0.5795812479848041,-0.8708988204679343,0.1394151593464063,-1.19944625795536,0.0825905168754131,-0.1298363258494033,-0.8042679214494173,0.1650406365377391,0.1585496531596428,1.1754540123391348,0.5956295002091346,1.2324673305852818,0.0991496962758084,0.2252510544136883
884,-1.6056334030627877,-0.0760489076970426,-0.7602623997034793,0.8697620581762918,0.7539120651921329,0.507879845068621,-0.7038332580694631,0.8854705829400954,-1.5301309287433318,-1.7353107035927715,1.2126777713722992,1.4286415330092823,0.2089619861098992,0.3647113258452317
885,-1.275870999901924,-0.0334748103269058,0.6751644009882938,-2.9760324740095245,1.3227428318797865,0.1311121961784342,-1.5677723475897751,0.100946970289581,1.0925254146784196,0.5994410153062589,0.3608041619048269,1.1704102078059118,0.094244515303838,0.1827040335476414
886,1.099073062553966,-1.366246629397111,-0.4140052351384046,-0.924692230523532,1.717580205044318,0.63936284348663,2.847009588957641,-0.4676095334172274,-0.7246742116823047,-0.1428266385951505,0.8889153824787807,1.0878248897144112,0.1616567980997724,0.303403613462431
887,1.378357221422549,-0.3661196893753473,0.1244375979069442,0.0966907028868195,0.0394967612021894,-0.652398460462478,-0.1372910679103665,-0.1801026013513578,-0.0075646596746491,0.9435168181527084,0.6028768991423481,1.0501685045168787,0.1124162571257941,0.2039058867618008
888,1.7606280346244925,-0.8404347626697068,-0.391993624787715,-0.8250118984061866,0.1871015372222726,-0.5383494575109768,0.2397968337419887,1.103626910444787,-2.5258316858046084,0.4917798896006909,0.5400235855526775,1.0201652905129257,0.0485013862611532,0.2023039610816575
889,-0.4601870488978789,0.4604222679843889,-0.8964694377502004,1.196260988306875,0.9132806180402842,0.5683521485426429,0.7932257178100984,-0.7456204671721736,-0.6196237546892899,0.7524362008174793,0.3926311341082247,1.0081082542900823,0.0759676029255879,0.3269690811391431
890,-0.767729142768612,1.445635046658087,-0.3235910712810316,0.501894389860622,2.09924951925509,-0.7062233540680766,0.0687617508447827,1.0541831646373074,0.9512773888765312,-0.3278153102393581,1.1940158424372431,1.359576043373841,0.2932909894661538,0.4259679372818944
891,-0.516730437521854,-0.2331359325450517,1.447857766151364,-0.2791058563599465,0.0781156924834649,-0.4267864709234251,0.7055485647959867,0.1555250375836563,-1.003433810758229,-0.9688241140349944,1.4510045919228785,1.441054760006128,0.2208786012988179,0.440841850571549
892,-1.998605566555507,-0.8313214091256161,0.7939458036321722,1.323760538012268,0.685558363217184,0.5546322006406813,-0.1265260495286495,0.774914554913987,0.2862782230818843,1.8044489719871248,0.9929101941150524,1.4563844558492516,0.2871189757244503,0.3965183273349946
893,-0.0984453141767484,1.3430080837361311,0.8741140818178601,0.7354432862041588,-2.01149132546182,0.9291895615477108,-0.1275079789091533,-0.4439264944348917,-1.4829130411779132,-0.0055871339681831,0.8689164457074336,1.1316365717713612,0.1863135373916619,0.2992864823525306
894,0.0335515968182426,-1.3030019218148046,-1.473280172893692,0.4866194801281112,0.871705131061377,0.1902829099224217,1.1508346496843629,-0.0863849843514986,-0.0543512744002023,-0.9170280287407904,0.8149597957518788,1.2097827174707922,0.221800288761129,0.3421919754820868
895,-1.5602419775537173,1.8546621338595848,1.1312990502497464,-1.3925125671384784,0.1557519078312804,-0.1000463111036666,-0.2739924731630432,-0.4090178478149394,0.3812691469679788,0.8181755254714744,0.5392634115650968,1.045358552350922,0.0208888416626761,0.202511384958284
896,0.4023911690282054,-0.1205183743791937,-0.15722671689112,0.9368143169226666,0.4634449381160623,0.0726894630354331,-0.0359012976001078,0.3452705096122888,-0.4683486885594494,0.8215388173082104,0.5479507548001609,1.072894119457045,0.0653824612883103,0.1670480362555677
897,-1.0758585618378669,-0.4114565097664818,0.611106095446024,-1.1328828133542732,-1.5730085426495004,0.0630776754292401,-1.6964581544464707,-1.2988035540518614,0.7565941185064321,-0.2047852576057357,1.11388489870746,1.5536413899891344,0.3516940527462104,0.3796269946354199
898,1.2854869497089854,-1.204814340937455,-0.0939523656322844,0.3995845532077593,-1.1705149301289088,1.031761904499625,0.5106788831660388,-1.609287086687434,-0.0377417962086005,0.3859567362586327,0.5907962313627049,1.0123479809164595,0.0937857111418782,0.1894307885091015
899,-0.5900566735280575,-1.4798649055088138,0.2784587894474102,2.211242950282561,-0.3869840991576904,1.569241181284709,-0.7522888217614683,0.2155456350099517,0.7715225308761193,-0.008413665971365,0.5746611364602157,1.032557781678707,0.2137912713823818,0.1573887678501338
900,-0.2977356488812311,0.7261275213503737,1.8914551152692207,0.3005869246391313,-0.5160601765303474,-0.189751557259683,2.5197076456453744,0.1349071163381278,-0.5944136985779728,-1.14506791648254,0.5518101702029976,0.9470798990188488,0.0565356506505678,0.1994566431482514
901,-1.8259010941126057,0.36358427384619,0.6546419928245036,-0.3966961799652068,-0.014970418030954,-1.1704617092886238,0.132928464827501,0.4814953205671245,-0.5351642671676378,1.6904526695858395,0.5137352479407036,1.2918173555060093,0.0907927092158399,0.1434910635257658
902,-0.8371063267469117,0.2834766040189823,0.8483172197046055,-0.0772895001493825,-0.1884768188944914,-1.4288661504496625,1.3573414957162837,-0.1698932016675959,0.5373654249348249,0.6727204878601408,0.5273010717494385,0.7925359962453632,0.0954021608697867,0.200801264114758
903,-0.6282984920177531,-0.1975286042912149,1.3344823507435035,-1.117197665740445,2.1279180747572566,-0.744872785276274,-1.1795174566405118,0.1323090206885346,2.208348264339871,-1.910965935592205,0.8794600382945212,1.2973622249427847,0.1748215190546141,0.2924692992685033
904,-0.1410157184896921,0.4762650172565557,0.0336499585355313,0.3819216700030095,-0.7180330821722741,-0.599721845931381,-0.1484226471591997,-1.129888087902751,-0.0446864014401895,-0.3887452936715014,0.723387916938933,1.0871937445192306,0.2154947389690317,0.23632072257017
905,-0.4700451851548686,0.3205064125986378,-1.820659493199304,-0.2290901033831536,2.317353765614861,-1.086109686325625,1.2855004964844134,0.0546561209126987,-0.6029578088814181,-1.3206416595298065,1.1378059649142205,1.4004826040100762,0.3274841593145129,0.4900715049633244
906,0.1396819652852321,1.4533971058146764,-0.3892111451967638,-0.0809614247367735,1.010370850190332,0.3408707913462808,-1.5722757797245783,0.0988872158551836,1.5122349106655983,-0.0369411864674983,1.0047618025795002,1.314698151710243,0.2937556557324966,0.4007848897978879
907,-2.741489429477377,0.388214991591073,-0.1984564395440359,-1.8290944139212169,-1.6792080900537842,0.9751071432888088,-0.73238274559508,-0.907496380735992,-0.0356385609316687,-0.6442029983199388,0.8218659306757298,1.1553679484765655,0.1899680350587284,0.3183755205270301
908,0.1000486277777451,-0.2027200294366703,-1.199995580093643,-0.5111977985613847,0.4427533213091045,0.0419180402386255,-0.0819424823918313,1.9373842411793845,0.7310375253855356,0.8524412648213425,0.6040430892644839,0.8044951229681717,0.0815530280484269,0.2106904396970531
909,-0.1659684077949248,0.2201451903512749,-0.4310999895256928,0.7775497655241282,-0.1103999040990434,0.2223777489305565,0.1606113021551681,-0.0181668814054545,2.93818806715577,-0.6666192774947225,0.7082023895389264,1.37311696317673,0.1682295059885631,0.2979353656496358
910,-0.6757115301586923,0.6940967468117569,-0.5951689990751792,-0.2914063613488932,-1.086410953355618,0.4915579194025869,0.5042572444841515,-0.3151920599234445,0.7148166884800725,-1.858125013733592,0.8556022096842291,1.1408715211198106,0.1076713476097791,0.2785672736541733
911,-0.7068534015143436,-0.1699791862109306,-1.1722824969029528,-1.748713037418722,-0.3078959650384471,0.6940200870607419,1.282108391426512,-0.5472878832053729,0.7332158376215936,0.6365420380756676,0.602944055592704,0.9663104873214862,0.057678284927051,0.246283610475136
912,1.2186081743344963,-0.3501910303540016,-1.798500495184674,0.0701858524227446,-1.013793740969723,-0.7235051090620076,-0.3012191440531824,-0.3389276313491429,0.1415592668957944,0.7031563164196175,0.7669225103976948,1.1489839186349782,0.2074728044831655,0.3385375104809394
913,-0.3677355832759664,0.3956975066080047,0.0148160099305053,0.9354943958784452,-0.1885918511063166,-0.0789266757745556,-0.3744004479989067,-0.1622485399584954,-0.7834881283458742,-0.8825972861435134,1.0381713531732546,1.2827236107657425,0.2579919983194172,0.2747016900506072
914,0.775765385282725,-1.0832016831846014,-0.3191180896979034,1.0153427862709965,-0.3527007950036071,0.8287404536855749,-0.5910457207268417,-1.051163606350194,-1.5948258549008207,1.3127240692726614,0.6974131894030524,1.2062331349619122,0.2053584957629798,0.2460743629317701
915,-1.1368711816344157,0.7471865901250933,-0.9999470267933824,1.3173839179398212,2.2067827246151004,-1.6865300596903368,-1.0847564341588138,0.7731318638032247,0.5130429233658149,0.7769218547601916,0.7824705470095987,1.239931760171913,0.218019669750904,0.3252143926692136
916,-0.5737555504043761,1.9875341610233677,0.1180494666897743,-1.2169625768435195,-0.2531485000429449,-1.2035668962288326,1.5909413585541052,-0.6603312628001164,0.4924834847446222,-0.4706731449821802,0.5290964730137443,0.9492991340729944,0.0743049686675578,0.1400524301003062
917,-0.6153873097625132,-1.9102541812810507,0.5981746029905671,1.299181252629184,-0.9159675813651516,-1.5452291149986712,0.8033160427378291,-1.646241349106251,1.2195329359482587,-0.9043951229546204,1.467716255877764,1.5013450364619294,0.2887573472102573,0.3535603959273771
918,-1.1032927428246264,0.2484624211312915,-1.0381392850114377,-0.7071110812932093,0.3539819326710066,-2.429112337166646,1.6424192459283222,0.0436401324657379,-1.292966012403528,-1.0172453692868415,1.640348685349167,1.3926671967777104,0.2785576037196963,0.420791841814303
919,0.9916463782608022,0.6010529350741034,1.3867806572852113,-0.6827428448042349,0.2965838371508028,0.4265679117836776,0.6952675002522368,1.1272811234320694,-0.7172639058443472,-0.1141702677604807,0.5600212965744278,1.0957932055215684,0.1903804253884631,0.2253078827730356
920,-0.6101497455801451,-0.0526118733563756,0.6984327820629752,-1.6540355002607023,1.1093715694592854,-1.1391821242637497,-0.3073703196972314,1.2439419249661243,0.3280097179834053,0.3395299482636598,1.0415953800049995,1.474305487487822,0.3153916186256942,0.5034113020752913
921,-1.1806260452951107,-1.0440859358238408,0.9412563966689188,-0.5891435454843897,-0.4949118732998493,0.9639512510547116,-1.0499135453695274,0.269235132886258,0.0429073261676914,-0.0026857258632422,0.6602194521575704,1.3202576505225228,0.2089957184773208,0.341891526761474
922,-0.5184356318775039,-0.5798551814633284,-1.078364163794865,0.4826650260413065,-0.6681491915167361,0.9687446211672516,-0.2245550415906529,-1.0584504894210378,-0.2378138821484206,-0.4108571991364744,1.1847007925046102,1.4157567369873674,0.3375436389700665,0.432721551355281
923,1.0091034117280526,-0.3690001892515323,-0.2762103812003258,1.4115467054924355,0.508267321463349,1.6627060160034963,1.259045004063905,-0.8871625883628546,0.9899508544001078,1.5253032920745917,1.3458085448609582,1.4986695364621363,0.2700088988340075,0.3220606502488079
924,1.5328131323234198,0.9880959835766874,0.9675229949091756,-0.3026610436755497,-0.8373820843495747,-0.3522173188974568,-1.6647890014327629,1.3427953154217054,-0.283292959417712,1.2913307290649598,0.8819373268139407,1.2423889482443986,0.151710868356802,0.2730713163351688
925,-1.2314995772215995,1.0826249210022103,-0.4948806581793196,-1.284369408309174,1.6271180521597577,1.1073116693407743,0.2117924201857842,0.0339378851349631,0.4395100188191182,0.194628577917411,0.4533241188048559,0.8517015568017582,0.0591158801697433,0.1433084821596823
926,-0.7922759541714712,-0.4120522697849219,1.9607178320387029,2.672156742628014,1.562668505230683,0.4782239401626234,-0.337749032701935,-0.798185893896966,-0.7322824104302025,-0.5532676586867606,0.4587520988112063,0.9261302501670438,0.0186497539566625,0.3011295115284741
927,2.1511640414257696,1.8062822963825984,0.7462783899353939,-0.960613176412826,0.8930559267110364,-0.2386170285106051,-2.1530094386441214,0.2871006374012593,-0.8419130408340553,-0.8080534290900372,0.9252540731029232,1.122098057848001,0.2136210698326805,0.3208732544910647
928,-0.2504079935680075,-0.4983229729424129,-0.034256819104008,-0.0823305500172053,-1.8758090928476316,1.520277988882833,-0.9833767229486798,-0.952398385130473,-0.3285532517902975,-0.1083348473692941,0.9191085854773478,1.118139497333992,0.2546053391991213,0.2726047347896532
929,1.4589798168318389,0.2694234520549011,0.5664654841095343,0.2745361875832817,0.2314615824987729,0.3097295030870087,-1.9327341425689384,-0.2499184848395286,1.162261110571157,3.9423310108066856,0.3664137595831386,1.0724136559314497,0.1645379212061214,0.3293954486765342
930,-1.20430893253951,0.4230799603243528,-0.5710465778743417,2.047651903896849,-1.3537827607914814,0.6249394903158797,-1.40721109950419,-0.3185666680608325,-0.0343133307498089,1.0696916817396078,0.3800274734909786,1.0698919685080788,0.0795099378103233,0.2391679355262015
931,-1.077166826158528,0.6633830488473854,0.0187777233879469,0.2727933862859796,0.9583327146851413,-1.2825566930052876,0.8105949731485923,-0.5689048530894247,1.095873454976826,0.3345576345378801,0.9794265673153124,1.3737230224301435,0.2612062588416758,0.4039482022834042
932,-0.2095283815170554,-0.5900259690908214,0.8232949943553307,1.2609516854809275,-0.5328515408601846,-1.133006565781397,0.6942110429452255,-1.4485309420337005,-1.3055124375829716,-1.0627002755278991,1.1038378100192467,1.565905434391342,0.3513447309128957,0.4299788770622678
933,-0.4154504830387495,-1.336331889215445,-1.9387999093815775,-1.1354441943371232,0.6424744465726187,-1.2715440721267672,-0.34026967795417,1.946698462365562,-0.0491741300270904,0.3425309897295931,0.9618787639660868,1.2415826629455342,0.1391551644829916,0.368168825676917
934,-0.9460400182515531,2.163474853700142,-0.5412944891384287,-0.2281046844515166,1.3170586779673643,-0.1817342448536189,0.0478887826752149,-0.2816883207891296,-0.2748323780572272,0.3705020108280917,0.4394843764394002,1.091041849968557,0.1786867108277553,0.2228344005365199
935,0.5529431891981056,-0.6432484312125671,-0.7660804561469297,-0.6091360888575632,-1.4012540141997682,-1.590430258519297,0.2971671472249075,0.938595803175112,0.8710452931452174,-2.3819912731366584,0.350384118683535,0.9081787833490208,0.1661372233442568,0.1915438657178592
936,-0.2450650870432607,-1.102091955592559,0.1437374378208569,-0.4178235188093812,0.5919119062445883,-0.0191530904013413,-1.8960018949178887,-0.9670858727995406,0.0057851148266535,0.0901104292310863,0.5079573534942166,1.0758824416163608,0.1348161431040161,0.213939990619273
937,-1.4056768077040018,-1.5364597035461218,0.0562453375731788,-1.4036673060505274,-1.6686294265007855,-0.4451405126313417,-0.4884460913386509,-0.8784004773393012,-0.7037369567249628,0.0138357232223946,1.16869974431693,1.4687331554267642,0.3428949412645671,0.4276784765533897
938,-0.7201629036798193,0.0706970216648393,-0.3804685361173344,0.1676501553866558,0.8782055654366451,0.8392478453905953,1.288210471066083,0.8381468968971604,0.2385575315418043,-0.4334316376401446,0.474269999938221,1.108211231299314,0.0935482942435108,0.1574168912832803
939,-0.3877609228162241,-0.8777773064358103,0.004529291051558,0.6973874787119347,-0.7256676028830206,-0.0372178586637739,-0.6773622287217693,0.2093543301876147,-0.5493833839499502,-0.7395105712940526,0.7241029301096655,1.1021259163690234,0.1863794991698156,0.3616862139168096
940,-0.6799666949320253,0.5033287738455666,-0.0967494053303549,-0.4284217300000358,0.2614045025472106,-0.4145162174676504,1.1265178936857032,-0.9738661536932566,-0.1869715128172817,-1.4047652216670008,0.4194904818969491,1.0188475761018103,0.0671655327186293,0.1869845479364281
941,-0.3468743918900938,-1.67963549770663,0.7463165225591263,0.7665037670055789,0.7841701737244763,0.0288724801744678,-0.879870404710092,-0.8003406320359496,1.5301720552205211,1.4356771037997966,0.6489958788014748,1.1779461770843462,0.1903147310097519,0.3270143972017847
942,0.1225551569507715,-0.5156340340803272,1.3686234226985106,-0.6945031613848099,0.2288492080959074,1.3519573053984584,-0.8363384996646277,0.8292235856371121,0.5205607958438698,-0.039516542231561,0.8223280913255371,1.0801607875047954,0.2542099122021771,0.3105151520110997
943,-0.9934335991331156,-0.7244397601032758,0.2894510728506586,-1.4233367948813866,0.1307438590182497,0.5410509840616632,0.9852201728091008,-1.3983570744602225,1.3162472971612738,1.6953634941799354,1.229759027576623,1.499081764661486,0.274112127638889,0.4108901169874363
944,0.4101515677135939,-1.0380485814246605,-0.328109288360241,-0.047597245118507,0.2704635087305567,0.0219815526436024,0.2811651428946169,-0.0907467573391228,0.2651070945122431,-0.4605234211613138,0.5475588435928582,0.8253104308654445,0.0730619581326952,0.1872526514798205
945,-0.3381867169824685,-0.5760251704766678,1.917259534504072,1.4639007861743227,0.5552941900136158,1.3253089972677383,0.7984613389778825,0.1812711595140552,-1.5055713410196836,-0.26216392012514,0.5256170605694278,1.119331100592713,0.0614129592701608,0.1751019076591079
946,-0.3350378920183519,-1.1330751730921569,-1.486162274606616,0.4927193465670251,0.3245043223708129,-1.167396980067612,-0.7458785064361894,1.1612222731541637,-0.8776965135165605,0.1707989039338024,0.4487465889353449,0.9198472409895458,0.0826406752443868,0.2385401109993985
947,-0.189778299567981,0.5063634710620628,-0.8561076526564303,0.090083477540107,0.1687225773458772,0.2301808062292196,0.0790738579626132,0.3446093205941101,2.191770332050811,2.561297776771106,1.0419246756953482,1.5427814395152903,0.2149048884990832,0.3719331001778897
948,-0.6392161407867218,-2.318242980352499,0.5954953007219735,0.1862524599012663,1.0610418591835804,0.2848858997153172,0.0586039395257191,1.1289065958772229,1.268780588413842,-1.3865600587809983,1.150576604967302,1.6674859672914064,0.2862598847623656,0.2899378263274541
949,-0.8166061871395836,-0.1055929592886782,0.0984376239245836,-0.2259832033522487,0.4342071778618859,0.9961047893171002,1.722709710720728,0.5789130237728995,-0.8523336784531098,-0.1473762251978182,0.600111109313875,1.203402958634668,0.2306885427894954,0.3187727928813626
950,-0.0753522412595569,0.514640239981159,0.3881680334339422,2.0503966511115097,-0.4615131352549084,0.3847505337668032,2.354711397744092,-0.5852068969036013,0.1451486961703552,-0.9448805011240154,0.8167570105800991,1.3162259597505666,0.1730204389631434,0.3447455278013412
951,0.0820868996274315,-0.7802171481376415,1.0468009034913464,0.1473188590313953,-0.9353972599822936,0.8405676977916716,0.1796660388715873,0.9528187772234548,-1.1476626279477486,0.3688244122486614,0.6367985114973583,1.1095052167061934,0.1096479302534091,0.2862577349665103
952,0.7733416946447087,-0.4233774902357365,-1.2590027269681512,-0.0416074953703939,1.2281152937809283,1.1259303306340565,-0.4284284347555767,-1.2830854363764426,-0.4311797203495725,-0.4684776507319124,0.4953738782733657,1.011410149222652,0.1030941676443567,0.1536223334594136
953,0.4464467833047774,-0.1050015029041215,-0.753264211737142,1.104263067260668,0.1404258674448342,0.4354156527309408,-1.7249854341312671,-2.424264870697286,-1.437545781444408,-0.4805434256067757,1.1714638733380176,1.3502553331394251,0.3681614487566125,0.3848186963550999
954,0.5763560176138087,-2.342246870407298,1.5928520643719872,0.1705660267701262,1.3602949929499102,-0.8859700824741287,0.5038599341724908,0.0851959299707875,0.8176863130545542,-0.233791367599717,0.7511113880956309,1.3588940328444084,0.1378876733225385,0.2437206442984015
955,0.4732152090075886,1.1021953187712,-0.6511762938917753,0.2422442324896497,-1.8878622372223484,0.7025030190633578,1.9546625434624896,-1.244436047748695,-0.0913812604279431,0.8804813009141136,0.6903779675131435,1.1932128618300517,0.2215815814818798,0.3369837734058917
956,0.0314174734665504,0.1650995514932257,-0.3909994415236386,-0.4281522530879146,-0.0866941535853777,0.0416714221393558,-1.1814412615773098,-0.0660219859460287,1.5685339387093264,-0.4191337935889047,1.0571995317494969,0.9750567545799236,0.2304367794562208,0.2721434713713884
957,-1.2372549828746278,-0.1514160679864266,-0.7146128121242966,-1.3383418253219397,0.1391684617326208,-0.710282037151078,-0.624714166853275,0.153427380385389,-1.5331745953623346,-1.7415696502511249,0.4413584851111226,0.9380227871746124,0.0545615164596013,0.2842262417301726
958,0.6708721945019316,-1.930833600724083,-0.9766776953073548,-1.7998395353884376,-0.4861364668488323,0.4280587476511656,0.1123379487323766,2.391873389457284,1.0869156177890007,-0.9311578501566012,0.5842297327013903,1.0023195978557375,0.16755078762435,0.1243735517350562
959,-1.1970550048264106,2.706687940975501,1.0625720057333623,0.5893696072695719,0.0748518122156178,0.2735215674750171,-1.4820732754824262,0.1570391701967678,0.0712313974590145,-0.90413884310148,1.000394230300361,1.2822032267805312,0.2650292729938356,0.4080849263352377
960,-0.5385264535684786,1.5151763934435558,-0.1251749202948624,2.0711713025331107,-1.7406794364873834,-0.5221301862257478,-1.547278551246919,-1.2094224538918343,-0.8282057056592972,0.3153096267705911,0.5102858577932334,1.014934191105988,0.0294471584466959,0.2401577371307011
961,0.2668261710803871,-0.6792903196276054,-2.227799557336582,1.4776928730321528,-0.2857647160363561,-1.1162901703011392,0.2749307810700873,0.204445170523174,-0.3226764649999652,0.1485310156415047,0.8239627518238999,1.2733054281466,0.1053618911204974,0.3155745429398894
962,-1.1550298404080184,0.7599128431764837,-0.9968670947568704,-0.6055696553034319,0.6488018161515753,1.2039589650102338,1.5857745680463389,1.0557982384665718,-0.3240721838017818,-1.5410330691004628,0.3812234760082473,0.960267674744864,0.1267182449318191,0.2045546803127956
963,1.4050555856028937,1.370695988904976,-0.6719761533534957,0.9211890378245602,-0.3321777939307386,1.5012768835117287,-0.514864662403782,1.9786512875485036,0.7861205475982457,1.7975448446859867,0.7148460020220682,1.2006273156184415,0.1234232342378178,0.3575133697949147
964,-0.4637972696498793,0.405029604444193,-0.9692791983443652,0.8439892521191966,0.8990415328371245,2.3970239182011865,0.4820397972196492,0.7240942025060932,-0.4708303765037817,0.5413793726352385,0.4794715980503748,1.1118549944255327,0.0736734156451978,0.1738212005796708
965,-0.3798912086875837,0.1158607588419998,0.1745156615457951,-0.3523048733491704,0.0629450965419935,-0.3752951697134206,-0.3797311250338392,1.0766646515022715,0.1754136418264113,0.3470662722002771,0.7235813213362154,1.2876173931693076,0.1645284421335762,0.3322297716207588
966,-1.4573047689855358,0.4234583318303899,0.5304234639752379,-0.3983386226887527,2.0850296762606915,-2.289227264184065,0.7843671357705463,0.7128048049548621,0.5415829319994119,0.176212705638623,1.1426321403496065,1.302403670010838,0.2714842966106767,0.3410445892818576
967,0.5506793226250375,0.8681754795558938,-0.725887583831994,0.2991956221800896,-0.1833168420233039,-1.0937684002255086,0.7171699746132896,-0.5643604246840334,-1.497858674779467,-0.5391106607016489,0.5033902723682337,0.880959226432551,0.1462987550357308,0.1954462069823486
968,-0.7988988980931305,1.0284790091901104,0.1531931405580776,1.38238274568994,-0.6665562312330459,0.8741698718964994,2.839622914807913,0.3560324671271402,0.8616488623231527,0.6935176642254062,0.7822404005241261,1.265589213778758,0.2481953467037931,0.2989950624115174
969,-1.4220753274258269,0.5858172974674507,0.3064563206495689,-0.2597473833983092,-0.8840363742048806,0.6939832403270371,-0.9724037396106212,2.133645604681897,0.1141690834881283,-1.2233070477865036,0.722879970045071,1.022603038388787,0.165697512148241,0.2691393876676019
970,-0.5139962783283388,-0.2781343382898172,2.412376653923846,-0.8845889468094964,-0.1162172632513872,-0.5378283698650225,0.4992584855816643,-0.5218834137050445,-1.1390566661397103,-0.1952945797961987,0.8107057452992297,1.1654853118861972,0.2343966486025714,0.2693508364364655
971,-0.2993938433322431,-0.5922443776240135,-0.5388103588971175,1.184695797881003,-0.3197402142675043,-1.1341276624784329,-0.4621159637998562,0.0543356594653925,-1.336269636551354,1.6259779600063986,1.1914438249720587,1.618398744319689,0.3170912606977483,0.3969981229155718
972,0.8675794775062722,1.4301727436187794,0.3921281254876826,-2.0936974501301004,1.5353337166385137,-0.8635683597098927,-0.7821867440020989,0.1563251439554436,1.3782298466701497,1.0532871339523997,1.109708333709723,1.4366768603285025,0.2574693373524026,0.372949656710855
973,0.9062811201760208,-0.3118270528745533,-0.3276075260921117,0.3459436679800666,-0.1300708412835327,0.8893179073293531,0.8301176644952266,0.5913413211727055,-2.5259612817693786,0.127988363677264,0.5755665838744315,0.9778111728707732,0.0325113465309384,0.2884084646529892
974,-0.1088538807327011,0.1680256017595314,-0.7543246385464069,-1.3247859103992252,0.4631384799750401,-0.3563013177320619,0.5746929937075994,-0.6709143776847711,1.415910640492677,1.0010648425707631,0.5319965191145163,0.859305659948683,0.0779075536379588,0.2055443191414209
975,0.2968271085458803,-0.2132884133859471,0.852408877798197,0.3925478152374059,0.2385841879306048,1.0428654095596086,1.4265361544066402,-1.2524111844855446,-1.0503841073498064,-0.780260725478798,0.6704592093297377,0.889188754174113,0.1488020359677973,0.2699743213486171
976,-1.5024245976435515,-0.0627485255691511,0.6001164552445062,-0.0214182949523366,-0.5341216416128957,1.126457757129158,0.1405564032067496,0.3429829673663183,1.15423480489976,-0.1232419388511337,0.7371345694925431,1.1722486381139765,0.1481845376313115,0.2898269429459847
977,2.0602140726246807,-0.447815003871766,1.9979482045129,-0.9747351819124206,0.5174849028804415,-0.6425321688062371,1.1195661169810924,-0.4782326078584284,0.2908711906440859,-0.6505419960415696,0.4963410025657069,1.065964999808237,0.1545091735510223,0.1625951967689176
978,0.9372251736666144,-0.6557512606391394,1.6834148447426684,-0.9959971069613904,-1.3456279183281468,0.9515520780790864,-0.5916436402635217,-0.0072373134495356,-0.3222411538357208,-1.3126082671526902,0.6032674935774006,1.1978755220723758,0.214676876498432,0.3124708843842521
979,-0.076993664138338,1.264915894972302,1.0031370033055655,0.2317927626259248,1.112268293035107,-1.0595185846941766,-0.3254543289050063,0.3958049407302081,-0.1304148268171117,-0.2468233304765572,0.7673326752490957,1.2124752099663934,0.2757722404176124,0.3190867084481255
980,-1.2006437323210952,-2.0813413886427115,0.8178664249496361,0.2432215732522258,0.901998378210093,-0.4372359421583744,-0.712777884827594,0.0065479666366344,0.8541996486128164,-0.2314522149876542,0.7626631574996916,1.1499802182904004,0.1915073821161134,0.381836998091532
981,0.8017851843284858,-1.0063080055930869,-0.1614471331698672,-0.070114144078031,1.22638994392192,0.2076273980159083,1.746077518294195,-1.3476847999474826,0.1299189044112796,0.1793980391804458,1.1725048935710705,1.4980205655479293,0.2758843214531848,0.4549491678720982
982,0.6200931975868672,-0.8133599364488912,1.684446339410836,0.0129639414717591,-1.087067512934918,-0.0160249904136185,-0.3131615228801135,2.783235142247329,1.0499435995250137,0.0496613557082173,0.6959837254744675,1.0450613049431388,0.1041386451892713,0.2018391416587117
983,-0.1119166851992046,0.951056862481465,0.9988621603282144,-2.911549919320649,0.6429931547333338,0.0279665439786266,-1.3111438217869762,0.8802141396241769,2.2461880135582653,0.5567959468277808,0.2615693211214254,1.0745150864284818,0.1067083207997921,0.2214171025330362
984,1.1004284422568642,1.804119091964404,-0.8302621507200517,-1.8575714451669167,0.6568660633095018,-0.247611536441451,-1.374173452371543,-0.0781699361357932,0.7275473737906202,-0.1489716647643599,1.0932806708874443,1.461554312102291,0.2794487531748413,0.4510811492036519
985,-0.7868276307350374,-0.2235070602965102,-0.0194764653013455,-1.929482262626082,-0.1427749531706932,-1.3443404721448915,0.6590259520210962,-1.561042575586778,1.012692204550936,-0.4091650692139414,0.7621240163396907,1.4082660322109797,0.2215431209507518,0.2362158670002134
986,-0.5429757067720121,0.294454597301972,-0.866034445223392,0.2787457541300641,-0.7321087746883707,-0.5567345123247693,0.4053541693291353,-1.1385807337343827,-1.264337301762357,0.2482255074103418,0.7871453706748044,1.1348324877843583,0.0902808765089988,0.3799735470056894
987,-0.0268998524893845,0.168692744809392,0.3276392367214207,0.0573755538069812,0.6080926239670689,0.0974362869786584,-2.007303899675303,-1.7478845946618555,1.9279491802420827,7.186705886302617e-05,0.8703142542220005,1.2533207317899313,0.2082701830149852,0.2308991215653781
988,0.9502416517170968,-0.3457039056270759,-0.0580150943939304,-0.4533646542708436,2.465927331461365,0.2532424223641424,-0.5348579055061975,-1.6515397134301908,1.973733442735852,-0.1632783852283033,0.4516382860444563,1.0841780774784011,0.0474389985108748,0.0734115341874593
989,0.7442291195615972,0.8559972903065459,-0.4628305234303705,0.672452775386156,-0.6041382867516175,-0.9904263620394158,1.1644646925122124,-0.1581893798221993,0.5185128336026553,0.410920993881771,1.165934098832861,1.485824244597246,0.3067781708207354,0.4364259321757268
990,0.637931960055289,-1.5565369342016249,-0.5852905313163699,-0.3244751574964249,-0.8314786729014906,0.4290068480163878,1.1868930775958977,1.3451846553462978,-0.3392047652098836,0.2919658624579071,1.2956408718346812,1.525876980524392,0.3597765694043354,0.3240515109593342
991,0.4456435044900992,0.6212560942035293,-0.8781350730726438,1.820580268264966,0.9265201843464448,0.952649343692441,1.2034600569003968,0.5341359422659844,-1.0273134230509724,-0.1389727315551067,0.8504581814477391,1.262653836333694,0.138021885695988,0.2248564695658805
992,-1.6510533950619155,0.4150725096990842,-0.1692136581655467,-0.0405223835269317,1.2040011300856512,-0.4569940385564593,-0.2521231587720763,0.0219732959632162,-1.8399922494136325,-0.2660636557620032,0.4254057873524398,0.9338458557484708,0.1376709731751215,0.1692730608154452
993,-2.4857949122861838,-0.5855215618957392,0.8551890533928274,0.447266558251069,-0.5948203104540761,0.0407982182238123,-1.0749895671304055,-0.0023434031495201,2.93032028549251,1.8458013203719317,0.7143651481718797,1.138836626330544,0.2559316167077106,0.3006521687188476
994,0.0526221300172611,0.1601441649153744,-0.979565314634551,-0.8017891079510504,0.3621843221046941,-0.524892565636485,0.904149594851582,1.569685680977757,0.3326207847810388,0.1017372058399266,0.7820748974643089,1.1889994501298948,0.2646030167163261,0.2625414136698379
995,-1.6807796249106517,0.74761024527205,-1.1436713015390585,-0.4180091286334197,0.959575892385135,1.029758164309032,-0.4665075273501172,-0.4089155349199863,-0.6993188732566719,-1.1978537453259108,0.6315508290940104,1.0210496298921503,0.0919790309012326,0.325045024896714
996,-0.6347954821042419,-1.6131300189146889,0.6830625815082649,0.3945236051618757,0.5605292848705127,-0.9544040505751428,-1.1950705635150565,0.0535142743135602,0.0641025649502253,-0.1472698275129453,1.0416540765302105,1.4646314240432994,0.2383784380417999,0.4476230985268085
997,-0.2894832691878494,1.7107757776943866,0.4260250117929784,1.970678391466491,1.2689650254316331,1.7032709260173449,-1.074462766356002,0.5931709909980298,-0.431765488993373,-1.6633867113595329,0.668918893365168,1.166992278140464,0.1611974376573002,0.1901189766102017
998,1.4960031695555258,-0.2936925257056291,-1.0551016302666845,-0.4145638632486934,-0.7962241227738193,-0.6936979676166672,-0.2216033901826494,1.7308151930447429,-0.6663172165446257,1.6592706642191906,1.145213853376523,1.3328830227505934,0.4017936767590896,0.4234489039074234
999,0.8488367959795216,0.396271563586086,0.748120032251875,0.0136556638374575,1.286050103863426,0.5669802632671008,-1.664665985025513,0.296251931889965,0.7839731429926151,-0.2890012186012172,0.7508043095130518,1.3328056888986968,0.1513617741619999,0.3203311017111337
1000,0.1262558727139326,-0.6128579946744069,-1.3776256560635605,-1.55037687093124,-1.5370679870688635,0.6690447424705321,-2.4902817083763287,-0.6664799269634811,-0.7656532852453778,-0.2821595359874645,0.4827370865709165,1.0638677139880302,0.0968213230406939,0.1274536054444388
1001,-1.8564315499362027,0.4038880947406186,-1.273161394159899,1.132405540709269,-0.6217656875888323,-0.0956130234119203,0.0037738565552062,0.244241052860572,0.0370143774961422,-0.4271105487326319,0.8075576372670038,1.3048864141875365,0.1985391797073007,0.3387557560794543
1002,0.3430485306940432,0.4661471304949542,-0.7651346671096204,0.426367818973557,1.191720302401696,0.7058941961045526,0.932375241647187,0.1719208489074454,-0.9361504460748792,-0.8096444597036451,1.043170577148892,1.4973739206730148,0.2687744772455711,0.4373490420052355
1003,0.3198879678544116,0.9427637251523104,2.785911913994056,0.9818219444386036,-1.170435757497502,-0.7672725723599824,2.2785173159559986,-0.2143889319767783,0.0475146347612884,-0.9604169204092288,1.2047237343392994,1.569007367633661,0.3543855213078933,0.4345809287560694
1004,1.565103405574244,0.5003332073206254,-0.7746013478853117,-0.9938252888572712,0.3072039458978721,0.0442061748804525,0.8321102172211272,0.5469684731271998,-0.2644803487686226,-0.5438015954613664,1.2409677651440465,1.4001787741488594,0.2998606944666549,0.3733454798992083
1005,-0.1599421482988339,-0.5506808466567625,-0.1301955328047618,0.0164409286193816,-0.897930893380057,0.6306798620978803,-0.3704277144696703,-0.8418843502853434,-0.351607428281868,0.2422581566202862,0.7655936043295773,1.162546584924975,0.1510037212608878,0.2021330705433004
1006,0.0830381998133034,0.4221181149044621,0.898346125075529,1.3049402040080331,0.2854861626880532,-1.0694023872354967,-0.2691108025303007,-1.004318384383008,1.6968540737122817,1.9874008825271636,0.7331856951672233,1.2193379451924158,0.1325911477286255,0.3007841118235812
1007,0.6503111974963428,0.8584588426390306,0.2509431932366591,0.3660559154607912,-1.5974542183291225,-0.0739323652569102,-0.8811530623462598,0.2813565375383702,-0.0596098453885342,1.9468219623461145,1.4850402636466449,1.602305655525224,0.3821770754560264,0.4195563938466363
1008,0.9166276887228414,0.2845119825216449,-0.2669396871396259,1.6760214587599298,-0.0299546461265298,0.3316739616352778,0.042249604426835,-0.4041539057073227,0.0365062223855201,-1.961966850678316,0.6167509822986446,0.9276035269532212,0.0677829866489007,0.0630429896931263
1009,-1.5477064012411874,0.3496305416696275,1.5681996905274862,0.3482211041441688,-0.7203688548966539,-1.4428537540673354,0.7845272604756386,-0.567195151015101,0.64323541855256,0.3898651580657172,0.91861454740423,1.3540323979819886,0.1723411377326365,0.2873024146801382
1010,0.4783003922546893,0.0336017073535559,0.3836443849696412,-0.1194544012563351,-0.6353065343682036,-0.9634990605160516,-2.385008797970978,-0.1811095624045095,1.519378182951953,0.7300800925375974,0.4246137886309038,1.0382653551477492,0.156246627265162,0.1128614013059479
1011,0.2277091184759583,-0.734004994289151,0.9973392257590772,-0.1193093118030249,1.5749343137890586,-0.9810872632946812,-0.7499695279726564,-0.8472699442196283,-1.482118370434013,-0.9370446851917624,1.261415779596338,1.4723328228280854,0.3056697195983344,0.4229497000837146
1012,0.1032162597659176,-0.7122010248506275,-3.856375329240597,1.0742732974201217,-1.6840937293474054,0.589228284886637,0.0312145896695647,2.1173728164203425,0.9969574815226198,-0.5046045954849743,1.1717696341840769,1.4896413146594218,0.289306241622268,0.4485158100894141
1013,-0.702063562355312,1.502727680799285,-1.4758710971014115,0.190879935918708,-0.131120463249672,-0.3432260687046758,0.3535139844484254,0.1895598605086756,0.4574007427917442,0.1389756523632838,0.5418759960127497,1.022058353773736,0.0364524139453858,0.1810710128393423
1014,0.4176814050172476,0.0933651929315946,-0.6594268872163145,0.0040012602365953,-0.71438655970402,-0.7803766047308504,-0.3361500027177518,-0.1194231607358424,0.0352253063478108,0.9163788273633304,1.334800374050876,1.5037696573123922,0.3329765734794569,0.4883255900163817
1015,-0.4984640825408434,0.1968519264748205,0.1180277139438188,-0.6086282874660651,0.0737407862065449,1.0027214151773136,0.1865062168834001,0.226583929027308,-0.7053283309426673,1.968858851204876,1.3557909103813224,1.509315833769974,0.2744505414902136,0.2723225201972051
1016,-0.648356370322501,-1.6677834605474775,0.8601841202180764,-0.1148170396484259,-0.3030418209470751,-0.5455537804115271,1.871714624315838,0.3545902786046827,0.5497512216450848,0.1626156235822673,0.4831615077527147,0.9673987504183152,0.1195183097197687,0.1923047386512656
1017,0.2700496134451962,1.3986246105594142,-0.250854661227695,-1.4569375455207298,0.8680546542277768,0.496701612242392,0.1079798128850426,0.4707532415477864,-0.3707442202941741,0.0206925828542596,0.7679614940563206,1.0220601069492778,0.1530016085424966,0.3238325520400278
1018,-0.1317002538599099,-0.5914882570709169,1.1891727831050023,-1.4122586274178004,2.3608821718129667,0.8773622092064753,-1.777975534702351,-0.2241663294909295,-0.1685459159035578,0.3918866289421122,1.457386144669904,1.4902474616254378,0.3163905536787061,0.4476239078476403
1019,-0.9893782707397202,0.0320253433682173,-0.1211193981226469,-0.7376183625734388,-0.8767522314712319,0.9188046467023572,-1.6965825400425936,0.4778789360960513,0.7975103068781241,-0.2185583383384164,0.418910606379975,1.0366814043285442,0.062975494683392,0.2432412219245505
1020,0.052372839724996,1.1634949996973811,-0.7048515107240569,-0.601652428889124,-0.4954836810993082,1.1653255992232814,1.2922937468847076,-1.395890234463619,1.0062407473116368,0.818908306347284,0.8151403047951733,1.229845181398144,0.1608700701290705,0.3353516179805392
1021,1.5535948104498276,0.3851080321263795,-0.0442601202785766,1.1452166865716589,0.6989037915017654,2.2448984141487265,0.958707844961828,0.1535479764239154,-1.1741043803761713,-0.5809171771941184,0.7084712921231016,0.8992088304571794,0.0830120496176238,0.2115803737084046
1022,-1.435954978028016,-0.2150620360608632,0.9260675932328454,-0.0036710884805155,1.0217252687600726,0.3375737334390134,-0.4030922897540097,0.0876251551699639,0.4720966910550961,0.1392233984636159,1.3179609317993723,1.444045371471053,0.1583484854928629,0.4679594747082012
1023,0.1506842288519139,-0.7690501075867064,-0.432976265242216,2.2584607961546443,1.2284664904235425,-1.473840896809716,-2.3669689575063617,0.0761924214487222,0.8934728944259902,-0.5199418374222072,1.3140759179376214,1.3257052469513335,0.2696215604110222,0.4784091214763663
1024,1.021658728197938,0.0596545650070841,-0.1630612797269748,0.7561151761751815,-0.5318757929022689,-0.2867063218036532,0.670167262130463,-0.0313959370660242,1.908776273377736,0.6938254128560183,1.41716946276868,1.5938640022678945,0.2911943783020068,0.4041493709406255
1025,0.6288138283327617,-0.0495046460650681,0.8747546767096062,-0.3226077728016462,0.2823777511995151,-0.9162930470045604,1.0394413922305916,0.2906046972617918,1.9825130636978765,2.392298383669758,0.7869074194873874,1.3128239783268838,0.1562078796752445,0.2597100172557897
1026,0.7633194514331476,0.0684253112079034,-0.9460645121255687,0.9047498032588244,0.2102845638952283,0.5380348391544619,1.7297873874562433,-0.8244232886633468,-0.9243041684813366,-0.2364259383706801,1.3515411880254022,1.495563854448844,0.3689233677726904,0.3664243896509727
1027,0.8212011497518233,0.5548672402144881,-0.8956885116957725,0.7565529007024825,-1.201212818893263,-0.8377416743488576,-0.1154573171891894,-0.5534312459752201,0.8898594886509348,0.2863784830010945,1.1917832459491762,1.4077587015156046,0.3003681340711783,0.32607265315006
1028,1.7655611776272604,-0.2471853653544143,-0.1222021510407434,1.210382609061763,-0.0909208031237956,1.4940052477075458,0.5408282103844916,-2.352786469885359,1.177570414149464,0.9127268131198089,0.7512366579045038,1.056374613507188,0.2346961616595629,0.3358294669879825
1029,0.9513326061105448,-1.910978378545258,-0.6629899612710476,-0.5887048335567698,-0.8411213675603924,1.7419225318939382,-0.0117678378236339,-0.0365609426291706,0.5520083103157789,0.569301667889382,0.9404605904273482,1.6333885745500574,0.4248707563209927,0.4023003193368171
1030,-3.3348927106258297,-0.6463575371493634,-1.4127885777912768,0.4003060931548196,-0.2888924143340474,0.0153875645012686,-2.078519748890523,-0.3098522246904981,1.1151302518328152,1.4094494831021676,0.4358885739775355,1.2824330591003046,0.0340515750848744,0.2010053233434549
1031,0.7188634195406998,-1.3354652934481188,1.2594018029921237,0.7240022550000158,-0.1171890340645386,-2.025036314509744,0.953594950662517,-0.5921663299833791,0.3461658210547809,0.0683938606366625,0.8179622272631923,1.334514762045241,0.2179869487563394,0.2750683052105774
1032,1.5383949844382785,-0.1253669859975085,-0.0151135900859478,1.57861539047863,-0.6582222437501886,0.814322851407777,-0.198615722878464,-1.0025419620049292,0.0011609867208726,0.6917051136079876,0.4048815629612043,0.9658178179753864,0.0496536319527428,0.2023912659892341
1033,1.3537098399765113,1.4746939853456824,-0.2947640742255326,-0.9872492320322136,-0.3187388995774793,-1.1815307533301556,-0.217386199416505,-0.3416652836197584,0.7274902041567654,-2.2059351799143783,0.4435803820139513,0.8505962206710249,0.1627572894187451,0.175116373828548
1034,-0.7336079460866397,-0.7255183044419155,1.1871272524080254,-1.113844377401017,0.2266573596489938,-0.1281284144197813,1.043042526836382,0.5958318645105473,0.1212437318203795,-0.5546668745880683,0.3731863195024687,0.9831740865512458,0.1034185782983829,0.1126766637210483
1035,-1.852342503109876,0.2470856556874053,0.5304897985298728,-1.574867612474653,-1.2336941643285493,0.2523299733716759,0.33914168620787,-0.9906473100920592,-0.5740647135680381,-1.8364888385704263,0.8331647667125763,1.0952842431309735,0.2855514404595394,0.3261980256038367
1036,1.3772639038132335,-1.2998744073684525,0.5422593912485507,-0.0349606961533803,1.289593619624759,-0.7922540927747564,0.0612527103403872,-1.69842690923735,-1.9385268369397537,0.5963335838654739,0.7600100009890683,1.125483222968265,0.1947516146218188,0.3306395370791645
1037,-1.785025839069702,-0.2282175344345308,1.0112954479729197,0.7466848560946794,-0.6645854879485937,-1.5885031364081723,0.5094948616555286,1.3422567828601808,-0.6622380786656235,-0.8033128584071165,1.19617588071222,1.4782841192863143,0.3029185145408947,0.3698070534381523
1038,-0.5249019628689985,0.5716087108071156,1.2285176064149128,-1.2396068113805223,-1.498281809324653,2.339996321932448,-0.1773227878900386,0.2528927956903095,-0.691930840617639,0.489962309452716,0.4656794073156962,0.7914207561094996,0.1486863115426184,0.2149398890160881
1039,0.9600608747015223,0.2997961715729297,1.7408580770144348,-0.3267445899410919,-0.2628824730353762,0.2314063512774156,0.464961645506097,0.2279472620626092,-1.284415026955091,0.3125151661955613,0.722654415596657,1.389873498135524,0.2043508240196193,0.2481928214012401
1040,-0.3741735848034373,-0.5809770140746456,0.0324820547532436,-0.9615226873292144,-1.1353913238732314,-2.6154689600038497,1.7472373285098912,0.5557313191030023,-0.1167641213063051,-0.6672232368866481,0.8856737421470459,1.2398048216509263,0.2197289992742109,0.2787122197674204
1041,-2.876032282046417,-0.7285288762214843,0.7158663371640762,0.9421743035938688,0.6422919936033016,0.1583919557524684,1.303874145931379,-0.3285372220885403,1.0851889161343613,-0.3845824437202129,1.2675743585667052,1.4738241709778903,0.327797072582292,0.3047527772994681
1042,-0.8811413088777623,-1.005712980422521,-1.0644964211729528,0.6590680288024853,-0.7427455710970785,-1.033028845034944,0.71373521966136,0.3279703904722328,0.962591982845802,0.5125995112727985,0.7566126537020811,1.3722155097808195,0.161646627229985,0.2698080851253406
1043,-0.7531115801973117,0.0761024164685874,0.1251329907696772,-0.9191586584740024,-1.1046249740939926,-0.6807216091177045,2.0365823566720804,-0.4127440942215489,1.2328667913867144,-0.4686605094797979,0.7552038661550026,1.0785193864111355,0.0895859611885874,0.2884706800738194
1044,0.888838819539992,0.902491655557847,0.9525905079520448,0.3878273420089586,1.377366578781151,0.3783539693527278,1.7135297293402796,-1.6199198031884334,0.3482862476668184,0.2833235925356664,1.2203789136122485,1.4947494931461347,0.2927560719026056,0.4021520435425194
1045,-0.9365198458054912,0.5795842217637382,-1.490082675576618,-0.6541843257603286,-1.999087812897808,1.5586265169628146,-0.2315494939452954,2.166884034816312,0.802949926519495,0.4480982133510244,0.9022841471550764,1.1809553814070783,0.1712958711456365,0.2859437257555957
1046,-0.5862276942809993,-1.04635003568742,0.5229715738969453,-0.0715140092729821,-1.339270315485301,-1.5168584165083183,-0.9587037291435838,1.8209672252662303,2.213277918011304,0.2049891473089098,0.5579346759756776,1.1412026878543249,0.068592813041541,0.2049466893514442
1047,0.1489427962412884,-0.336320371829521,-0.9344853483095024,1.375179057607244,1.873576393897136,-0.8934190858392855,-0.0828383784246015,-0.4498663007101679,-0.4202390748649771,1.185908255429862,0.5338357441935959,0.9007421993271176,0.1010208583606459,0.1267163071328952
1048,-1.3119615453661218,0.4664696909363062,0.7282381073058656,-0.1421511736018191,0.8930678269867728,0.1476518405374501,1.2171299211561122,-1.5222053049258542,-0.3487752610068693,-0.0718131428510346,0.93464245443909,1.5366746407892258,0.2808062629334608,0.410114020381061
1049,-2.672207384471349,-1.0859527335785348,-0.8135992543587863,0.9482059948233496,-0.7068433463146004,-0.8180789873059771,0.8174857806561917,-1.6179106457900545,-2.071244067443572,-0.3615923000693464,0.4982105022991649,0.9023599951336204,0.0977372849017831,0.1383449347492572
1050,-1.4477067680783553,-1.409679294659649,0.5734337916879819,0.8759738379125791,0.7888642158521251,1.1087766603072329,1.2411343200148015,-2.128590208826931,0.4504119599294666,-0.5296081995695587,1.40864585370021,1.3644029655140035,0.2902107364515709,0.3478864205976376
1051,-0.7474242459904361,0.5604146322087054,-1.7302954798957515,-1.75110860587232,0.6335727440817172,0.4877860175108979,0.1367326558715102,-0.8799134047231368,0.7438296345821243,0.6803028920604759,0.8570421173360796,1.1668568628718496,0.1740666640189395,0.3426600772525777
1052,0.0853045150474541,-1.1773210412697714,-0.4252483457295067,0.8378336775244427,1.3271912228017868,-0.3265366033763284,-0.2496729678082623,-0.1616891080250611,0.2748930089109721,-0.5810673000600238,1.2044145887516329,1.5516644445935968,0.2509337031741268,0.3297591528036246
1053,-2.894185057571584,1.1927690016470966,1.7946889471625491,-0.6123998596057125,-1.066653368918774,-0.1371005223902222,-0.1875038837287729,0.9955185771629596,0.0546394416450378,-0.7926228303711832,1.21608119430602,1.468115364450527,0.3313217336226972,0.3960045773668725
1054,-1.318409450558049,0.8656341848196735,0.5995112411642496,1.0605598780918188,-0.9681867507210938,1.838436899528329,-1.743694507057237,0.7096010214014796,-1.9095827671969017,-0.7903313816984677,1.2307613008851943,1.3376617470058756,0.3944218469807128,0.3917879007483984
1055,1.561022930447959,0.8313642544759895,-0.5462204154871819,-0.5188370428216882,0.1006221108354421,0.5141409907607227,1.2515793826826966,-0.4562340046084945,-1.6117850634872015,0.15696862704876,0.86975869703392,1.1163908329780372,0.215400495110867,0.2348577618237627
1056,-0.4574308375083948,-1.3006337047484473,0.2976689153127944,-0.2131137540927891,0.3065122064697944,-0.8944442001871804,0.4867105303254986,-1.3170981967549784,-0.8277313896965831,-0.2429142310872777,1.2678101757389506,1.4644025915614167,0.3014595251967784,0.4348987015065049
1057,1.7418184149597142,0.7848253685484937,1.0771925042677897,1.4170770333431444,3.602832135810873,0.0415890675584339,1.4204009231298556,1.012635254401941,0.9960325033075258,1.7742396180401812,0.676745968877972,1.1315508269387202,0.2228662140543383,0.4049110737273373
1058,-0.4193130309844765,-0.4986850239363795,0.3197655134818615,-0.1826997719218871,0.3185008529981731,1.5627487850530115,-0.4781467227062784,-0.3046789625937304,0.174311003526577,-0.2283184260251692,0.7861917665338519,1.2591136117923931,0.194651426507076,0.397112279737815
1059,-1.9140058280134875,-0.5801276426989396,0.6873732422375044,1.4375467509326465,-1.1546185675377267,-1.159282399230843,0.0302338027173356,-2.0755950648778367,-0.4449702029871274,-1.7360420595513937,0.6252778333034745,1.2094621044669358,0.1187227983218969,0.1746714214731641
1060,1.3690612998424652,-0.7693311543504044,1.6528341863390272,1.113521353458339,-0.6463172976974167,-1.0719596368460775,-0.1935457491675886,-0.1046466242582032,0.3461469439524013,-0.7765432895301789,1.2446193079676724,1.513949779614746,0.2857581531128899,0.3946902954980124
1061,0.746394873522203,0.2653280549998995,-0.3403951567158639,-0.7120406554180231,-0.1848849830986859,-0.8169012518275693,0.0584386948835875,0.0854386852199097,0.2617072834763393,1.766242409671854,1.6647449151106886,1.4741824861968569,0.3255062180625037,0.3675317590193059
1062,-0.1324447196995724,1.0045978671244824,0.2295873969757016,-0.238244301898454,-0.119159269951234,-0.0588264091680503,0.2797677077282163,-0.95932076521897,-1.465340383444967,0.6542973934742754,1.2442848862560905,1.4761766324944383,0.2794740758635134,0.4909449266100162
1063,0.8981238325812592,0.7456358328028029,0.1549720185564726,0.7672246274532887,0.7134290260171423,0.7876293589549547,-0.8595408213421135,-1.096951797154631,-0.3885692467522706,-0.0173841095426554,0.917718496318434,1.213674664739923,0.0847894032028016,0.2819495388373715
1064,-0.2419211271322895,-1.876690331337876,1.721692612135142,-0.2740459888857355,0.1727044165769536,1.2445489907630587,-2.344972269521205,-0.5116938719117121,-0.3871172735798044,-0.3363100454506446,1.0703027564405083,1.176933833336029,0.2551608786026829,0.37209712009763
1065,-0.1734865907139527,1.4471347984448446,0.6734588757272225,0.9580352686288296,0.0471202718109237,-1.3993730461455012,-2.079697035146007,-1.529407723231631,0.3597657041660195,0.0317697126976349,1.2328445873783962,1.4158178368131848,0.1782343834108555,0.4342081604304477
1066,-0.2101636475560075,-0.3685769067401366,2.011721575442747,-0.8229035909764744,0.9278194561160588,0.0019129360209939,-0.0609395117859969,1.176637548616744,1.4625303826914446,-0.2395494568848382,0.4185243997176452,1.017615045188769,0.0375089830205317,0.1867381229764899
1067,0.7992027192421421,0.3638913621500538,0.0074371388099146,0.2042549426570258,-0.6880088148448377,-0.3060993933310847,-0.5806352797527063,0.9013767164289196,-0.0952011155410625,-1.2977140246150385,0.5033719054901054,1.02685935810443,0.0442588906323792,0.2598455474380676
1068,-0.7234372231630879,-3.1992646452121782,-0.4944926018821485,0.0376450650971495,-0.1361358488669737,1.9801543515313924,0.5749060409150368,0.5304518530891508,-1.6432690345702778,-0.3646420541171327,0.7403105215268029,1.0325530539546754,0.1945488290018268,0.301718765451323
1069,-0.4866628073236956,-0.7860811988080079,-0.7998806655133466,-1.808122953941624,-1.2758532046813285,0.8740934027649491,-0.1429146919931822,-0.506402418274334,-0.005411334652708,1.167390678701151,0.5160589433171759,1.136213240368508,0.088177558163207,0.1940190187815614
1070,0.0042105208757856,0.5403741309310379,-0.8466048423882574,-0.6186299507467191,0.3539768850636753,1.8926537083371135,1.429774859514874,0.582828069456139,0.1514337601607182,1.401069355627171,0.3896815618766907,1.0820553502887895,0.1092154532039051,0.1789986136352918
1071,0.7946783230451239,-2.293662022370661,-1.053930847855222,0.3381403253579316,-1.7869675655509722,-0.8975890047568621,-0.6998149436579741,-0.2561659062458337,-0.2874302082262078,-0.2891204271668269,0.3095325306534536,1.1444412195055087,0.0386160017771971,0.1704360995315147
1072,0.8253075172403137,-0.2652238654505343,-0.3846301320712339,-1.3491721041435163,1.0243462019858247,-0.6714975139474861,-1.0870303280012752,0.2130905748689709,-0.7669412623830628,-0.5259527397942941,0.5358344511076003,0.8803442071383314,0.0253245110873428,0.0938026208649667
1073,0.258460174319069,-0.3264826237795563,2.3116093753006344,-0.0748285433191979,0.617838218879222,-1.9416940474929447,-0.8606491319147301,-1.0869136949167124,-0.9543797233026288,0.4155379938370026,0.5720996952905636,0.9454813755273678,0.2463635046236665,0.1502822467184563
1074,1.0355650677774098,0.3446305046345108,-0.226644623566309,-0.6308550387124194,1.113599751186509,2.071255454154862,0.1350557047836908,0.9393630640715724,0.343370349795475,0.7555049064655893,1.0617823464856615,1.44346070297146,0.3121567327569244,0.3764898330607344
1075,-1.1645467781101164,-0.488136280142124,0.395469440045584,1.212490944081979,-0.8181342216376747,-2.033299111040127,-0.4982644264412491,1.01013071434825,-1.5838955910878494,-1.1769198921315842,0.8612332214002513,1.1021411610011345,0.1309204140768209,0.2100892630295446
1076,0.1559185860511121,-0.1159712527614639,0.5944664815532273,-1.2287267604455792,-0.3249785941686678,1.1951854024030977,-1.192896193636784,1.4769122963102688,-1.0674169858886888,0.849381577377611,0.5776425832062804,1.1481930980524944,0.1849509843803389,0.2684281486258408
1077,-0.3729585102131256,-1.1449082576389766,-0.4968990471525983,0.544929188178994,-0.0068539949014909,1.1184694114433438,1.4357400609348814,-1.1830306653178504,-1.256269144910345,-1.3047937736208417,0.9243405797187164,1.3228030209608137,0.1832598506277749,0.2103039443404018
1078,-0.8991960960480192,1.1042145208197445,0.5603619506667351,-0.5450275729224316,-0.0111025906228343,1.4043055051659386,1.90801085097912,0.2593843334428021,-2.6592811840473987,0.2972870947599731,0.4433294891944947,0.9400178606082938,0.0671432518860971,0.1651140548050877
1079,0.9347481295413476,0.224632315856075,0.7265149187347837,0.3570653744603841,-1.2346454174818653,-0.8862384333634628,-0.3211521871301564,1.0654147782383516,-0.7658840683206206,0.455902633167647,1.1019805656412789,1.461345838410224,0.2682229450592222,0.4104161254312796
1080,0.3036925939211968,1.5861972650791305,-0.0416797781294145,-1.7547584182762586,0.646870464896778,2.1380552116340046,0.7123833448664562,-0.7876615918104071,-1.081945879178965,-0.9529688335074052,1.254055307385729,1.408935491281751,0.3635532663003517,0.3509968849079693
1081,2.003311880382046,-0.327327440521436,-0.6626433938280276,-0.1584366441272333,-0.3169070486057018,1.5676503597875036,-1.014477491016303,1.1806432316604467,0.1220920964510847,1.2070265134276854,0.3382199386184663,1.038077807136505,0.059129593279283,0.2160645735378694
1082,1.5826190437340513,0.084797633913095,-0.3150636095991657,0.0661788318651031,-0.0947706720051316,-1.656966455738728,1.552480373785073,0.2457850173811903,-1.163099185051054,-2.0675233201984087,0.559633139889947,1.3392455941483068,0.2336146704020201,0.2249761725418499
1083,-2.327599232930349,0.7704804366875033,-0.6189775684070953,-0.4549006681051333,0.4881542645388235,-0.5160481561017785,0.5465244160535132,0.0952640643767153,-0.0841295831492362,-1.572750405691489,0.9781834314230572,1.6672265904097527,0.263131004825102,0.3582907575633688
1084,-0.8197313564388596,0.6025353655868659,-0.6820218148640513,1.2053695557844908,2.3464013239933985,0.6563853008413225,1.4928318913651577,0.7207272382960683,-0.5342620226721879,0.2001516648074246,0.8600921858776076,1.4649221794398446,0.2886140192582123,0.4357746548384743
1085,2.013320946097442,-0.5235537426274511,-1.039327298878074,-1.1341944231152694,-0.217529383833549,-1.003472088643062,1.6740194274372373,0.2163565345912876,0.9717263097605028,-0.2986653905796983,0.6600921571815525,1.047971320775939,0.2225481317388238,0.3503365035613532
1086,-1.1401971977561185,-1.3093939454332773,-0.9079917421781208,0.347525494026711,0.5198829317679478,0.6031960730586848,-1.4886726837818571,-0.0004091858982701,-1.0260618308923926,0.4014659675845282,0.6428847648882117,1.308151408629974,0.2018770920743411,0.3545902669537323
1087,0.4790770554974521,-1.1721730470264382,0.968029607196348,2.3388229415282447,0.8348357375846623,-0.1628340395511046,-0.3165457032097422,-0.2090639816725084,-0.7607338467770106,0.2523982066520493,0.4929779638482383,0.7477722082512049,0.092401630884198,0.2530071909335635
1088,-1.1384625911543045,-1.8896977865979003,0.2196016818135486,0.0212330657758211,-0.5711700164371942,-1.2826966226103669,0.2897440269140348,-0.9901750385704507,-0.1389443508653345,1.7649718541264443,1.0659380971374428,1.4612035031092547,0.2911933248224511,0.2550243060065759
1089,0.6511897695753841,-1.3691326623816966,-1.2748515710123025,0.1518190927437587,-1.375320682059021,-2.0017254812342866,0.5323720112967234,0.3209357543208677,0.4505983312791324,0.2630351818179038,0.6671347575437476,0.9098624320102826,0.1252867716236399,0.1956649431925895
1090,-0.0653107116723949,-0.6621885476766607,0.5161349660879432,1.5298834884051506,-0.501229007443454,-1.0207402102082983,-1.135119419411239,-0.8667302333337176,0.2025985244760738,-2.13962756355356,1.388642858453904,1.540605612242808,0.2882537864239513,0.355324245374036
1091,0.4391704244323258,0.643913010296156,-1.79807835994288,-0.9791804362775992,0.0796809798454138,-0.1434697303043978,0.5196374682685905,-0.1411368215163659,1.2647695267749652,-0.321169399043682,0.8797850701382139,1.0126558696045382,0.2322945210137946,0.2450477624222563
1092,-0.9830329867197536,-1.0634418662617564,0.735468509281689,0.0296211419569163,0.6337159007251949,0.6131224992291844,-2.0198498527638407,-1.1400826010234435,-1.0206250405038206,-0.8160641884917624,0.925228366195664,1.2161299542662696,0.2322061883925054,0.3040994406912359
1093,-0.4203553265765259,0.999149594617186,1.1984823523838992,-0.2928908302029968,-0.2512808613247445,-0.7054337240572864,0.0891876972385442,0.2025208827339366,0.8064755550022653,0.7984387259825529,0.6247622904859004,1.113927083660466,0.2336194668805691,0.3083327908679922
1094,-2.3021180510690518,-0.152544947637118,1.3841000308901037,-0.4381149273049169,1.1392418183632884,-0.3064518000111888,0.1749234674419638,-1.136890692399149,-1.0992485575665147,0.7254915722630145,0.6180989905305672,1.0403274563037173,0.051664905464867,0.1601967931139683
1095,0.8818182802006649,0.0264289062004927,-1.2275242426383912,0.0438045566072146,1.2572349606742776,1.7428664700517604,-0.3167079323259144,-1.6598678502577902,0.8403635995547787,-0.2759630964550008,0.5102917390523237,0.7685955933999895,0.1836720942811492,0.2220873368188778
1096,0.9430406415610396,0.2810722250176194,-0.88344410576185,0.0582443606593809,1.3083383670543278,-0.1491539889672437,-1.0348051634453777,-1.5886441685966566,-0.7721646868646517,-0.410136261770982,0.6227034597048873,0.8419396059190831,0.1622282580177628,0.3115749455513874
1097,0.819999135917259,-1.1208492678116218,1.5537518857296355,-1.3371522108411915,2.331486092556837,1.725518556754471,0.141166249387992,-1.6476935347695922,-0.0554240619824218,-0.3868409579865057,0.3679121644622682,1.0771401794903768,0.1000554972343646,0.1227783075875877
1098,-1.274287223050924,0.2910096272474423,-0.8236431298556439,-0.7149058470495814,-0.2036786345723554,-0.5749088287057034,2.078156617110029,-0.5357146329995497,0.4408810113944755,0.1455224922103618,1.2739325957777805,1.5833603204837348,0.2699436723665576,0.4582958260127612
1099,0.352750225258872,0.429088403610932,0.8813614866061223,0.2664460756186423,0.22489579488632,0.0584770684681394,-0.1384178523399744,-0.9117978816606772,-0.0608683774202014,0.2412673752655334,0.6333236593210803,1.0505243853550357,0.2068298697794376,0.3012692638986136
1100,0.402164556572795,0.1802847729902364,-0.2329550134485338,-0.0570799031958977,-0.553646484550792,0.3132239910065639,-0.2211282279141218,0.18056093819747,1.0008030433825523,-0.7093589096424198,0.4283426511575894,1.0809594435971883,0.1265447157107974,0.2429069535467008
1101,0.5966953809104842,0.0332101798853727,2.021193599580755,-0.2163003284635096,0.6951645831510663,0.015353451755977,-1.3883045083134935,-0.5206890955191443,0.8804711054283936,-0.4326944606082731,1.1815295346971595,1.560258026797834,0.2777174848485003,0.5026909345043298
1102,-2.220256314839614,-0.0314030169245038,-1.0923362979510105,0.1318177325967188,1.5511470813980186,0.7694573108029035,1.5366558287399776,-0.5615120214444915,-0.1431663336355322,-1.0444361968077795,1.078118134481702,1.7105297429458313,0.3017443973544704,0.3312244555215629
1103,-0.6840434450400951,-0.92688483228618,-1.3067229692119573,1.3658566253313404,-2.0919602950264222,1.3701389048045567,1.2460589249202312,0.4997926754789979,-1.1145072680940693,-1.5821751114432072,1.40521190257329,1.512590138839496,0.3425562049190119,0.4611927959271297
1104,-0.5484036812635643,0.625120456339924,0.0030636374406742,-1.0434994950947576,1.14820478465649,1.684383328181538,-0.2265991640145975,0.1093369035973457,-1.508848683629496,-0.4143867161090352,1.2506933331217538,1.4407759155187183,0.3487856688834625,0.4000377753727298
1105,0.5104399780009937,0.3548565402577775,-0.5076678492097068,-0.2742435084764469,-0.4472107365445518,-0.278464713718385,0.4232348025181267,-1.9675370853691223,-0.0743495148079221,0.3499755356256891,0.5685857818608419,0.7846269426208539,0.1223490858504926,0.1680707087427485
1106,-0.5704846856410772,-0.4793330439648814,-0.4503944408154495,-0.47904997353716,0.0058837778503734,0.1290027580137837,-2.1005143162338,0.6528803714722882,-0.2899988843469592,1.932963175468534,0.9653309637178532,1.2623087347889097,0.2119928872924648,0.324315499667511
1107,-1.1916485388987084,-0.8673145087543316,-0.2029089785832611,0.4132254496860355,-1.9507673273715016,-0.8291000521161067,0.5913201605738434,-0.9481239464325424,1.3700263763762277,-0.4538835988490723,1.0502338720684925,1.6623256690528054,0.3995685209208452,0.4196456755274108
1108,-0.8993732013418966,0.6102442577895195,1.6076173868244463,0.4163962587438965,1.2604293992232585,1.6766353406369636,-0.9218586799275784,0.9383913340595864,-1.5234705093035474,0.4249025317863849,0.959040356857364,1.1430851801327466,0.1601443216887509,0.3020462374364461
1109,-0.0713178905148192,1.2429502030420625,1.172251512984841,0.5697833505344024,0.2984278994828184,0.508368676721951,0.0617708713765455,-0.0611957411079036,1.442578172252443,1.5628898196781764,0.5434941038367899,0.960601331875688,0.1268884095184242,0.2153194741036707
1110,-0.141659197702207,0.2376364030107446,0.0816552247727744,-1.611698441937195,-0.3364355776120064,1.5997042010481028,-0.7497758750318108,2.114543462301301,1.1721263095893824,0.4014981505462089,1.0502539837063418,1.5518793017451722,0.3431764121260761,0.4085734658795196
1111,0.5608432859764206,-0.9172066963350256,-0.2652287522247021,1.4413991103217594,-0.6145293391735335,1.0611317569487992,-1.3770401894370583,-1.1981584124750106,1.901384665586316,-0.0118371462403241,0.6152648103261693,0.8782596206503048,0.1233975211065925,0.1414859646801612
1112,-0.5384998869943409,1.3627408269989625,1.245821554963504,0.9207545652572384,-0.5698979194121059,-0.2869175759376756,0.31162882372473,0.6943993421472372,-0.5084835740185372,0.1707371106206965,0.3885918641766912,0.9369069166262208,0.0528969908212877,0.1726002090629431
1113,0.2673913007974061,1.2867697563752534,0.7544658289351189,-1.5068016448352908,-0.2136303084853857,-0.9287833699834164,0.5680874206116735,0.9231533505050442,0.1015559856102445,-0.26812703062785,0.7785849689288812,1.2837154486331384,0.1839420480647149,0.2207187146615203
1114,0.0691697930359831,0.2089192734777545,-0.6400996517169069,-1.2187111007693654,-2.050139042555353,1.2671821317388838,0.4963662436349658,0.3625110113441724,1.2651988879529492,-1.255468009692417,0.914006784649516,1.116290986638496,0.1970639786447685,0.3223268253470355
1115,-1.7356308758550187,0.3842319165190897,0.2932713754434303,-1.7313068096727535,0.359521062140472,-0.4002229523995679,-0.8070880597375816,-0.3334237082824128,-2.44152857091847,-0.591374223391938,0.8199610418402783,1.3094179547521474,0.2239501571696379,0.2569345210151446
1116,-0.7042945694842044,0.5571024469361402,-0.158230136510886,0.6388688736788816,-2.5495393447366808,-0.839098222571048,0.5559970515714441,-0.3088646305731551,0.8454605329743672,-1.8046029093892235,0.7178562173991662,1.0194333463338234,0.0926329886689246,0.2481962711527785
1117,0.7311108396894743,-0.6391392177850403,-0.7361970843826743,0.9910470469274518,1.161901129956506,1.034699696087282,2.038641925048266,1.2668036084433345,-0.795436583732299,0.1416381281356504,1.2374176418895109,1.5399228192939327,0.4246091999300343,0.3862439285872477
1118,-0.3601979084849351,2.0290898599490657,1.1048699546987093,-0.1888801367134558,0.877909797753002,-1.2321984663131047,0.2502617376454727,-0.9379224926030842,-1.688592200627407,0.7845362375298336,0.4682239105982604,1.0116578512012464,0.1535757967790519,0.12467329849048
1119,0.9085910951875514,0.4572126362119861,-0.182967040566501,-1.2663586548464094,-1.1613468707172474,-0.9692799797387972,-0.2336732917249238,1.0761787336049151,1.060404211078653,-1.648567599612877,0.3034444108523494,0.9412884729379852,0.0183038520470356,0.1787584326237181
1120,-0.6932333367169472,-0.7201610195718389,-2.5315831285012456,0.5661209469499078,-0.2461598243185216,-0.1131425366309759,1.3458710583756384,0.0883090132843571,-0.4307304649660178,0.5720776210049433,1.2753749544193935,1.4109251136447736,0.2286586711609328,0.4034668580857674
1121,1.058871846575562,0.2964675660492255,0.6891895986981486,-0.1455676497428844,-0.0818577463596627,0.1130207102988284,-0.7531209504326618,-0.5680616143696008,1.3778796418184736,2.0079560958623213,1.3293815226922754,1.3305026561483388,0.3410116199152992,0.4408653101869163
1122,1.59219791403818,-1.3232573567685475,-1.4198575345849729,-1.190709431945161,0.1343874418794808,-2.808724592357664,-0.5888015666195007,1.4070992891611132,0.9824388307289076,-0.5090946505735073,1.3431127653234942,1.621848021487169,0.4101006962329808,0.3821953975690472
1123,-0.4333554411706377,0.5672417068069041,0.935268755244199,-0.5331372677397601,-0.2343660217194376,-0.5660097285200234,-1.3313494413752138,-0.2197437480218142,-0.2959275402087635,-1.2606441159886557,1.2164357370116787,1.4583561566751977,0.3000988422377905,0.4766436677818156
1124,0.6460809376377294,0.4833206786258894,0.6957197008450764,-0.7680703554643681,-1.9835756781146476,0.4673311296456491,-0.6641127146297134,-0.890668133245701,-1.2570530746434423,-0.2753225280871538,0.6654985516069332,1.1138950327834425,0.2688590468252281,0.3510018253451045
1125,1.577327297050473,-0.5054495213555146,-1.0898030441669335,0.6519334010300283,0.1728122797712839,-2.1193013676882075,0.6623463197532866,2.1284677685016,-2.600535927429024,-1.2357060240221238,0.7636868353182923,1.285440200112072,0.2170607921246016,0.3750137304500494
1126,-2.8485270886516063,-0.0753044207408348,0.9903862366113528,0.1055007497962792,1.3919956981126695,0.8305502903301341,1.702147323502177,1.1602107681070948,-0.4029430686095044,0.0667264562348398,0.5074509593826773,1.1025632113872583,0.232100595524631,0.2299049577523733
1127,-0.868676915480973,-0.2306561688680487,0.0618316720181197,-0.0849073235353539,1.3422535263036104,-0.3301680625068308,-0.932086413557357,-0.8696110349031873,0.6551002716225308,-1.4031384080889997,0.8049328165794845,1.272244698522098,0.1817359570898057,0.4193983852762366
1128,-0.2011861701509173,1.327500245455421,0.2925984457408303,-0.0746053891187544,-0.0359104036384298,-1.0295645922271728,-0.857134710434541,-0.1951816729145772,0.2712730301092931,0.9481500118021108,0.8180071037695982,1.1727066679774487,0.1582155497489982,0.3548610095803219
1129,0.0925606171714347,1.352774175754248,1.605198015209525,0.7952672124822038,1.2249814080558843,-0.9907135213880944,-1.1491989346880624,0.5179733762901656,-1.3412098118670472,-0.2903718440159333,0.5867187412827739,0.9502645628585906,0.1288225672561211,0.1245722015893571
1130,0.7711919053297392,1.413372924685207,-0.2542156502880655,-0.6499442953076904,0.3204616215115825,-1.0735434435238893,-0.1732786482934271,-0.0080000482762813,-0.0279839926707949,0.0885034738178818,1.2277455862609734,1.5452756352076695,0.3853664904779611,0.3614590598635655
1131,-0.8345148555721418,-0.726992992618417,-0.7471162610326202,-1.620094339195057,0.3418303218461059,0.894657451692005,0.7963100828535359,-0.2624968604607547,-0.8110052394638876,0.7443146423626893,0.6721647371197677,1.1104572039074958,0.133171574984254,0.3668328678879491
1132,0.6389230223745517,0.2174206424362958,1.744311252423273,-0.0264255213670628,-0.2568899839248887,-0.3998173310746002,-1.5608777064808073,0.6613399641422925,-0.1054853671577765,0.5099312413567952,0.6548639295024037,1.0320216577948829,0.1610647472842574,0.2066979190290117
1133,1.84187800209124,-0.3907517699046172,-2.3380087167915518,0.4810703695107723,0.1668593898926755,-0.7324538759713198,0.3972663356214977,0.7860963201043751,-0.9466099102115474,-0.3013318614033824,0.4904888352299233,0.9666962380946238,0.0844804504311217,0.1226099221845484
1134,1.476753729848928,-0.7216221912293651,0.0666697554137852,-2.6244111660438847,-1.481845501081295,0.1575174973327997,1.227987809585601,-1.362029682001001,0.0745640620604965,-0.3757179090537167,0.8264254763607339,1.1959666089785956,0.2372680362038938,0.3046761748219305
1135,0.9530880549924936,-1.2178033053225852,0.4300776483674853,-0.653690686996257,0.2230380248264751,0.0689310523084726,-0.2517790741426178,0.4778118462693844,0.0436527343029611,-0.1328063020766949,0.4837296298430908,0.9128806969992368,0.103607661841088,0.2369118615408081
1136,-0.356416534022743,0.0775983897453369,0.222043548146072,-0.9891420800806212,-0.3494712379173766,-1.0551859446311729,-0.0398454227807857,-0.592332204854028,0.7707831479812558,0.6727269777566897,1.0284991513374209,1.508747375368074,0.3116521475764742,0.3640967608190868
1137,-0.9227485635643696,-0.0023073453984748,0.6385165792483638,-0.1753083201640287,-0.7282175248055448,-1.0924035280447957,0.8542675615783623,0.9027131482849698,-0.2079475988740486,0.7661375845266774,0.7412143695092,1.2230610848766217,0.1433289490853688,0.3174961857624696
1138,-2.965210529885341,1.3275546507092362,-0.1569448052771787,0.1417765607994892,-0.3205177236659693,1.3957074818675057,-1.0607316239555338,1.4744603266068357,0.396270920945111,0.622664215918158,0.71046456263408,1.3062853693033216,0.316891387269415,0.256962159914909
1139,-0.3292045633289162,-1.3082191978963706,0.9305107655361016,0.3114083511893308,1.3616234583088176,-0.1937763202156981,-0.4192313788989148,1.388088236640302,1.911894164497444,0.00934717636573,0.8534207862374675,1.127325809511798,0.2520477086898894,0.2367370795457392
1140,-0.7527574968571061,0.810530762789549,-0.2540205661706743,0.5992628254007983,-0.2592759743787534,1.5640140182118132,-0.6994895050506996,0.48052966252196,-0.4887019702321238,-0.2815065614207691,1.2720880137641568,1.4127011033110648,0.2896507705450815,0.3484487362426346
1141,-0.4120556547605766,0.7386080660934153,0.9183631149338708,0.557738828932371,-0.1079834667452703,0.1401800310015927,0.8977215684594247,0.9293115872076052,-2.690275631353535,-0.2722221717726958,0.8822350470895755,1.1163019645560412,0.2275982129665913,0.2827950985868833
1142,-0.2242587914394855,0.669252564126162,-0.0667708177107457,0.7191833809492872,-1.0786607710305522,0.2600545154607801,0.9002056534504943,-1.4743828693181482,2.513643468208903,1.1908859328665191,0.7885527628201138,1.2147755907400128,0.1619087664170575,0.3105183556770443
1143,0.0013533024656418,-0.8284081072387681,-0.1750851502737058,0.0838023596113405,0.4406625568120475,1.5006608494600309,-0.476098469442846,0.5627098375725612,-1.292429162600113,-0.4136007143252674,0.9530334564354412,1.1221905214167285,0.2585905071636922,0.3749048816743892
1144,0.3767168478693585,0.6912624910088047,-0.7532324766646197,-0.440791696011914,1.4605566355835455,1.161908619628045,0.2084572170523663,-2.2366451532207154,2.5111325476900084,-0.019931561657245,0.4183845010971956,0.8544945394909448,0.1150980450085882,0.1726296238616563
1145,-0.3125670580213269,-0.5223599258541148,0.3763670371991087,0.3865825891709297,0.9506278731265124,-0.9260621643490132,-0.3124948781412611,2.0305457232242023,0.2245906332499918,-0.1725243733267464,1.4802904828744503,1.5034807540499833,0.259890029598241,0.3426420244494144
1146,-0.9416177655837016,0.5059343058207516,1.031018217042444,0.8745876458098074,-0.2588008636089167,0.3612522833635362,1.6716594366486115,1.070882292171469,-0.7841627421933196,-2.5460050646214696,1.3634857438636243,1.4428816025915814,0.3021914399730214,0.447790137255624
1147,0.2967725070842349,0.7985681267484328,-1.0892244918732623,-0.0087895221227777,-0.2636990658730787,0.1042863222321988,-0.5446962871197124,1.2905109976279934,0.1479688806327626,-0.8790168861647499,0.751574164806917,1.195407117125984,0.199171579508874,0.3341662255758045
1148,0.9174621535937204,-1.264187595991705,1.2844943775351327,0.9910594242225638,1.389775295320786,-0.1582463724416158,-0.4961139797833766,0.0840217609330931,-0.0844367863555313,-0.6527362855635124,1.2886116503265488,1.477988626874517,0.3031824530748259,0.3814110494238256
1149,-0.5536233141256425,-0.3663728472664642,-1.1700036864398626,0.6779632895993344,-0.0522971375710065,-0.3083784692336468,-1.1103541609416774,-1.160372977667465,1.935914050722412,-0.6272574628615696,0.9783581389620832,1.525760085739813,0.3946095880416533,0.3558140429654469
1150,0.6105283942093266,0.1626344699001771,-2.7751884611081024,1.7924508231385925,0.684083978776116,-0.7676701543048088,-0.0283665044295952,-1.1491833674036658,1.8262204784611336,-0.9076577082414644,1.0840455435595946,1.4129272228356258,0.3362295889361561,0.422424272709822
1151,-0.5230839966946594,-0.7295610781475912,0.0803794002091702,1.3703165001393138,1.7893744490951575,-0.3989961442222967,0.3782589823179224,0.0819054126040732,-0.981609264444058,2.422555574595944,1.1762193461375314,1.4081980938361034,0.3046188395819962,0.3217688936332098
1152,1.3627595622962556,0.1891158497110345,1.5818760934989875,1.212106712717805,0.0818613410817556,0.3259636053279932,1.512126142376654,-0.9461535811296804,1.6736906973213392,-0.2251125606851161,0.8143426566857493,1.2871524386087934,0.1374400431683161,0.2233740861585167
1153,1.5246767428475672,-0.0052265974628201,0.3376062224729719,-0.034308356572459,-0.5318436228112274,-0.270054898144312,1.379111403168567,-2.3141639826724685,-1.2389659448048371,-0.7254717093581022,0.957943789169486,1.1388240360495414,0.2567973922971911,0.2923001167401084
1154,-1.0783447924360212,1.509979610415489,1.2576769778532042,0.5920318093946155,-0.6378040674775352,1.335051866794137,-1.588129925995544,2.141982640147936,-0.6846297971775508,-0.2620352218414382,0.7838045183058673,1.2438412699496646,0.1558000571626779,0.3066248571747823
1155,-0.4293438504947142,-1.073107414098677,1.9251131239369192,0.7888946307844868,1.215470542079787,-1.223669272060771,0.1809378270039994,0.5210286893314037,0.2707565235498433,-1.160373451068,1.142776587776386,1.367950655659497,0.3168741037363199,0.3868346096561042
1156,1.0755000211306371,0.1215500827851543,-0.9549640356430028,-1.8552505395526635,0.60666651348988,2.4504557341315008,-1.0152542733462817,0.1704470504129659,1.1104972790915768,-1.2696522661013012,0.4842975171555292,0.8789839056585842,0.1795700183881402,0.2438357093193058
1157,-0.4799567690850245,-0.8601587792614019,0.984676694824546,1.325522569354059,0.159036264731735,-0.841734068994101,-0.4427909379278477,-0.6304985142467532,-0.9772688616230066,-0.1020382008184647,1.3446233826257967,1.4694555297558318,0.213540855524829,0.4976458691244755
1158,0.5748264844618621,0.4902574444285194,-0.0082323645695107,0.0570538368253638,-0.0815507950897787,-1.2972115391662733,0.1601348969828725,-0.5836255854546498,-1.3473432191594377,0.3707055671155837,1.1908353737991195,1.4251200203979946,0.3208400787241557,0.4583560394001649
1159,-0.611730036418545,0.2277539212588357,0.8476378150694273,-0.950238721145232,0.0921212820729715,-1.8104228817303611,1.5325330906092762,-1.359066496888782,-0.5148196623973748,1.3383799037639572,0.4976949443914534,1.1278575167939375,0.1541499969258434,0.1461809406298971
1160,-0.2345229260809859,-1.1973976863003002,0.7130732322865353,0.6905324621511849,-0.6331863393652334,-0.5249265207803991,-0.4354089706180862,-0.2070239606860313,-1.8929710769218069,-0.1814238611180994,1.0989314841510784,1.5957537163279767,0.164369371809478,0.3925272153417505
1161,1.7839141981831486,-0.8959699672367043,-0.5834935934697638,-1.183617663196396,0.6121619263953538,1.2031973581423765,1.180317839177625,-1.24801058889366,0.4997917304969599,1.4337500342142355,0.3569168798375328,0.9523446198566476,0.0850589955485398,0.1820877811046246
1162,0.5096631077101231,0.4784096833437766,-0.4716425786351585,0.2201098237936636,1.2363181797064051,0.3282089684287639,-1.2482747560297265,-0.4560416742859714,1.2092795388889936,0.3247433203510952,0.7447738747887391,1.0902856350371186,0.3145955633409343,0.3933731002080675
1163,0.1190620782430763,-0.5540155332467,1.188599180534435,1.662412597822257,1.263189123018033,1.442591621445373,-0.3587062407661666,-0.5001690973739038,-0.1563451734991859,0.0385732419762537,1.0256901269615577,1.6582116751303566,0.2800267254763573,0.4064593736665855
1164,1.4310197801252555,1.1658867394684167,0.5384693872544943,-1.431186765846887,-1.688021844596875,0.2404627448017032,0.8802632056007167,-0.0795670489861375,1.914904504978405,-1.0824410437804357,0.4936726040103084,0.9340251358746036,0.1491926171803073,0.2062943265288329
1165,-1.208351949495599,-0.6642809744743209,-0.7022972131912357,0.5262858686819794,-0.4217118518435028,-1.5478404612786616,0.8915784566951168,-1.7599519260721297,-1.0712182230107092,-1.6227065707438688,1.1285172865171138,1.3695410556199528,0.2553202493140439,0.3179309942198952
1166,0.2071212770708735,0.186047712151212,1.9164543210163527,0.91382665614555,1.4416461833422003,0.2886096512984931,-0.9769318210905636,0.1281076019934963,0.5924210073873067,0.7038073822515748,1.2018335322622753,1.3803334407715604,0.2867219743740729,0.4685050926805185
1167,-0.4724121441083422,0.4887864737823991,-0.9330279708412644,-1.043277594110717,-1.1157847113854849,0.024625988556797,-1.1778363550763036,-0.4247443898710077,0.902916551413958,-1.029129678078305,0.9199299572921588,1.196772310589738,0.1956457636928425,0.3939937274710504
1168,-0.5043120335043169,0.0716312767761695,0.2468869015322666,-0.499290590805561,0.786860068735157,0.5904523007847245,1.1398566043617029,-0.0816019243470599,-0.5128188094563434,-0.682632022012122,0.5520756120358711,0.9672193540123476,0.0286990941439774,0.2196936609082371
1169,0.3070275179293628,-0.3771557828112729,-0.5691697776807892,-0.4482872642453222,-0.6836904851242519,0.199021112762732,-1.412583182544061,0.3030162924749628,0.6765487604029504,-0.5808791381772977,0.5829323772582863,0.9368348475486356,0.1145601377569016,0.1818213352542485
1170,1.922036939606547,0.0176213109768533,-1.5613429830998886,-0.2812429063366705,0.0626561449357966,0.4489675555702139,-0.2574305241108466,-1.0115702757043907,-1.0949806181122828,-0.6535992851816712,0.7815967600800998,0.9512177942437668,0.1889109298141932,0.3484684651204027
1171,-0.5577753625187629,-1.1349741648992573,-0.7328131611036991,0.6594585244393549,1.6484126076944867,0.7554617138709632,1.3058610861868123,0.974118468233698,0.8331303283983444,-0.3377962630573283,1.105289616665016,1.5052526368215315,0.262202464665404,0.4180220838146387
1172,0.1409108783869471,-0.4206193424560216,-0.219107162333627,0.068167100386586,0.7135661515790268,0.4233233815151238,-0.1618292630143563,0.0555387408916662,0.4334636741935265,0.667394438057835,0.7783476802463827,1.1060758459317992,0.2666275733832564,0.3464466006766107
1173,-1.5189951632572023,-1.077388963898937,1.1073105339393423,-0.060869569931058,-0.4240765933669789,-0.2634994729260388,-0.2637053055765539,0.5579377815243737,-1.108016393980767,0.0247777464967612,0.4395093236071825,1.0497788309417777,0.126870600141019,0.2321150617505588
1174,0.2461177294504042,0.3962679165655031,0.222863996210293,0.5159062303140283,-0.5726961510583128,-0.9418027323249556,2.4570044432505136,-0.3012646845742364,-0.184454470654568,0.6778400977178844,0.6305744104004922,1.3006606541032628,0.1715150518537134,0.2821086033279366
1175,1.5960892921942411,-0.5445281169346958,-0.9988152681895256,-1.2421533507916105,1.5931062215029257,-1.0381069864610342,-0.0275559365155667,-0.977284832042969,-1.448355917958304,-0.292375353093686,1.06378817522602,1.2301873380721011,0.1806838762276412,0.1897352813622047
1176,-0.9377866663411604,-0.6916284254233128,2.006105097417404,0.4248961041724028,0.9314695195539888,0.8246595628492529,-0.1008609230790248,-0.4397183593776238,0.2489346118611166,0.1684507699324943,1.4084646200919533,1.3654790329191395,0.2498280548250248,0.3834323850456075
1177,-0.5688054171653081,0.1298478304668606,-0.706329706696292,-0.1714579306408397,-0.335283474517337,-1.2688725926057791,-2.35115821311217,-0.9390632499396993,1.804104664586301,-0.3096817820367279,0.6416411791700293,1.077323998666576,0.092108124507987,0.215414603181941
1178,0.7759681608964043,-2.124445143093358,-1.0082860679643275,-1.3544896173623504,-0.2023000100871148,2.4219554805352432,0.4602389432279179,1.6956125332780865,-0.2544367276856635,1.364869373855072,1.1099421460693342,1.513965368956535,0.3036668372389068,0.4484384947840677
1179,2.07325670668289,-0.1093690664104582,-0.5392647112273649,-1.3178109369901527,-0.3090602585769696,0.0818966752007911,2.030953617349149,-1.2949739740960864,0.0596618936969781,-1.814308121389617,0.896717812243895,1.2493977382205643,0.1818826221226949,0.3370911147195063
1180,-0.426762828838568,0.3113953574120187,0.512583152688558,0.5890230796419218,0.3974040328868454,0.580421940096241,0.0457391290026633,-1.0478663059889717,-1.851656963680056,-0.5466878217372169,1.1862047300695429,1.3918085631286867,0.279835610404453,0.4042263491892162
1181,-0.1346154330632297,1.2539317971754804,-0.1006016751561869,-0.1965690342166925,0.3855271268417796,-0.2700119874512021,0.8105419989469383,1.979333618383878,2.1907855142107007,0.0970406272444892,0.8910215783664746,1.1816471827842847,0.1395400644380197,0.3028370841648409
1182,0.3368923646954481,1.5788561203734834,-0.1499620228962709,0.6791921419241791,-1.1351601296858251,-0.310839148274998,1.1561146166453071,-0.7181956337876233,-0.1280511787296777,-1.5742096456021195,0.8113456040056553,1.2185837628902754,0.2459935757977215,0.3509461620044949
1183,2.005768294509637,1.2630280698169032,0.1880995661527482,0.5075128720823281,0.3958981069433684,1.3843117530307858,-0.5188000423713724,0.7322676199282319,1.0774164988521733,1.215325970476457,1.11086836914275,1.4383856541951057,0.2479900644522263,0.4349407835140238
1184,-2.2593708838316977,-0.5992744782651446,-1.019170621301904,0.1495882855706858,-2.0160302195142723,-2.045622890945603,2.17009499187626,0.6176893882633404,0.1210092431988116,0.3636726478389822,0.6448820108337716,0.9684918072091075,0.0879284717637503,0.2733391278449488
1185,0.1463409237491798,0.997350656551526,-0.6324441920639787,0.1866148260735692,0.2274212679377154,-1.0468579584583375,1.2769830590630524,-0.4456767399014094,1.017421669808901,0.1149127263714801,1.275833677982251,1.5436235704801056,0.2404541747013136,0.433936403463971
1186,1.633584832409058,-1.0413790885215242,-1.08475880151045,-0.9056955910043086,0.1332955505143741,1.5414683957782052,1.5930936181652504,-2.30996860043844,0.2497071612225387,-3.2129536105150227,0.7070863659490242,1.086597981406504,0.1826614211616644,0.2707103638275654
1187,0.7950317937850347,1.118169414895207,-0.0402442746921856,0.0839815774947546,0.0736388929402397,-0.7844419187412465,0.4317057853214802,-0.2314080016532572,0.9302917092896184,-0.1136269345192297,0.477840030561496,0.8559018365475082,0.1479408153233836,0.2563843147258214
1188,-0.8610231064882589,-1.5358646708655104,-1.864064825055712,1.3125093439544353,-0.4577893528590192,0.3385741900816487,1.7832298917445188,-0.5628043312978913,-0.6274774843811537,-0.1321617523553239,0.6052657525859186,1.297845780566655,0.1594735685089187,0.3428487768491393
1189,0.0294327004199928,1.8875513502558463,1.5658205940941132,0.6208754159067472,1.449413768996868,-0.178219012567856,0.2991645671884785,-0.3015136445386949,-1.2903683825796397,1.203874741793595,1.1897330261000376,1.5028775564080998,0.290745117528939,0.4606064602116743
1190,0.5316987339898607,0.0180734734236638,-0.0024678493121753,-1.5062148709065084,-0.9774753331527154,0.3361531701140248,-0.5291126672745058,-0.2177130412174901,-0.1046560647791016,-0.6824687690171107,0.3760411987474972,1.0607840338735008,0.1550665082444775,0.2358170040270205
1191,-0.9679183200240504,-1.6123576309253735,-0.1465182790115405,0.6186085476102836,-1.6436341422199503,-0.0240478250998262,0.2811432526915606,-0.9895804037291448,1.4221418115480882,-0.385715369038408,1.0324698914323418,1.1471053237275302,0.2478652411296765,0.2946954682329289
1192,-0.1012596884565111,-0.1612695005979788,-1.770774422591056,1.008752071684044,-0.9555187684192374,-0.2365205154057363,0.5976610012779955,1.460903426144534,-1.079932281896839,-0.4464835855944271,0.923340607635267,1.199231100427863,0.1806062109068765,0.3653036101935814
1193,1.3824186300071537,0.4637138792754469,0.6711713590516084,-1.0511317357761678,-0.3792095299265581,-0.1678354323804307,-0.857894757342974,-1.674569625673907,-0.5104985587635958,1.3542881995844298,0.7508438060981071,1.0587274241099442,0.1741576558413085,0.3309516473294266
1194,0.059173465560496,1.3742909135733763,0.1790209142295196,-0.7647077295879625,1.2776190132317218,0.2123261406678989,0.9618388324273972,-1.0683281711205714,1.0387562896145033,1.0688892755441983,0.6392038751587091,1.0111129375296513,0.1659098533617012,0.1320912539261203
1195,0.2897671443565355,-0.8069220858097825,-0.0460088287126118,0.6112911472382442,0.2345700199365336,0.6010827381077641,1.0122459076529051,-0.6484466533719213,-1.1550756209601392,-0.0375388013722418,1.1335104802773146,1.4711424882845898,0.294272028626374,0.4042047194125098
1196,-0.3297431588698678,0.7858464131561501,-1.074498389658808,1.0203818741776796,1.353612109546766,0.0003049642622898,0.0607361255813044,-0.7675465012301531,-0.5426608989740664,-0.4083366806456837,1.303636643608829,1.455519316182951,0.3069514343476562,0.3977438554837974
1197,1.442940067837931,-0.0718707858107739,-1.3221729566400084,0.2553543421120036,0.826290124622276,-0.0254113693215949,1.4692134397269894,0.777508667265898,-1.0491287298878536,-0.5514328123964021,1.0611165144163277,1.4886333310918565,0.2928170235051441,0.3917459717498477
1198,0.2262262814246088,-1.6661892380266072,0.3363567374706145,-1.7615824272546483,1.0234334555645097,0.9072736847917084,0.5047813609150709,-0.6758783643523114,0.1702028246135389,-0.5133774875146491,1.2047639184872176,1.5075673540613386,0.2783852410446334,0.4636357366985633
1199,-1.0308152774500663,-0.3387430117714108,0.6982655364920956,0.0438141928317609,1.4507099241344232,0.7657805394802747,0.6586908139056186,-1.608926549445604,-0.2851585301552783,-1.0643724104341996,0.3830519370796983,0.9279029891530104,0.2389981812111778,0.1481004322505385
1200,-0.1830028796239041,-0.6932761239231569,-0.3776049530579387,1.0611627323738506,0.4752499290058339,1.007114428981635,-1.6006831090159857,0.0579746966156635,0.9667049813966008,1.5062959148871558,0.996936798793536,1.5734476745001218,0.1961440073113062,0.3882363045013781
1201,-1.548088389692493,-0.3514836361611699,1.0342266740047628,-0.1922783128114453,-0.9104176741697236,-1.5499991784960077,-0.9487015346631668,-1.688901668563729,0.0584604568340257,0.8963101857786598,0.7145824925076488,0.8455064077846599,0.0009017757130643,0.1250409399021151
1202,-1.260974758908604,0.2577297412110527,0.8452710294458669,-0.0027083268483496,-1.6106942949172454,0.3862115546625031,-0.0546469447644703,-0.1565046486008555,-0.5468372457604648,0.0867874262740412,0.5898359568346986,1.1124776719985812,0.0743705601510745,0.2341606202000534
1203,0.50981790844696,2.3906481343358488,0.1123320683872048,1.5111411600126732,0.3577550834268766,-0.0995283276477533,0.1485475277112924,-1.2217363696925094,0.3058602707520377,-1.9920650648213725,0.939025532751199,1.3787346414429824,0.1876832359410076,0.1849264141165006
1204,-0.8626663578885319,0.1098430931338106,1.1939822731788443,1.430624396998394,-0.2365465796409347,0.1557173195304408,0.984362469582028,-1.3294935721929189,0.4047475053155036,-0.827892867365809,0.7179121077590314,1.1573195805064742,0.1870530601710804,0.290607029949564
1205,-0.1718250446767187,-0.4590232504943153,0.4353581270481474,0.5503036740090902,0.8910786773973972,0.3481988284644483,0.1716537699688964,1.8540238004386016,-1.5243590701971772,1.6956098601292395,1.3678341896896002,1.6274428426687582,0.2914163173037608,0.4549242438025909
1206,-0.2898219088683968,0.5708915863683052,-0.325659680593601,-0.702541629551626,0.4845771927942285,1.0421283086144433,0.4730079549674051,-0.5421157866828823,3.611350062815669,1.1985736708662522,0.835766136663109,1.2064505972862571,0.2453272078554982,0.3036126024118958
1207,0.9333423042072528,-0.3529642307422042,-0.6251657882890393,-0.2798390758429393,1.0814065443924832,-0.990604337075828,-1.068203831454317,0.5395475333610181,0.3191964446421203,-0.7703135378908958,1.0057811177097764,1.056158883320544,0.1742414550453991,0.2936740551523025
1208,-1.0912035784152248,1.437896993368432,0.3570044252995619,-1.3635358637280326,-1.293625536082294,-0.3615119724504693,0.7328418069976331,0.5950088021082799,1.1316785370012177,-1.4903498074607977,0.5439452690457991,1.1267960487103088,0.0987800716381921,0.1288885175246896
1209,0.2238466897796567,1.4259103323213609,1.3328017304760988,0.3589099814126859,2.348018508653876,0.6092851164158597,1.042746632841343,0.0444479187755067,-0.7809752928442871,-0.8752092007787461,1.3263770844682503,1.5754958766141964,0.2029070670310296,0.39980979331646
1210,0.1816152147944201,-0.2115020068502069,-1.7685856699134812,-1.0257935849257411,-0.318403574054093,0.7272793759371594,-0.0160738861620745,-0.0720642105005139,-0.9869126270033162,0.0231660800620988,0.6409858169319702,1.1335348902497937,0.15485955365186,0.3404632349120993
1211,1.3191010274459878,0.155575112758557,-1.507313581481862,-1.251522794304531,0.588788877223153,-0.2243154752226196,-0.0745802301035142,-0.612734175014757,0.5034122121999125,-0.3009177132453492,0.8116830174172184,1.0714408999243972,0.2440032981478671,0.2283097088035792
1212,-0.1866132217286046,-0.8512233916631263,0.9216912981427696,-0.2211327916164214,0.6078803331197599,-1.1935915640340178,1.7338831383786082,1.2773740385132224,-1.9097976696589267,-0.801937475063715,0.5330113790470944,0.9185989330708444,0.081716145873474,0.2252135374019192
1213,0.4776343910098848,-1.319728656149004,-0.1315940821633258,0.4266317859767969,-0.1847259119794835,0.5388387035370963,-0.6933299046018816,-2.244181542168122,0.9821153121650608,0.9758146536025304,1.2782174098589294,1.633696907355596,0.2958873150164273,0.4153225431481671
1214,2.5036366422883325,-2.207186517934314,0.7508321093468155,-1.968682138083387,1.7564932816753192,0.4878668336960094,-0.9519288476762532,0.7802224746014357,-0.5530450077169359,0.300416099551269,0.7562262677595676,1.2181989882622797,0.2219743024004256,0.2950845076272811
1215,0.205960716209084,1.7441681361472945,1.8149259100865125,-0.5972653732735059,1.0581056179960362,0.3548401555702974,-1.4126820670069118,-0.69622838037218,2.336146099599624,0.3578544011046551,0.3196249515907503,1.0331470896330894,0.1182280738677728,0.1659913261826024
1216,0.9997795795175224,-0.2120443123669909,-0.5399419147193418,0.0272645076344746,-0.2661040552462171,-1.4932529310315985,-1.0033254574540318,0.7078845144122309,-0.3806906891024109,0.0257048820279071,0.3715612963927486,1.1475879150503965,0.1245722755447201,0.1885459484539145
1217,0.2349230504972106,0.3130500488187198,1.1465790613153706,-1.098695815068532,0.5702527235436246,0.7550277935196478,0.9858517790015056,-1.4129175994148724,0.2548192183469981,1.7160759463985171,0.6862967116852513,1.1178185171578654,0.2651295198393116,0.3068830970434023
1218,-0.0991205191566231,0.4834947019642914,0.7803955945851848,-1.0254698443982604,1.8338247289999745,0.4995007969689037,0.5195028141934261,-1.662027378010535,0.794544798213313,0.5064103413791373,0.7449412932999294,1.2509689231224657,0.1592800906276838,0.3750421515140189
1219,1.624191327722064,-0.3112652143043535,-0.9876583295984416,-0.6822389947743331,-0.5049782350072989,-1.1188465181313738,1.2901600237659931,1.3276978629316667,-0.1957917011400552,-0.392759922084194,0.6352800534896725,0.9533425928797225,0.0685664876484569,0.069093340065386
1220,-1.815481913319312,0.6959612553036046,1.653440108825843,-0.6371947172595566,-0.1167845257763981,0.4342914613157309,1.7244183606099055,0.1997762218350945,0.1954299160265186,0.1793185011598031,0.9777628842672949,1.3660530225042244,0.3067595170493692,0.383688314777932
1221,-1.4250325069036731,-1.4467906538298647,-0.8079951691148726,1.0128905740373726,-0.3353570705459931,-0.5296040488022927,-0.5471746041437677,-0.1376568784726773,1.7021079341016403,-0.1511973856971215,0.3654664512584759,0.9718835957535444,0.1252668573823674,0.2263919674957793
1222,-0.7862974053748583,0.0252456290816328,1.7550836057615369,-0.5028247189356159,-1.1810050084309451,-0.5009912697304171,0.1287637363484329,0.6882409508253399,1.006883578682246,-1.0457172739623284,0.6100329719141119,1.187173651951617,0.1308329611514194,0.3450864348570137
1223,-0.9508453344590696,-0.32326225938749,0.6844930246968961,-1.2600078976522555,-0.6073269104176972,-0.592743729411948,0.9417488553643708,0.5282607606644375,0.90371836104992,1.3386779742330543,1.3176219624530248,1.4101972773675542,0.26169773987998,0.3769366474750846
1224,-0.3056500950890805,-1.1874061548536818,-1.18096361784702,-1.83810756505884,-0.4587668296661927,-0.3842226148317383,0.7875534068050477,0.0169142171766039,-0.4903284443426062,-0.1159987261605858,0.5747206605268661,1.2335968173440577,0.1863577726829934,0.3485087541283929
1225,-1.0389734837147642,1.0254065707512867,-0.7859155628095085,-1.1399312719358956,0.81788196670747,0.5741642083638515,-1.7236853785590116,0.8550016347102224,-0.7415926390940565,-0.3741045275639198,0.6901590782037448,1.138087705175007,0.1246737370980442,0.2497854718252873
1226,0.1870201076939374,0.5866248826168217,0.4454791746875265,-0.0498183309060024,-0.4246433289159106,0.4122206935654472,-0.118387837344228,1.805354459125924,0.5864090099699019,-0.9234156249903548,0.6818018003931782,1.2995973678846444,0.1650869075624303,0.3062087842372306
1227,-0.4775999513736513,0.0481921772598295,1.2994312150704548,1.411105009112135,-0.3961347203655643,-0.933634216589443,-1.0614976412061874,0.2524287572157801,2.303784309217493,0.5390941042551023,0.4619236596138195,0.8730534733987187,0.0915849788414178,0.2299551665931797
1228,-1.5939125266840073,-0.7260041032460013,-0.623914201844913,-0.822002520114908,-0.3878938249342202,0.3693948610199418,0.6819811693226466,1.0917634909166438,0.5242025730471778,-1.9541502403288409,1.018836091118497,1.580911279073138,0.2575139539261152,0.375850803696358
1229,-1.0573045875313134,-0.1580940368591912,0.1472798557674789,0.861418359876257,0.0431841762167727,0.0507072538636743,0.2377973631390593,-0.2550217387812019,0.0868851398778115,1.1258321790117507,0.8530683123010048,1.1336563842780512,0.2018787429667932,0.2842654585605954
1230,-0.083910898784003,-0.0302127267842833,-0.0335854047671895,1.2977738137911687,-1.1080533268294424,1.7758468947911954,-1.1763818545155131,-0.654220261327759,0.7447382697153198,1.030316695473671,1.2194052010055727,1.2619260894476505,0.2085159092395958,0.4307983503023419
1231,-1.403499016998488,-1.092701863247086,0.2778428094718478,2.344419387763796,1.2462627809986806,-0.2480970496318102,-2.419129138075756,0.0816427344211592,0.3622968036465537,-0.3826951410828035,0.603718140564905,0.908951329646848,0.0877985823914432,0.214735962645115
1232,-0.8507239905465955,0.1591652603213882,-0.9422611938939608,1.872448660808724,1.516744797533817,0.657912631592761,0.0897105691193164,-0.6601640866135599,-0.0207871838909012,1.639297135207276,0.5693217601658704,0.7972322728329151,0.0556979876510811,0.1833710310075062
1233,0.8686540584366282,0.2036922784764595,0.9239743341675952,0.5456106633808282,0.3962775398868718,0.9805632589915356,0.5170276448247577,0.8585514701033784,0.1613870496345091,-0.2541258231901035,0.570314019723605,1.2498430483721494,0.0885997136595141,0.1296511268948005
1234,-0.5481628789401488,-0.6673096054709586,-1.6051704424415325,-0.9119399468116643,-0.9408535295821812,-0.507345195984036,1.5622442106382912,-0.1575619555537773,0.2417668898843099,0.2733196445119271,0.8402268077201298,1.332099578954071,0.205400706048975,0.2546675727422853
1235,1.5875809128423666,-0.5755854538452915,-0.2225220802580616,-0.1061993717741833,1.136534855774768,1.3441056937544549,0.4745838196939445,1.2329093740618795,0.1776609964689892,-0.1726032476168224,0.8957993941480019,1.2663545618498435,0.1486959577902188,0.3190712808767171
1236,1.178724086585622,0.4876176752337977,-0.7355306659075819,0.9974209381243508,-0.2084926310202796,-0.3308235227242045,0.8930043681997122,-0.088832140844913,0.3889585360402897,0.6619395840707996,1.349589835148831,1.6181890042558893,0.2966775512345272,0.382096027691034
1237,-0.7829430792723844,0.3848505646822018,1.3494731052616238,-0.9564671437396102,0.4499088888312278,-0.8294677345802876,1.0213976838403982,1.0119055837497712,-0.3543223402490986,2.2096286521908626,0.9227273822081264,1.0789839497019114,0.2219289645460502,0.2314986686317785
1238,1.1066253091372844,0.7069289851361691,0.6506108961061356,0.9839269092062236,-0.99564240724416,0.1946075984610242,0.3831903853773274,-0.4001360633025601,0.4647952694439655,1.231694300434006,1.3598064408389403,1.474195448438884,0.3634291617823734,0.4245706378177764
1239,-0.4217690877659065,-0.0544243003713056,-0.8205852958539446,-1.7869890098107923,0.7789321805205109,-0.0257337948392475,0.0475794171527877,-0.9867736181735268,-0.1855035290361907,1.0965937891821234,0.377677976993807,1.1424627732077244,0.1775622633213864,0.2441143246299608
1240,0.00082133677946,0.0291837580554128,0.2075282778634226,-1.236382128406456,0.624920464102357,-1.2551981149158309,-0.9396155812790264,-1.0492147690071647,-0.1752249666305455,-0.3524527035378575,1.085761820244567,1.469398604564259,0.3072713608702879,0.3648144800334283
1241,-0.0012250383082545,-0.9052561597764432,1.0054953203063783,0.8340275687263308,-0.1738135128917204,-0.478366716587938,-0.5793574933451994,-0.3101449950106793,-1.4002452287511766,-0.9596073122118406,1.4538519858694807,1.5144326471726035,0.1648325976446321,0.416967790637811
1242,0.8601203919849665,0.3018124860758687,1.6342744859765308,-0.2991951501693214,-0.3615132271068674,-0.4078989245436482,-0.3191644832181686,-0.659954013146598,0.2709882146871999,0.0291040671484112,1.147776390477403,1.4925073443881551,0.281569031710715,0.4403523208303344
1243,-0.5099145018382725,1.2511489130189024,1.896582922486307,1.1665772055734005,0.558124013083395,0.761769726263774,1.856415517826335,0.7603193157594238,-0.5851858525992847,0.3922725266505483,1.3679531667830072,1.5283053162258653,0.283034440643092,0.3979331397595415
1244,0.6262442660633177,-0.9947172740359198,-0.2849308186431779,1.100391824055466,-1.8234927350495864,-1.250428545040594,-0.1764070536283277,0.3536795955057045,-1.357632444948907,-0.1267892516659413,1.2029399424866445,1.4197569960135163,0.3289464324285617,0.4230021161930233
1245,1.1537685390885666,0.0686514570742836,0.9390889436311304,-0.5921141213350033,-0.8099168567891817,0.8488738302850475,0.3692655346561898,-1.1855960077744592,-0.800840916162789,1.5645812410574145,0.9540441239776674,1.3255349780288477,0.1657162541204935,0.3410149187254482
1246,-0.924555219469316,0.9343287467259976,-0.4781866972336996,-0.0031758567671313,0.2945926209433722,-2.100981210499598,-1.462717335427299,0.0863330187871626,-0.7243075637838803,0.9965812952746222,0.4049046616905528,1.069593210094085,0.0741692900619946,0.1488373388312208
1247,-1.6061208808681249,0.565255056257987,-1.3762212204043265,-0.3521049941444286,-1.064377764237964,1.9024298804711977,-1.3394921629700358,-0.1220596953690234,-1.726836148020152,1.5995701220705898,0.5280045342697405,0.7325432871845858,0.0124512212797386,0.1911254058112858
1248,0.4012824161772051,0.1369730895986678,1.4743129392917256,0.1474224414226123,0.2195713561410768,0.1317252880651515,0.5636343254431193,-0.4924413839212625,-0.2142873073633323,0.810334628457446,1.2123662649952265,1.463068122984181,0.22102818506412,0.3591054078930747
1249,0.2773729515578819,-0.1142439141021256,-1.4005223910307123,1.4980502845365953,-0.6614541099507707,0.9872372384192568,0.1757536516880854,-1.2934505227298705,1.252275477530615,0.2545406463995396,0.8391209327237394,1.2581781770628362,0.1991888441202029,0.3578416890518494
1250,1.3353453567370426,-0.1824087007359188,0.7040512299670544,-1.7625271113450138,-0.5002158635937571,-1.2729933322312716,-0.3747838500383917,0.4718117395061449,-0.6045800876541457,0.8638420936387817,1.2596095535188851,1.4252544346041789,0.2859748973294191,0.3298566921396073
1251,-0.8566126435500113,0.8852366136499785,1.309757165874036,1.0135261350909857,-0.3441890518297728,-2.125453597944143,0.5821669967373478,-0.1252347147153039,-0.9783929401273532,-0.5562790648704103,0.7891861009608584,1.311210061922134,0.2342645042355484,0.3701004662959561
1252,1.4344253164448015,-1.1373402006101545,0.4683091756212118,0.2179581756374037,-0.3573876646632322,0.6445326873130469,1.6322452588988656,-0.2959715038861983,-0.2431809480771012,0.6220649049902,0.4697114756201007,1.1346099794514255,0.0903347886776015,0.2735792541284947
1253,0.9182428214350016,-0.1277072071486352,-0.3053737360936483,-2.2176465207197604,-0.7780089123665535,-1.1393116720675505,0.6846249963118912,-0.243902948600842,-0.2830216055389282,-0.0090562636229811,0.4978143252557876,1.0707231373804276,0.1737556182154928,0.1903286185709397
1254,-0.8701764701253999,1.553247186688754,1.2981939116966108,1.6181067830476878,0.6834172312388914,-0.0294781150219372,1.614729303006885,-0.6809668359129796,-0.8712089790330124,-0.6015115147698592,0.8218388987544175,1.32888634252063,0.1933498418034968,0.2339553858746919
1255,0.5228712669142984,-0.7621051933876727,-0.1553729882179987,-1.6018552938847763,0.4810976654282442,-1.5171033671831091,-0.932161054865362,1.217167134896644,1.1803183169861102,0.3743130895464978,1.0143007054584912,1.1530235535662865,0.2079378025468771,0.3578003334725563
1256,0.2756635817352305,-0.5309596471542593,-0.7729036637422013,-0.3622416977573796,-1.5136541744623178,0.2524485549536634,0.0488311248084097,-0.9334212667102668,1.5686819188413577,0.6069137102870481,0.4391506096268798,0.899213208677787,0.1126868648387416,0.1103461801043805
1257,0.6918418040088565,-0.4873399260391653,-0.0013300780263234,0.6273726701874223,0.1527823671002355,1.6019007847698716,-0.2037875694167511,-0.5045605322361106,0.634252876471426,-1.264647272286512,0.7712093923132081,1.2245038664315406,0.1865024051587418,0.2228274528407126
1258,0.9242969323081122,-1.3007118005919829,0.6385846660585501,-0.6482735541726626,0.4765841469833932,0.9073429460610174,0.1534211955039187,-1.19962095164068,-0.896775244507152,-0.7286591410337823,0.6594177956204013,1.0103538153949176,0.171557605888087,0.1869981874909777
1259,-1.895006893597774,1.127477858731929,0.1101075857563288,-1.1355180451889948,1.4556748574583571,-0.7013281001381633,0.2505724890748714,-0.8252705451962018,-2.018260153329028,-1.3644405588512607,0.7119988018309237,1.226918092025516,0.189210643683589,0.241111927100432
1260,-0.4484904308664313,0.8982968712060478,0.3465331468192452,0.1402051261712452,-2.010027622744882,1.2700861476800949,0.2236796964955559,-0.11941766989216,1.1324231099888953,1.2474967235682737,0.6469784258787495,0.9377729777106004,0.0079866807602215,0.2664083026978666
1261,1.1545902476091912,-0.2470864967032876,-1.0034765607841956,0.9889229171420733,-1.365054443070417,1.9472567386642825,0.0279995451945629,-1.060884255699584,-1.2318685541566103,-1.2776048240560596,1.1243552976281064,1.4392176107384376,0.2117306206485013,0.4870470743298495
1262,0.1403629067208431,-0.0063923200597871,-1.235922173509193,-0.356455786555902,-1.3679353860913424,0.5893018059441726,-0.0545932661127137,-0.3784025059174479,-1.2881107300675272,-0.3001556002227654,0.6710519412790312,1.2058449480705649,0.245631016127022,0.3210858466501548
1263,-0.4147278813463268,0.3177267012095967,0.1670179781169606,0.7920601020793422,-0.4845765435050623,-1.8604115021964944,0.99109287659804,-0.9360325130481806,-1.1069170530152554,-0.0431165451137521,0.7940345688007809,1.0298334141712584,0.1595137582116358,0.3093900169021261
1264,0.3022705129545168,-0.5308364057146827,-0.5386926814681269,-0.3910263177655551,1.4165403509931431,-0.0026780875581322,-0.9679628394617962,-0.9577833569029672,-0.2508841795823693,0.2378579340280073,0.4212825930013003,1.0203359459998769,0.1340871704407571,0.2481251442900051
1265,0.4839801619661905,0.1241586038472153,-0.8418733509170888,-0.4239412995607827,0.7339078818646241,-1.1460919604530957,-0.4657533930774624,0.5974628578813526,0.8752814266351764,-0.1929153710913828,0.3773820642187316,1.2196646054978957,0.1383739672277065,0.1999142923165468
1266,-0.4112068105708159,-1.32211794144374,0.5256399227270944,1.3187796851467892,2.5651540585996915,0.3864461835180462,-0.050879651643981,-0.9198106131509072,-1.8788569137431492,0.1769592497398333,0.908953658307664,1.4365407771999974,0.1280639949471565,0.2887368678754323
1267,2.350339120154303,1.2708122296569129,1.1165642691137982,0.2456028170579155,0.3595231602803221,-2.4237473182779774,0.762510580763997,-0.5793405695758157,-0.7017273465958871,-0.3232569530486074,0.5621568340126673,1.2192651532648024,0.218269712096257,0.298041894227862
1268,-0.3570044894510149,-0.7176355919716624,0.0138720721759761,-0.5582775962080532,0.1003229557561461,-1.487177814550033,-0.2140577706320174,-1.0962955896862512,-0.6414493184978661,0.1433988430335305,0.734546642900169,0.9950485483811674,0.2186766841705884,0.3727717241957662
1269,-1.603997614754958,-0.8224073772721373,0.568964384836334,-1.413177841865801,1.7778671402788075,1.2044079561306469,-0.4945270844522791,-0.7872096877850634,0.2019399033354818,-1.4474622570271596,0.4408981544266568,1.0440059929023144,0.0215927843289974,0.2228606531846257
1270,-2.002142724832433,-0.4593351240525665,-0.1340487665021912,0.0944272243535302,-0.6147406161178844,1.2739467294749474,-1.4951396584838834,-1.1382621349580988,0.4866359561448113,-1.1616473856371412,0.7606617702255344,1.1237582049397086,0.1619818179391934,0.2803194208983495
1271,-1.2003204521973168,0.1233547922071637,-1.0535226203160315,-0.1330844279206872,-0.6998565596577566,-0.8616637033727397,-2.1023053913449403,0.1395631528213373,-1.2471899921129288,-0.1682422035305197,1.2573649973538803,1.3687836798804482,0.2801442334216073,0.3979264111000426
1272,-0.512104898348565,-0.2065080586998832,-0.1496753740132607,0.1936282509182633,-0.7277593014914427,1.2426964792733683,-1.8474000608555767,-0.2265911185272291,0.8362309764108673,0.4767725530026038,1.035144116320221,1.6796665201675016,0.2573252259969329,0.3665281543183255
1273,-0.974835576528597,-0.8082454929880238,-1.0067925593266038,0.5992276306643892,-0.7399237285155085,0.2551230881234501,0.2643014140759551,2.368393468235372,0.3132512598017035,-0.8111440147504635,0.4021692050177502,1.1798480087138117,0.1276452614299741,0.1531703996878179
1274,-1.460150262066399,-0.2758527146377454,-0.1190858424273184,-2.210699527390556,-0.7138541602930133,0.2973525428275529,-0.5323556702661748,0.9686237857058372,-1.55835644472052,0.6768828201532168,0.910623155885997,1.2200698694288878,0.2128626710555751,0.2827761395623773
1275,0.9138897415259528,0.9564964758415364,-1.5658563846543787,0.3145527958573842,-0.6687541185215149,-1.4061424419829012,-0.4138677249737084,-0.9049779919008092,0.9207504681638696,0.5130633430135693,0.4250584013043026,1.0337766099054602,0.0727456385002204,0.2908377814787553
1276,-1.1524444681088677,-0.724221313830929,-0.3806974256166236,-0.0724051473178972,1.0063782748037806,0.6907823264806331,0.05139196897484,-0.2606488498949221,-1.773354034607472,1.2919976261260564,0.3730708894756895,1.1536156772854946,0.0944340575601099,0.2149542867010553
1277,-0.4470965978656571,1.5548402404262571,0.1961092921318354,2.0252842086214446,0.6063215333663162,-1.4320196312208788,-0.6144154802612122,-0.1691349606719649,-0.873782887108324,-0.3770608171820442,1.324973664994415,1.4369750704995563,0.3432124192349318,0.2646228072309411
1278,-1.3669391585821091,0.0057212810991223,0.2374119490109398,-1.0041094072061187,1.940254293481912,0.0635132612804588,-0.816740866122912,-1.6295392999652172,0.0599428893971684,-0.2604885328133529,0.4280010466778061,0.9075937192658936,0.0373246993814119,0.1892522580960524
1279,0.783040907286443,-0.143370264971968,-1.193718782268727,1.670718296177581,0.4356248795071857,-0.2541087115983586,0.1646385314497382,0.4740419565616581,-1.428856613893435,0.1576942199628101,0.8385749968181695,1.2702659998499306,0.2120438378600204,0.2667153267553226
1280,-0.4501234732938916,0.5072999856297516,-0.7401819246062783,-0.6047018550970825,1.6628710985640576,1.2309120908821365,-3.2955611799673084,1.1567619824643116,-0.0736520262577568,-0.7081820628990119,0.8369016437825167,1.212428569485085,0.2468028083968008,0.3388468351465758
1281,-1.00717473570765,-0.9491176282799884,-0.6799359447584152,-1.1271325836818435,-1.3545996610726423,-1.0403801508439108,0.3233938550656872,0.0500901485707971,0.5558564515518563,-0.0663698392100542,1.2045714620880943,1.4102746993838744,0.2673524922083959,0.3725105320180983
1282,-1.3066793306447917,0.4944409234936061,-1.0046892788749149,0.6466143019889341,-1.1659200029569607,-0.6874766264035254,-0.3613916405679148,0.6744048010569486,0.1759972521273949,0.0200013221509244,0.7684733666083745,1.2268050427589752,0.2357587195064029,0.2974440653492311
1283,1.885668785055305,-1.8369831612251453,-1.038377642700551,-1.081188478038991,-1.7706523099222744,-0.7195195128860274,0.687769163796706,-0.5916473985157515,-0.3330029719863096,-1.722554827880282,0.5016124787900472,1.0143306305000004,0.074204734343383,0.1537303871178522
1284,-0.7965255751603473,-0.4616987155875839,0.642400422547114,-1.6749163979182211,-0.4550087457211382,1.0868180300688906,-0.445083285623264,-2.115561414118679,1.279175777348191,0.7348969425383328,0.6244562102689291,1.1304850641923128,0.2236572726633893,0.2648544280980216
1285,0.8693971750787908,-1.743783646745394,1.5124557258472144,-0.7732760851111978,-0.509438944220231,-0.7027771659920036,0.9469371819552072,-0.1797983525052955,0.4817410325876257,0.0759010228843681,0.776219296257406,1.2466431287412316,0.2260344748211334,0.246023357391698
1286,-0.0950420036929205,-0.9467840637461964,1.8121405873077656,-1.4633936285052291,0.4122539740346844,0.3766565921072789,1.1543562861524257,1.3880900323792782,-0.1373885994167757,0.5303943059247528,0.5997059356453641,1.1127350089355486,0.043507507139072,0.1588081565179423
1287,1.7648737104525094,-0.0651767669222522,-1.0664334750651765,-0.3844681126994213,-1.3046459986144672,0.3718168109947226,1.0644562081406352,-0.1210414920675384,-1.6209600494536405,1.0216508350576774,0.9191090683146192,1.1853146478744698,0.0890111026274074,0.2300159247633657
1288,-1.7762989615657787,-1.5459547779230411,-0.1783383874947187,0.2517852456754991,0.4222474987583541,-0.0661395520464733,1.7600437651348573,0.0651683410832018,1.0346681017529358,0.786954564094698,0.4750630374827518,0.8836957349715397,0.0793288114681779,0.2016198106841789
1289,-1.2928737322045296,-0.1697304872855214,2.123320513281019,-0.5043508539402574,-0.6746205243566907,0.1705755814770222,-0.4685199292600519,-0.7937045795022385,-0.4832833942975867,1.4320096713686254,0.646225460403473,0.9709546083772213,0.1536270899786379,0.2714380081018385
1290,-0.1366186914775723,-1.328075032754712,-1.5117465380881645,2.2068049320544696,-0.2233343694341023,0.4345785009654183,-0.7713772263396093,0.3209859692714158,1.459329651601532,-0.6522631837437548,0.9434309669352076,1.2284754593385567,0.1018355426080512,0.3230412432701932
1291,0.4585867799485826,-1.405746275890388,2.022866118366792,0.2685359302445748,-0.4127938443522919,-0.2978741232861638,-0.5100381745143354,-0.4589051641234932,-2.44749514234966,-0.0979657320967555,0.6048399887813541,0.9918932894564584,0.1872291935037624,0.2429916780733729
1292,-0.1398786806057122,0.4886615372604771,-0.5231437464415264,-0.7710363141410225,-0.0077749444529751,-1.612368118090484,0.1434231875345842,-1.861819259521721,1.1208186488307958,0.684269955660775,0.8568273377152784,1.3086380711205838,0.2166684925630439,0.1753594750302323
1293,-0.9261858764240132,0.6611380133380368,0.1115142242538811,-1.00901023108486,-2.022876157229089,0.3164356834264522,-0.7942818471350348,1.0949695696960795,0.0140337338818512,-0.699582696497317,0.7500861048529635,1.3197168027247854,0.1596204329950852,0.288826374738153
1294,1.7978387330904717,0.5764464926030052,-3.655086515104106,-0.4863917687908664,-1.3840889920124233,-0.7997979377203086,-0.1447323989185361,0.3540485085875462,0.2613657421135737,1.077873076564802,1.0432745529145393,1.678392259520177,0.3840746228709008,0.3558065552429635
1295,0.6365983775086668,0.5747469291255051,0.2014923231332743,1.286798852725901,-0.3162765431909174,-0.2903032687351907,-1.9055733529725305,1.0561640438100357,-0.0769257557791545,2.9336057061712726,0.5147298000389084,0.9319505952235952,0.1307472319515689,0.2254841538621164
1296,-0.4055326917624579,0.0885781294167352,0.5465049536084137,-1.101899972988713,0.3585477138792277,0.0346614320571853,-0.3036881896768376,1.1726039587430066,-0.9037487179106556,0.2749021130822215,0.5811705571613266,1.0331918447707886,0.2467703103194234,0.148603811749463
1297,1.4546642913850458,-0.7066217559562984,-0.296885982692299,2.3453045634718284,0.474391065156057,-0.5061974766426176,0.802624760078478,-0.5680935515910258,-1.564915924160071,1.37236394526517,0.3289396645563486,0.960690979929854,0.0216005867219866,0.1253768864997003
1298,-1.1030592641310144,2.451712624997291,-0.4893323754622055,2.1332646815618554,-1.3686710685200578,1.0254935862662529,0.4997262729846501,0.8377462255551519,0.9680227066762608,-0.4977451422811719,0.6998685345802034,1.1077811094568373,0.152269094902497,0.3259109475222705
1299,-1.3088438420029984,-0.0509177303392178,0.2230302575851341,-0.4718446211555048,0.2775539701598618,0.3296255311747403,-0.910026446543866,0.3949712816904657,-0.2672120236946457,-0.6999809002033711,1.1240716408371996,1.482048542512752,0.3447116387250467,0.3616838737609287
1300,0.7873751382239931,-0.7769912116935443,-0.4566675899047263,0.0720508501866558,1.3743116206542387,0.192784077724298,0.5282883324746676,-0.2976425359964962,-0.0784896243763409,-0.0488772335195941,0.4735454101295278,1.0365759986092915,0.0029216099689889,0.0807547245524708
1301,0.2933062360170246,-0.2959675730482601,1.3399998854762094,-0.3731662385021419,-1.7072411352053674,2.74279660437002,-0.327368690943752,1.3131697870913477,1.4047908419597586,0.945214312250382,1.2519175993196583,1.54920142805669,0.4032110067426205,0.4079047437933405
1302,-0.1980272195974023,0.2866848198743428,-1.2745102093049272,1.990147773818276,-0.8518059981826698,-0.2539009627408755,0.0989864870402509,-0.10743975483696,-0.6568732822933941,1.3943390520546883,0.5819739717258094,0.9804527356414026,0.1148613610792543,0.2833628420874767
1303,0.9502792834882796,0.3220472043256931,-0.39955305599675,1.0642758718444707,-0.4644686327775655,1.5703918403378156,0.1112209154834276,1.229781526972715,-0.1138203261835832,0.0715331820409446,0.5876007181874365,1.241361625757168,0.3067793365038683,0.3141017109604671
1304,1.2254210614586665,2.1939251518044447,1.5603668175048813,0.87713461937785,0.5892834329575966,-0.506948690259626,0.2952297411054327,-0.9130491839967316,0.3757821336847739,0.4400506606935736,1.447585944484927,1.4370787850470557,0.2983976252918143,0.4016762351194294
1305,-1.960845141468192,0.0387386091917068,0.4148748990891052,-0.0837098571390222,0.3580488388565707,-1.341722243356314,-0.7758643055602588,1.0349381631639325,0.0005716656457768,0.3398789813149084,0.8673613380961844,1.38318221721498,0.2451562460308007,0.4411033039016264
1306,-0.5465211607085788,0.0194940232768563,-2.3020121801351987,0.8460119384207664,1.8079328389524705,-1.0650175492146408,-0.940332187509568,0.4408798982374823,1.473879290506746,-0.0020973173829448,1.3308229658526085,1.5324036442706532,0.3412051448427853,0.3917925293639113
1307,-1.229318020812504,-0.2086172366378731,-1.0299320803117926,-0.6688462928687765,-0.3040410991533166,-0.9293245882416272,-0.777905724174565,0.0745340002222434,0.21503581213723,-1.4239803338209671,1.3802897504309315,1.5008788442632073,0.3028932023713378,0.3867203683368794
1308,0.3963817225093372,-0.3819338631313979,0.7202615235526089,0.7804975206878598,-0.5445411809550487,0.6141476940377332,-0.8369560396988299,1.32376206283529,-0.7991362008564648,0.3527496086255131,0.8684450477636428,1.1578801183387086,0.2488215688599034,0.2433925429641996
1309,-0.1876091446442799,-1.0168945142376011,0.9009157617853092,-0.614131808866791,-1.7000721649783064,-2.88201336316803,-0.8750446944279707,1.3759084192989737,1.2577384675036598,-0.718598402347532,1.035162561790771,1.5687426755126503,0.2955727892708493,0.3773054291923436
1310,-0.3744549147013793,-0.4649130755560229,-1.3334321454495686,-0.948831871623343,0.9811495194007848,0.5038878713794005,0.2730888585298889,-1.3351466116608586,0.1007032140339776,-2.3038449694880216,0.589005773247546,0.9392738585913916,0.0899899372849815,0.2699613975035579
1311,0.8428026912605329,0.2585749007371417,-1.3452324520998302,1.61642555749004,-1.7961646591685814,0.5303061822496024,0.5551717689786619,-1.239670439352481,-0.0378506908101168,-1.636827842152863,1.4308713518715974,1.6572398210270327,0.2858937111533044,0.4615351452492235
1312,-2.8463743163268136,-1.0678762269316586,-0.6166249422619968,0.6442561808107916,0.0674080850608197,0.0935454593861461,-1.014421623283585,-0.5300113040413865,-0.9299266098691612,-1.2249740070298083,0.7051047172231322,1.1093097125277938,0.0824772073687819,0.3836434100949265
1313,-0.5936994269872572,0.0745123850963338,-0.5726385194242033,-0.3235026694249729,0.6949148109113903,-0.5007544186907036,-1.3339666309878917,0.5634535216012392,0.2658496485082844,0.3286594981723144,1.070403022638588,1.487346742025294,0.2544837829035858,0.434758262416507
1314,0.6258386575357097,0.4566415273079452,0.028728692471304,2.391452662852093,-1.2849687463019543,-0.5864172784885583,0.9673343646781668,0.1425862920955743,0.7579230340112385,0.1697564295368713,0.762436633928266,1.069518310956705,0.222083128209303,0.2283134987594885
1315,1.3740565511599814,-1.0075108556332455,1.3424598894067097,1.1709964932042665,-1.21028911423038,0.630665409887673,-0.0430399322365894,-0.6065820191190638,-1.88861918971772,-1.0108136711173168,0.716259427468451,0.989311088537392,0.1288020943901196,0.3089264584860239
1316,0.708112140184589,0.8138412692605569,-0.2107104805761716,0.8169851431432842,0.9452600778941374,0.1546399586263473,-0.7223336238502043,0.4410541128156447,0.4869847076588633,0.6739443903503098,0.6035463961897076,1.0518854275378284,0.1998815541933596,0.2728196551953473
1317,0.8654032700022395,-1.3621645719212216,-0.5099292453657421,-1.89862134568782,0.7469960383553472,-0.2123114479804161,0.430814070697415,-1.4756787481901583,1.4009808496930505,-1.194339164619275,1.4988054953938963,1.6833896546024376,0.2566038768624423,0.4278568809201741
1318,0.7745633043824588,0.1179501708925415,-0.189442777526179,-0.2701601066121741,-0.63806300931613,1.2951961769007685,0.0126128343522425,-1.2692215303532202,-0.3839602020348401,0.1283390272029383,0.5749282556879451,0.9402521141975596,0.0252229231750898,0.1993850775345971
1319,0.8978052814453255,-0.6046197205172072,-0.5377765558045478,0.0234321271474053,0.8734248199473259,-1.3687545355960296,0.5053546309917457,-0.464062530128656,-0.3244325817484866,2.001575745129749,0.4827154325185889,0.956423550302938,0.1221158434082242,0.16246351964972
1320,-0.1964692245515254,0.7546937503085799,0.7189138372033486,-1.1800239140985067,-1.845394325222904,0.8209820924169108,-1.0835461924485188,-1.6641829545710272,1.0261622148441978,-1.019426733775593,0.3848002452420856,1.0109082970349832,0.1192985046284438,0.1411677528049973
1321,-0.772517475684394,1.9743731550892956,-1.659735361381571,-1.2562860414069257,-0.4596981424739205,-0.2402568398344221,-0.8937452821176533,-1.1586550973229164,1.509994324431931,0.2629861241047155,0.5928090610991081,0.8229518862223921,0.0710943270642178,0.1870995731901195
1322,0.585168744209188,-0.1372251765585359,0.2894549488591364,0.9329016611095904,-0.9962990145453348,0.2648359965179818,0.6960423134078911,1.5447973463842604,1.9478909798017612,0.0698597969817614,1.1045664431022104,1.443493952644881,0.3935537241154057,0.357455795548055
1323,1.138638949687134,-2.670167933371547,1.552282909376714,-0.7258836617208037,-0.2410974489878908,0.4411044843670211,-0.1534423673155137,0.1964533795681345,1.5876929682261434,-0.3842200453459713,0.7441221722471913,1.0437126779731052,0.1046027568655996,0.2238120176693833
1324,-1.0869238165005537,1.813463857298551,0.5267642170046775,1.922238975313464,0.8636299105789041,-1.3235943920134368,0.6453846717568814,-0.9839480658825546,0.0074318024396669,-0.0757144036077578,1.579489162387793,1.4006406996068552,0.2439791040531805,0.3622566901714039
1325,-1.6176638046330565,-0.8128104895617866,2.2051873001591,0.2383774048411644,-0.1755961346629523,1.8128902199409256,-0.3962353100691686,-0.0914203619691201,0.9908028561228496,-0.4007357986163498,0.8032143146964561,1.0274228875187426,0.2011169619659304,0.3846773566706836
1326,-0.7465207393525012,-2.253756415360717,-0.9364983133827612,-0.9460277459896131,0.1585666954686098,-0.610458265727776,2.158019010857196,-1.057628930234806,1.400646686857405,0.2197529551275491,0.5151407390624777,0.9707314541024724,0.0690919775658186,0.2449255852275782
1327,0.806774035712389,0.7460195947358699,-2.2182355303124166,-0.0115526789765571,-0.2622281372338321,-1.132978094691267,0.4596260372158683,1.7165403158774717,-2.673003643884066,-0.5344696758417209,1.0761250840142929,1.6846395920599249,0.3966679873857178,0.4128375399330894
1328,-1.2457661641136228,0.0717778262376933,-0.325621283149996,-0.6056772127571781,0.6895068283290587,1.6361813010570987,2.6613186517578358,-0.7396290484685878,-1.8208755518180693,0.5591964340783401,0.7988484911923356,1.3030659808241558,0.2547399251113663,0.2597004134470292
1329,1.6104847353232037,0.8136899670407284,1.606347039530311,-0.2254866706021192,-0.6095744397731283,0.1154359074013122,-0.3305531873668884,0.663094021340344,0.969767778003491,1.0480836645718858,0.7473444866863298,1.0677652565316704,0.2204532469167028,0.3333313941728445
1330,0.5105926708043899,0.2458223266752996,0.7944266892508483,-1.9629919076527211,0.210570752333942,0.0524780571704509,0.2130803959715548,-0.087623546254231,0.431855493461616,-0.5746029215340153,0.6650074362138727,1.154480109518384,0.1326373041209325,0.2550600094878081
1331,1.12952342945363,0.4736497774134741,0.1506858578838607,-0.6975165706361199,0.8153168852079051,0.2066596984944911,-0.7554833935369165,-0.0566615424132384,0.6290826192412396,0.5515735388198252,1.2826525590339448,1.426651793332172,0.284958702198385,0.3186344136026342
1332,0.4870089678081551,0.0925313917410772,1.025819533301897,1.23779650381161,0.7373226156755405,-0.5874512748557071,-1.0580617172905176,-0.5439397669715936,1.9536567479767235,0.2816959138273535,0.5186990209724665,0.9955726680155352,0.0635520374983419,0.1905492851158763
1333,2.126441827526385,-0.1201983435874364,-0.2588136704929215,-0.0740565366440736,-0.0921740800533035,-0.7736509118677243,-1.148848268166677,0.5013366271808629,1.0549007175973637,2.4449813006664014,1.2270442320755166,1.4185131851090655,0.226186872799911,0.4902787216343408
1334,-0.4337129066910224,-0.352655486864075,-0.7712292944510174,1.1257274293735673,0.8149874547962647,-0.8769345818745263,-0.9021980869729432,0.9525147585958976,0.3831961512084077,0.7583887130111439,1.1050090942934592,1.490323989681311,0.3505419867510156,0.5764527593785242
1335,-0.8827684783389129,-1.8777248639102069,-0.8749650166801699,0.6877667300112269,2.111057978634891,-0.4294639895276082,2.2758558818768657,0.8298197674916881,-1.3930323017088262,0.2140338378110317,0.6755513550111134,1.244982721372651,0.1646223857352947,0.2730604847711644
1336,0.8639742784118608,-2.4254828985526866,0.644451157913382,1.1727211798231123,0.3988681241311432,-0.0617212106814233,-0.1729265830014068,-0.2313223276918222,-1.1759798037671092,-0.6875238319049674,0.427978797899321,0.8874345032199416,0.0979354319107669,0.1262748656475882
1337,-0.4165940456521597,0.1134943462257422,-0.5568147576570665,-0.8691292424979301,0.7597708591258453,0.3706139719478557,-0.5392295367895669,0.5062784714875873,-0.453157893685935,0.06306502948812,0.8946807566511871,1.2055002936033374,0.221121748645072,0.2766905694026888
1338,0.9750440547228668,-0.6037410931662635,-1.172411607833743,-0.1451345830213416,-1.363465016185462,-0.2774485093509754,-0.2806374793134568,-2.463684123905563,0.5306351637445099,-0.1826897666813205,0.4632796065788251,1.0287563905167327,0.0417974683797087,0.1821004782793332
1339,1.1818964527719358,0.2155319797940825,0.7356085703155483,1.190038753207043,-0.1317170827707462,-0.0008231888639018,-1.5735432233902318,1.239537745234241,-0.1456973997215546,-1.0057305503479816,0.4140386486121545,0.9109431189408984,-0.005491912031282,0.266966329474
1340,0.7397224864874274,-2.179781191964252,-0.4292742228731781,0.9083110412118408,-0.4377218519659051,-0.7179219509485815,-0.4161547971129504,-2.009929264468574,0.7154784317830334,-0.122886041976913,0.4313461246846231,1.116337605516355,0.1534396160697146,0.1357000146741753
1341,-0.272324609994762,-0.2686686164090412,0.0140797984645842,0.6534373706720666,-0.0520635411992489,-1.3616365481798125,0.5755161215440671,0.4985696910042263,0.2055269982164602,1.0752413069613191,0.6911588764327155,1.4560502959355683,0.2875462970963572,0.2984240743335948
1342,0.0303786764129588,1.111376088989256,1.4072110214783964,0.5823128855244826,-0.7479336218779372,-0.1307857185024407,1.238856034058374,-1.4976278660695068,-0.3919536681786087,-0.3429648364467441,1.2386059659626023,1.436915359705281,0.321617635710017,0.3641409049638764
1343,-0.8652106003537336,0.8728789499187865,0.376815071040777,-0.711058356600492,0.6055129202358394,-0.1584162346682179,-0.8901945732223427,-0.7129184102428672,0.4360510747759399,0.9390098785218388,0.8951469353552423,1.367844421348895,0.3010546373925293,0.3434466382248706
1344,-0.4867682329547862,0.5444413336690117,1.5817541575774825,-1.258870556370253,0.3556698728386236,0.8306556912954083,-0.0951498165988306,1.238283210855647,2.198837038261284,0.3433553483863029,1.1899083802629695,1.3925338960567135,0.2608823038749003,0.4426582653206596
1345,-0.233589732277999,0.9769828076619566,0.8420688603779013,-2.5188309549181844,-0.0027355560911135,-0.3945994667391139,0.3967056915139166,-0.1936582802937903,-0.0851760922710017,-0.8632127594610817,0.8247480547640105,1.1990335578686653,0.2439481986535325,0.3240304296673673
1346,0.7345292184244875,1.655042221468732,-0.847671949215035,-1.3970550231469734,0.0200032198274639,-0.0286556610352639,1.17093278612036,-1.2291949523785322,-0.5379551750240974,-2.147703239266853,0.9446563291251368,1.154014073768486,0.1785182510736245,0.2349445366804327
1347,1.3749836362118226,0.2505446283233635,-0.4634329139807965,-1.3222714785911764,-1.230476058177251,0.4142668997913912,-1.1074250456007102,0.1040054231485693,2.0429448611350307,-0.3475876229448206,0.757101928262758,1.2964769894302446,0.2649993686131067,0.3480152584043334
1348,-0.9614444439743788,0.382007205452763,-1.2257917407817274,1.7199845303294037,1.403619668528335,-0.164171618953644,-0.8972931814242199,-0.4257698727753605,-0.2956656120854282,0.3835671317070648,0.9308712200175846,1.6083145212660734,0.2080740688363964,0.4449058662061174
1349,1.039632329301116,-1.03651263075859,1.0109095653427445,0.617685612811298,-0.5077894908066064,-1.0867118956770103,0.1162327172925677,-1.059588483702084,1.023680849162606,-1.1238827721322049,0.4632215473428945,1.0702533313933855,0.0333775826052717,0.2585583816353073
1350,0.547706193163144,-0.0806163648150821,-0.5606248843752012,-0.1028315063192908,1.0799831696342015,-1.1922574089937898,-0.4121565551918167,-0.7517435646871881,-0.0386171335487146,-0.6846808925126543,0.9802537880842666,1.4331545089146822,0.2500952686115482,0.3122857573588751
1351,-1.7680812423866143,-1.0551375469323625,1.6377550185381118,0.2467282112862726,0.2123620538080774,-0.2826123900086382,-0.0516254241091694,-0.42981192283138,0.5269285310410652,0.1008088542593729,0.8094527567588469,1.3806089117836962,0.3333452611160005,0.3048577893543124
1352,-1.1712682101586152,0.2537245031041926,-2.4587419232715506,0.4138591996777855,-1.4093568568365211,-0.0960550861700759,-1.194627603196189,0.002823199533097,0.5782785192762222,1.5028270852495802,0.9116681275067524,1.2232094637928537,0.2249441597384106,0.282892567443638
1353,-1.5413576550114785,0.975472955671135,0.1311527053774716,-0.450667152824624,0.7598565050594597,-0.2359248510852067,0.7175305164006791,-0.9922697131279948,-0.6329970322962923,0.9436000527945996,1.2292615388133905,1.5537478704606429,0.2710770135561834,0.3961252850053506
1354,1.485400523570422,-0.0350318991528492,-2.78728892535578,-0.1990492826084549,0.0324261178224297,-0.2327733766931721,0.3363385616655311,-0.476909927597322,0.8388708606780273,-1.166713272731042,0.7941569881002513,1.2826403317330524,0.146698391418616,0.2974228895696174
1355,1.236848707354141,1.5500788239610923,-0.9130597380603076,-0.9135998256030629,0.4106953137775281,-1.1872204097428891,-0.4926028711023201,1.1025269564560145,0.7376067644769629,1.9801963416895896,1.4868008203579046,1.6164060152585935,0.3674589524444352,0.4012215920089017
1356,0.1707841476002077,-0.6108380022781855,0.0512435116530205,-0.1505883394086345,-0.1365571092031354,-0.0238037080957329,-0.9317667088462364,0.2822177549706428,-1.408663267758591,-0.7168266079081144,1.2481496345529035,1.6002236166702926,0.3780127764765465,0.3024198543558556
1357,-0.1188787631398174,-2.259553312655592,0.7689915363449175,-2.053154509847505,0.6695876908981782,-1.2928092899281622,-0.4049186907034995,0.5191306469494293,2.1981395194794824,0.1164519777073494,0.6684558692950154,1.3309444101402648,0.1861555322115598,0.2664139605370961
1358,-1.982626328199508,0.953695132635774,-0.2319184048590182,0.0699066544588235,0.5578630298876143,-2.225377956905714,0.0065368477351957,-0.4096938899526954,1.221834906005519,0.7271137633387429,0.3745839013004396,0.944498329845589,0.0298815358288087,0.3045547136366239
1359,-1.627001922781547,1.2626258523490483,0.4495250881602112,-1.5472415974532183,0.055753103492773,1.0348261138558552,-1.214043872573394,1.377577335845417,-1.5126287741275255,-0.7912271766469846,0.7977563948019427,1.1942049458237285,0.2294038337583916,0.3481172584633284
1360,-0.942870835389692,1.3769337315886618,-0.4910161365491968,-1.162817002660998,0.4452108789140618,0.6611809905927187,0.6675360947941315,-0.2713391652260096,0.2545343010369479,-0.6502330862292857,1.341883223483196,1.6073621943907572,0.2684577224604572,0.3851066597521569
1361,1.6748016779357304,1.1442051586579316,1.0829568290406753,0.7941159345735455,0.5197333059950014,-1.244362484149788,0.6333012362556484,0.11426523006332,1.2633640849509191,0.8074191823824282,0.5769031655442276,0.947261093836038,0.0997446683986387,0.2199381882212407
1362,0.5503804701530215,-1.684224797530156,-0.0890005366084706,-0.5578922599036563,0.2523659241830736,-0.4155482714426437,-0.2759457760933059,0.4590339049067038,-0.432138113568776,0.1215915395740124,0.8785185082310376,1.02223190376298,0.2357372824944472,0.2883137971074137
1363,-1.5194118908743064,-0.8324014767600587,0.6560435672029604,-1.2301921166964744,1.245725077602997,0.9743993553013208,-0.2682299353397865,2.9987341055024648,1.2431035778482933,-0.949279506705735,0.8707457710864381,1.277693169235483,0.2803957530559579,0.3676726823810601
1364,0.7461740537000482,0.0658630663197572,-0.7767120908594111,-1.0699091431662089,0.994893334888379,-0.5979454646241336,-0.1018763550370519,-0.9210259282265284,-0.7481579372985909,-0.126929200071472,1.4019857493915444,1.644367031916624,0.3145689492407972,0.401609254351842
1365,0.3881822927241515,-2.5883591635514485,0.0169197991667501,-0.7461210125850355,1.402362653450225,2.9427526460054367,-0.3592790349537154,-1.7222285607131944,0.1168769699185664,-0.2054293294932049,0.5872817083178334,1.0732080951433025,0.084546688163087,0.2202411704404134
1366,1.9713506490012904,1.6665893433755423,0.8653749705965644,-0.5866940812126582,0.6777665661808034,0.265006359068304,0.2413232032993907,-1.5582298485678705,1.0617953384536465,0.1078083283112351,1.1947355299823108,1.4146067091539944,0.3645230370688175,0.4027599621265045
1367,-0.100841347544575,-0.6001564950088275,-0.7936164996533775,0.3172585812789819,-1.749162801858082,0.7894987596500425,-1.0541054369956857,-2.058680686205292,1.8218953159260207,-0.8580870493455784,1.5073062386548275,1.337450772980017,0.2721610613578317,0.4016319418345436
1368,-0.7221591615216957,1.1345383310080746,1.8544309005166413,-1.53300157860343,-0.9561680602506696,-0.8826788221605966,0.9348016626956543,1.6391321279295334,-1.080252561578079,1.41474533796822,0.6137381097628914,1.0399469372602186,0.1155236377090375,0.1436368103722926
1369,-0.7090341115287021,0.3361229029455722,-1.2714536994278176,-0.1219304135819979,-0.1111127140727161,-0.3151583063152736,0.3849709813196971,-1.007030864852526,-0.8837232981868416,0.4378721449493555,0.3843058602770529,1.0322504660289904,0.031794700309082,0.1734061124855336
1370,1.3420353309757287,-0.0228136940479229,0.5036707734621725,0.7580800102973402,0.8305051886334915,-0.9535247258366384,-0.7770102302049039,-0.6900745939435349,1.9286338008939643,0.508192939171904,1.2751375993628786,1.4017675727723224,0.3802677981180903,0.4611968172118945
1371,0.4633157203850168,0.3662357531837386,-1.320793403619499,1.9381904707770388,0.4791875307869606,0.7231601126549526,-1.765521288915802,0.779643852361518,-0.3562124501276268,-1.3227829747262372,0.3428580001661699,0.9067628756818013,-0.0142888622247474,0.1608704318725933
1372,-0.9537636658717974,-1.2648942084533663,-1.2817841951146105,0.06054782036421,-0.386762788731651,0.3340693621613873,1.6759758710680044,-0.1295037136273374,-2.244889293958427,-0.2419582115478165,1.31495827148586,1.4586105057725145,0.3230398621807984,0.3238832840859128
1373,1.1933944363978717,-0.0859394724968298,1.529330653691702,0.4529415931378187,-1.838269734397389,0.1095822504383584,0.2970012942647289,1.0803558012736438,1.8196365716115683,0.9077255197086992,0.8797975254581906,1.144489077207165,0.2006084841141452,0.2953562749303473
1374,0.440479797387217,0.6761882715783463,-0.1680068064495674,-1.462877836807429,0.0414960862228602,0.3652903274589056,-1.203657625911923,1.3266216394999415,1.0054110154824312,-1.3717614152878692,0.3728451479107716,0.8846915668260218,0.1483897234501713,0.2199496078750848
1375,1.3658322887898744,-0.3083143692098472,-0.7784915651183486,1.079277692746526,-0.0510544127600581,1.8991853208368696,-0.852888043886751,-1.7316575239726546,-0.2804382811661415,0.7892224990604728,1.357507356233014,1.5324658235502515,0.3071495317404608,0.3136994690666617
1376,-0.9271429855355432,-1.3301003827998792,0.2289274027027541,-1.4636872101675165,0.3066926996134137,-0.3406230512281771,0.4944664883523733,-1.3838288039246018,1.2981631514439038,-0.1830344849936898,0.7729633303238831,1.1972615679596257,0.2976553599136287,0.3343478316049338
1377,0.7635226679048231,0.9598754612848892,-1.1574449523659558,0.8822575096080764,-1.4250667751443256,-1.3701377427598929,1.9639992359884344,1.1118533687966246,2.073664175433755,-0.3702140306079106,0.9536061181709528,1.2597537705894728,0.164434838652526,0.3058562108074925
1378,0.1024286640780086,0.5273547467523633,-0.0121955665938943,-0.7461360206959045,-0.896084697880049,0.2138622328289495,-1.066859841662305,-1.0948634923668523,0.3935720111545927,-0.0951593514856152,0.8236223646264234,1.1060844430229315,0.1807806311703539,0.2897116503161414
1379,0.9372062705816852,-0.4249114100828423,-0.5812559499755355,0.423553396035471,-0.8120248745538271,-0.6581277255566853,-0.6184543903794149,-0.2097021062955529,1.7724365432959026,-1.3767888249571572,0.960561983256512,0.991925947460902,0.2602909210358022,0.2531602382520308
1380,1.2955075821174589,0.7377867562899169,1.5669788473699928,3.136686048322273,1.4314530207878553,0.9256669479078612,-1.3124963516250174,-1.1862222615110427,0.3601901843652216,-1.6980761479195643,0.3627920812730386,1.1179942130038465,0.136594903461719,0.2627259351190595
1381,0.6154392512912192,-2.1349218907610115,1.1522333855646156,-0.3217003119335985,0.126596945470189,-0.7483722964204824,-1.8985264102225723,1.2346952791942618,1.335701394954714,-0.3514877652036978,0.8800701947545577,1.40598450017374,0.2279361918472242,0.292176131193842
1382,0.6619295647340078,-0.3908914202104039,0.2884898442662463,0.7591391989201097,0.5550849245738736,1.3409696134093454,0.5188806757053354,0.0280846170385952,-0.761418967877422,-0.4785053803239208,1.2514389565982014,1.6243469128345964,0.2610312337369941,0.3674055708734309
1383,0.8100513967250161,-1.501826518914119,1.1058073034127964,-0.2811437260145332,-0.8186059044078899,-1.0987241767814673,0.6743677856483871,-0.0146413538033181,1.58876522322982,-1.263075650525921,0.4691039985402092,0.7895417201234668,0.1069039204208773,0.1056935648024487
1384,-0.578163623061863,-0.0922211581274133,-0.751856743969934,0.0061186641418029,0.3195007664155189,0.4844842391297401,1.506167130884461,-1.3034724287815804,0.3377603199353107,-0.6469428195881666,0.805305931293262,1.286528975613525,0.1761561769678082,0.3838557935093435
1385,0.4300133800235846,0.431332186353047,-0.9869193832323312,-0.9011523426340876,0.5116430634695749,0.0234045107441304,-0.2196218407316043,0.6579868297749736,0.7317184758621317,-0.5296301127017028,0.6539499100581513,1.3191260681631831,0.233756852820346,0.2141983375844655
1386,-0.8520531376425,-1.261918976837642,0.033454120201485,-1.4231602771485647,0.099428458229034,1.2168367914244391,-0.3534597702862842,-0.5362042805401637,1.997844773627145,1.509701819187646,1.6066191448560798,1.4936254714496031,0.2561257988922184,0.3296456402607992
1387,-0.7645978705554142,0.1390131810589751,0.3286782423480826,0.2036604227261782,1.814673447712788,0.0872298924194203,0.2372348756310168,0.6886622951464159,1.189919716047667,0.9368991943041058,0.4779981972340326,0.987259312761004,0.1051322764269832,0.185110192188802
1388,0.5380847863116393,-1.5586998053939085,-0.488137724058426,0.8194212072052708,0.2503986972793056,0.8261286338229519,1.887166061671248,-1.1769632050593244,1.1379101748045837,-0.3303634624936311,1.294983796517264,1.4612370167336757,0.2032517941379764,0.3925319252175179
1389,0.9353498192747322,-0.0412207433681174,2.1270045388929955,0.130086936261738,-0.6405142243559804,0.4198746227917677,0.3239427807182699,1.1380970941104478,0.4480527986049255,2.475064639169303,0.5632522346626723,1.235377063089139,0.1510349884858682,0.30816801774579
1390,-0.1114041354022723,-0.0996199497804737,-0.6038860500530543,0.085668338354177,0.2310591210829541,0.2812105299558777,0.0671876754939992,-0.6098212167272987,-0.8816651280823552,-0.3751737248355563,0.6314074981524604,0.9051251304732,0.1530628129256059,0.1783305216656923
1391,1.1415376602351135,1.3567996854914792,-0.076964536440435,-0.9415829664674248,-0.0811736103167911,2.0916654352700794,0.9989678353166206,0.5507426915325475,0.9626849170525694,1.5405666113413128,0.6753194802065585,0.9634847386801788,0.0579753507246654,0.2343619225197644
1392,-1.1528662015471196,-0.3920398686971227,-0.5287216328368156,0.5871143970709833,0.1601108906395973,0.7563112906894081,-0.5068873498672227,1.3719520506791565,-0.0693337081493017,0.6945455519581831,0.4564210270376364,0.9158550485870992,0.0761080074648104,0.1977696733908499
1393,1.1954064989229398,1.1151243154949684,0.3608284084017966,0.8193469063825453,1.7416606639722867,0.5136012339746958,-0.7296464020615799,0.583050730963885,-0.0372812180195903,-2.348001134404344,0.9342180131244856,1.0065912254540423,0.201154032947521,0.3312451797327021
1394,0.4619980237030926,0.116650650015607,1.1564177714974384,-0.7500936574883064,-1.5057096623793076,0.1686808594105094,0.3801773876054463,0.0938329453855689,0.0207086836854034,-1.0687269542063265,0.8193448574991796,1.3309865169433537,0.1962827335120738,0.2907724278907027
1395,-0.1389171369749232,-0.3484058295044152,1.07270874076744,0.3793253640306142,-0.277997121745195,1.7238848764227657,-0.2689076762150093,0.5577867238861631,-0.1669213335892823,1.631152515028004,1.2888494320520014,1.509931381495135,0.2804795630859764,0.425807201979319
1396,0.086859775813611,0.1164142278906736,-0.1398703587727135,0.1965119260012147,1.1995378386479092,0.8458438446846879,0.0280761811161709,1.701325106456654,0.8729856413425691,-0.4381811191973492,0.7347471706783355,1.1388822847980673,0.1736002989117193,0.3676534580083204
1397,-1.380348353733938,-0.4150138017965702,0.4133487785502528,0.5972003706314267,1.359137683302019,-1.094545975119,-0.4391553339468104,-1.177642669874513,-1.3387992115794456,-0.6278187459533185,0.1778983644014286,1.0395598834762942,0.1017135907100111,0.1159564770380939
1398,0.366612244294021,0.7713944348903161,-0.9483541066216746,-0.8092759193872399,-1.779823175323434,0.2143522082769957,-0.7321389019707383,1.6630313782118475,0.4098087996495947,-0.1714457434567751,0.8309726779136003,1.2475751991831532,0.22948196156787,0.1674085968477525
1399,-0.6411124275444524,-1.4946702201942292,-1.367871776945431,-0.6221409545721348,-0.6989028820243047,-0.9991718428459944,0.3770947274423444,0.5142655924148591,-0.4586323973017281,1.9351522682653173,1.4049584117781655,1.4262263295315158,0.3343283873376588,0.4370536890341143
1400,-1.746729366516092,0.0581638989722632,-0.2185802040879252,-0.5507008819672566,-0.6976628460130594,-0.006959882912358,-0.2255278273217287,-0.3918765271125594,-1.2987196349893746,-1.618111817810499,0.4123302914380707,1.066045995235155,0.0807253379543821,0.0964311410330921
1401,-0.2885164751955654,-0.4020961044965302,-0.1970368602768276,-0.1086217978895087,-0.5225023418828179,-0.2124074238182055,-0.8535283081034944,1.5239458091632834,-0.7997401481499686,-0.3709807094653405,0.6167741925527779,0.922495503698376,0.0572753268630972,0.1798467065981639
1402,-0.7237887891138806,-0.7405815402049029,0.0246415666379466,-0.102234209883012,-0.4594603903752102,-0.2834759915543116,-0.7198135509932705,0.4017256377261605,2.0551927425907137,-0.8748412772332184,0.5272236725327388,0.9942729589177898,0.1274033462353585,0.133025531673567
1403,0.3939632237346047,0.0449489570207101,0.6686297581325897,0.6967929604960715,0.2054126972186606,-0.0398205761150997,-0.4344501996484464,-0.7649603531086354,-0.0968456609517847,-1.2845888314176803,1.0886420444353897,1.4884002927678466,0.3948943646329352,0.3943093730793121
1404,-0.5938559901174687,1.1068536244725686,0.0985122210796911,0.8926644189355497,1.469643886658424,-0.1770294559148171,0.2073258341936415,-0.3018458941527555,-0.8126057604756063,-0.9529682593324048,0.9085222263661632,1.2038555168784315,0.1758170681281216,0.2876637787942779
1405,0.8431503725964913,0.208627280485648,1.846603072081053,0.972052012923891,-0.7312129895363679,0.8403421802267712,-0.3050755391022553,1.2168597091290014,-0.4863338772430202,-1.0524259602426724,0.7831580287971119,1.2603645738960738,0.2687305633788277,0.317984042384316
1406,-0.7957550770614096,-0.7446649024149137,-0.8402517646186641,-0.5726082756051067,0.8566918703252376,1.7960442082661845,-1.3301895155535035,1.2635130428331494,-0.4777037159744287,0.3478825312022339,1.3780616518112632,1.4035210262370317,0.2792684745592985,0.3637848732896167
1407,-1.6541460305732971,0.5240350173448559,-2.0053123968160627,0.3139350723101654,0.2572560470293364,0.1910076342954673,-0.7349101506329294,0.5495266744296438,0.3910815094167172,-0.2099527836411196,1.2471666886312278,1.464104161482059,0.3364886468517097,0.3534499144183779
1408,0.671850307175194,-0.0956041465655053,0.528777158908762,-0.1258793273940902,0.2167019911095406,0.574722941075262,-0.3979125736180349,-1.2338365862541951,0.2760790055481545,1.1893913786129298,0.8043030973321282,1.2686857911012257,0.0967348612479694,0.4060815653665102
1409,0.2991509729574459,0.3181423146963727,-0.0421761064966405,0.7391186527732009,-0.1859354161379373,-0.4538987811268618,1.1052982528748658,-0.5305383182926822,0.8894709464517491,1.1059354619577089,1.1575272172680189,1.2974960086323826,0.3079046949288393,0.4016721733986576
1410,0.5668169320620609,-1.2492355195726326,0.0271549092224975,-0.2019999970586173,-0.4959992553353133,0.1427515873464275,0.7692063474975481,-0.4585526601311984,-0.1713826742736744,-0.2410589338319876,0.4918105620427507,1.0991191112926666,0.1373722485713528,0.2148938095511922
1411,1.1638710455443118,-0.2571006178105865,-1.2344056577617455,-1.573434838990514,0.3627295665659698,-0.7606817398859019,0.6687245052724784,-1.3312199885071314,-0.5389121666106078,-1.3305688495201482,0.5450155633946647,0.9895641550561912,0.1887745424620024,0.1260401990821116
1412,0.4346107155489233,0.6488475406246502,0.3386251576366002,-1.0859363204038428,-0.745763744110666,0.2343139886115539,-1.687741408124364,-0.2411349443879029,1.5169053533358814,-0.1799555491803748,0.5139651674215897,1.006502463118878,0.1406640203032296,0.157807306128755
1413,-1.4885446390319514,-0.6074092476761354,-0.6306923256775757,2.140308779836561,1.6656790805138957,0.730935434101578,-0.3430759307413982,1.200629660979723,-1.1334596390504583,1.0765753152442592,0.3256327397603463,1.015682301609819,0.1140615246109302,0.2744799704723825
1414,0.9279735374200438,-0.1513457346492807,1.139186313350772,-0.4472211294638499,-1.2650855980982336,0.9779650129999212,-0.0852429291394592,0.6017806032986677,1.820886591559406,-0.7222540723962968,0.6729637953674914,1.315469376671672,0.3183707182013561,0.2811117556238761
1415,-0.1433795048399753,1.569634504577714,0.6687317308552835,-0.6997827442045963,-0.9550177035394786,-0.5280806401033457,-0.7384147048028783,0.2373481194895308,0.0784345071975996,0.2792377542753513,1.0063586670760165,1.4593025633626628,0.300700248368569,0.4281893937503457
1416,-0.8408128015597823,-0.0708339075252551,-2.0556997739562166,0.1450063173613664,1.1754406449558652,-1.4247459093461805,0.4834282306474611,-0.6110143517605632,0.8025011536933694,0.1586474512122787,0.4408605270161952,1.1555198534147342,0.0442733842495969,0.11303974239136
1417,0.4047041126604407,0.0648238987554404,1.3283318063843528,0.3474104776951023,-0.7054237140024512,0.0987150523210036,-0.3688810429660493,0.1623999065195891,-0.4197697123668127,-0.6768107355463147,0.6106710424287317,0.77253789687938,0.0897935115563642,0.3558840564604024
1418,0.1992722127484458,0.0557896286165536,1.0639558450458475,-0.4149558791328129,-1.9808538474953072,-0.3638707984633129,-1.626430758916577,0.4156719740965761,-1.6738979283487876,-0.9883710624141014,0.7987956447040069,1.087923234930375,0.1971301268106603,0.2974599605690233
1419,-0.362334458274863,1.5439506047611449,-1.0728901157149175,0.0124049831465862,0.579976576957259,1.4840605532206974,0.7777947517214098,1.093906951632465,0.8643070588515412,-1.2091229713961391,1.2240974910529674,1.566226298215962,0.248044441581613,0.4843774027618397
1420,0.3596921043170467,0.8486609521722227,-0.95650028967402,-0.5797598767240226,-0.8031922951270563,0.7726229859680331,-0.0692811203291319,-0.320845894335097,-1.2816699166529877,-0.0673942531937924,0.8245114284372619,1.2726794046401804,0.1685925300122178,0.3643191068497766
1421,-0.567588354984749,0.2433395652641623,-1.1429671986454508,0.1779062595062006,-0.4389507704988207,-1.2492969257351465,-1.3272840378781467,-1.1770203880226942,-0.2063990574405421,0.1209954343635004,0.7742947591186936,1.227755251349353,0.1533446961406445,0.2501534186798936
1422,0.2698236323771812,0.3075529177284476,-0.7585232609792003,1.0584029080951756,-0.442225526008153,0.450149760059732,-0.1641554334938168,0.3756212317030415,-0.2143280661449137,0.3936348765745664,0.5688205306452883,0.9556393169792614,0.0573088456247811,0.1678408328986484
1423,-0.0073888698803235,0.8138405706506889,-0.8186850432111983,-1.7698913358905783,-0.9733574194340968,1.0689184152380338,-0.1545588198877396,0.0920622955465623,-1.053636614046387,0.0655537251502785,0.5698953071717421,0.9370962138796388,0.0941172534198918,0.2007513875143548
1424,-1.0228126440726963,-0.875781275052755,-0.4024836828238803,0.4450972578421455,0.5518475806425102,0.579044897937837,-1.588084115044374,-0.0066645003902613,-0.196781833382736,-1.5321824160814554,0.912397667098455,1.3528873594626485,0.3168138944623781,0.3631485319423652
1425,0.0159837667221984,-0.2504272174367613,0.5115256721178874,0.0812470762398024,-0.5493205302832531,0.9257624504569774,-2.2212335007751243,-0.0642651284296101,-1.7632509319919358,-0.91219327120612,1.3585087366920627,1.5966807104250544,0.3359584333177718,0.4909885893656299
1426,0.5248137030093496,-1.274197480440803,-1.4237178187039348,2.3819449834156243,-1.3592890514201643,1.6505209030879733,-0.1722021645792605,-0.5248291214389753,0.5667863905882048,1.3365940755444992,0.4916910672256817,1.064888192590384,0.0707799511701984,0.3226184956434362
1427,-1.1460679421083284,-0.5102497897285304,0.8468697346842523,0.287994312427,1.1019178306413826,0.5151119544317794,1.808224009149148,0.1785885988336502,0.2218111483309618,0.3217213720157987,1.4975450478654029,1.5011880434517793,0.3193293114952596,0.4679648799682403
1428,-0.142488851726558,0.8480871588009244,0.237041223863026,0.7881800091451439,0.94449985362416,0.4284546815603274,0.5017163242341968,-1.0103297875965338,-0.5503535878198212,0.8433834529907315,0.7852860495185894,1.1343375929200294,0.2436994875503441,0.3039219623041835
1429,1.4236311818185134,-1.9404302255083603,-0.5678631472514148,0.02362060241465,-0.8792744620806778,-0.8225196441816829,0.4749198737938048,1.5813759691714335,-2.031823556322141,-0.1704761489816962,1.2274491674467891,1.4165728656932035,0.2141163925818301,0.411807120493955
1430,0.4632803417903879,0.7802139722002417,0.3191273430690384,1.7614025499361152,0.028906593325794,1.3119927903920974,-0.6463676703459691,0.0579829465888497,-1.2127150757988507,0.9008644405489944,0.89049620414942,1.1774193250923957,0.2718214759779433,0.2648041837292227
1431,-0.1204428626411764,0.357821062519898,-0.3133686312850737,0.5864285016590159,0.3974339738557521,-0.9946514299712064,-0.9367674325830104,-0.0277687303413517,0.6595739574066574,1.862895553113848,0.694529554503408,1.1932769692803868,0.1958703712324354,0.3384984365667611
1432,0.302990856665729,1.0075314024885402,-1.6128509347641686,2.0129558494339825,0.6056862111291927,-0.0496045111587797,-0.1646960474579254,-1.1071997978589982,-0.8212867957201709,1.910435632133414,0.7225037175936015,1.3368094236814898,0.2983458481254127,0.2980427986515829
1433,-0.9890044382860126,-1.008267757866345,-0.7022204860755791,-1.198180752961273,0.01530657484551,1.0889105126652388,-0.6104923262720335,-1.3733242797608214,0.2918613130146538,-0.055774337679813,0.924971042018432,1.094350292937474,0.2537610770590958,0.3523638204279731
1434,1.0027245500816246,-0.4545082993022704,-0.2601567796266751,-0.1495303645432689,0.0890041105534821,-0.3925616773575898,-0.5546441080460088,-1.8503776848818412,-0.5653872091201171,0.7152232680817521,0.5863437280189878,0.9984436911129706,-0.0477124470621015,0.1679136428173935
1435,0.8502455193688858,-0.4711130235913006,1.299485998181762,-0.0287040717003548,-1.337846371815948,-1.6523840564542558,1.2182579226197263,-0.3730037252610738,-1.214064523072579,-2.259276171435535,0.4374083982315397,0.9021745061939522,0.1061121502273533,0.1790518277239382
1436,-0.3957161108751429,0.4047508589963612,-0.6976911440462046,-1.0532451601338717,-0.5493757686067274,1.2431920191448558,-1.3929816176751906,-0.6417010304225171,1.2107577396175906,0.4941762894237535,0.7175387990234978,1.094119985175218,0.1642243507257385,0.3560749605924964
1437,0.1791278137789563,-0.6484461354162487,0.0305048145004279,-0.5378290684533007,-0.859386131070751,-1.0800574753017402,0.7840955963724985,-0.0604061322161355,0.314513743802696,0.1516731858014036,1.1008462418058758,1.4485061293566728,0.2771651192488377,0.416949675690471
1438,0.4409188278083594,-0.2547187899858918,-0.4816574510545742,-0.8152803293911224,-1.4139691334071136,-1.1220331706229163,-0.3654177211002216,-1.6030394844354785,-1.3822859041360305,1.0421398926351777,0.5456249488528533,0.6955343460756838,0.1510817606913804,0.2718184017121877
1439,0.2241794848537924,-0.4518367282035206,2.2715744589045603,-1.6482497187130287,0.975611276461822,-0.111466082779416,0.7850470229128118,0.108953717270807,-1.8722450622452576,0.0954604675588284,0.6949813462638331,1.1027701755265165,0.1774873306110864,0.2621997990271697
1440,0.335555854639598,-2.191985298524414,1.9440482938018984,0.3112075941727721,0.6719877401364955,-1.1655293895763117,0.6906175221456182,1.089504459563056,0.2535682281378458,-0.0093715585207645,1.2335890310919908,1.3053474713641136,0.244103619598163,0.4769598600087454
1441,-0.8935881248984164,-0.2162069177833258,-0.5120295142592802,0.5719956373926842,-0.8498759251174026,0.5646507215035573,-0.8389855627296565,-0.2623525541600184,0.6160443970128167,-0.7037967199860439,0.4071780032651982,1.1243428278102925,0.1177669097795068,0.1095366142705871
1442,0.6505364889776019,0.5529941576713682,-0.2709506733769435,1.1617832013557894,0.0777843419771143,1.10227652658535,1.7934649248771786,-0.2413010217013114,0.6449549840273966,-0.6375679253228755,0.8635329195216207,1.1882332697807143,0.177226647187513,0.3122478546586001
1443,-1.032814409508198,-0.1954596573864284,-1.362600279749463,-0.93760777964731,0.5914325993210678,-0.5136490154488385,0.7105140871218615,0.2994119380174871,1.8511540620191151,0.5243372855760459,0.8474633485566793,1.270759182197462,0.2589126423774001,0.3204067956389178
1444,1.1142180702793143,0.4018846631275464,0.3113935010780726,1.164733042113315,0.6687974658652647,0.2100636129574281,0.2056546659297177,0.538229311830416,-0.671373519459885,-0.7137994661386983,0.9936548866820456,1.452635454234881,0.4471524167634311,0.4362245530190864
1445,1.4254059323729322,1.8644136638599975,-0.9288824584101658,-0.6689944324397042,1.1425228195041448,0.5335199931423965,0.6764281053209221,0.8966012948530571,-0.2407321617440756,0.3299699249901864,0.7369287300811497,1.1395434082199185,0.1120901035777874,0.2150703534890558
1446,0.2521921506980921,-0.8584916002454605,0.3150909432157038,1.237710696149668,-0.3341332388433614,0.1525692487409341,0.206708916010856,-0.2846645504352706,0.6769012376943577,-0.6800656312549874,0.7963419960123155,1.02621953841535,0.2009023626234112,0.3605337276271098
1447,1.332645518695934,0.6262055616322454,-0.9367686006728946,1.6980096848862534,0.1681014612615954,-0.7229475172350517,1.1045545249911912,0.494671519448025,-1.7719597042340385,-0.5256603172438536,1.1100540007768194,1.5411952999061809,0.3425795522946598,0.3545159780343762
1448,0.2790973372215437,-2.1595666776426587,0.085070085387394,0.1579793727052598,-1.1834918823758225,0.2706448862599635,0.0074638391250335,-1.1912941058850146,0.9195605468628252,0.837853794767805,1.1323045703484502,1.398208850952284,0.2588917196655296,0.3356197358173469
1449,-0.2897370868523612,-0.1985813233918237,0.7262639375953454,-0.2006631431118065,-1.9309082005201543,0.4869365573999273,-0.8132593207385084,-0.3898430544175937,1.4578705679514758,-0.133978474008798,0.7099551538621973,1.3419455680797838,0.1542261485454854,0.3063229609530345
1450,0.0017349358738732,0.5096672754635975,0.5053339438740322,-0.9191977673777834,-0.0602985155343744,0.0361525279258271,0.2720268966288269,0.2892219409166193,2.587441228777457,-1.175859770587245,0.7497131246329045,1.317886593703694,0.2655581148301808,0.3432034991069473
1451,0.9800916201979564,1.183375805833059,0.4927839739235272,-0.6503153948730749,1.6646680302676264,-2.191982864740198,-0.6832666972178264,1.1716821972228113,-0.3701116034225179,1.5964645248001856,0.8306134553102755,1.17689404631591,0.1404062647904375,0.3971764440561098
1452,-1.5118047446784004,-1.112101893948008,-0.5316381701269749,0.4173992775365288,-0.2220201503800229,-0.490399252562421,1.420396431098524,1.5134449753891508,-0.4143797657075555,-1.7097678073296625,1.086049047337117,1.5663646347032842,0.3529782786311699,0.3722359751547335
1453,-2.15748382918738,0.2392901147803562,0.6559556222187976,0.0629977855785458,-0.0709081070807584,-0.8045426146940825,0.6549797939138383,1.67818537889891,-2.216877677335556,-0.0775011887877153,0.9038012527315964,1.2764213203338854,0.2863981917690882,0.2765326766786644
1454,-0.9703483494136004,-1.4904659940538516,-1.129975870784416,0.3796728556844046,0.404962197591166,1.4602877611748,0.0087815471454612,-1.7582216298695783,-0.2381695423759716,-1.3863790722157838,0.3714135982720284,0.9494510244555489,0.1104426771267166,0.2029106363542528
1455,-1.206795886422005,0.5805590584064954,0.19418090559442,0.5875655954353307,-0.357492847271728,0.790529563425356,-0.4134028982901112,1.1166828327422471,0.3446389394715425,-0.2069968704846174,1.1409843155588173,1.3090802541022757,0.3235241498064553,0.49861722395411
1456,0.2120930441760968,-0.0178607009749177,1.596106515312923,0.2454376225787891,-0.0016126723945084,-0.2384908570507993,0.843184219245011,0.7079133390535047,-0.2738416303126281,-1.1556415146228087,0.8464251238123004,1.2609135519053514,0.2286222653077551,0.31985233349412
1457,-0.9019681383783535,-0.184162539542196,1.348927506119083,-0.2501766292469138,-0.5941236099655645,-1.7607193132486465,1.5135414356022965,0.56902814598146,0.7960099700058577,0.9616880519293748,0.8931665966868095,1.2395373681185666,0.1843661415173362,0.2602005544995622
1458,-0.1647302287589632,0.0845906337475353,1.4886019419519942,0.1795808893191369,0.5875252900639945,0.8705507172005115,0.6429313324226437,-0.1281691702664937,-0.0338838428139195,0.7776404379759422,0.4751026344719324,1.0314129496450666,0.0841958519438513,0.2157169341565715
1459,0.7760028599347263,1.1682325990194615,0.5510969833098386,0.5966056135920548,-0.4462333667844468,-0.5811495110719016,0.7806306743514945,-0.574185068016375,-0.0207010031168619,1.3790232409712908,0.8439150133700418,1.283317943127018,0.264139748441949,0.3039003709239428
1460,1.220570292345089,0.3017888307971837,-0.2961395798337102,-0.1233789103435046,0.8676601410556147,-0.0364992774461656,-0.558282393010264,1.215774756407974,0.1816001391292812,-0.5772558209917463,0.669222343485234,1.1654895903180809,0.2022031283703299,0.2082115621911454
1461,0.4789401889326309,0.971218413192508,-1.0076730647877603,-0.2004539133529346,-0.2466833675884122,0.4522871657834763,0.6320083228598582,-0.5514739112794855,-1.492751175906025,1.0317987545994007,0.9388664520102484,1.2142377912510467,0.2190676417290142,0.3682763231263133
1462,-1.1199452705772128,0.2711842050438772,-0.1319808987306822,0.1624439052040752,1.6512339717068585,3.0382816136218285,-1.6334374113986083,0.9839061553329236,-0.156247772677646,1.0478545137125523,0.4369857169857653,1.057404193088403,0.0945067938449032,0.190795656649204
1463,0.9572630761791636,1.4097448071981633,0.2849649151626972,-0.8895764849550238,0.9276494887096202,0.1179975761440643,-0.2338432151341324,-0.4762238807049619,1.0063355691051292,1.603369492007377,0.7227807612195621,1.3665603213686528,0.1812249979962214,0.3349732123447851
1464,-1.1953525586996343,0.6219522424789306,-0.3723871854226452,-1.4672723981921136,0.1477058207630081,-0.8331377801895606,-1.5777532278001976,-0.7817404722245345,-1.0277739179138536,-0.6466868530633912,0.9187488918792096,1.6179988529689786,0.3526105577978529,0.4048717055148652
1465,-1.325884076953689,-0.3951401086262139,-0.7132491280839726,0.3756138771456573,0.5935389863983155,0.2601485767784419,-0.235444457873509,-0.2624275956923146,-0.8370749874113654,-0.8129946594099369,0.4773057533862075,1.0400000005613566,0.2144395330440144,0.1118381650548257
1466,0.7036038680787361,-1.7597025986504642,-0.0807249383129424,-0.3235290615612011,0.5991321013748925,-1.4250119834223507,0.0124807054859395,0.3429843413591068,-1.9047312186239949,-1.0743279728617372,1.3173041081361192,1.4088382697846098,0.2990040801850134,0.3876059940460669
1467,-0.0917898468127912,0.5141469076343045,0.1824993111126999,0.5604542529498073,-1.0793725126406546,-1.5887503497280266,0.0845058057567893,-1.2293532382141148,-0.8653223260478031,0.9322783548263736,0.7571681742202245,1.198953487094727,0.1432914427361105,0.3514590218063983
1468,0.1890995567668512,-0.5681449052554144,-0.6980315046409635,0.6209215568891648,0.2119709356499833,-1.214556642322691,-1.9478237331009476,1.8818018326401496,-1.2224792253175578,0.5276965033001229,0.93087847332021,1.5539764512828342,0.2836732073732714,0.3414537553096273
1469,1.510692932338174,0.1475975688331556,-0.6004366764672047,-1.426049041695712,-1.4400105363200304,0.376694848676386,1.4509763229499846,-0.3954590967045291,-0.5557204621493641,0.6974810908111866,1.2303575055898042,1.3443048913293525,0.3019856910859817,0.3288561546094223
1470,-0.6859472539047468,0.2744829076284211,0.0418014500855125,-0.4094680585780555,-0.0155381587365204,1.7631521146499791,0.6045329441009561,1.0925008042559785,-0.918694360920061,1.0959361476075746,0.8461272084317831,1.1075642666369625,0.1774502991485345,0.3146974693971581
1471,0.639020475468985,-1.4995960965593678,0.5397907333710997,-0.5132741367946773,-1.5458036763256162,0.1297757323276195,0.5390425910626099,0.1516080686445628,-0.1091385848457553,-0.3305853384583319,1.084118683223665,1.4942036000331698,0.2243084749377573,0.4315437801798078
1472,2.466588009341556,-1.182569388528646,0.8729219823572034,0.0154229708889837,-0.8544665062670321,-0.0483990506285789,-1.3929326375886175,-0.5954904068068536,-0.0469343258356056,-1.5511170585991298,1.4647370708326155,1.7792208867909962,0.3045584073333219,0.4394102070398593
1473,0.5063825384880583,-0.9637610409115324,-1.4517209580135524,-1.0804177358283704,2.1759541618354867,-1.97806414186884,0.4361230887697904,-0.7516362710192865,-0.3501281715175616,0.6039309286803327,0.6219374327092511,1.3502734326305588,0.2388114252362053,0.2758033277524383
1474,0.5548187148389204,-0.6806964191617907,-1.357824006633294,0.6221409737006393,0.5523771930093442,-0.2849695087881883,0.4419443838083782,-0.4458294809755354,-0.8270375650347882,0.0039621811210751,0.923718080028901,1.1745523923354655,0.1770987408492721,0.3237667462713746
1475,0.5190327410915175,0.3092502695524337,0.5091626800766724,-0.7605788732891259,1.5818811247582527,-0.3423808553386246,-0.1189156514765914,-1.3186559092178678,-0.1938551562972839,0.5322377368515171,0.6936645500169681,1.3021624764399948,0.1472005094036578,0.2474972605088407
1476,0.7625106126926647,1.5619407371867822,0.5202348958254609,0.2769131957997032,-0.4462951115143191,-0.6617404082330068,0.9702485146681558,0.9510703517389086,-1.0770127008487729,0.7230958871534814,1.0635465317387498,1.5759500037516123,0.2691612319240146,0.3326002107816416
1477,0.6503836913958424,-1.1138088850141945,0.5404568047891768,-1.0495464594818074,-2.4292929676734887,-0.1601024136920497,0.2578147052549889,-0.1150708048831132,2.8671068171879743,0.3788512292349744,1.1091480000096303,1.4967957629319513,0.2409513758167807,0.3424159445482828
1478,0.1471418192987003,0.4295913033140909,-0.4413190044000976,0.9294790620935388,0.3610019461771016,0.3151717038924908,-0.6241202228669391,-1.564330326449093,-0.5013860890772907,0.2826338562598923,1.5166944501149375,1.4139434596186111,0.2838478815613496,0.3816381499600357
1479,-0.4446994797449462,0.2917271670673709,-0.2323618768563049,0.4305794846265235,-0.9768241258753142,0.1928900118850813,-0.640954146351397,-1.538282942130636,-0.1651541230283749,1.5363175738180468,0.7578643192229558,1.2621346739969102,0.2474071475236025,0.2847022784234204
1480,-1.4585764078459824,0.1193922503941993,0.7975770632642244,2.3000306851444514,-0.4929329824466878,-0.632000604604313,-1.1666921959392664,1.1405163348462193,-0.8674143292390752,-0.37059643177535,1.0145282570111476,1.6274440227848903,0.2952329454401659,0.4865160907428584
1481,-1.8489378773712557,0.883971842678526,1.1582582807780262,0.8457750635843653,-1.605325281353718,0.6071510407793064,-1.672670384724001,0.0580403020642403,0.2050775799837972,0.310183218108265,0.2754414102434837,1.019540322128332,0.1959303166938104,0.1823367932280921
1482,0.5346365326374684,-0.0080336035592721,-1.9624295127285525,0.5351210087995322,0.0976081411277479,-0.9026197913712332,-1.5693974211366089,1.5400221859243586,1.2313005382906828,0.7059574073074546,0.7774506576665364,1.2295511691590335,0.1720602090557521,0.2843964033973633
1483,-0.6762999112347031,-2.516995552211517,0.7646791754352351,0.366686773855075,-0.3746623090721766,1.1248063066978762,0.8479975339628499,0.1760954882308494,0.0350584178711137,0.0509677175996812,0.4662184905808597,0.9372579265573626,0.1614428275100279,0.2230539016148217
1484,0.6799398728347459,-0.8574763465429882,0.4259831217850366,-0.9205909444695908,1.3365551717522342,0.5321285715752346,-0.6882282616389296,0.0805958240297499,-0.8537863800280407,1.504112837700796,0.8250628232103302,1.2808571006890117,0.1867822083398266,0.2612898090823549
1485,1.6228759844712095,0.696223682562848,1.5566565676545774,0.1517959488725004,0.763512567174797,1.2247245219097556,-0.005743595515917,0.0711038573173451,0.9336566014288976,0.6464979655959932,0.7397375695385443,1.2001783041104608,0.1470394145813549,0.2749869491706662
1486,-0.7554607202010528,-2.186829371271469,-0.1755280625970482,-2.096914179225179,-0.9910173361055484,-0.8742869572003843,-0.5686423109401264,0.8204381441635414,1.0376795407302604,0.5087407198072074,0.7483883358128566,1.4124556229829013,0.0613092530033041,0.2910190139297183
1487,0.6325069760618053,0.6561204563686461,-2.496829991220924,0.0101976820071164,-1.7964587211700052,0.5091394756715406,-2.093108147319697,-0.1804385353506992,0.5477697760195868,-1.117757948316312,0.9725693792814772,1.2121844464132454,0.2376708736710546,0.3049913157549884
1488,0.9617159605132204,0.5066221699517468,0.3808246958379097,0.698001587510532,-0.3592000877666557,0.1519188637568087,0.0100515722341991,-0.0125489446161447,-0.6720310766470772,-1.2425321147227055,0.733266661878352,0.9758084065491086,0.2102727843518151,0.2612196697698804
1489,-0.3368583492894751,-0.3919479071942671,-0.7367309875168898,0.8520537818100243,-1.172206617855613,-0.1715091588912414,1.1663397115612522,0.9091293525995522,1.2162938850972826,-0.5907805773742271,0.7199664593834697,1.1501012744020889,0.2872430703311747,0.4202418771126986
1490,0.7842881257277071,-1.0629703969781317,-0.2758739558165403,-0.181755810780193,-0.5758402121980103,-0.3618139880845252,-0.4933759274973526,-0.9823938111016954,0.8564135060057914,-0.1824500028742692,0.5217207937528401,0.9535232776088272,0.0411386791274394,0.2234270080773034
1491,0.2014365439172858,0.1637768711928547,0.0547264251100214,0.0928045460564285,-0.3054172200310214,1.418396868514863,0.7607447616353589,0.0183820327710198,-0.4470544359660632,-0.1188208427290804,0.9782905600065144,1.1752659612974845,0.0810501979623388,0.3335024835907761
1492,0.4176215163717456,1.4999400925363118,-1.3730475446650443,0.6597747586417776,1.1267236367786344,-1.4867184699052318,-0.1811508767312747,-1.064517973083039,0.4305296116770343,-0.3583509323555522,0.598539971145005,0.8414154359614152,0.1088242091831476,0.2225613008068049
1493,-0.1301390668801254,-0.4110558072784743,0.7201634327682686,0.2290329605981383,0.2309267640396555,0.1606218250814536,0.572490880452137,-0.2619718548563233,1.7007747875409267,-1.2347947512185196,0.4926892697991061,0.9209229080914646,0.1507968611781778,0.1798310127015658
1494,-1.7259184481696488,-1.8086805686085727,-2.079588119292436,0.6731698148202521,0.5513676992826408,1.2077764917755949,-1.056638214705522,0.7454614547455006,0.0568240621493059,0.1665864991558592,0.6514813837300069,0.9950525514330318,0.2630424759999655,0.3308331988235559
1495,0.6256228953496078,-0.7562817510624437,2.5872491354044875,1.3318803042753538,-0.5317059539953605,-1.090738057723348,-0.0879041618046917,0.1822584435820422,1.0656152597083106,-1.168720911568326,0.8087973547129169,1.1559725363149196,0.1735500792898436,0.2462131675779194
1496,0.2854869431991662,-1.529015024414789,0.4363575934111188,-0.1075042204580506,1.9366797622857632,-1.546002544219677,1.3706083814901049,-1.7038313351662184,-1.3272102744065042,-1.6770945584721653,0.7568544355440116,0.9879912784879824,0.1631968173265743,0.2844531241824453
1497,0.2503526084510541,-1.1736988107537336,-1.348331505280538,0.2027676016233806,0.4517753858746905,0.0398493041503258,-0.1622191490215529,1.8289096324371783,0.1458362662419703,0.8056914739222492,0.8609880047190419,1.1960073536626636,0.2397461556937779,0.3674567552556714
1498,0.1429221256899587,-1.0978762882546842,0.5498876819020168,-0.6557973114697923,-0.0909861380392362,0.305402681893426,-1.941418066886643,-1.6095021238917289,0.9094591724975633,-0.663746446598944,0.9058170093824104,1.2470509847378557,0.2005931339590392,0.250960599579322
1499,-0.6163219891088609,0.1664383973708202,-0.3856725971218693,0.4175883816427895,-0.051121788733044,0.1986029501804484,-0.7018583902422526,0.1935948232809277,1.105089086835444,-0.5677482161141986,1.3109916077068977,1.6679747382221528,0.3171053019825209,0.4958629574213061
1500,0.9153183002721512,-0.0515603183226491,0.7344816559779378,0.1287713183531109,-0.0334109200979263,0.349729682076366,1.213597562302249,0.2360972942150755,0.4785308309083975,-0.3684849135767014,0.6474428291938916,1.084583661522046,0.2427600753874131,0.3132145105076625
1501,1.5708864739950257,0.6403371109296716,0.0777084600250061,-0.1226536722546745,0.9779082692731104,-0.6062040770452595,-1.782875016271333,0.0723995994244553,1.1900045731143436,1.591308811184674,0.9313782176571808,1.198452835927326,0.1566012288735834,0.2893203378897478
1502,-0.1072939434338799,0.0435876639417833,0.5195304325159551,-0.2643494188637649,0.5164059483911488,-0.0854017510682678,1.0113682571901796,0.7229805130978236,0.8102278323024328,-0.205317644802088,0.3467316029076266,0.8871409326902966,0.1486221998959005,0.2436393707234805
1503,1.925927320502261,0.4839119423794722,0.2472940534868314,-0.7609429805669716,-0.0970718201485539,0.1143797607026359,-0.7876772964243001,-0.2923171457690879,-0.1658000181030098,0.0559206609232182,0.8363004284806077,1.027892247903953,0.1820798212243556,0.2387500055669974
1504,-1.762706990041604,-0.1352705407042644,-0.3773461830799317,-0.0208841496248996,1.035276566180256,2.0523954921212058,0.678377199644627,-1.2344221720663362,-0.3454069518325343,0.5959633088310913,0.9176533253787766,1.14162778664374,0.1457126144609225,0.3014898082560712
1505,0.4832904964290231,0.9873257354530744,-0.0973509942905958,-0.3635002443655056,1.7524240039160388,0.0586706033696375,-1.0166743760211148,1.475133657032921,-1.4960954913944449,-3.495045222488605,0.7359845543165389,1.3483743910203707,0.1632594551232904,0.2300385870387684
1506,0.7693867580375736,0.9107009710246312,0.4140129419446909,-1.3024560839920498,-0.0588698552423208,-0.2781685735538712,-0.5372890108923895,1.4120694308092794,-1.046666058631689,0.3161044531063998,0.5847086484242485,1.1969213497586584,0.1719034943071037,0.2285547696744136
1507,1.194046983662575,0.3814415253190378,1.2411183724953738,0.5637147224289293,0.4293496704920289,0.366834868832147,0.6134432666501503,-0.3855390974122604,-1.3018738518727866,0.9540434114633092,0.9189226461255786,1.2667245147429242,0.1985891060531385,0.3682163122085433
1508,1.161742300505766,0.2519788109060436,-0.5483756196343702,-1.557717116529638,0.0858070999233881,-1.3489503447179714,-1.4889875026379256,-0.0207315280156926,-0.7637695011880145,0.3453095561647705,0.8662536033398613,1.1177144098481566,0.1480389918004617,0.3408990772226931
1509,-0.1592956025618743,-0.60663456622261,-1.7049150807289657,-0.8528881258303576,-0.8161364900510906,-1.225307673514962,-0.3290442952423849,-1.1472519911746517,-0.1637427472912151,0.240411213668656,1.2594550434701026,1.5169747767970665,0.2576751098565546,0.4303973783502877
1510,-0.8261699543891778,0.4254086294185847,-1.3613578712477037,-1.1121773983962906,-0.113217297624769,0.6870410918886385,0.8673995414892665,1.6123906221575592,-0.3765888748175102,-0.1275013186783045,1.0866751675299076,1.4898013345406322,0.372347207319349,0.3669582882094927
1511,-1.032675529017987,-1.253766331991023,0.2285720863275248,-0.7758714994462428,1.2323792000172902,-1.4623857318673907,0.4863532058246964,-1.0057392388170292,-0.8204484667720836,0.5391120652520308,0.9640516114390708,1.394745280812989,0.3497149413343811,0.4127365568690105
1512,-0.6758804361079083,-0.5157840675199,-0.8121583635515687,1.7850297916134417,-0.6174863110800096,0.0515522174327631,-0.2019136002810742,0.2214170617242611,-0.6147369469659352,-0.2008172345416501,1.1806683931966868,1.449090619468843,0.3242679953776595,0.3575447574504888
1513,0.3939520089939352,-0.8630071380029918,1.089321356628154,1.1854805190416324,0.6064926261587394,0.0698763835964833,-2.990601448204536,0.4242911326544627,-0.3913304052288644,-0.2462744114175397,0.5305665568642596,0.9268745431187044,0.0551170307362473,0.1681256282587494
1514,-1.8973773305228163,0.4935884858741925,-1.4485810468269544,0.1184245459913943,0.9046574819098412,-0.4693281813175521,1.2160517252284404,-0.7469903782071803,0.6004330767310017,-1.3047857514585277,0.4624592553516038,0.9951170164066296,0.1117727897555557,0.0155817354285777
1515,1.0311304346805237,0.8759903825792899,0.4683579229637297,-0.3932841366138112,-1.402000623428112,-0.3906403152194575,1.1103071757481229,0.1299618715691154,-1.5530369295124498,-1.1247276394199412,0.4192349442253235,0.960843002264396,0.1752531019304165,0.1459998695808934
1516,1.2531514008522795,0.4879127521278857,-1.2340001207399278,-1.7658314961745936,-0.6250421346000665,-1.8513587079899196,-0.1558344900070006,2.451625371836304,-1.596956075699172,-0.1860256632062151,0.8162796618099913,1.3495030309735836,0.1343515735026363,0.3196987612932201
1517,1.311926575331251,0.7490878583000953,-0.1487407147991382,-0.1463486701681972,-1.1559097824245792,-0.2676557700055534,0.24344071424013,1.1051135432740902,-0.620175623514756,-0.1898351280634625,1.0796592249098218,1.4495366257710764,0.2598444583023342,0.3634071345792057
1518,-0.9492134807566824,0.2253251795405051,0.7837794503089633,0.6296480134298948,-1.1701870754423551,0.1468632094564148,-0.6773125282501883,1.0110500156528333,-0.161312722773538,-1.5195133382410844,0.7721912147906493,1.0844455872071666,0.1550868930893104,0.2245996743418248
1519,-0.2198027056077332,0.4584725691988813,0.2440060631427995,-0.5117960136519804,-0.5852733898711462,-0.9875043982163164,-0.3947496203353062,-0.8556789665258027,0.9700859861773148,-0.9011373907316164,0.9590614817397064,1.5394957970323306,0.3536464807253673,0.3573300262980444
1520,0.1222844623622011,0.0543039033263327,0.9456674478849112,1.089368288958371,0.6959699432813283,0.3529283432901299,-1.048646146094058,-1.0688700877382575,-0.845690819764949,0.7519209996279153,0.5965326667161126,1.070433620985408,0.1926020022406835,0.179110849374319
1521,0.0733299282506358,0.8686572407355625,1.002802734320083,-0.7259519002992479,0.0320743275571871,-0.0129936786835901,-0.3277876896242152,-0.5348428545247115,1.1847555034110568,0.0519717267155008,1.035358352658641,1.4638371890627455,0.3717785496581811,0.3085797059579018
1522,0.0131447885597679,-0.8027776748685957,0.6752124304135045,-1.005107500838015,0.4549055288446821,0.4822293600551622,-0.4125150493235687,0.3176520811831798,0.1856695590444871,-0.0393606248101496,0.5931624284568968,1.2089395278931614,0.1778705353612922,0.3003863946587842
1523,0.0129439801452324,0.0617818231935212,0.1299116726720481,0.0602420313437065,-1.1038641902121418,-0.1522109510056047,0.2649486011968721,0.0972887285392915,0.9537502593951384,0.6200865894994544,0.5945311771235865,0.9447430653881148,0.0063497084534689,0.3022240778599972
1524,-0.8704095350531359,-0.1666271080543948,-0.3113366534471879,-0.004348486627184,-0.0029813998386997,0.6115216692398487,0.1773283631411437,1.2305450052085505,0.2410031376623601,-0.8305905203372766,0.7002771712561224,1.09409628779879,0.2551860006861298,0.2807755439479241
1525,-0.4672806201682196,0.6037890707317585,-1.6141682645056854,-1.3458804147600452,0.0106972071252304,0.9509221185211658,1.3070354319548776,-0.2171057470217714,1.060828686985884,0.0722679097688978,0.4936610147965189,1.0482790124060315,0.1541791551554998,0.1833269653409114
1526,-1.5314149822432306,-0.0080765364783696,-0.6189081246215511,0.9182308804777408,-0.0256752603544867,-1.2779131065564704,-1.4997148109085592,-0.020979957414451,-2.4202174714597056,-0.5181652898279008,0.6519952005914299,0.7864200151265195,0.1379893618476538,0.1580236220991171
1527,0.2310303257428417,-1.057016504055358,0.9939871569053296,1.191006549750692,-1.0167009527519515,-0.2980441741964866,0.9946931513214714,-0.001307534255089,-1.39447857809902,-0.1433210685643531,0.9372271316607992,1.2142044478830545,0.1663547333995299,0.3331420546510816
1528,-0.8529283222958393,1.1081978964258854,0.6059320943245888,-0.313756945265628,0.1421480125300405,-1.3081215769724863,-0.7537774585576116,1.553279187692493,0.0535146525796672,0.930085804791365,1.3339782520810877,1.5641894122858635,0.2485151880183469,0.3757991438188958
1529,0.2320130884080283,1.3142818430295244,-1.99883753259922,-0.1882175840190064,1.6447816462163891,0.9561734355606442,1.3253722587901913,-0.0067645936564908,-0.5371064154133834,-1.0271644596879284,0.7995927162878566,1.195874034734994,0.2374872737719174,0.1992549383746695
1530,-1.0969280916615105,0.8070605622085191,0.513211050420852,-0.06657344933036,0.5081906548516807,0.1424517590520608,0.9622177013994836,0.95268675490817,-1.0658741004848424,0.2736459874697901,0.8334327054553504,1.171001864556336,0.1580749691808023,0.26287566111152
1531,-1.668866750194082,0.1330207380905962,0.6043042797015853,-1.3137193447931608,-0.4164627354608322,0.0095263772198022,0.2339149163733896,-0.2786037032248349,-1.172288152404672,-0.0540072019192582,0.7785462335482036,0.8398914895540481,0.1649355214604225,0.2562092587676853
1532,-1.652243566940978,-0.2326414366821449,-0.4413736136969297,-0.1342656734394207,-0.5593219774756829,-1.5076808381562004,-0.3663433205895122,0.9308201250373191,1.261460803988805,2.4393342787192664,1.2799174813983936,1.419447331748948,0.2892443099914755,0.4771138313830651
1533,1.691650408397664,-1.1969379266681042,-0.4084376012726595,-0.0227856348377769,-0.0855598342336997,0.0695333298962258,2.4075914215475587,-1.0820515457923974,-0.7135311362142988,1.643825930089093,0.5994351519815424,1.0902271399943453,0.0750063784794574,0.2271516139644826
1534,-0.6159813430848522,0.3935806503357157,1.0346573698682089,0.4864990167320297,0.1917656331024922,0.938610769693984,-0.8930685565049704,-0.4963631294960013,0.5356375884651636,-2.069439259214251,0.7766102199546406,1.1803906789323062,0.2204842671873275,0.2701503205789534
1535,1.4165838233446926,0.3033923751977811,0.1530317527811502,-1.6305128776410571,-1.286609125399738,-0.3985836643008617,0.8074298502955989,-2.0766160121985853,0.7883648007773563,-0.3600313241083667,0.6493003104443203,0.9839869860402064,0.1309180283129832,0.2727800239628649
1536,-0.2234234727416519,0.2535929416908065,0.2693172378464116,-0.7124285899365972,0.6249100884688427,-2.3193981398964385,-0.4504188865676546,0.1536817631769039,-0.3449493152144747,-1.8269103039659815,0.6031653774575175,0.8591080897309475,0.1222447947504942,0.2425359697230323
1537,0.7580273787604709,-1.2483878121270522,-0.0675140075282895,0.1530345970676228,0.0198271537653671,1.1690109258638153,-0.0532625599936867,0.4274554046969402,-0.055904033151241,0.6129560841662747,0.8891863022160749,1.0886705165885369,0.1671482381491338,0.349727911787081
1538,1.3934952970475232,0.1375418294721938,0.7818503575829996,1.4553289348821974,1.3571842469742714,-0.3852894036112106,1.0364323557451671,0.2487711600471928,1.1172299977339135,0.5686345835629499,0.4238239629317354,0.9700303943335684,0.1787937904750984,0.1976100374807605
1539,0.275668076036188,0.4339720803463543,0.2552379560389313,0.2943330451365102,-0.1588323605819089,-0.2517243406075172,1.7631749293726693,0.477527911111184,-0.5733049222313997,-0.2774174314296436,0.7273225862166157,1.1122382643137094,0.2166359664792594,0.2333425995761395
1540,1.056258453447951,-0.7361867100886195,-1.4820276818110107,-1.4084491406020443,-1.7289756002047878,-1.298814858264458,-1.1808659398008103,1.3852373796081388,-0.0461792126592684,-0.3632635391367173,1.1628996054155372,1.533323053499002,0.3649574910273834,0.4333774040184998
1541,-1.4434130630185735,-0.14312639747134,-1.7373280625641925,-0.3694171712863648,2.064494389843675,0.663803578706365,-0.2097981603545306,0.6981236054063564,-0.5215431781275682,-0.8006777428791878,0.4285934882017821,1.117841931756372,0.0850242481226261,0.1382148488975295
1542,1.7041296295328423,-1.1422746539202735,-0.3541212356773505,0.3060332823635102,-0.9362342057574482,0.6506049536314097,-0.3065945246422524,0.6639103275668566,0.5859841797505183,-0.2430121306258299,0.7827958640734528,1.3438169201145702,0.2082620025032462,0.3006260932164893
1543,1.7106586725909851,-0.6653358034334415,1.348870470548737,1.1749332426280408,1.77088220766044,0.1740560393430207,-0.7885857119279899,2.076796585329547,-0.3347014679763642,-0.8135425727055355,0.6637211644702854,0.8568645152945573,0.0357200442973613,0.1192076764516584
1544,-0.1897867459048128,-0.9816907161570776,0.5261488251233458,-0.6056683817585125,-0.2874841699048721,0.9677788616649624,0.6236932101761915,0.0155845725696586,0.170873528746982,0.0122554306315415,1.2558972279720082,1.5166493127115124,0.3771368183639888,0.4121737538568385
1545,-0.4311550664173644,-0.0025266608477872,0.4908416254929437,-0.1261621289788396,0.4197676302302738,-0.8366687784230472,-0.6038936511457048,-0.7343205032739754,-0.5651313717924064,1.2871810467060911,0.7595842840520698,1.2001794872878109,0.2058853709230479,0.2164119363335916
1546,0.7260387931103602,-1.0769231186843455,0.437498296408455,-0.39058231264857,-0.6823845854715656,-1.485739465722507,0.9719186938202444,-1.3638631496671385,-0.0519631780098744,-0.9463112457248688,1.606549746650234,1.5519871018101912,0.3105004154011294,0.430758199213929
1547,0.7758439470699247,-0.3343518263139505,-0.1344626555203447,-0.1007342629300327,0.3025703349357834,0.0130047639833094,-0.0432731889611163,-0.5184019752547779,-1.574729373342093,-1.1185509595418557,0.8709410980586605,1.1859446514497567,0.1684379431879649,0.3299725343160852
1548,0.7184797386806455,-0.3058194633262976,-0.6640097777224797,-1.405728144418045,-1.719647140090352,-0.7032068801281984,0.8880528540452571,-0.5570701936223185,0.4004855252414476,-0.6030598293979578,0.5385710840531452,0.9190109900910592,0.1709517805683632,0.2146676018161492
1549,0.6388666960288489,-0.3517508018086691,-1.2318842455504964,-0.2689530678994436,1.8340004182804075,1.7898843155508546,0.4865333027793646,-0.1370588154137025,0.3039018020950834,0.3168523387332896,0.8729819362267631,1.3391920887679918,0.2010944410582417,0.3158476003492058
1550,-0.0398867523671015,0.440944019922617,0.2082268621535634,-0.3159723853643135,-1.195256799383643,-0.4600592422201657,0.7995188490735968,-0.0314622244953645,0.3002868915875051,-0.2830155277044124,1.3215040857759175,1.4275138916199948,0.3027025831423,0.4062774293325574
1551,-1.0595975050106248,-0.2386297148718228,-1.0224559007493514,-1.0862891736035514,1.2056366088694097,-0.4200860049342164,-0.7414847254600336,1.6179596843809054,0.8149850354042416,-0.3715092255018381,0.7043941448316606,1.4317636788673878,0.1296353278253799,0.2350948048156421
1552,0.4276363255523683,-0.2357883182607027,-0.6926796792795997,0.4746912244850044,-0.3243018853202029,0.0754980089994032,1.0213632348996715,0.9112131037953766,-0.5500932918560765,0.486031602287086,1.3971339863555368,1.5713266250796545,0.2487017591259611,0.4303644507550846
1553,-1.127856246145756,0.4504141613157049,0.1484953058011056,0.3789793623634307,-0.2974447546442326,2.08407127365249,-0.9012997076203142,0.9715517109684616,-1.0316983197683316,0.5043441746293211,1.4201775667495964,1.4969736942403014,0.4299411450037291,0.3137969094565982
1554,0.5757899772517827,0.0549758715622852,-0.4953244105437042,0.1411348907452987,0.2670103334301744,1.7899364863062823,-0.8723402853002961,-0.5559134963140018,0.2847355570693363,-0.2560537903952518,0.5693823453859103,1.1166528336221004,0.1445671950802623,0.1897822136677175
1555,-0.1000410377306001,1.0703518353637609,-2.820266503429235,-0.5979493450178113,-1.7423692262512491,-1.1958164369040705,2.40462449207247,0.5981681339527561,0.951564925058104,-0.0805296497864313,0.470955851798885,1.0444145171087258,0.1407877243326034,0.2301236718141182
1556,0.7587138248319099,-1.7665645075202492,1.0382984117696008,-0.8198441185598999,-0.5313158193259131,0.5051510704546522,0.3164467585822151,0.0846200483935487,-1.3630961535803188,0.0998136688216418,0.9040057890793388,1.0981130042933265,0.1886114510438182,0.2529992033938122
1557,0.9605613534832284,-0.532487096099794,1.3149370453402958,-0.8726919359140094,0.0065478917183737,1.5353277333766129,-0.6813999126996095,1.053985483377074,1.9746523622218093,0.1710440689241502,0.7613887223913859,1.3015220891814303,0.2053991960362614,0.4303429581574884
1558,-0.5270169873833069,-0.7727388029500236,1.3046027033473253,1.276694199339649,1.4493091228686754,-0.032838350655947,1.037806941527105,-0.0488393911260702,-0.8830551216083591,1.124176785112353,1.2290109550784576,1.5059691880579735,0.3053091459720108,0.3681095653570032
1559,1.6338702782782046,-1.0206019727813198,-1.03943096290067,0.0399819342301246,0.956128605741,-1.1338191937539537,0.2270157369559058,-0.5904269540597518,0.7008290998250021,-0.7978868214958904,1.191324508143361,1.6127788027111647,0.3056985334063886,0.3603270135058264
1560,0.7718030002741793,-0.1582148108177082,-0.9371405236810428,0.0636899554268884,-1.9379733144883529,-0.5590945721049398,0.3374010703246616,-1.7717547790318953,-2.5711368531054117,-2.3393673198131677,0.7074915379521365,1.1549798108334155,0.203693171720544,0.3596793267738131
1561,1.32712855550037,-0.0767590127627293,-0.5324653940071872,0.9451547356668296,-0.404449682469111,0.268461899866732,0.0257553509232628,-0.4709994207529779,0.2941458838891059,0.7732612214201445,0.3659511358633563,0.9680173722111244,0.1072155009717539,0.1083147116185282
1562,-0.1849066170169878,-0.4605555731546149,-0.3425124079994532,-2.297912532785732,0.2830595465089119,-1.2091112889885514,0.629718724118924,-0.0904241006752938,0.1051210965304406,0.7003291706062024,1.074960257555039,1.4320111460263814,0.260201481307475,0.4095944772510824
1563,-0.9265237663409348,0.3692484433509569,0.2676210525626648,-0.1847808326427932,-0.928186200763538,0.5952383640551641,0.7034545444193161,0.113602025977884,-1.0703024157146448,-0.5274490329254542,0.4839440390498202,0.9444713897398964,0.1213981313276317,0.2861537358823125
1564,-0.0603327224200665,0.6884945499820935,-1.5834894011131166,-0.5638034643043767,-0.4026725599422023,-0.0832215794030293,-1.3013252840248468,-0.2175327783733332,-0.3104835643125896,-1.0375918714896566,1.4458884775112628,1.3077228227937665,0.328853609191757,0.3910988354968081
1565,-0.1179675841686841,-0.5411690967855018,0.4955861425097072,-0.8853275610043386,0.0898341221284551,-0.8083888372292681,-0.5997542381588126,0.2972916277054057,0.2347177328421555,-0.4170221825783604,0.8155155342865357,1.1601716966457452,0.2058794314943601,0.3075703698036009
1566,-0.2694106183326679,-1.453606445109524,1.4027643105807002,0.6874563978780281,0.6514480508711067,-1.5950322169562152,-0.5954899924892867,-0.3345460289236227,-1.9310614920340123,0.8899500960760867,0.7421048242651077,1.110363245217482,0.1775652158690258,0.3117129632228382
1567,1.453884488548136,2.061934956003614,-1.0458838275177365,0.1173234968342737,1.3228182691504211,-0.2536184789469538,-0.5669879138426778,-1.8660176735444909,1.1326224577717492,-0.0192607560733649,0.5598996341684264,1.0853348977340147,0.0752904988466543,0.2141922283651368
1568,-0.7293418589630624,0.28385728982886,0.1530053731786649,0.1682591023545915,-0.2170980623266752,1.6223581587633655,-0.1336597332624221,1.6193220763233047,0.5641169264001977,0.3511701427617313,0.8962502591953299,1.3165594895144128,0.1970583572934239,0.2889534137530193
1569,-0.1132747532781552,0.9739566935459204,0.1129917675779952,-0.9321312151135316,-0.9654921909980356,0.422484621934272,-0.9073788851664958,-0.0622310569724994,1.0571845385510912,0.3039701778943337,0.8191124233836393,1.0850292527102594,0.1903195244482246,0.3372293199236564
1570,-0.7221348703287477,1.4099875116161396,0.5478752369947015,1.0177929872040894,-2.2675583432093025,0.3308528782627462,0.8421578363798933,1.700288642297992,-1.4638185841510416,1.2061145891945328,0.8641947129443701,1.172973239563611,0.2108859100543583,0.2587674829854656
1571,1.6443802857012446,-2.0172889772789797,0.4785911098697427,0.6176208143407019,-0.3270076626519062,-0.4900944600662897,0.6678539132878224,-0.614981753410632,-0.2172493284180978,0.8124349008239216,0.5703492148225024,0.9922178563863528,0.0862024274151931,0.1819138081953306
1572,1.7540430503268645,0.5379842725420181,0.1334844954145115,-0.5163974846607704,-1.0106000406510562,1.1095782415009494,-0.1534498511268846,1.1507032746667285,-0.3295518779954617,-0.6492886613610113,1.1905659199650211,1.4552122355068042,0.3329071518001281,0.380235822599191
1573,0.420798888827516,-0.0765359392684001,-1.2055286046107376,1.817368329781848,-0.6269837737716375,0.9275915211742136,0.8418566293964815,-1.2594627649143568,-1.0023876446164846,-0.3015093397001278,1.4389446144041071,1.646521050348138,0.2554228255072747,0.403485213471464
1574,-0.8656465445783166,1.7264563718786885,-0.2001756367985115,0.8897490428140682,0.5136373890002042,0.2640224489963533,0.0403212107395878,1.237130707788697,-0.8250929733350166,1.7263353104565862,0.4349343378663804,0.9673352436811388,0.2001213733822398,0.18462142914421
1575,-1.287223180504095,0.7815117256224239,-1.4051638599397829,-0.3157055522269598,0.0933099380609668,-0.4866953488295139,-0.181669569616891,-1.3869704479307934,-0.9874504687235516,0.4982647071958824,0.5360226037077429,1.054132129400828,0.0499685313758379,0.1572452262795397
1576,0.0296718249774449,-0.6905280258215071,1.3242777631296714,-1.219930899990216,-0.3615904658640628,-0.5056562781784717,0.6150376277610444,0.0481636911371943,-0.1081652465345969,-1.844216703867239,0.3793977628591881,0.9114029266102224,-0.0425015054658591,0.2272291200396814
1577,0.8650344806320929,-0.2178258148317369,0.1156610176104199,-0.7485632200938773,-0.9058287628170728,1.499287758475687,-1.7732385782624127,-1.0541990277827715,1.4804921526690804,0.6407463809986538,1.0054193841256072,1.2147820739036526,0.1291865570329696,0.2678611808550026
1578,-0.3254625317424196,1.2465963142886531,0.4468601163960088,0.2326600919744194,0.2255620171024176,0.4652382172144937,0.5056925012974529,2.195973052895957,-0.1948928116726721,-0.1640471881482039,0.7541123154975004,1.0982415222786623,0.2430091319197578,0.3405130022187667
1579,-1.236893187570714,-0.0518973868210181,1.862886899544819,0.9844850024346564,-0.5436677438753278,0.0300413645212849,-1.2964383755849946,-0.9691193442983064,0.1494411526137175,-0.4944546028204528,0.684454820618234,1.2725081044447508,0.2763406331788632,0.395127910261478
1580,-1.0445997893784182,0.4898407647378922,-0.0822500866533239,-1.5675503716910393,-2.075146966167788,-0.5700114985742541,-1.5882651434415278,-1.8689114064706536,1.1289692014020851,-0.0977108898652928,0.7865212023085963,0.9098007350556804,0.2412110213197601,0.1822896805745606
1581,-0.2654463782255031,-0.188405816150749,-1.1378321507929698,0.4109761650141683,-0.1307003267325405,-0.7574086559794119,-0.6076286845249997,-1.2274587132122954,-0.4062428729018347,-0.2396278807825139,0.7407534544619486,1.2327072374877843,0.1708969332953493,0.3199522070323263
1582,-0.4322833291299641,0.0551545573415862,-0.0785117047617559,0.2307685386646072,0.9430970369215944,0.5930234772130807,0.9545898405103356,-0.8477342298262288,-0.5086148940886572,0.6535966839459677,0.6679922812262699,1.1761247397936565,0.264279111718084,0.2971469354284421
1583,0.6714776714320864,-0.6786206175368819,0.6115839257817424,-0.9435321166459416,0.4810557241417938,-0.026296200865641,-1.3844356039063366,-0.434073821759407,2.1822678096954933,0.2027803628049948,0.8141595786739884,1.2475258604717312,0.258533081465883,0.2172387643905283
1584,2.30044997671826,-1.4439265298750363,0.7507417926638422,-2.534336191807116,-0.0002354849147831,0.631217377651321,0.8378900949962763,-0.799269724580413,1.039090421976736,-0.5337147600446945,1.2876786077756153,1.4731860860758237,0.3083318947655919,0.4529975084881188
1585,-0.1640972511123967,-0.4333222193566338,-1.1363893507323315,1.5697195874208587,0.0480178171580768,1.087318378658628,1.0447112417646005,-0.967940214272983,1.2161272476716014,0.5034142435493226,0.3805813348588155,0.8987355558556911,0.0032285020143096,0.1725420529118111
1586,-1.0409018644728891,0.4488508313415046,-1.0229678848680677,1.6064583679786404,0.8137867449220965,-0.0711485621910352,1.2648036182171838,-1.5819876447035377,-0.7493413001200414,-0.2524197217403714,0.9330432344378816,1.187941281152653,0.1329937552172607,0.2757160627712476
1587,2.235684681425518,-1.0704829008734056,-1.7073059417406735,-1.444385514498271,0.9062158692056012,-0.5941922705388568,-0.1590866643686133,0.7628326416744843,-0.1580846279579116,0.2041466045080555,0.6512138296509378,1.0874813898268838,0.2194409455131857,0.2413063336846985
1588,0.5352151476096952,-0.4306763919602153,-0.166317059929684,0.2419554023210115,0.8681792730532202,-0.7923692641806491,-3.02057592182978,0.6795831493856468,0.9277159187500846,0.2000341621301719,0.9112634305203302,1.1928879709169664,0.2042797351972262,0.2860813516196053
1589,0.2682932189565357,-0.5643098941401705,0.5001834215349241,0.8531668196841885,0.0564963414184844,2.491248330007266,-1.5637410876713795,0.162961670856347,-1.1743529623173146,0.87984592395689,1.3159271757815585,1.578315988777701,0.3167527175956086,0.4282394552953824
1590,-1.5814754280421814,-1.3339215427176985,-0.6331869405492045,0.2658321698553995,-0.5954713886616172,-0.5854412625990931,-0.1808904549260851,-0.2422401590615062,1.487449388318524,0.685911119668968,0.7787910330079575,1.2542203006909047,0.1831061112263096,0.3001115811081201
1591,-0.3245767397846441,2.097011911213614,0.4916611748560092,-0.9689620553135486,0.2565137399918442,0.5355125448653145,-0.6876247190613484,-1.0525089108060393,0.086459090042442,-0.3602217713060356,1.158803437595055,1.4542781460680805,0.2655444101139105,0.4233845051929443
1592,1.4791278884554424,0.7411558240849149,-0.6407752740865805,0.4259381109485886,1.2671281427247396,-1.39380444589965,-1.0227782409877522,-0.0111686172795311,0.0356019679050342,-0.0521975054628603,0.6310605912813463,1.117110197166956,0.0371717332027282,0.2644601525703436
1593,-0.3107771787876778,-0.3260603224520199,0.3842581368216289,1.133942553639173,-0.4809527296884268,2.438399345170654,1.960691435740317,1.3292556295800817,0.6224833345615618,2.007988106470156,0.4681841498382071,1.0600733015145591,0.0546892333976394,0.2070989956937002
1594,-0.2901153649994084,-0.8326044119902345,-0.5259720594039843,-1.0029428030900815,0.1218013223133697,0.2998304641277433,0.2008398386811069,-0.0124313521817997,0.1331545281716154,1.7363238088498891,1.247058477434536,1.3515395208080347,0.3304133583172094,0.4672967503919157
1595,0.6200518676390839,0.9225087966048212,0.1907899366867879,-1.6155886984680774,-1.8138824704695111,2.082809990208515,-0.5318222752312214,-0.6167513441519322,0.2456632413772491,0.5504029783299276,0.7825352054318373,1.3360168130828012,0.1905153253273796,0.3424792265523309
1596,0.6768621373344127,1.774418532880004,1.5007363826579414,-0.8109332246388214,0.9687345734217891,-0.3840909182107986,-0.1375087444307766,-1.0939892059513625,-1.6930728538314097,-0.0315617126322888,0.27814300340489,1.2418777779313463,0.1747729122621478,0.185768724787316
1597,-0.9559819161112456,0.9278136785720364,-0.2810782435201214,0.3085902189498734,1.3675257539154315,-1.485295181782108,-0.7246173885496873,0.1808836245658498,0.3125248158232605,1.1034975012723258,0.3027910973356181,1.0288028368305489,0.0278037226463121,0.2222426768778744
1598,0.867153129040598,0.0969336257307392,0.3034046705972552,0.3310758909904899,-1.4697123646737555,-0.1563754773549615,0.2484732179970922,0.4585508587851064,-0.9243634400641592,-1.268797912528891,0.5411565719164282,0.9058596830997976,0.1560483511807188,0.2402787351403086
1599,-0.2345325925180804,1.967366111091494,-0.8192475127286687,1.1739282473548094,1.58473964304512,0.0454665262331936,-0.6798479346534511,0.5128195636582255,0.1949902920994958,-0.8591039801903084,1.3463735005932844,1.5008857703668896,0.2292237966543146,0.4488936136105569
1600,-0.6588028263717759,0.4535798521453311,0.9334404081685476,-0.3227902013153876,-0.0691335648880531,0.6686385705110801,-0.1724868841739354,-0.2993269732958843,-0.7553408197272258,-0.7726846233740311,0.4729628600864208,0.8610219856807331,0.1676019682987163,0.3049703760251255
1601,2.668882758223256,-0.1962016600790818,1.365058321512224,1.6839933375190708,-0.1835822894931592,0.3684298084347689,0.1024784820330321,-1.6121823506586768,-1.5519730122481623,0.0488484669042728,0.7958751871020797,1.4159121154603291,0.2045657364305675,0.2809772047916824
1602,-0.4249135386085962,1.89158033839359,-0.2365729386946185,1.9509289970681247,-0.4763913961355442,1.9122004206089336,0.5064244969473461,0.5632918957711972,-0.5117639567336494,0.5769171804036888,0.4369541545814522,1.1637082407992745,0.0609928059306114,0.2367634654987493
1603,1.6927134330812508,-0.1448274940601375,-0.3393968153666179,-0.2467625388600883,1.620111605006437,0.8553512070010864,1.4476799904711186,0.3136227104842696,0.0393193567778319,0.4239440390706323,0.7440836164940792,1.1539693237425637,0.2515124846984783,0.2809981576855323
1604,1.07015853441254,-0.2471182425878648,1.3686769933567864,0.3658305570658767,-2.4062781380301783,0.8834934271051945,-1.2723050132619824,0.8591727606739874,0.9015179982381664,0.3298925973812082,0.4595204620579707,1.1132804697174807,0.1798698646610811,0.2322344901642117
1605,0.5436808988766937,1.0988707878439867,-0.4956276738107275,0.7934296597024786,1.1630233029570365,1.7600825975384784,-1.1057802860597032,0.4085160649877681,-0.9614891990614646,-1.0039220177014978,0.7345230224376051,1.148939150070242,0.2039957631870018,0.3160465030962828
1606,0.3590277724059801,0.0774558147961385,1.1450014785219849,-0.3461764495942092,-0.1340514361970109,0.2115042623381847,-0.861828851436456,-0.723069845015931,1.1160986657725531,-0.5489550412811088,0.4012134089860228,1.0723037939579865,0.1042756664819799,0.1142145840680935
1607,1.1824765664496857,0.6073125806682945,-1.5475310254889354,0.5303786918377881,0.5224798230941273,0.4229286085112854,-0.1418767263830107,-0.940067455391852,1.3462127661126204,-0.1015795887228356,1.0606610276308903,1.4495871326348335,0.2963571155579472,0.4944639397751998
1608,-0.883406160335368,0.4574686860880083,-0.7427799707332572,-0.9490860282851212,-0.3754726122024387,-0.6653977643180745,-0.9122422519845744,0.806411762261759,-0.1138278144623993,1.2522799455158922,0.5238171306139628,0.9159228110101376,0.1110315402153581,0.1823956126273059
1609,-0.8545094777299357,-1.727561037636336,0.1487703492494162,1.8559789218064155,0.5309868293620021,3.2153741962128324,0.3320591209490886,0.2355522112880903,-2.155362671057917,0.4279474405885283,0.8324758239533542,1.2580567687035615,0.2604615323611969,0.2987856752164987
1610,0.1686677600192913,-0.407421198204537,-0.1367788670590703,-0.068100574342179,-0.1799291529320639,2.089714963125961,-0.3708620278050089,0.1693137238538573,-0.4039010833862068,0.7834311866438803,1.445844079139975,1.5908022662536192,0.2646280227593905,0.5104927832874232
1611,0.1767636999722068,-0.2799105731704815,-1.9259679459071828,0.2433082252887502,-0.3095762735797508,-0.0607406568871012,-1.1824579472453334,1.4332821727201956,0.856743175843872,1.4307059976406318,0.8326994513270098,1.1164875496027764,0.2826456525615211,0.4038888792599222
1612,1.146979300780954,0.5923173021274616,-1.1422825087264428,1.8433871640718589,-0.9276351508875104,-0.2684076240749616,0.706902280626921,0.756540787187405,0.5722367269445582,-0.4002884813290898,0.796697473628044,1.1496349739624403,0.1913812521273169,0.335736586375885
1613,-0.6069316273554748,2.5345325686061364,-0.0393139384998335,-0.1617713846388359,-0.7135564909387535,0.2446703490709576,0.1980228005780707,-0.0162262087042952,0.3817266467878861,1.7635375024423534,0.9277856655030514,1.2570487330863571,0.2050861604235885,0.3749005885152213
1614,-0.5950527062908985,0.04308374220212,-0.6478484525505558,0.2946983608256279,-0.568469501374419,-0.5254429914341896,-1.459523374055626,0.0977947828196746,0.4297696219049771,1.8604763531922952,0.7687163526948478,1.3030919338366906,0.1855968600824361,0.3215511479005446
1615,0.4695024811898451,-0.4496841232973195,-1.3596790876860898,-1.2212870056654783,-1.2956283394719723,1.8780420354493808,0.2878104969263698,-0.5829662192618927,-0.9598596051532644,-0.8561078403939216,0.7886437435209549,1.1944147817347188,0.1811306741268895,0.3672427015590347
1616,-0.6092993945063785,1.3162552162551524,-0.0299434470577495,-1.447466417273949,2.310459274730372,-1.1401611393658972,-0.5908353099238673,1.310144387633882,0.4151496326090667,-0.4699229996242097,1.0900610942837197,1.425976774745129,0.4060496782922554,0.4488923782327166
1617,-1.2313669260938347,-0.9666901089250268,-0.906496119076466,0.0070317978495495,0.1910618172813036,-0.1486546286313424,-0.0392138139243293,-1.0507231951943208,0.2931361062238891,1.2805186368369963,0.5614886301306964,1.1434741260789596,0.1094005331218972,0.2524654653292372
1618,-0.1627916817495685,-0.1822867064294734,0.0830010520528482,1.1182048597593914,-0.8947229994386405,1.4508473357321354,0.4212222394352376,0.0286806956988676,1.21323883666432,-1.1820620738764558,0.486148533376596,1.1863010422306055,0.1429029090419344,0.3029952628398219
1619,0.5220455362447083,0.4303095645066175,-0.9354550643937928,0.460638122953821,0.2833051793804862,-0.1787381196899341,0.8628175552303327,-0.5717542523576646,0.270321245843369,-0.1316737824553188,0.9562318111676212,1.508291185317204,0.2792541860939836,0.4750976482594298
1620,-0.6146968230076675,0.5028846851187714,-0.2077357473491514,-1.4730064587095468,-1.8010661047179843,0.7890574680832019,-1.2206001072268309,0.2793844934006062,0.0549518936281503,-0.3685317769708997,0.9411356861745626,1.2785345603010283,0.1836693109669394,0.3992690197630146
1621,1.95666845721534,0.179674018460446,0.7556334826820653,0.284816215339809,-0.231539423117481,-0.0190887502359415,1.4585427656604837,1.0881052926004298,1.9519864316886009,0.2216420929728839,0.3446964722160179,0.8596441370436337,0.0958108450055467,0.3127019054460559
1622,-0.8769370657007479,-0.4405169443598121,-1.1877781917985912,0.7670441288752773,-0.5859163160772481,-3.0553179463195104,2.4637756983299304,-0.5706011384883154,-0.5765909254858096,1.6716116926603666,0.7797661093129913,1.1816754756790715,0.1279044821944095,0.3472964792635189
1623,-1.2082514507975155,1.1366058865331667,-0.5874424434240215,-1.323795444596859,1.7057177613781362,0.9230969470625272,0.9200009845150428,0.3676555467887745,0.5991016330776804,-1.2321580247480433,1.342976438149403,1.578907520139991,0.2685389663576318,0.3646646615813497
1624,0.1116108572446605,-0.928763000450845,-1.3889405190630546,0.4109533307080315,1.1581495556595445,-0.3833688242280639,-0.2120128923345417,-1.13815064508304,0.0072171460878978,0.7600761123884141,0.3706877749595029,1.008387250176093,0.0459796335360749,0.1411291747375355
1625,0.791527736727773,0.5451761756309323,-0.6184311671945354,-0.6501290434271516,0.7954044732409332,0.8119989322167313,-0.1719949854318929,-0.4261719075656856,1.1672470934456998,-0.3599486648132468,0.7576309283089324,1.1510843824815784,0.1731010735589022,0.323322229842013
1626,0.7459322245237815,-0.1368431748580985,-1.047532781037,1.6123121400237026,0.1200638957314761,-0.7107439798880834,-1.390805667775204,-1.2900007982368336,-0.3729114040946011,1.9251288835335925,0.5079047802150279,0.9711843969488884,0.1091506464155741,0.1504236479447684
1627,-0.5846618786742426,1.4474548323462046,-0.130763668603084,-1.1811503911016823,-0.473211188450396,-1.280987923737443,-0.8559684519638542,-0.8857480618759175,-1.9038038674812665,1.5127960688147262,0.8105278623909679,1.215060249284463,0.1248476570321259,0.3497846877185181
1628,0.2110170302222815,-0.6862784056181018,0.2217577464333891,-0.8354803936420617,-2.671061965369756,2.9566916332265496,0.1895998766770595,-0.5890130393147649,-1.9339148116774327,-1.49414979514256,0.4118566294773004,1.0090309799206434,0.1582205870267635,0.2462838378856934
1629,1.6544919295549054,1.5019385487984669,0.7532150359989478,-1.115077038409814,1.5099739879770104,0.4497826179443525,0.6549244483515344,0.4461709444432463,-1.5069871846261038,-1.1981609507468876,0.8034333388568836,1.163750099711793,0.2473755954287783,0.333734748890431
1630,-0.5102181664083618,0.6436397075331132,-1.3804320822431462,-0.1753464149441906,-0.1766095101630508,0.7927396893275777,0.6746715356076624,-1.010225929052133,1.4466861694873017,-1.16323982875029,1.1072452469933804,1.420510635299831,0.1963822409152,0.4077015920841794
1631,1.09223944190075,-0.5501448983483982,0.163925953433372,0.225987460104305,0.1977074407087954,0.6744991984345704,0.3914594979335326,0.7836491298705383,0.4646199603451356,-1.2644552589258438,0.7917302254981602,1.3136191374642543,0.2179527546740183,0.3667114597086345
1632,0.2697990745579876,-0.5638699025053332,-1.1092624779072835,-0.2898398926772998,0.1832355990350907,0.2496750279877846,1.056024745140268,1.3073091189715773,0.3362808307573559,0.5171063770094092,0.730263577208383,1.3138150330967615,0.1735541810447672,0.3388798030896136
1633,0.0953090331756551,0.7672254636495847,0.4869881388370644,-0.0544880938578039,2.1519825670043,-0.5461833634418188,1.4544569567083374,-1.3542929263269372,0.813616536451455,1.4365683517268375,0.981186241120396,1.523513529936619,0.2007656029277044,0.3866431257029122
1634,-1.90721907100792,0.138950573055094,0.7154140412440437,0.2519636041280662,0.3781559356069633,0.1362231623766634,-1.094247826361592,2.368045592155442,-0.5035378633157992,0.4341612387789051,1.266053099081687,1.4479031448768904,0.2474781185622016,0.4423059234647967
1635,-0.6468396770854272,-2.2758631900206985,-0.9245128737489688,-1.447606692275138,1.0915675392244897,-0.606868016044455,-0.514091339179963,-1.0643307126037362,0.0940353987151025,-0.7164585163612808,0.4896537210153076,0.9510429352969328,0.1020947960577138,0.3318334570972794
1636,0.9923547312467884,0.3020393230891608,-0.571825785724448,0.8502330518370192,0.007940523023238,0.021496905689951,-1.4626349037319255,-0.0710861327853138,0.3215446393179984,1.3335668221983452,0.9153502849781544,1.316257366818784,0.2217773159496182,0.3083242636288573
1637,-0.7518936299033228,2.2781086233855112,0.5568683168289861,-1.5194118760338071,-0.8451981140855563,1.420999164216819,1.2432291429623945,0.0180934815605026,0.149917703057852,-1.1646102737259711,0.2603917711669583,0.9321019653536868,0.0759712793398762,0.1062553967976233
1638,1.321442740235342,-0.9877670867744672,0.8447411111234174,1.352042368665138,0.0481555542195089,0.9676113661221988,1.8476397080256943,0.267968799210738,-0.1753018164319462,-0.0668528575515166,1.026387631467685,1.3019163529077369,0.2980838082151313,0.4409382985424408
1639,-0.7429879026720885,-0.7655837927368733,0.442406763825703,-0.1639498221492846,0.3275691768512657,-1.4899361498525714,-0.09261882518714,1.0301178500904633,-1.1189242769760182,0.0165264141345511,1.3660161777936493,1.541478446207924,0.2518301829400715,0.303396742074002
1640,-1.854609310898411,-1.305462022273174,0.8076608876780496,-0.3092842933129496,1.8220728655385423,0.4324431104243127,0.5305956648893245,-1.0764820498948993,-0.3851053768444529,-0.7326361820476124,0.6243131300598499,1.07310174227455,0.1555570150982163,0.2920125751004206
1641,-1.0654417395505855,0.6638931260961353,0.8645158657686794,0.3989371941674486,-0.828067193225987,0.3307300350974625,-1.9126784014656564,1.32300926870804,-1.2981501756374367,-1.1204589824384634,1.0478753672809549,1.533897589366826,0.2883863248600263,0.4005272855870513
1642,0.1152922695701925,0.2041595602420456,-0.0727485984517845,-1.1101279409822966,1.1333479936032922,-1.6859492010692505,-1.4832689904484448,-0.1069827719544813,-1.2642339818443875,1.222625276275925,0.9140250552671204,1.081976826579963,0.2209352289146184,0.2993013385761963
1643,-1.1782146354129148,1.5570271522103123,1.0351221657715732,1.2350557355075835,1.8871059829532453,0.0812279240957655,-1.0129745958199576,-0.1030078757686417,-0.5666656054089627,-0.7091912725137224,0.7666513719030306,1.288525632086596,0.2439507077278503,0.2526754602005785
1644,0.1508534368068323,-0.3117042142077464,-0.7522096843169965,-0.2454023925872582,0.548978464203705,0.956417206592696,-1.6029239131909896,-0.3032010863285421,-0.1413432054747045,-1.182520022227632,0.4817839416142075,1.0281211682584066,0.0863496625988707,0.2292510666143899
1645,-0.1197057330406989,0.1479956095400277,0.5188345452809907,0.0771580256316703,-0.8809494099975556,2.012030027571847,0.8291267716215981,0.5527197446498667,1.004831257010936,0.244609171810477,1.2421788026865412,1.6832561240356012,0.2234860432035106,0.3938782005126301
1646,1.2863008855219549,0.0568719502857642,0.0017474602741839,0.6352284787912039,1.5763575462909234,1.5120486152893071,0.5928475982599956,0.5166118585767997,0.6960424110964861,0.9856209133365972,0.4091497488487808,1.0604107455439045,0.0191414054977227,0.2173156355112443
1647,1.2987319394132422,-0.2365840840038497,1.3180612898373911,0.342995114071306,0.6509316224999498,1.3819493215339949,0.7470622500906786,0.9159955631528404,-0.3894185332824212,1.4983115437496803,1.1054927352977488,1.4265838133878983,0.2276750898229656,0.3767462026899497
1648,0.695686711076125,0.1260657178404976,1.1010743868931026,2.587830497760499,-1.1689245018219347,-0.8037326229232822,2.6853053088358845,0.4266948423043742,0.1908696786315678,-0.115385741662165,1.3626750795436389,1.497481131647052,0.3313840208937237,0.4832320910983138
1649,1.20843600097144,2.611247308810287,-0.6651885407333455,-0.0968767271893338,-0.3507271285678659,0.7328649768192781,1.2223934376505747,1.6209327853331168,0.7667182826202803,2.519332791243617,1.2395633377233863,1.444120042793766,0.3233626107591394,0.3727851926842854
1650,-0.574752983207413,-0.8345405524327041,1.469344293316209,0.1228323195963367,-1.375940323415281,-0.3160629716374493,0.2556586540972739,-0.6462482379073551,-1.014660687094589,-0.2076291365258759,0.449557731670283,0.8480107200381015,0.1463128745542196,0.180699871217528
1651,-1.0645334203617114,0.6351310389802319,-1.9438048468928464,0.0904249279654223,0.5195098881083026,-0.0905412397483762,1.093222897070873,-1.3705612342041356,-0.7010895013761145,-0.3300346462508894,0.8182098245815862,1.096403807139336,0.2217973814857736,0.2619029380932458
1652,0.7127245694093065,0.2185075860461206,2.143365982742418,-0.8057858969738931,-1.3949888985806511,1.789088982933061,-1.4308585839323829,0.683062711399045,-0.9786700420219692,-2.069318350847686,0.4858291278298176,1.0877826031239126,0.1395379656116264,0.198898496374153
1653,-0.3747837938132319,0.89949996247716,-1.2217710884730737,0.576094728144831,0.7628635611864517,-1.271690141519304,-0.2277612887123704,1.5770748223271638,0.6505926199637431,-0.2614924645760204,0.6231868967293281,1.4992810570060642,0.2872929485136568,0.3361337412444149
1654,0.4152954812539195,-0.6852633084704479,1.113695678385025,1.113260064602139,0.1209059150860546,0.2307061564576935,-0.9987968750056726,-1.3520364270678291,-0.3766047439415307,-0.0874017096911781,0.4246796218409029,0.9886407838298036,0.0728289785111741,0.2631927969548194
1655,1.0626274973879888,0.9224277506183106,0.1848328883590928,1.190538984372787,-0.9434861788144032,1.0773368872783695,-0.7904287143494676,1.2396945300642426,-0.0133464647699812,-1.9982866765377372,1.239375433627775,1.4215836141640168,0.2764622450437609,0.4560594071284952
1656,0.7301571640314422,0.80954575950078,-0.4565800544885821,-0.3712595783940167,-0.1595452798846038,-1.9251518126262717,-2.3647281730951435,1.3016256381303892,-0.8240676674105768,1.855264109576364,0.960009784682048,1.3528331563486244,0.2378516032526988,0.2873687565598681
1657,1.370401801138914,1.5671953142697388,-0.6502989524671549,-1.608401186930581,-1.086882306594355,-0.4464547271529116,-2.37322973285064,-0.4754256891241671,-0.2016780275111107,-1.2944209715866946,0.4758486174670879,1.229716002380822,0.199908562057795,0.3069991048160677
1658,-1.0404850982458325,-0.2205985211808017,0.3562865483103014,-0.8908226680002443,0.2922526095762693,0.1368460079878552,0.0468858590183908,-0.652014123856577,-1.3333795960353827,1.6964519799007398,0.8053897347033206,1.0673737838050843,0.2278704278425593,0.3316108157015925
1659,0.630305916457426,1.005731653060738,-0.0836296848389222,-0.1640254422601378,0.4906596807253875,-1.834688350452245,-1.1146434693531446,-0.797774878028373,-0.4545664225417623,-0.8796956794701541,0.868233878205966,1.2946577003573387,0.2302025822460811,0.2794985294230544
1660,0.3328071252507463,0.0814472344628357,1.392864689751377,2.4737591571125623,-1.262850240148433,0.1473052139684453,0.1455258782069742,-0.0141980697646624,-1.0848245709655016,-0.9171974456425503,0.792916315208391,1.2091124867253376,0.2053849724553309,0.3499108827985865
1661,0.2404056119161191,-0.9453500733072364,0.1592719721670077,-0.245949784545605,0.141657903121282,-0.953300470434434,0.1574692423345365,-0.8809525834765903,0.1606956086569182,1.339396122439157,0.8643668753022491,1.4077343439569954,0.3103234489942336,0.3039824791306962
1662,0.2609838500160705,0.3218703823830571,0.817206517497548,-1.4035583444732629,1.7189215737230124,-1.05558999261237,0.879660997368937,0.7469099872563228,-0.9021663615047604,1.0088861367667623,0.6245016677310946,1.623683246612727,0.2729811830506473,0.3599258039084497
1663,0.4978127664133091,1.8899786444022573,0.1933787513412931,-0.1085433315225974,-0.5147625279182043,-1.7433552713511733,-0.3182275647511596,-0.2758983942588769,0.2620581825574347,-1.4231031108824657,0.7601554725010633,1.1553356953185394,0.2306134905052696,0.2220282110436887
1664,-0.239012211186879,0.5762513920221156,0.6755096754925167,-1.8598151761373272,0.7064066086532242,-0.2465739131214918,-0.185010877498554,-2.364515369855838,1.4935711625578796,0.1767988850112951,1.0383418881312596,1.5343158554197416,0.3311472015206654,0.4320770822468006
1665,-1.531460426522707,0.3752015749164665,0.3444784408470244,1.2225441529329892,-0.3096887692908779,0.0119960689385862,-0.6428078002379078,0.5979486139927381,-0.7834903416750496,-0.8929905170802298,1.0819445581600051,1.402173435073376,0.274668258310604,0.4119936376142363
1666,-0.0677975377799205,-1.2258637713038287,1.6021312185392342,1.9272667277418756,-0.4535900854218154,-1.3865950065571653,0.3365920389020614,-0.482102517968924,1.174681132528032,-0.7871465955299036,0.648547736927255,0.7952562814229249,0.0889635621520816,0.1333660779487398
1667,0.5445132224284427,0.1139935893916931,-0.6762615106134099,0.2400498284919416,0.8785325584748495,0.0868485190553967,0.0972846651262585,-0.8727834278536748,1.144204797904136,1.0445465781431835,0.9521635983969764,1.5966956645344816,0.3272312287249669,0.4224716757973631
1668,-0.4105591886864966,-0.1242884594829956,1.4142206726903268,-1.133570821047455,0.6042883913587814,-0.5586137731311284,1.778077876751641,0.063446728665337,1.2603785181400424,-0.7613273484611286,0.5921025839730993,0.9520281103233864,0.0783681241833235,0.3092865308361287
1669,-1.2485286823242678,-0.234259457201112,0.2626834579468364,-0.5107316820164134,0.7583074262749673,-0.2099535678104293,-2.0814371617666056,0.5528119791930007,-0.8825370591471574,-0.3615973816765184,1.163014341861064,1.573513211305409,0.3003190770481657,0.3075870734960793
1670,1.5531312035393556,1.77281172412109,-0.5754934350928114,0.5777866306318398,-0.5522744904226446,-0.2868729788986031,-0.6057754148985527,-1.724343680396485,0.0950552237337094,0.2881653869461666,0.5955370996198732,1.1421015780060095,0.2528050625834994,0.3394145828318001
1671,-0.6710017453111383,1.087791711437109,-0.4360802170952195,-0.6372118248590148,0.5265031181081061,-1.542681989972529,0.9066790317028058,-0.4021691573943628,0.9892860763940896,1.2881305258291558,1.337111574633605,1.4012953821063685,0.3807936245061156,0.3517553349906808
1672,0.6401534423571412,-0.8119732927283112,-1.2508317064844046,-1.434072663335236,1.102910701701311,-0.1348001122001833,-0.5992217945308487,-0.1320821515388917,1.080621208954168,0.7787397853595502,1.2319236598004952,1.4989647710092264,0.2913063089842707,0.4669296069147803
1673,0.4385061557088546,0.637886057426405,0.1801723554969488,0.302113057296425,0.221025231151047,-6.124562755371822e-05,0.7533738838312816,0.3612821062003947,-0.8807150311069579,0.5288743855226535,1.094233421975106,1.3650394744288072,0.3009997743103209,0.3800086632856737
1674,0.2472470663793044,0.6114134689150991,-0.1042069136150285,0.8117403137671578,-0.0614085508661569,0.7238796866005448,-0.4564715159505109,-0.3872540540989525,0.6020525232101246,-0.3317733937447442,1.7066074378623968,1.5676507476439976,0.2795329712390688,0.3471944215406456
1675,2.2057826947481614,0.5664449867790268,0.0249234861542007,0.8199007767588492,-0.4806804099765168,0.9230148192330176,0.8952352166635325,1.25353405777955,-0.4408095313485774,-1.222733254137745,0.6119711589431216,1.0974780914262567,0.2057470885879566,0.3713664325797384
1676,-0.6101546392025484,-0.2816305159727469,1.667211600851755,2.195012029127749,0.3446623046439823,0.0093906080185992,-0.3499078304742111,0.8246903502108671,2.1885813919915176,1.7858508911882716,0.6121689142387919,1.022909483164638,0.0838416167148757,0.2134406178206077
1677,1.1379766126058335,1.1233025311138565,0.8323098862541146,-0.0472906457085348,-0.7365482225407958,-0.0208140893279413,0.4223396021313532,-1.453633898718295,-0.1529507293662088,-0.8259323545912736,0.7481362002515425,1.3718363995763876,0.190540490936246,0.2956831070876636
1678,1.0138411610681417,-0.5497084021567107,0.3282203319809874,-0.7000202929355765,1.5976993259609156,-1.7007569365345856,0.4758403768439667,-1.2772576684399324,-0.5093326504848509,0.2061867036845048,0.2784177574979332,0.9804565153477236,0.141824206898247,0.1466138711480727
1679,0.2553570313168375,0.2292668410954128,0.1517491409755004,-0.6418442618734426,-0.164053323088811,0.0316340161789149,0.1953603967588828,-0.0656804728069883,0.7295904209844546,0.0933869701509424,0.7249279665507188,1.2792711017733664,0.1261671388240973,0.3528900503770959
1680,0.2013259676216136,-0.3826523483115173,-1.0524419266144225,0.1540289307324705,1.207446043962938,0.4438612307304131,-0.8174939412147917,0.8147400258186039,-0.3351170677939566,0.7146539804802873,0.7467856109826898,1.1611431779508796,0.1438060797437203,0.3189023130213941
1681,-0.368795864896161,0.3533064398273697,-0.5184973366243467,-0.4930524964703344,-1.5662653670957396,0.5120748191611598,0.3701696348203371,0.4264427162609425,0.275330561131811,-0.7622500333233032,1.568980797754407,1.5781497239460631,0.2567857369029732,0.4567810292745738
1682,0.96589926449358,0.99277930009227,-0.7882374651705827,0.5321239913499579,0.874991185367977,-0.4700982733437214,-0.2960356892443521,0.534113408211786,-1.5103297694143012,-1.088517221534,0.7683320454065751,1.337448498142756,0.2403338201082181,0.1528429217264133
1683,-0.9897750078695616,-1.7963163648254954,1.0849397741874804,-1.988131814191667,0.3431106634313661,0.8116833947552199,-0.2935959544132672,-0.668367624731245,0.2328424507366391,0.0018330005944814,1.0493880550567458,1.5944385222835389,0.3075828636072508,0.3488122026146075
1684,1.0035048624164156,-2.6285211403979574,-0.918707476148128,0.5615768839160554,0.0504474427744601,0.7520341591968671,0.2620199762396622,-0.1347370632413126,-0.3022884430935042,2.3250550158755865,0.4366410484506187,0.8093763379910619,0.0955813356236802,0.3105344863007882
1685,1.5349462740315112,0.4955050980952219,0.0784638934484146,0.5381325493534344,0.826834717872908,0.4188266857045092,-0.7513801233865582,1.7845107677245104,0.2462082277540191,2.0139300303898144,1.3207400086098489,1.7190417001188425,0.344119854489499,0.4513739671676346
1686,0.1871474868773338,-0.2456533521255339,1.3841401240464637,0.3011869580777671,0.1334226345092895,-1.2003642056425945,0.6602178051358282,-0.4933103829559084,-0.4477912090739742,-0.4905488454051715,1.4961118031617535,1.5377263259342226,0.290638633924656,0.4516328758311006
1687,0.4390338346953026,-1.53537627357569,-0.2108453427258072,0.980278991109378,-1.2456688693400075,0.1728789609345851,-0.6313994202708345,-0.4036931194656334,1.655152260389907,-1.6504891835450084,0.9453840237121884,1.152003535728779,0.1639215458829985,0.3069428016215439
1688,0.7656303381716163,-0.4779282687772126,-0.5276639851456674,-1.1115623424882677,0.7538996372736357,-0.1914046162840162,-0.3176694137946522,0.1098369292040746,-0.1702871257418005,-2.0006878797535244,0.8831498866931663,1.2798091048661562,0.12879161999062,0.3955803033531661
1689,-0.4908241829773584,0.8954408909483242,-1.5066164641123083,-1.0899378998563545,-0.4267913953985256,-0.725623418637142,-0.027885482141608,-1.0930767516787407,-0.3878545238093729,-0.0479945315993341,1.1038252605904724,1.473493500311142,0.254867282000609,0.5349164417968544
1690,0.648940416207971,1.244789386099596,-0.2615471538534397,1.8880602412458252,-0.1839045805445239,0.8288751482565307,1.931507734726779,0.1393084092359351,-1.3735266215775357,0.0909038572076311,0.5242070670287967,0.9149024919318436,0.1431961774981223,0.2384567889655016
1691,-0.6116428882049108,-0.274432026972452,1.984976882495215,-1.2227634232238758,0.3004668223058587,-0.8777212803217245,-0.3076579412009145,0.7448423352044837,0.3181639434730228,-0.2250322689615891,0.7812272976420116,1.2840606712783382,0.1587354019584567,0.2753540862525374
1692,-0.649800325264628,0.3160781921536142,1.7076867171533705,-0.9013519426236236,1.9116638854577723,1.1994974507251512,1.3693533675777672,0.3084323809296013,1.1711297755098944,-1.0088312824506265,0.5989783345433938,1.0676048915780436,0.2903815402835343,0.3820714313861157
1693,-0.6680439078485115,0.7658138139203924,0.2958450552238162,-0.1483792584977691,-2.502608890607422,-0.4354740480381711,-1.1740537802982656,0.4935343113115024,-0.1911685285672356,-0.6283005441665047,0.5065788648648962,1.1662931447189837,0.0919962756695847,0.1878294848716046
1694,2.642910482624304,1.038174476694235,1.0558721413560592,2.2022151446821727,0.8021917826831093,-0.7709540094728657,-0.8878963516917364,0.9649027587542348,-2.0593542797751767,-0.0777796310095656,0.8056510648465557,1.1875078404676431,0.1892401838219909,0.3571699053574776
1695,-2.171124377556448,0.0988435083895062,0.8540702507119534,0.2794155346036323,0.938109358970598,1.964826941659915,-0.1435384372620087,2.807650783278881,0.2126699561701546,0.9491650626903592,0.5150135653956203,1.0712481764433806,0.1515690262638665,0.2194092897827367
1696,-0.6110627145650674,1.619313979630682,1.0417101985426294,1.4714513025679976,0.0545044217739547,-1.2554175643832894,0.4603974396254061,-1.6970198133235157,-0.336185803621952,0.1910804366322505,0.4029728674091761,0.8647134111035961,0.1074390317403652,0.1914371847587533
1697,2.377224292510768,0.3185486119419406,0.1395374690830392,-0.0630324240352927,-1.3420909047650176,0.0858258400130076,0.1028826761367724,-0.9686084954537172,-1.1867456144283648,-0.4815706827677333,0.5087391428920122,0.9983945960751414,0.2291786830083283,0.1334886872179331
1698,0.0649329785726931,-0.4575541813814581,-1.0508754496515214,0.2892722520043055,0.5388668241692289,0.121297709222235,-0.5629827138769333,0.5948410212322582,-0.1905372897269811,-1.1890837073451497,0.9015080595268312,1.533237683351961,0.2811788722705902,0.4158033934864976
1699,1.0362443550013984,0.3535080192664899,-0.119290305695739,-1.571052204834725,-0.7448602791352117,2.018565712382927,-1.508342061880697,-0.2513492796416924,-0.0163357623536197,0.3204767894115546,0.8583883022284001,1.3284104695178898,0.124638708980803,0.2721641051071418
1700,-1.497170935826414,0.1741762564046003,-1.6861054624716796,0.0974287961955113,-0.6523979190095824,-0.8658692669178103,0.8348171586675873,-0.2356062433638822,0.4737108049075714,0.5068269113778173,1.2643141888321143,1.5770463595687227,0.4096724775144192,0.4477851985556934
1701,1.269953488955102,-1.2082577416210247,0.9190156625197566,0.0164616224380469,-0.3781245803695937,-1.1492505191902824,0.6065908615428617,-0.9222245213338852,0.517806586977143,1.927830772967132,0.7943211404113724,1.1109564247057335,0.171785507364049,0.2703648588521447
1702,0.9799770403593284,1.391434325150649,-0.7190047772250318,0.762733046131995,-1.1442149551363905,-0.233482902574614,1.74127205621912,-0.6078422064264841,1.1113561841730932,1.015646732999715,0.8655233628513761,1.225699744558583,0.133817521457891,0.2782049265454783
1703,1.074741250220838,-1.2670019761212727,0.5252009660156798,-0.1565985659168632,1.0884968575291116,-1.6550003997268452,0.3677878890656031,0.2263752028400669,-1.9901167372489352,-0.8854203560949772,0.8877547553451421,1.2351662354974058,0.2284322308006385,0.3191460855028631
1704,-1.830152213116851,-0.7263553019229068,0.5492170846651478,0.1953655756486076,0.1694000805935488,-1.0397481089313825,1.1204504915105322,-0.01881967836134,0.0337038122575084,0.9403995689461304,0.962643073460886,1.223604306382437,0.1806988601064651,0.254212247943322
1705,-0.9913457476925386,0.228547769871923,0.4234624916014198,-0.5455681502938481,0.6523733807597761,0.4771231706295671,-0.1011767122774249,-0.1321508901348614,0.5235476578713052,0.7884710400131903,0.5249609458209712,0.7559295985224916,0.0907855499083644,0.1897080070039328
1706,0.0628999174066403,1.1201894604068467,0.6585259624305833,-1.788463949726815,-1.4048966975421424,1.1822352190216612,-0.2467731314708977,0.1641758227974739,1.1392905176591448,-0.006411217371841,0.6635529146382719,1.1071734161344005,0.240482876507412,0.3115355874537481
1707,0.0372676095893488,-0.868729232791729,0.3699945072275205,0.5865122189668235,-0.5778818370028561,-0.9220213783058668,2.6262892551952284,-0.0929084698482829,-0.6836923396092914,0.7065864452922617,0.5101788333707328,1.0306347533932023,0.1046313793974461,0.2621431281429157
1708,-0.0507940352278919,-1.085766323262103,0.4830535716514451,-0.8531209690758187,1.5764580021556338,0.4945046297524024,-0.2768804245260839,0.109347018022113,0.9032881210981932,0.1859612535607985,0.812342918170365,1.054178688618125,0.2815064982437205,0.3185170133664423
1709,2.1221094572335484,1.1358675163955243,0.4876073675611219,-0.936985873508484,-0.146888103901991,0.4788749700524526,-0.8228614157581384,1.2934268749629496,-0.9741573417780406,-0.6372256980459021,0.7410746269204933,1.074659828170498,0.2197957110479023,0.2941413997512812
1710,-0.5622991848948815,0.743824460633133,-0.804936367170773,-1.799976570419055,1.0880388357617128,-0.4443862851055618,-1.068507632151937,-0.7548585532025398,1.7167627491843505,-0.6570436972729109,0.6574146786032409,0.9654092719333172,0.0581309605158766,0.2447898109117964
1711,-0.1233681053769014,-0.4469183622860159,-1.2326625434337566,-0.7427185622469634,-1.3011084070064949,0.955881275680714,0.1008790646135957,2.482677762174321,-0.7089107249905889,-0.8588602461456193,0.5925281892716832,1.0168651367610195,0.1338178523837454,0.1981156439628881
1712,1.5337597683553283,1.0579770320681343,0.384765021771022,-1.1136915150882716,1.744996267727934,-0.0721031597703479,-0.4306751284950357,1.1429597369182798,-0.0222951212537299,-1.165670085631883,1.235079765151387,1.6164990882563923,0.3312659167010751,0.3915362780833687
1713,0.0403025994985817,-0.7813488015707639,-3.0093411426831738,-0.881710192150132,-0.5277355708678508,-1.155645109293048,0.5752465321140376,-0.7774477573287817,0.4784262008344562,-1.2333197363683148,0.9352362545926152,0.9635144627208488,0.3026036655710967,0.2147020452554632
1714,0.9092189210825384,-1.2764825266664916,-2.341530409391073,1.2372625851632273,-0.8558938037311713,1.7569290581994084,0.5645919012080699,0.7902633183812532,1.0454725004660728,0.1126793462490693,0.4372907175227704,0.9959082464804933,0.0926759664635919,0.2503205520013277
1715,0.1240554178385389,1.2813400241943087,0.111358495698098,-0.7281768467966099,0.5857585601622237,-2.1136434143849523,1.3195588015602135,1.3404391359650911,1.198166668123079,1.1597719623776943,1.041324507208465,1.5260766817483062,0.2710893950890123,0.4147570489668709
1716,-0.0841753253411231,-0.1066823844930224,-1.229640089770856,1.7480412517110475,-0.4850181730262778,0.3398853097518809,0.2540452829547781,-1.3404191816041566,-1.7446750241232056,0.0055866208673482,0.4935227740202123,1.0092935652682975,0.0725037583767827,0.1744968024951959
1717,-0.4537561176115089,-0.0894368592433351,1.0654156302032325,0.2249441505370227,0.7585225407647307,0.4453281621755774,-0.3163341932398317,-1.0018031671930638,0.2647178681134684,0.0838926193460912,0.8287272514027427,1.2943715505756044,0.1700860332901076,0.2565616227713545
1718,0.9151563375047472,-0.1509000697224929,-0.2973415451155226,-0.2294993837815998,-0.9187266350054458,1.4469099448204576,1.1396287546157615,-1.2130298289580468,0.8039481419725495,-1.8450050639323652,1.2920190248507757,1.496749610694231,0.3415249066992976,0.3547101393314426
1719,0.9852892331110223,-0.6963504511076755,0.3599005576782514,-1.929509689541672,-1.1987042316779504,0.4687029672494094,-0.7009081833827803,-0.8399628703721986,1.3958616974520976,2.210959211272874,0.3220561074576569,0.9466995918173666,0.0616823695367492,0.196060579995985
1720,0.9370139368194832,-1.0918805717350637,1.7635193328176997,-1.5614322596483825,-0.3044914540753259,0.0547777669873732,1.9240378438387489,0.9126591375517252,-0.4637576947995197,-0.9449562707797498,0.436315478572961,1.0741016951336448,0.0855924868788741,0.207523724938695
1721,1.0021926538032544,-0.5333589572203554,0.2167400878649751,-1.3697764892591158,0.5692578552242005,0.4886951457474786,-1.2416200616581716,1.0316231128716402,0.5547458082427815,0.7400242527800978,0.5157634558440944,1.0194955092412188,0.0987935444772513,0.2255300345205156
1722,-0.3786786927501306,0.1789564112864423,0.0633788688653244,-0.1481704047542305,0.1705032781658458,1.2564429737963825,1.0749506387039267,-1.1818606774688567,0.9854018169069398,1.1911433727480356,0.7204344866174193,1.3399417926653885,0.1881731308315732,0.2344225431050658
1723,-0.1511776733523662,0.5084471037977766,0.4940016673030177,-0.8499666166743012,-0.381956287528328,0.7508102388516071,-0.4958222368314511,0.9754995592623076,1.3049724408497614,1.1436718419804708,0.5188073356991774,0.9148819517552516,0.1332667267254437,0.3104802788021189
1724,1.9798046031694567,-0.0907322822911125,0.1772010739690629,0.3206630477626402,-0.0603979249907384,0.5421789741016444,-1.711204029011989,0.2049053886925192,-1.3774366498828958,-0.962623277607578,0.721342790844215,1.2332372333223984,0.1122247205647686,0.3226952614720673
1725,0.7328898110299136,-0.19911623844902,0.6976144747158062,-0.22077660360113,1.1064063163911555,-0.2390807056213034,-1.9549184895631235,0.2253925820112707,-2.168859845702551,-1.4527209025324077,0.411428620020031,0.9375165381565518,0.0449356755080086,0.2366075613027368
1726,-0.8829465289985701,-1.0077094777701874,-0.5450508044162853,-1.0420678235311058,-1.4059526635856727,1.541835744840774,-0.6781445463918958,-2.2307676531473977,-0.3609183730092571,-1.1247310580275538,0.9007304357473264,1.2023385214658506,0.156778664733214,0.3794761518051931
1727,-0.8849676272928135,0.7103424813524852,-0.4481576187852178,-1.1525966012178852,0.4462535099572446,1.1499408306090857,0.5368721626398448,-2.4535555716504254,-1.114989502397014,0.047448530636205,1.0874384808368016,1.283796770007256,0.3229194504978534,0.3447612663179242
1728,-0.2442994052640153,-0.3272751539391965,-0.982756692840834,-1.4055840830774398,2.00778171781302,0.0271109531389118,0.6421217888674178,0.0062511735838089,0.0463486986379895,-0.0621033998092874,1.3482913190248762,1.461886230332658,0.3301856620272098,0.4700750173276079
1729,-1.1204458590744322,-1.5144894580342476,0.3862253737449868,0.1878424072711665,0.9382808984597072,0.7353608266420265,-0.8085121927496709,1.1325913089218718,0.7650271951545173,0.6908415698573351,0.6791141135379278,1.1434062869107593,0.1962164463671468,0.3768775659517172
1730,2.249326791978808,2.043958762508188,0.6899137665548859,0.5651972058375297,1.0816551817696805,-0.5839537696703713,-0.5698292575910502,0.6734214070919132,-0.8564760891275723,0.5927694855232551,0.7341617282059555,1.1405496304050993,0.2239070287777904,0.2711385637144714
1731,0.1568321665361899,-0.8561901045921188,0.0258665102882993,1.3050815921384162,0.0823704506538375,0.0865476476179773,0.3289852789045963,0.4591885228916088,-0.330840466081193,0.3502610479670479,0.8152525882897617,1.0448462579031872,0.3107164971278298,0.2326145384845298
1732,-1.0490703595907331,-0.799071056833888,-0.6711491080756229,0.4697626896341081,0.160232827556277,-0.134359577243953,0.6907699895852868,0.3788620827423358,-0.2899767799828719,-1.035230842819812,0.7678247296009792,1.1967518964157904,0.2956344067178398,0.2337577109533629
1733,-0.8197088012267528,-1.4668094653928918,0.1405695501508257,-0.8621387824536719,-0.4953229819838707,-0.1275906806288639,1.0439951913306855,0.9287905983168196,-0.0547084712539743,1.2655034894002992,0.9983704135478751,1.2757176821102023,0.2208547662211623,0.2507683156491022
1734,-2.012348509320861,1.8772205497665129,0.692499714304585,0.1028032850199295,-0.8913596807520631,-0.4380673661304643,0.6093508955780412,0.6320793835314138,0.6683933705907869,-0.7284967343664605,0.5571141242038073,0.92765133775802,0.1633330626599206,0.1514468985446133
1735,-0.9298477130152096,0.1952052443525064,0.7698539577714733,0.0031848495048585,1.4814842468851672,0.0331374621901113,-0.0007086438329862,0.6705599911926691,1.219230137592039,-1.3492552598045449,1.1830262258315871,1.444472691198683,0.2506238518786503,0.4370659908453957
1736,-1.1180117080355982,-0.3132614377440382,3.158941784588664,-0.2614685625409319,-0.1217829430105687,0.6183519298079181,0.9769289028134742,0.1697851164547558,1.1643474950402564,-1.19397118302592,0.8535458747409634,1.3209010198900997,0.1110062445895916,0.3532085351170522
1737,-0.7660884247427251,1.1624869505796394,0.0109431147834741,-1.2624506050086648,-1.3225379316172077,-0.8109408053447048,0.0021255421579162,0.4673795697267886,-0.3290599999441393,0.384999189239519,0.7505448905356894,0.9548358910823052,0.1947574306054485,0.1868419363970087
1738,-0.437066486693615,1.2239202016169175,2.551840094572356,-0.3926127320844239,0.4799328107989457,0.3984108241501123,0.1386954262599254,0.6532509453412914,0.4788211889798271,-0.4710535703848946,0.6627590262438694,1.1694367557593204,0.2524101983837638,0.2580911758834234
1739,1.316545772622688,0.2016662474867759,-0.3848004198303633,2.4432025238474013,-0.1162133771555999,0.2549438414237493,0.1754403445803366,-0.1298946109512081,0.4486647050440154,-0.844999909091625,0.7399661340993513,1.259353943229319,0.2001530058369286,0.329231147624337
1740,0.5965433865230575,-1.7583540283924295,-1.298069751257129,1.8257245471685155,-1.2561800267217864,-1.9599588520368607,-1.2314161690661876,1.7400572691967342,-1.791861740272715,-0.9558141825915508,1.2356744311137504,1.547962531955157,0.2783849407095229,0.4115865471015196
1741,-1.458192484316987,-0.2741291970900085,-0.4360208981807365,-0.4807565067270335,1.8561337994051368,-1.1990753176375482,-0.1021877797171108,0.3386012463207343,-0.980209262072144,0.4865899812466025,1.06089404914561,1.6288433622503389,0.2682862641591343,0.4564423743774695
1742,-0.3998104945533078,0.374309066189856,-0.107999251525653,-2.050531225566304,1.3060987127657413,2.070458315354072,-0.1767541819348135,-0.8979520518666041,1.5060127211756882,1.8903829028674712,1.16495895585257,1.520199901075732,0.2752517724554649,0.3492002284415986
1743,-0.1687954115899974,-0.2186806152205146,-0.0799110976714992,-1.6745488892453049,-0.2911258786932278,1.714941887549245,-0.1686886607705603,-1.0400345278722052,0.4966856193044801,-0.6671987984941122,0.3255239612394698,0.894467584140754,0.0838045573392039,0.2105939589414442
1744,-0.0664521236679269,-1.2688487805472792,-1.0366241611867315,0.7376592548635927,0.1158667794010878,-0.7760573868428163,0.1195351303049029,-0.6071467087272591,-0.7837601693701695,1.164034397248306,0.9010379313283264,1.155424254020315,0.1559019617866413,0.2278642606998643
1745,0.7828775531887718,-0.0212728496310947,0.1443373372497033,-0.0083980173343433,0.4870092591735389,-0.7995016584556943,0.8625047333686432,0.3535658378908127,-0.2630563378895516,-0.4877780315085419,0.8480063617904104,1.3383194515329342,0.2633165133978145,0.3354966374073618
1746,0.8411309417668084,-0.1504863161501062,-0.6988930958298374,-0.3845697669743236,0.76920464888916,-1.6105532012460402,-0.3554089055804725,1.070582669675764,-0.168216772103258,0.2728167322778412,0.5638543317267599,1.169762377970934,0.1166040730708405,0.2323064838012086
1747,1.0867689645371947,0.8923296533971701,-0.4400587730399219,-0.1303935522038363,0.9047639017290136,0.9394694872838988,-0.0880501253149411,-0.0535456522924267,0.2676836945338513,1.3669006900172929,0.4679216138148001,0.8637956629145243,0.0658075549750211,0.1995420480732672
1748,1.0675661206579563,0.6933867037990183,-1.0786692760638916,-0.2748334065482569,-0.2222866736899028,1.4184850326034728,-0.2388643911796377,1.2534428230776131,-0.5706986705310843,-0.4908839576607589,1.2091178058751957,1.6926285854855394,0.3040638583795534,0.4589421722012822
1749,0.4814541058131408,1.568146705571757,-0.2117771292678771,-2.562767861861198,-1.564183402338887,0.2979615561644564,-1.474796026781768,-0.8655628263964125,0.0123419506382569,-2.449367245746461,0.4564922758423684,0.9688324114234764,0.0335496181388275,0.1628835993561714
1750,-0.3797257893254545,-1.1648085578602692,-1.4991797179007504,-0.8021844392180603,-1.0692089250694312,0.4694802179923028,1.1965267866828837,-0.3644268516110628,-0.5961257790468361,-0.4142050011578987,0.8526981391363754,1.2007560180394132,0.2471469309948617,0.3090626974172525
1751,-1.1081871079384624,-1.288741895619678,-1.6455544528933372,-1.3295209583181735,1.6319910071126291,-0.6904210353634581,-2.941628471763763,-0.5870569384810068,-1.5904145367608216,0.0594849399971629,0.4647546268362258,1.214829686378696,0.0953048215643476,0.2581500484852652
1752,-0.0483536552370048,0.0558856376920545,-0.0407260787451847,-0.3727103046197492,-1.4558961215399864,-0.0746540719714238,1.018924589135694,1.813673083795204,-0.2379913273060063,-0.1296099452836853,0.4598790793455322,1.0709599479383567,0.1464007829575843,0.210424598528779
1753,0.5004271790888933,1.4932415594721045,-0.4862966105045472,0.6926513169503377,-0.8228192655243886,0.3298489902655027,0.9706041766183706,-1.2908606065477966,-0.5251447220182178,0.9547830966950016,0.2645517077303397,1.0018252460856112,0.1615230023879987,0.2263740416513865
1754,0.6161612305147948,1.035946140314855,0.8484396464540668,-0.3411035279167056,2.199190148394691,0.1369099907533947,-3.0557089491442007,-0.2823463723772995,-0.4691712569993284,0.7952491673672779,1.2668758312843869,1.327774306604248,0.263977246466247,0.4205678815575719
1755,-0.4511853151981305,1.0989699958191377,0.5580993724067077,-1.0000904614700603,-0.1403733356114249,-0.7755334442754006,0.1847586468536697,-0.7814908672351211,0.0744352305090618,-0.2723057509904112,1.2615574915180336,1.6214666780132905,0.2927566622426952,0.4202912043336907
1756,-0.1522232546798239,2.050940379798099,-0.3604852267072045,-1.9344330876171905,1.0158261447343475,1.007955901802008,-1.978940173796826,-0.7008996212080673,0.4358105568465231,0.5242032612170667,1.202456136289694,1.4013057263498443,0.1872104334452626,0.4215504846065038
1757,-0.0047237634527205,0.0178253789332844,-0.9385878730831844,-2.399848713455687,2.0495073181835366,-0.9686672777067142,0.1765056900644824,-0.1588479956593362,0.8971975522735459,0.1148972134821584,0.8173947208412812,1.138182495789983,0.1190413471742067,0.3314869757204369
1758,0.1534409530919999,-2.6343182480089293,-0.8333390725422531,0.7446330465989972,0.6546682250719292,-0.9516528236172116,-1.578028582721122,0.1265793067229305,-2.906774048795815,-1.1486742523377629,0.4734079925804448,1.0556874722368146,0.1932024265205879,0.0929284559840147
1759,1.7601610751553105,1.4450673288737683,0.4872493587651452,0.3073363144812563,-1.950170784524399,-0.7406672366491165,-0.2951685979657761,-0.7194137495011889,-0.3502433349078643,1.2992244243462945,0.7300399191297636,1.1790624386688089,0.2727413087073325,0.2181798490396757
1760,-0.5418230612713224,-0.3409391805567655,0.7395312866837512,-1.4194757186028033,-0.8402045788388466,-0.7377225877568429,0.0555921465517474,-0.3449620674936655,-0.3133409093471339,-0.664853987102495,0.9935861025680606,1.213585590156629,0.1951999669133071,0.2900970118390547
1761,-1.0708302602147548,0.6091429242105775,-0.3378041189622544,0.6190189801473731,-1.1116273304811477,-0.6652421577496426,-0.2211830278467662,-0.1278670368162107,0.7543687259322099,-0.4305092895923585,1.1345605451729956,1.6048116759269155,0.246573962295878,0.4172707090821927
1762,0.7467422428108753,0.3749440085596946,-0.1068526100829491,-0.9512987964965196,0.75687526546332,-0.9263374673136506,-0.0212803801572788,-0.0539404429360797,-0.2070951426172825,-0.3893197229853143,0.4615818334293024,0.9237866551485904,0.2292987587841948,0.220952536737673
1763,-0.8220766949616712,-1.6169364373700783,1.4038047328403518,-0.4917234642572493,-0.1281120951174693,-0.1342273839339406,1.0956043372287485,1.93319422151764,0.1598474195886866,-0.1570026684569176,0.8613265544661144,1.3137776780668662,0.1289325027340726,0.3876145954561015
1764,-1.1234570071594123,-1.4435884494127649,-1.773974929644101,-0.7958449595234681,-2.090854797313115,1.078829953740112,0.4230962439934246,-0.2516405146847802,1.10938398076079,-1.071156077403275,0.2491042821504924,0.923123358996148,0.0770484163410549,0.2290861682485253
1765,-0.8199810553645547,-1.9337932803017448,0.774353695020212,-0.8103412863092737,0.0156956132758237,1.0025764005746776,1.370850755499421,-0.0291463514905704,0.3842374362713564,-0.9038502460436608,0.8218718266141488,1.1833185259301606,0.1994001327686138,0.2510988488238715
1766,1.6833733430075333,-0.1661505602993661,0.0802849518681203,-0.406853072263226,1.1992489984137564,0.1995939230831895,0.7609345774136242,0.353958139978882,-0.2204093832160048,0.9294685612995915,0.975415140827374,1.572651162233606,0.3346853056268092,0.4792247187578529
1767,0.3453161945753811,-0.9609790608472336,-0.9892113838093805,0.1488267290316341,0.9074579023876276,1.6394205485064035,-1.7772134575808027,0.025659849098721,0.4896476621749964,0.2956691349947631,0.7209982903184793,1.2692815210300925,0.1858146635817634,0.3595237492596741
1768,1.0093271050337091,0.6555339764915022,-0.98550018358034,-1.014791688690731,0.3124548561517243,0.9905054244225252,0.1434175529526955,-1.5779330695682785,-1.0471714153162728,0.6915158558653307,0.9021962776678142,1.2211209399224456,0.1830234921667007,0.348046608930413
1769,-0.3486450909171324,0.117957303203288,1.0654180391517576,-1.2022090476199554,-0.4142426559019541,-0.5228728133739438,0.3554025365278667,0.7728881782719921,-1.4802674568987817,-0.0055363591662694,0.8646904523256567,1.1315559597913818,0.1336100663260284,0.2855733549659102
1770,0.8693291040462117,-1.8547864514608357,-0.064392441439607,-1.215784440783228,-0.6415669035495328,-2.505034589481522,1.3927341187550268,-0.3558291274035128,-0.8071918640359144,0.3282670454571502,0.9515413815348208,1.3146487158733038,0.1443836265164709,0.2416121292050039
1771,-1.042310232687249,-1.137244528881294,1.5103291698137271,1.8086630283267988,-0.592063672282482,1.067354709916179,0.3560404439880864,-1.4138312917103495,-0.9281318938497848,1.5510997991969353,1.391202577451923,1.386436409524217,0.3254647661821004,0.3691964392331838
1772,-1.4267950328241767,2.2809993380748588,-0.5713621759117792,1.5808149062932333,-0.305563794642837,0.7999035915011512,1.395033140120689,1.3899538176810096,-0.5843655307929703,-0.8573880998991262,1.4425567386782523,1.422957520086212,0.3571680765102914,0.4092429327030182
1773,-0.081212009751135,-1.3004796210339782,0.2392641756105585,-0.8207966522775152,1.0827097735429156,-0.5701124162181384,-1.7422589694800203,1.4009147761692962,0.1833680033318635,0.0291348904200733,1.237829228135143,1.30296914186486,0.189854332339714,0.3889717029866343
1774,1.0943947849462097,0.871576502298157,-0.7618535440104255,-0.4497816060261603,-1.112955250059338,-1.4644520551248152,0.5785925349153894,0.3921843100416817,0.7608292115225166,1.2816054414959426,1.2370359095124916,1.3874802172262275,0.2455653294761828,0.4280736314913066
1775,0.7744747949256725,0.8634594763052582,-2.077961258172137,-0.306985241924994,0.9645764946699872,-1.1682087362052165,0.0916713828377636,0.5194644406135062,0.4428534938384866,0.3687963079582999,0.8562854480457132,1.1862258939612071,0.2390100860593037,0.2412898852139926
1776,0.5989127190455752,0.1807438949282192,-1.4629282073910133,0.5069555354034934,0.284746560553744,-1.4497484508554537,1.3797352110865708,0.5338376997480403,-1.3803483209774583,-0.8172251639721504,0.764406508291303,1.3647877605783674,0.2034161064969908,0.3063156257293499
1777,-0.5640520417461797,-0.5647634388006485,0.2930501888184419,-0.9763517510582618,1.1281367471219346,1.0458034513679912,0.6193173095995895,0.0442417753938508,0.9374475151515372,-0.2759477228040091,1.030594658596774,1.0600657834151228,0.2398215183321055,0.3831993139904049
1778,-0.7244888613832092,1.1901096456197409,0.3175427570190096,-0.6840576405813916,-0.4177423670415792,-0.7364279837652679,2.022174858828605,0.0040984374505245,0.1577713112536686,0.7212190478619405,0.4675142073501453,1.0859630786854846,0.0508990251394547,0.1656633802216324
1779,-1.2153609826070058,1.0965472662862232,-0.607846130787853,1.8300162861151488,-0.3126587300145931,1.0376400147631857,-2.496798117119087,-1.1751330760859704,-0.2936071589976261,-2.030782998124891,1.257744962407145,1.579856667311059,0.3560468256203123,0.4784814293469747
1780,0.6008844488414041,0.3129581254362489,-0.9908276498598771,-0.0159586298644986,0.8064772299231251,-2.103049516869974,-1.2734890162346568,-0.3350882992233443,0.0237236266324756,-0.0586114216015435,0.4932553441444818,1.1193611755172588,0.0828847578275425,0.2451045655794134
1781,0.8892947854357107,0.4772112456553969,0.6966348405710594,-1.3898757328043652,0.1448238547993801,-0.3071425092379435,1.4620718816687674,0.1743956373778997,-0.669053934716029,0.85250127595504,1.2311233196778273,1.5445677907081925,0.3211753937011019,0.3197647495101094
1782,0.5632977958646477,-0.8216016726404797,-0.3484897027691749,-0.3314464596083613,1.2274610922795373,0.2032418738784419,0.7267824785601718,-0.4932717211300828,0.3348002911394412,1.3033609029296576,0.6875878141139227,1.2102541439817522,0.1156360460179415,0.3415605551599878
1783,-0.3610767652506475,0.1151548038377762,-1.3633062562376073,-0.7655580899100276,-0.3344428919978231,-1.060839308951721,1.3219736775218467,-0.8380070202415129,0.7867985921172455,0.1868362375314767,0.8871555966288143,1.232717055287779,0.1439432993621039,0.3690069469434257
1784,0.0308519485104629,1.4861636449651576,-2.26060029692758,-0.1962048968231049,-1.080380336565442,-1.9614204091330376,-1.1947317337576917,0.0172375350030708,-0.7253471292064455,0.8966135898251485,1.003721063971836,1.2147076827445973,0.2255267689225618,0.3100869327398022
1785,-0.2138458479413305,-0.324738354720943,-0.3202809505060926,-0.098494406129539,-0.418478534942753,-0.8512536975641631,0.989184883976036,-0.6240950503889459,-0.3835266163461859,0.4294050800903108,1.27955537834982,1.4880441243373603,0.2982717880078098,0.4452858800248683
1786,0.3187412461572529,-0.8934380623460496,0.7549819441107466,0.5376703398384046,0.1779748341872542,-0.4313168505814919,-0.4067306905214086,-0.2017971030016092,-1.2318319411277658,-0.0392684485969563,1.034562416189644,1.059992876559826,0.1948093757798516,0.2409769757383958
1787,0.892102040446999,0.8763711898340235,-0.3808517712764529,1.0640832727255365,1.9059045545294448,-0.3162075352628274,0.6915147064321684,-2.2628099626907923,-1.2581467281819911,0.09112102933352,0.9592024898576084,1.14122620306801,0.1278399603107103,0.3319093499424286
1788,-1.006733062518388,2.0392020447224484,0.5978796872965533,0.9658316468581304,-0.0290264061605871,-1.0032080198636522,-0.5188102821748805,0.2543804796263597,-0.6379153384090112,0.6711919917271997,0.6744311114743111,1.0663597868560764,0.1102398938640958,0.2204570461387997
1789,0.7114149692046384,0.0049813039395883,-1.8256350870169995,1.714784933665959,-0.2126728566895177,2.709276648471036,0.652535696352195,-0.2099550767320569,0.4478218764980041,-2.019285517078612,0.9414840662825557,1.1125800729985849,0.1944076447956843,0.2773654925745233
1790,1.0261424032359665,2.566941237529476,-2.089233473843379,-0.2874090098257076,-0.1053381227915262,0.875228629163064,2.1059756741655367,0.3828821225955647,2.1417918242155274,0.1704324768846623,0.383213469270829,0.9671624740583198,0.1553860547991224,0.2283301074196362
1791,0.4514238187962298,0.3282355661602549,1.2202997830050863,-0.4223210581102033,0.8182867587615089,-1.230796606256427,-0.2845041046514092,-0.6367436229388083,0.0879615586179422,-0.3160797494037817,1.29664657501623,1.5146475611653318,0.3261661891364294,0.3599704828825947
1792,1.132133692456975,-0.8786680951716425,-1.7313159358110126,-1.357283819711557,0.9941680463013192,-0.969557343316222,0.3978444155207086,-0.2947875032480797,0.8242440547532551,-0.2307657051166103,0.7690490114072771,1.2192004236968677,0.2138757929440945,0.3160093927460936
1793,2.764348516117136,1.8981170158185048,-0.3152101804056924,-0.4521345890949861,3.1323261508084617,-1.0788509613285897,-0.055023547918349,0.0224489197054275,-0.0023378978145741,-1.7387117205305265,0.7861664717983623,1.162257659886967,0.3578885641522149,0.3453393636466199
1794,0.4966024096759404,-0.970350091392317,1.435989124169071,-1.4559650424346218,0.0594659273754762,-2.216120646951888,-2.154383706340724,-0.8393519582926326,-0.6982100823370282,1.465726412989435,0.5413147475952622,0.9766791501793606,0.0774390586528061,0.1934599703136522
1795,-0.0405918362618982,1.2924069009115535,-0.3797865946766768,0.6060851828803315,-0.7254753169189009,-0.7934730690986012,-1.8208501389178944,0.3357539938512747,0.2620834147001496,0.7773128872858522,0.5292828843586683,0.8119564455936918,0.0215305202312658,0.1681558805530521
1796,0.2149182871413953,2.0261959771939675,0.1760276366775097,0.9918267143381206,-0.3241090829991027,-0.9084700343013888,0.7176951701866363,-0.0891479878203409,0.8320430459296209,0.3529365418446809,1.2310709155167852,1.476072685284815,0.3739060613049742,0.3258801606502116
1797,-0.7930133267901562,1.0743378776770285,-0.8711899537846677,0.6253262632955047,1.281611111525853,-0.3845948384151577,1.155994453672315,0.3976168340531924,0.8519437783962633,-0.8367556911025861,0.4248654530396629,1.15200917409911,0.1065559662337573,0.2442421291400579
1798,0.2143002320537476,-1.4080813100245035,1.7113005153104637,-2.013998321584507,-0.35475181962885,-0.9317085941996222,0.6747004152022378,1.9239459459299184,0.6549150986875256,2.961283696951351,0.7051246943269464,0.9306195582098178,0.0950342831103984,0.1863786549534564
1799,-1.37794017655884,-1.3011841325285654,-0.8931142316154002,0.1212446952959059,-1.02692237528325,-0.7516627543050256,0.620483523927288,-1.239171883113818,-1.1331960129701018,-0.398538752990072,0.3045406995516724,0.9689603196244032,0.1440531093690333,0.227029477090612
1800,-0.3044430708393211,1.0100157172213158,-0.9006397479781205,-0.7202799841208976,0.5816701162790064,0.8013943237833824,1.4287244671265882,0.4691203548647542,0.1303640599618266,0.5750384067461543,1.2928624754082014,1.4624491019360502,0.2671951381997179,0.463462783594931
1801,-0.2674128058885475,-0.2747675943754787,-1.7741103122787536,0.893415956689334,0.211458945051747,0.7770392663683057,-2.815810494477294,-0.047101707893546,-0.8558815063776325,1.5013625048202333,1.1254024280463495,1.5294082038793213,0.3081667340338769,0.4730858508128559
1802,0.6142169154838291,0.2342354108105601,-0.4319329693410244,0.3972083101316466,-0.9281856293781044,-0.0997253476857657,-0.5783633869874201,2.2664896549816915,1.4699477561908405,1.0630474839828306,0.897141235767236,1.0704741379332878,0.140622341661248,0.3289454909034567
1803,-1.4903110221541578,0.8641571122840536,0.1876666751419375,1.2234601395161455,0.3223950951269395,-0.0067176660383036,0.2337842963365587,-1.8056332916225448,-0.7674032721677975,0.373335538703272,0.4935662352620834,0.9544828216046236,0.1507813941997235,0.2093729691044455
1804,1.1393883584065825,-0.5504931163121183,-0.0408068798639337,-1.6009924446753905,1.4593108133537598,1.113741732233121,0.6521026185671985,0.4068061876308905,1.5525490651467972,-0.8050109913147171,0.8052457386889444,1.2779828640755049,0.1812445502528218,0.3784259492736277
1805,-0.9131615563266586,1.061519786256429,0.9943133817081246,-1.193495586089152,-0.5313598815768662,1.6890931310773891,0.4116673282159038,0.787161518018172,-1.1590465425293566,0.6566445245371783,1.0817928565150488,1.565692906634209,0.3716916419329922,0.331135225536395
1806,-1.4195415457708802,-1.979821365600685,0.726823960180868,1.434445169634489,-0.2537860757491678,-0.5465506818544583,1.7108486562463705,-0.1947833691146077,-0.0657687235572596,1.6939572264403355,0.7656664824147551,1.3142207392885557,0.2578622273865513,0.291425219980588
1807,-0.35358481302821,-0.654027609344866,0.8155082241370877,-0.7118561543791159,-0.1446015381221821,-1.3191586017121992,0.1853970883765129,0.0680974872030928,0.968020274723144,0.8572565366617309,0.426532890632314,1.0955935822330762,0.1591774551290802,0.1417668325743802
1808,0.551518008469582,0.3942556927810128,-0.0732541137523414,0.6095559689958032,-1.112332173668987,-2.348966071854309,1.1619176712128934,0.6741604622479136,-0.1269864342799147,1.0745586084459862,0.3796086351033619,1.02252566819836,0.1314680316714446,0.1850465457384972
1809,-0.7314974169465273,-0.7054925320831504,-0.8441377236941674,0.5676219751158847,-1.582958077214753,-0.7669616067820413,0.2897150232361355,-1.204151075922611,-0.6603104056611854,-2.211567577114564,0.567929381998235,0.9289863393162618,-0.0057346799536867,0.1788049463833702
1810,0.6058066494015374,-0.6878351933422787,-1.0992812501411542,-1.2950227259585751,-0.4182135122050997,-1.5801555868914396,1.942379677148668,-2.3847446171689857,-0.45061914978649,0.1069069292912548,0.8063232146513102,1.1724160040103544,0.1420698368170257,0.2092175512060591
1811,-0.7753790041365545,0.2121317372931155,-0.7996015749461614,1.530094463673149,-1.1188770141097768,-2.35122394134832,-1.2984998504533216,0.3864947748137123,-0.1179243795488644,0.7521329079821167,1.1228866793448151,1.5897655771649744,0.3628098719706841,0.4593856692069228
1812,0.5017446167109665,-0.6362803497252039,-0.4890834937955469,-0.385328775653226,1.8843460834966528,0.6908223146873695,1.8916868991785052,0.840779372341814,-0.0635833949215513,-1.0193614869856649,0.4184090464851447,0.8846293676369636,0.1248317307489947,0.2317550005798963
1813,0.2015196711487438,-0.0608691722162304,-0.0936472853382139,-0.2090990768992498,-2.0524627075762223,1.2608398165346557,-0.0504534892173173,-1.4142531160286418,0.4817627090736451,-0.8558361686065281,0.5400169605200498,0.7985936725762237,0.0566557707558266,0.1985155604857011
1814,0.5621406229707828,0.8816564605124606,1.0196364906693178,-0.1609167266548204,-0.4137777280185171,-0.6255383602646701,-0.7225560884604968,-0.0172300642109171,-0.2093430623917396,-0.8253038158221657,0.5487218194630428,1.0767307362602487,0.107212676114102,0.2165391903269118
1815,-1.143784753802905,-0.1087560922585824,-0.4341976179438306,-1.1413669732818656,0.8305710134214074,1.7720927508252486,0.9625882139842246,-0.7201880116760442,-0.0502296845899364,1.5404289516874607,1.2127298187541655,1.5685619374218482,0.3156432825745455,0.4032868830023643
1816,-1.173699642777493,0.7825951266852254,-1.4480832081439898,1.684037627431329,-0.4303145247509898,2.229043724523813,1.72806379864183,-0.1064305095813878,-0.7194053731104106,0.1947754718909138,0.4731631200862619,1.008129142504248,0.1242295689419637,0.213373769444903
1817,-0.1801589666465637,-0.4015669635855927,-1.658113254578297,-0.5145535836545869,-1.1104791217562398,0.5516477064252365,0.9910713165974248,0.7406840039235968,0.3423750896275073,-0.8529070671409017,1.257123962751788,1.6342721861351186,0.3132581961373293,0.3675500739763421
1818,0.2054007726019101,0.7927651436443759,-0.5862355743997301,0.1189864213950062,-0.1454615892699231,1.6623666696104846,0.8515481352645246,0.6091596117483914,-1.716693733965435,0.1728373267675833,0.8883606785994169,1.0633801662331082,0.1459293309630356,0.3167923632360034
1819,-0.15501342892457,-0.1636571105698728,-1.5634134727416404,-1.0877686222975695,-0.0680174879057826,1.1143557781904612,-0.5905245698394233,-0.3999387271042673,1.781091995286208,-0.2968223891678365,0.8516396667786579,1.0754948776496005,0.1808591259506625,0.2696958083890171
1820,-0.1287895238535806,-0.1152447820517409,-1.3455051464045105,0.5717981234151149,-0.6528761185843388,-0.0300706170397382,0.4443729644177974,1.9425575890353923,-1.3177700445462432,0.8649821850662238,0.4513323677118403,1.0943597776272946,0.1353252731773626,0.1990438910073146
1821,0.868723256173968,-0.6382147727792733,0.5995038480519815,1.6434361512918918,-0.764971209212442,0.2414697971351548,0.4048013639397853,0.53417885495355,0.7692917607160128,0.1663048282521741,0.4454038072885072,0.8650350329779859,0.1710092469390974,0.2296056950142459
1822,0.5134361863480024,-0.9114736501237232,0.1640034936395575,-0.4763412656805142,-1.2298289051540876,-0.5091445494369005,0.2694563921980581,0.435797276370193,-1.2684591209227711,-0.9376767167248709,0.729333089592686,1.2719599497624892,0.1964888189712687,0.2856445247568828
1823,0.7246562796932211,0.5081480926158634,0.8871026620463528,1.3678304271765602,0.5378871095905987,-0.4148076271708721,0.1148494580819169,1.6598971009273822,2.764448997785387,0.4630963657423593,1.2652817292434404,1.4258501750087276,0.2828121740244945,0.4060730532099773
1824,0.5355541388113065,0.7257083669974165,0.0237928458193629,1.163853902342624,1.008045292732851,0.3543764471488165,-0.3180199060056156,-1.5206963873771369,0.7324135476142503,0.212858315226104,0.7500548807114787,1.2669085210267523,0.293453325183913,0.2622850933696428
1825,-0.7377677306541011,-1.1299202649946272,0.6614328493832516,-1.601236321616965,0.299641187443805,0.8435504091688937,0.5498928864166234,-0.3907397743584403,-1.2493744844749142,0.5870192397951901,0.6334874703695956,0.9998259832523738,0.1924765929252509,0.2668417704936908
1826,1.2005230919534204,-0.5727333547430408,0.5069082002928592,1.581515118731809,0.33884709644161,-0.3968801448777876,1.040853540063158,-0.7375609741578123,-1.298192015053023,0.8123211911459796,0.5207860501067081,1.01325976720261,0.0198391576692952,0.1092558085259297
1827,-0.4061622634835632,-0.3165210140036845,-0.6269406355510714,-0.4728173955540838,1.4030334275268657,1.6624987657836672,1.7949786361446092,1.0901206211775123,0.4662712597732377,-1.4322855919331132,1.2443899860519143,1.5135428834719955,0.2787091000816724,0.3171428207433848
1828,-0.1875247029003497,2.156754488623688,-0.4356215787526541,1.514144474772275,0.0550358190305449,-2.678142385853146,0.6404855636689628,1.2662546961783114,-0.0489959686405444,1.2330510044854135,1.2707086894147486,1.6271899545423945,0.3138991220109461,0.3576263054717468
1829,-1.667827514417087,-1.3855642638993697,0.2048643080856875,0.4771147278175316,1.3565788685922786,0.6389244667485607,-1.193629089365043,0.2130456220743859,0.6007274452881491,-1.874233998697129,0.5044552165571151,0.8633885919066315,0.1528980356919396,0.2040922167264769
1830,-0.0436334697380152,-0.3355825439382248,-0.6546930737457451,0.4987770517526723,-1.149681526557924,0.4168795120036495,0.5594911292088945,1.0837633102609736,-1.1234192627926047,-1.5052342183545473,0.9347764632370152,1.4699325639556318,0.3231650755117115,0.3833476189512239
1831,0.2789036073390118,-0.2862712338677017,2.902650262493721,0.458498476242932,0.0581617117041815,-0.1728279556764154,-1.218061845439449,0.5638815529545973,-0.0791450262707979,-0.0783136834294349,0.7724104278559827,1.0775597792952727,0.2283270493540828,0.2675765399990431
1832,0.0944433254986553,0.2212125299172455,-1.7392556459175217,0.8370230063709317,-0.8464443748159226,-0.1380321974686273,1.285904920665289,1.7794485922701138,-1.7004944386263916,0.0302448276746488,0.5843554622994968,1.1628742629329605,0.2490574857785176,0.2806535276700026
1833,0.2729131851660362,-1.5075300261914464,0.8025913644181649,0.1162626774141728,0.1941595956949965,-0.9175529183419348,0.4128866433813484,0.8382239563899374,0.1272978837259336,-0.5139359009630535,1.460697747768528,1.5428967948548518,0.3169379081140183,0.3935800867041196
1834,-0.4360693180463643,0.2203957071259655,0.0487973783806294,0.9048221191193953,-0.4802582875241659,-1.218380602740825,0.3593860773205031,-0.4775298529987034,0.7836819490363669,0.0075386304576006,1.1897570688353565,1.4736576364880496,0.2848865303958736,0.4265433581033575
1835,0.6548132043648224,-1.0143170467307878,0.1433862632298211,-0.6992632073839163,-1.22037365307622,-0.8611078780710153,-0.544477091775859,1.244694527023852,-0.5709403994926594,-1.2715402502782231,0.7064168770209435,1.092410617127574,0.1438402474562311,0.4022827273838577
1836,0.1314774224966688,0.0291806606776746,-0.492053012010198,-0.1612234658461265,0.9762270859965708,0.6707057653991766,0.5842302068737311,-1.1836787845202303,2.886548061715323,1.051252210274222,0.553034290167058,1.0304492201680144,0.0471242664853284,0.2311671150337414
1837,0.5170285631908718,-1.1643117743972096,0.9477301127341076,-0.5011285102993281,-0.1942708046359655,-1.680779276059283,-1.2414830859405093,0.438546498827135,1.0062346752704898,0.6849044197950351,0.7883428653546671,1.221416894113175,0.1511689842068222,0.3080134428708788
1838,0.6508189967429487,-0.0647664569597067,-0.4067070153662121,0.2888951435653935,0.8214083231002738,0.0048622549335913,1.2102520199134048,-0.2150692638160076,-0.9802789352960511,-0.0103622420410008,1.1364249692690276,1.4234388842969812,0.3367053167903624,0.3231146095734999
1839,0.1059722782595684,-0.0820300672764094,1.2806555608822612,0.8053019807240389,-1.4309409886217097,1.534367014198286,-2.7414170608291726,2.1510243728524974,-0.2873055135568763,-0.1895677366515002,0.5564776264314151,1.0684486133552995,0.0560178162224379,0.1589835769433766
1840,-0.06001623897364,0.3852054328401804,-0.000263201266843,-0.1333951888372672,1.3089183093561854,0.5655960797508497,-0.9588038543707612,0.7406739143357246,0.5241070031833391,-0.5452737255812189,0.7776974318733598,1.228203621046222,0.1923572504092887,0.321678123009594
1841,0.7921384263621614,-0.1575726012230397,-0.2216734721251006,-0.2489131174329344,-2.4281180569523992,-0.5266993329346015,0.7131732421256012,-0.0224112429037629,-1.2851864298557496,0.9646312551920374,0.97629796525374,1.1492283230850286,0.1142410014648289,0.3412961791515326
1842,-0.2986001595433956,-1.221575490661523,2.206012461671015,-1.0531725944877557,0.8794915112857101,-0.7693141008546045,0.1358268345738217,-0.9021809633681755,-1.2393041812736587,0.5222025446714093,0.9683314575927532,1.2392768363051123,0.1456125662323166,0.2938053818382399
1843,0.4052905451344006,1.1446494442190644,-0.034381930295863,2.220351794126492,0.2683466674370356,0.5667746812372123,-1.3584292451072284,-0.6140843151225307,0.5196797005159772,-0.0842277624135829,0.6881476515788368,1.2642855493962948,0.1324354798650782,0.28499356065859
1844,0.1876831350346359,-0.8164937557141936,0.1219469734716214,0.118545891591736,-1.180435019885239,0.6425498446805906,-1.700064946917969,0.1842380805976837,1.7655926938255004,0.6805505378190821,1.049349326055914,1.512682468513496,0.2816829161431121,0.4088381051625132
1845,0.6742992460371041,-0.8974266749486849,1.7690620531528607,1.3767180946022886,-0.8435900228955672,-0.4747632418148769,1.254656044926688,1.7961473783167576,-1.2646860350902882,-1.0037107697245766,0.5022350554966366,0.901334097227589,0.1313438531764511,0.1975617174078442
1846,-0.1437867564221694,-2.171094029442515,0.0190451602094232,1.1857435140299846,-1.4386370162357494,0.1271069649750872,-0.5817707049953131,1.6399459487539176,-0.5697918621330511,1.518993087748583,0.4011470992134099,1.2240926556205791,0.1238215083358562,0.1923369723300347
1847,-0.5974550708112273,0.7711758053341299,0.251945618362699,-0.1382726665143016,-0.7905285690539755,0.3230954213178931,-0.4405352624849119,-0.689766224808138,1.4727227413757202,0.5475302274932272,0.6415204526701823,1.1841815609386608,0.0927325288843057,0.2173698743217381
1848,0.6436389519072028,-0.3915985186122626,-0.1859783470833046,-0.2485766673511117,0.3372389125009772,0.6418034518425058,-0.0302513703115717,-0.792644994180641,0.7605704570265487,0.0334038682083362,1.0517995772995588,1.485280724923199,0.2900468723120065,0.4092413516810827
1849,-1.4408363787709808,-2.135294750079688,0.2978971754604735,-0.8294737988777039,0.4310621293964528,-0.7756183088639343,0.1331857724950072,-0.3784015279620916,1.7519208102733048,0.9503156578186444,0.8332760478637011,1.255982844882806,0.2118821328149979,0.2394628686685417
1850,1.34729690018783,0.0240477691190658,0.8223609391148812,0.0916500776011417,1.4695913674337262,-0.0725620652562735,-1.3974893403607938,-1.9986215252539388,1.6683111195645148,0.4785044741508593,0.4061532894258915,0.9453592380536326,0.0858879704038385,0.2525387145236056
1851,0.5442568500417417,1.4896478422915818,-1.6517349437259554,-0.3586012152318079,-0.2360698296150335,0.7422752332070148,-0.6926402251008827,-1.20137374351479,-1.210348650997107,1.1494180762720203,1.025559151972063,1.46425849518293,0.3476504749107025,0.3850061262751694
1852,-0.7425320938031175,-0.5520174843218115,0.6344981507279047,-0.6989454082348998,-1.7049484227556415,-1.581701173724899,-0.0568073967154582,0.4973284303652215,-0.20224524385042,0.430442703809069,1.2690623474764235,1.4860457957072095,0.3128391628662361,0.388576372809523
1853,-1.6128375260076355,-1.5453035409681082,2.253935916294241,1.2327842721366802,0.7689718918985177,-0.6597246707344391,-0.2380061907304506,-0.0016773171336001,1.3143461137165238,0.4027827664450917,1.300059820909253,1.3454943592593565,0.2818343995805727,0.4148286338347154
1854,0.5259138012878014,-0.1676549351174998,0.7926650668400846,0.3023227474312732,0.0440227327456802,-0.7430841721862712,-0.1135717421016323,-1.0795327037799556,-0.0401390059869546,0.0889113579648993,1.2800542872009288,1.6492952622753827,0.2804487666567211,0.4739740880930436
1855,-2.404518384606314,-0.2303395391005036,-1.1758802046045926,0.4986393255166945,0.6371597435509948,-0.4263398176653175,0.5490220871219158,0.591066936335061,-0.2297158394117681,1.534286975303658,0.4340976173340329,1.1328646411544645,0.1408733563349186,0.1543270710183888
1856,-0.7250749370065016,1.4713657032531664,-0.2251994291832055,-0.8433263532259674,-0.3515484758043823,-1.0993892277293231,0.7845578673892027,-1.6027689780752763,1.389608553768826,-0.9358672017464604,1.2460558855877732,1.494876416446781,0.33127922968375,0.3888364205783345
1857,0.8366533718459545,0.0242258610604679,0.2708152830495962,-0.5900433712773638,0.3528080003331323,0.1349742885508641,-1.4579110681693277,-0.962500002933258,-0.5409121110098064,-0.7549965181264495,0.7692753774338269,1.336909458276285,0.1950639552772163,0.3413211162095883
1858,1.2528109453836511,0.0070141838474993,-0.7786713476398819,-0.4907698240030395,-0.5044630835470667,-0.2880494720050658,-1.0753294047195996,-0.8139311105973189,0.7666069111642105,0.1853431033669135,1.16619727724337,1.6666663259227523,0.2660832685332253,0.3692928234376408
1859,-0.1523375465402003,0.0026228173150997,-0.0455607565754105,-0.2091311047316439,0.5171048387074789,0.4431599858479259,-1.5717629732272154,-0.1315621859092429,-1.5058193993407651,0.6355772034557065,1.4286775771673854,1.4555053609104749,0.3800537153082196,0.4445920289797406
1860,0.7676665568502836,-0.6107788976416961,-0.1167589553347158,-2.111440297122246,0.9727898140920264,0.709673740251402,1.150085261737526,1.4865441403370998,-1.2241092929767752,0.8880442016384417,1.176802544015875,1.318670652798284,0.2990340847864082,0.4050815026766712
1861,1.4793044444184598,-1.494577871029236,-0.1712112118457135,-0.3634019832294243,0.8554618641914981,-2.39394106634408,1.8159576962321944,-0.1125370641945934,0.9160944020171458,-0.0602372376915907,0.9167217733304374,1.3588447176240113,0.1657506410428126,0.3400590881994091
1862,0.4921250509796739,-2.32141825861615,-0.38488237280071,0.8477612113436787,0.2887323467136946,-1.6368410927267576,0.061424893876613,-0.8187423258615049,-0.905419251173438,-1.5206942733167177,0.576540215601335,1.1073412702410446,0.1249344956067772,0.1028751154519115
1863,0.6187026219071299,1.113014443935635,2.120143134162845,-1.4740483917429283,0.7673721612264757,0.8331713704209083,-0.5805046772180082,-0.9175783854093308,-1.0857423209669304,-0.5273532434602152,0.7844577567472241,1.0844292425083084,0.1898697113540963,0.3490002118066947
1864,0.2026215958559497,1.3601120105068123,1.1053383380101165,-1.6154169442686626,-0.7888432486005119,1.2996403743094709,-0.7310928325950681,-0.0569141634101761,-1.7052889346140854,1.153033415512948,1.2457726253812458,1.614809086639743,0.3170876960356769,0.3350837030165549
1865,-1.912748205851388,-1.6428105807866191,1.0508170608367031,1.920061679566557,-0.2906110847249148,-0.0468628118628248,0.9082795597829884,0.2894478146973825,-0.3732181793766642,-0.4854536213856928,0.8218729490140897,1.514880876167959,0.2893036766824417,0.3511527130309059
1866,-1.5667979574849835,0.23294177212022,-0.091916822069476,-0.4378461791126807,-1.0018147955623886,-0.9005308532934306,0.6183769205066998,0.8816636484090471,-0.3271161562906168,-0.4324795732463792,0.3299372750348622,0.9265256786527292,0.0902754257567612,0.2332938911853195
1867,-0.8536480466142033,0.936820043574258,0.0309957696559069,0.3679009793272648,0.3584701300934629,-0.3077016205339368,-1.1653600998434217,-0.9961331556859192,1.1278855326474513,-0.7256843148505718,0.518863108156798,1.1608067247172729,0.0482197971977302,0.2440529446028717
1868,-0.4103623197483505,-1.13439053537121,-1.2160665189264068,-0.7691649970287228,1.6884071842444588,0.6580373911924291,-0.5267888714236231,1.0828767945519953,-0.1522988732964464,1.3543400469918383,0.5047298743128728,1.0694669124118583,0.0781742568367228,0.2535840186945295
1869,2.211730350396213,1.0281617392661913,0.0945509552225773,0.6993098735163596,0.0150712192822121,-1.8359983639750423,-0.6546254142120443,-0.9515915956532172,-0.6767910418308728,1.793671432639444,1.2442837137517864,1.432055501508225,0.2993987985543406,0.388022207053145
1870,1.1221497428546583,0.4408848014416472,0.8123429504513578,-1.892113485905856,0.7281837130895294,0.9396243162021676,-2.239747187687283,0.765236753779399,-1.4240736426670852,-1.970005356446032,1.273376752595669,1.3820223250625492,0.2985324148942153,0.4197653626324665
1871,1.3263182168595784,-1.0070490476123422,-0.7159467393843773,0.9896045427573452,-0.3052382722524012,-0.1801653737290823,-0.2020869064379293,0.3475987709747856,-0.226334416390676,0.1141260743591005,0.5033023307193033,1.1346941244388995,0.1387011387035526,0.1996259601629627
1872,-0.503558125412706,0.3518195898793619,0.3138430319045673,1.8978858376841825,-0.3812509496737023,-0.1841655178049797,0.2388243259370413,0.9644356443147198,-1.0915851531772012,0.1035765217750679,0.8216689097497674,1.2295665551482,0.2201649802083412,0.2087171002167696
1873,-2.507826036055067,-0.2715319167223954,1.072727030099361,-0.7261424363473181,0.1768376152853119,-0.5289055743836024,-0.8594021977336828,0.9714859982681016,-1.0452586898456535,0.2929652938630931,1.1547710556345978,1.3515560931806574,0.3639140473729743,0.3969575239998536
1874,0.3083516207661589,-0.8517995170386238,0.1556852569576285,-0.9349478374679772,0.5217918749091581,-1.3149457146428938,-0.339605503191841,-0.2527716596578997,1.1129553382106698,0.140043071711892,1.1709988575480563,1.5896797332033237,0.3211162398724937,0.3435682742810396
1875,0.9550134901120592,0.5546910484898788,0.5483030008957587,-0.3319331902300678,1.0209058835248863,-0.3561704093020027,-1.7298254799301076,-0.2147871684668929,0.4534764046440681,-1.6066257187128132,0.7929094637472631,1.1664833026773616,0.1127733555696973,0.2654861883381397
1876,-0.8851023587203858,-1.2305884401773557,0.7867171047089636,1.6728626370124955,-0.2096991542132162,0.5315303630682593,0.5055193658997233,1.5537969464399617,-0.6525529039526069,-0.2198789647583243,0.7816459677983535,1.1885049068508158,0.1258884288161345,0.3575832791523737
1877,-0.3407686494240583,0.0753672400402629,2.5043168021168087,0.0308111151973131,-0.85471065260706,-1.154497226893119,1.2526450073130468,-0.859254503978079,0.6635869591990954,-0.6796913292586281,0.7897896941108562,1.2037553076660563,0.2200320819169918,0.2605961873048164
1878,-1.266692736583172,0.6051996003018213,-0.6307448667635317,0.4254256392388936,0.4992829408460437,0.5462652450124685,-0.2681486839431865,0.6861835565047075,-0.9225463284480828,-2.454090251064134,0.5456355973132696,0.9632925353981816,0.0551707229676404,0.2286723746677699
1879,0.7068921731201079,0.1655905048374698,-0.6100782440139709,-1.471152761975045,-2.036578298835343,0.0517433482089721,1.6487859657299524,-0.1385574164309798,-0.3613353866915454,-0.024367842495843,0.9491673858801808,1.272482937348583,0.2461488782570215,0.273968469671885
1880,2.17920511190877,0.7519042266531333,-0.9335752517003892,0.0281039039021031,0.3324369111549408,-1.056338866578845,0.7591366223425597,-0.8178087971443538,-1.5109457673400708,0.0761335538397783,0.6402380270831544,1.349013752209984,0.302725744470238,0.377140338688484
1881,-0.0821558594903552,-0.0010219022026946,-0.7646446176627878,-0.6251126178710411,1.128446660369111,0.4410856150007483,-0.9567460765772848,-1.9506968944201075,-0.91441640211221,0.1572990721601904,1.1496321091530377,1.3845365661271156,0.2467158651090216,0.3158133716192975
1882,-0.6319317183544417,-0.7096502051768208,-0.5891604389306629,-0.0727075627362879,0.7846279129583488,-0.0004192039456929,0.0619370215176507,-0.2248603638828204,-0.499356832154739,0.8942408713199297,0.7892621381589955,1.3605677958082454,0.1929168684063878,0.3151161450174137
1883,0.7424020678441962,2.04527991766605,0.6105642983892529,-0.4984143218074631,-0.9046513091101898,0.9529452607116164,-0.81498688431011,0.8097366865220711,-0.7599139938926139,0.3491583837872805,1.4063395446456313,1.45959046881676,0.4017765728359797,0.4996047203748727
1884,-1.059751214866362,0.7798853543320813,-1.233671655509249,0.2729573295067017,-0.1978399342270118,0.1018064372262598,-0.3958038341616338,-0.4192599473709911,0.1547812040097717,-1.0021383780898518,0.4868888661319517,0.9422465735980788,0.1348619023195156,0.1826237528740571
1885,-1.0080220616666766,-0.3585494996384117,-0.3974701397190074,-1.0053964638043744,0.9242146929146648,-0.3344734184316048,-0.2266622029961113,-1.3275283259695465,2.0716358546121194,2.427067395554913,0.6843444782932664,1.328123865352298,0.260822369363854,0.307775580188178
1886,-0.7803985784043481,1.2260863811690976,-0.0918133837375904,1.6037695928131062,0.3362330864003863,0.0997621687673989,-2.499269539618582,-0.8786059734266831,0.0205206695749426,0.1986662527039788,0.3737135246271822,0.8770473748782613,0.1053614644209576,0.1750064482747484
1887,-1.2148337139373846,-0.7287715286762789,0.5534470172508195,-1.3832107297333576,0.1337297237235393,1.2379535314890553,0.3854696291118207,0.335486743165977,-2.020151449177764,-0.8219127764178962,0.4658907067858391,1.1021963155060004,0.1366589658711278,0.2689071340248806
1888,2.05420183359104,-0.5991619175459322,1.264476209547068,-0.6108408893562828,-0.2778205015094632,0.5155868453535185,0.1006930159940095,0.3815124510010799,-0.8183902547269871,-1.1362701894687566,1.0514065164934112,1.4656808431313288,0.3379490847730056,0.4224039170506446
1889,-0.8858716143905012,-0.5323181414623667,-0.2292813820574112,1.0372753806398205,0.087341456025048,0.484597102508585,0.1416010125801321,-1.115434253528776,0.0172695260056489,0.130782110191536,1.4298570573881433,1.5420536705904069,0.3924054552052776,0.427000890086157
1890,0.7599232213413074,-1.0685880696434649,-2.040410865148361,0.1762638151704973,0.3538500015883804,-0.1793848063170477,0.028020900726791,0.8787723785828048,-0.4588055765275088,-0.2786408421585792,0.606216744758866,0.9676485053215544,0.1007143605941994,0.2455472201919737
1891,0.0790364446138319,-1.2198146791693427,-0.1518972250477543,-0.063743317334206,1.637042214320274,-0.2981156576284606,0.200011239944467,0.9186176053897422,-0.8374847253104282,1.3757403868761662,0.9612978170593056,1.2729236949310752,0.195841411403269,0.368866751476417
1892,1.763870232057278,-0.0288962876486752,-0.5394260614593801,1.627119424390388,0.795630872768148,0.081969204663836,1.4268438196157025,1.3209921885493194,-0.3362569539582227,0.2487298532991499,0.8712032015580178,1.3577765498493126,0.3340817111834194,0.4007054178126563
1893,0.5767924879259563,0.0287300298878513,-1.3908705909042804,-0.9382595036982464,-1.3582627854602272,0.492924303024004,-1.1843523171237442,0.1924180708174301,1.8319038262751568,1.4277701849121462,0.5605513651124165,1.0064407522431942,0.1285472847301936,0.1592798589503404
1894,-1.8374166469339788,-1.2787014707710065,-0.7765164241798586,-1.1690236892193675,-1.6538143773217335,-0.0108403397252406,0.705100549416564,0.9540340387228872,-0.4744761707438094,-0.2719037003155916,0.8570486086079692,1.2994414528207583,0.2610275301965616,0.4006777147324349
1895,0.3556772451247554,-0.1084855618391491,0.8106067760958019,0.4303648628345135,-0.3763044235140291,-1.8566363116534432,1.4990316054819934,-0.6860822894443216,0.3575586457302603,-1.9165916687190976,1.236614766525358,1.5273911086847178,0.2238413767913076,0.3734294299430787
1896,-0.0113165833858048,0.1002619608621989,0.148602072547662,3.0137932827179963,-0.6311183737934328,0.8206642269566928,0.5232324522093772,-0.6786389926675862,0.8056694031809298,-0.1643209369308024,0.7806917925993387,1.3050319552276357,0.1694499437955185,0.3398170009874416
1897,0.8752432175767187,1.9609626234217143,0.1507988906340998,-0.2811252290684511,1.051556183810413,1.3966531659343415,-0.8832575393920493,-0.4529570895380753,0.6754232718412619,-0.1320320104147194,0.4998378283036619,0.9822831884885238,0.1124446984566628,0.1804421813873578
1898,-0.9543320129867868,0.5406948278953948,0.6714897157067725,-0.3343857558969754,0.0613487653312367,-0.576573068946119,-1.0952374259119726,-0.4970646066281865,0.0739323501759067,-1.4750892214692963,0.7570962751907335,1.0295214094209886,0.1876022896336055,0.2760015926925636
1899,-0.4240129312521588,0.0878301305927387,1.1946599101248674,-0.3125923548005312,-1.245902350109222,-0.209660012697729,-0.5665693040900902,0.5521785550573632,-0.3379053263622292,-2.7105666215792708,1.122602851597638,1.541687306259004,0.3329315976395254,0.4116097252321164
1900,3.6916245011978046,0.1423632915909296,0.0891915103085791,-1.541409971997032,-1.464569265961612,-0.0919489576730323,0.33617133231164,0.7021141391767522,0.2374376573182604,-1.1859422031681344,0.8995415190449475,1.2575561925830363,0.1852471905097179,0.276857185714281
1901,-2.504466609080049,-0.1002223493782051,-0.533974670609128,-1.262571724112285,0.8280582241056257,-1.5755767491799884,0.6169688394565827,-1.4101379750174814,0.1340886855833309,0.9339743220186218,0.5312822236766847,1.05737671099019,0.1698922153515749,0.2595586522470048
1902,-0.3379333156022741,1.6899198345068216,1.917886325593504,0.2371750000196554,0.541385370590273,1.0607088663165192,0.5444263724854894,0.4372432175985437,-0.5240694027760878,-1.6873561751777122,1.1187790490239249,1.4897993719872735,0.3335508902458884,0.4533998889029486
1903,-1.390095413249477,2.382367358761519,0.3224589578050008,-0.2456834813913316,1.2633272591179092,-0.7494579728618296,0.5831082674131879,0.077192033560038,0.4600275011036024,-0.3364098692938567,0.5938969468704792,0.9936122167168652,0.0372988673785741,0.1500531811877204
1904,-0.9646943072903804,-0.822871073139642,-0.7838842022602973,-0.0029703123221556,-1.556135180473943,-1.2474286150220928,0.1355242975292022,-0.127675044413915,0.1902315342566985,-0.0450435343331088,1.240895027147912,1.5342225579424345,0.2450660313282807,0.4022284805444636
1905,2.518950206888213,0.1267384339908734,-0.3790796494872758,0.1011317853615097,1.01995504251033,-0.0496283893774649,0.6847283586362458,0.3960459644022162,-0.2904155768426442,0.1108757988819519,0.5631224356971783,0.8848773342492856,0.1552498600902207,0.1811234425720087
1906,1.598922114192076,0.2430782950379643,-0.9860210241710704,-0.3195104271328753,-2.1142472497328053,0.1373987067528801,1.3120623437828138,-1.341405768133854,0.149732734508049,0.9854318058692866,1.3886419668864975,1.44665475542241,0.248668725855791,0.377093150507914
1907,1.0911386331964843,1.2798011722758311,-1.8682538313455035,0.50493095461181,-1.5055651850946052,-0.9983321365724712,0.8211222596085062,0.1580471218516169,0.7263360742393737,-0.9291166048016984,0.790485187692268,1.1611520093228518,0.1891999289213443,0.3166982574838095
1908,1.4736031101628766,0.6883339338410507,0.8892981192934595,-1.080166776115136,1.1714012402126184,-0.3161615766404029,-0.6112262701453908,0.6254635400456616,0.583211774787939,-0.8468188477573376,0.7828820630203601,1.1933887606047993,0.1145386800398702,0.3195849008005236
1909,2.05630101019252,1.8143505763897747,0.6050351408117695,0.4304034227316882,0.3297862262602962,-1.5499966260186715,0.1128073879214628,0.099541581895748,-0.5760116862383812,-0.3093491720015843,0.4910796702308332,1.161029298048287,0.053021741637302,0.1095852335750242
1910,-2.381292394715473,-1.0972729301249913,0.9218262915072898,1.731196901639361,-0.943380685295771,0.1828486549759388,1.098382329397317,-0.520215025894754,0.6762481772346155,-0.0337896955801602,0.8618068493930042,1.2346527018313,0.1495783489734427,0.2235125522497954
1911,1.190401988425349,-1.282450739668623,-1.1045766287676533,0.2795391689428111,0.0962060999004365,-0.0563238964933301,0.575834160204483,-0.9306495645577362,-1.3694356116214286,-0.5001081080287255,1.4306095096026434,1.6414110390606782,0.1756271620646935,0.3770888485371749
1912,-0.3882785586980988,-0.2837471810579111,1.269045711353877,0.7704172467992092,0.533239869155429,0.2219995946293111,-0.4341884557155551,-0.853945156783445,-1.197157420692021,-0.6945068504706754,1.4496288082175848,1.4523937442222132,0.2754693882986673,0.3858620336185316
1913,-0.0429219883609883,-1.1549842001826665,0.1695197577366091,-0.194438127235645,-0.3972984115432026,1.161532901211637,-2.4606186222227318,-0.3837295452849298,-2.352437445629478,0.2385626729294424,0.6879103026231841,1.0295224255771955,0.2526273655367375,0.2078531546876162
1914,0.7621815831989261,-1.3511062042138016,-1.2230575838913904,-1.6982998317104556,0.0636419927131677,-0.3407882762040274,-0.2786547303915934,-0.3679716394858814,-0.973599064367939,1.1318740238960363,0.8247271452108756,1.2886579492757648,0.1274386850549421,0.2537865798702464
1915,0.2723406801316274,-1.1846635367776042,-0.7005468158325016,-0.8720687744674757,1.4059279034730616,0.7112192726828654,-0.1264894569225528,1.7072211849538592,1.452043595199184,-0.2307108941417699,1.3819768782587385,1.553289172022704,0.2691357146560556,0.4601124501680586
1916,-0.4105653221238096,-0.3623639558973486,-0.9527465959689309,1.7339744484671626,-1.0064125030588773,0.8683043154274397,0.6905431309088294,-0.3048659782235659,1.8100451036644505,-1.5590963210815283,1.3809803585181453,1.5269052693015708,0.2549919886063168,0.3793275648264103
1917,-0.0796913009788903,-0.4890401649405044,0.960593150270853,0.353565864375168,-1.7272951786664923,1.239479443746453,0.4854617229245677,-1.0354918619629307,-0.3496791047863926,-1.299884914972082,0.8286386743955391,1.1811405170852511,0.2469478589117426,0.2235112959945331
1918,-0.17083802561648,0.1501179673598229,-0.3346471586339485,-0.4504644998728542,-1.6127403690511788,0.337241461503208,-1.9244545968629527,0.0310795182372619,-1.799155824032461,0.0505048904862866,0.6505736470933762,1.2180871111482432,0.1754227793096547,0.2686475692651129
1919,-0.0061190045877486,0.4033449676785405,0.8622857168015928,1.047588422250938,-1.61004259937593,-0.0582060531330803,2.010940884560054,0.1191005684977072,-0.8313481403013134,-0.079701126439336,0.6231943280825603,1.201954584479818,0.1973622445999617,0.332673949097587
1920,-0.3836659403140612,-1.176458157132154,0.869104188207008,0.5843525582753623,-1.334509072112128,-0.0932745838169019,-0.5664636491821228,-1.601592514524967,-1.4148194574759854,-1.265959823800332,0.8068906133120972,1.1867395921759505,0.2588500318395169,0.2343766348275724
1921,-0.058429753442797,-0.4579530002033566,-0.9591879620959132,-0.3918830296209511,0.7475349718454773,0.3566960972720557,1.001868807621903,-0.2283128647192489,1.602557190681644,0.348079883698492,0.5536389218847576,0.8328852835204651,0.0580819059999596,0.1393671433688343
1922,-0.4889174233413906,0.0929518096903692,-1.2480759525898173,-0.3061851362477693,0.4299742302266078,0.6116695080985893,-0.4101622228311967,2.733890427522635,-0.1722077431552886,-1.6783940421431534,0.8781942535451919,1.1934589766404606,0.1993248377703511,0.2446633506135274
1923,1.213267192008498,0.6071273038496771,0.2316888209552501,-0.4649208910917779,0.3933465160264414,1.6190162459976305,0.2016329373401459,-1.470033586810926,-3.4533540831877665,0.3845595606383855,0.7700306504067111,1.1236534696690887,0.2191727507427108,0.2504454432334193
1924,-0.985913541260108,-0.0997127173958039,-0.8090776230133992,-0.880908984196598,-0.7652741332862671,-0.674875359916566,0.7762359884828354,0.5736437931365846,-1.2079888228111733,-1.0717347263670085,1.3994691547807614,1.3324419550375906,0.2596740083771719,0.4838600254983048
1925,0.3791219044693724,1.0525023654355217,1.0371413599141257,-1.0029088407802316,0.9893114319002247,-1.77626963431885,-0.2028844170100391,0.4870264426086527,-2.0788050130416518,2.092856924085462,0.4564861252037965,0.8685121335595588,0.1109535781268834,0.1762303878892729
1926,1.3266951829766158,0.647003972360589,-0.9650282075649214,-0.0681036245771328,0.7904201697630219,-1.122661566999814,-0.1804742312380172,0.9103838498109822,-1.49459500177305,0.332424711020455,0.7164129744381694,1.090412918920128,0.3384186802812972,0.2874224049907932
1927,-1.7547696296211803,-0.9438467555786536,-0.5045926056760943,0.5135556127187786,-0.7007891025062037,0.125548391329151,-0.6872281378082329,-0.5306167721151521,1.250661507786149,-1.1502281782422386,0.6074432639667123,1.3493709759005534,0.2305535452555285,0.2616766784490106
1928,0.7591539739471846,-0.0010638854749819,-0.5755536889079905,-1.217522832410118,-1.1462363070990913,-0.7386450247579466,-0.1500544072211421,0.6035096361564014,-0.3002392599223624,-0.2333108518822189,0.7066880911313859,1.267347279615823,0.1876540836255272,0.2037011090777449
1929,-0.0839902233223049,0.4767776914387287,0.6448028191965103,-1.386965475571848,-0.2820747097433118,1.2274040173479217,-1.3161199537199544,0.0743128904489589,-0.1708440037967807,-0.5666755899366115,0.6787239964604669,0.9566009537784044,0.1747785868241213,0.2639217478982857
1930,1.590782651043358,0.0368358088678745,1.511145071944314,0.0056272052444099,0.4602558893177316,-0.5772215089269807,-0.5660936752977537,0.4093475302488602,0.427697457633591,0.5979870665918545,0.6998990455517187,1.3033189864363148,0.1674278725068159,0.2066649706598028
1931,0.3766782869545754,-1.3364209270040848,-0.8063686767124157,0.849942886148695,-1.9584653654033373,0.2926072415056033,-0.1118800990691812,0.8495818674723595,0.4166211860707552,-0.663980279708462,0.7575401833977858,1.239763750177628,0.1768631676001831,0.2846475829537449
1932,-0.7093500383016634,-0.5227834729969192,0.5800630473706277,-2.3022136795552446,0.1573794443570614,-0.8830345872273673,0.1908352978072569,0.344497786503369,-1.6623265829286873,-0.2268664270006311,0.9143566044928614,1.2106493980290092,0.1578350844357524,0.3351015161833663
1933,0.1555703568002467,0.0879500952751476,-0.1222009531159648,-1.2208875198140117,-1.068628030646542,-1.3780473227538503,0.5540455708397536,-0.1155708418066013,-0.051753239292713,-1.705493443844894,0.8197675566954246,0.9478395198537956,0.2214176456885724,0.3195914353858051
1934,-0.0336027972612053,0.6336370719826828,-1.8418395745742795,-0.5354062587449706,-1.5703491315448057,-0.4202820747298871,-0.900991897570923,0.3809088336416029,0.1692395634263917,1.2915044056340443,0.802012112958086,1.2891700581069574,0.1663803207836749,0.316824989441045
1935,-0.0540778493004937,0.3384878021042733,-0.5577074816484777,-1.1030646512285789,0.8347624346900867,1.2432550535470797,0.7056556992382529,0.1312281231295325,-0.9740935544852762,1.1416281734269462,0.964956094324897,1.5407090383398832,0.3976529847769948,0.3502571823766229
1936,0.579509315637012,2.0248786093294457,-1.1544239502399063,0.8625665012473802,0.5491065048747981,-0.342027200248056,1.363834880203104,0.402345148424548,-0.9368930284616538,-0.1183390162744095,0.4240197868012225,0.9289984557108448,0.1064999112900797,0.1468481863573141
1937,-0.9488588071031128,-0.4685157153855137,0.7038261535397329,0.9892740452342162,0.221212333789365,-0.7500748765895321,0.381608420395357,0.723399637957637,-1.9721117452397177,0.1164787750309172,1.2631871068036469,1.5846839945469164,0.3267173606726892,0.3115792287180964
1938,-0.1901897983993311,0.9537112554095722,0.3856891648614989,0.4843517014727856,-0.4819109663809622,0.001651717132436,0.9436849698038882,-0.0648797329702767,0.174669555731574,-1.535957298442066,0.8995167665158607,1.293736741425368,0.2415080686173152,0.3186421124327912
1939,-0.0685400363272156,-2.0119999681061094,-0.5161448693582567,0.0635155577268992,0.7670307944845707,-0.999159943451976,0.3736841434701021,1.4684934043621285,-0.6407438657156224,-1.5470529217226574,0.5220189314205133,1.1032389398126397,0.1961756743801727,0.1523479768317575
1940,0.2898399570570885,-1.1919970065362928,-0.8189985734735198,0.923336941702486,1.876899275376681,-1.0006901163414852,-0.7374197400154134,-0.4398689624088193,-0.5478080535254268,1.9332925138120347,0.6078125395794772,0.9913782901992548,0.0935163473985699,0.123173465480898
1941,-0.5305678296877865,-0.3877519145261289,1.6161774731748255,0.5766763115393011,0.9858992329492444,-0.9061128730223914,-0.5301796831757359,-1.0397183576789604,0.8012615460358158,1.2252432077834436,0.7715210590484606,1.1002735042031584,0.1768072785247027,0.2450906808110925
1942,-0.599774369181513,-0.3642413229042762,-0.320490065038658,-1.5472239932781755,-0.6738220777596537,0.773266214763601,-0.8754185044450941,0.0929818622049881,-1.3080189744641566,-0.1440009111288678,1.132663741903049,1.4593889642976596,0.30483774592194,0.3192625068854334
1943,-0.5633211545860078,-1.2216714837837672,0.7903860961551117,0.8466273612010188,-0.9695387122359752,-0.2161834641937272,0.0443186830724491,-1.8147617871278492,-1.397092726394032,1.286284436366781,0.9831722778382016,1.5361914270730526,0.260128094146495,0.4537264895114966
1944,-1.0651268965025706,1.258183108251696,-1.345413674383331,0.6588277771404029,-0.3113031075103353,-0.1707662691543668,1.855935913533964,-1.2541866343186818,0.5947981962610709,0.553489663557822,1.233790458302257,1.5606762150206408,0.3705346160210447,0.3845144594096714
1945,3.3545733891663776,-1.077130820231886,-0.6259847935034367,0.815922285832554,-0.2002638592018631,-0.4630509567317495,0.9575114883231652,-0.2665684363037206,-0.8918590703814177,0.7262101547619811,0.7425513294583724,1.2871702585598812,0.2254756781964843,0.2906334845089349
1946,0.3752880080278605,-0.3128465956059764,-0.3603015187600214,-0.9149066049405632,0.7250968551153418,-0.3601078172543748,-0.7698459035736699,-1.2855551671918546,0.392154357908836,-0.5085829789129973,0.9391457966955944,1.1787755690160069,0.201638681877789,0.3010611325417129
1947,-2.0126753139890714,-1.2032687896440464,-0.2335969356589826,-0.2055376649171677,-0.2435422503706506,-0.3827561115675612,-1.4758537227364112,-0.8745485241490512,1.1837769864841017,1.0362281268530658,0.4065406105101529,1.0077585389486392,0.1698380088699245,0.2222484157688088
1948,0.5779517823440512,0.4895026040406683,0.9047559080654916,-1.1207947374921003,0.0329283667569488,-1.1202671506469604,-1.1029144697652733,0.3680649377469412,0.9467504391358752,-0.193849134422538,0.8031063426398932,1.183823271883433,0.2165433514203175,0.3374883314244592
1949,1.6490004322095015,0.2117843270455366,-0.7767855324165115,-1.086728551873672,1.0181314841847162,0.128459115739815,0.676047378169482,-2.6579632604532417,0.2446720343469383,-0.5117741884962371,0.8609238830889754,1.166813513817802,0.2162390797055057,0.3239969870574139
1950,-1.3937595359168644,-0.0626823429484253,1.0918135336544557,2.2662282864197185,0.2421524073225103,-0.7091465899615225,-0.7695025565184669,0.9631323620651993,-0.9968741191528924,0.6224273795277628,0.3992805012473022,1.0168230541183694,-0.008065194315118,0.2241266854910592
1951,0.2936811899596176,0.1831013918828793,-1.5681185898807923,-0.3569582022263248,-1.4581577913576127,-0.5882474013167657,0.9171386615205124,1.231057903355565,0.2139486494908853,-0.5703405124339853,0.5660343054562682,1.074754612578646,0.0802476573915216,0.2154523417512017
1952,1.5880993323604182,-0.58359063375618,-1.1356864918090044,0.6964829679167834,0.4577340425697067,-0.5425759109258408,0.1002252295695672,0.4421599888517731,0.2036788410518163,0.4589389549645806,0.9423953845541168,1.3413769648291258,0.1985413650386719,0.3069659815364779
1953,-0.5057148615599742,0.526245044239599,0.0175578375832819,-0.4718105215363534,-0.2458847622332747,-0.0979018359244179,-1.445378337061279,-0.6366592465699283,0.0649055155927859,-1.3509910353888523,1.366636671710165,1.3499197984737823,0.2838462128661487,0.4667785227768378
1954,-0.6199236618145806,2.384644978371872,-1.129258364821194,-0.3838139126504293,-0.8337172785287311,-0.1168700039533368,-0.8149183431349799,-0.2432431232924328,-0.718547035149893,1.0551278163698248,1.346280081252715,1.5369263777649904,0.2247083797334689,0.3975044883479419
1955,0.0816370377195467,-1.00297265696322,0.8407965238326931,-0.958266616030113,-1.5640801889116511,-0.0030424874328074,1.907264424339979,-1.8276641289158877,-1.330987921569097,0.7525256631608443,1.11151269056251,1.5331038902817211,0.2595326657602559,0.3487138302512697
1956,-0.6423213996119603,0.6119485672465433,-0.837488906941947,0.1419621774091763,1.7444739253854884,-1.1945896470218709,1.023760810137304,0.6797067966320869,-1.4892442510989088,0.5589005237417732,0.5935134722316359,1.32218046849767,0.1800114744278471,0.3078572891851267
1957,0.0728061288626061,0.0910940099137294,0.3365175664517029,-0.350365844415805,0.0700989589423977,0.2414524250402884,0.7460579388855285,-1.5271610333780812,1.2908858964911043,-1.1552903430592132,0.7997761883525819,1.09325660670395,0.1370467544275903,0.2497342437001382
1958,0.7616284641463872,0.0794450992727799,-1.2811563427986976,0.5281454697040043,-0.9454066391951712,1.06879555515764,-0.7108348385012441,-1.4949860976053777,1.5338451050362951,0.1813236712369088,0.7276831561170607,1.2366606247013805,0.1602141168239694,0.387324531579731
1959,0.8671911257613155,-0.8514718787533673,-1.8918105367082008,1.675202424087777,-0.0064268121789486,0.4913518941635465,0.6565957805982692,-0.3353910530156894,0.2262295476155164,1.5939525925054443,1.3540726553839726,1.580835954966571,0.2940170548763425,0.4757140367860242
1960,-0.0324412288793302,0.9421013164195752,-1.9912469800306216,1.1237606303192145,-1.5220042980059736,1.0094088240335006,0.3906312204512712,-0.0959206760738782,-0.0995882212079298,-0.2527310933573347,0.4781994368878876,0.9968738585845754,0.1084987269874634,0.2350911520271672
1961,-0.8206695194435634,-0.2059762786300463,2.208059077509089,1.3023067107847297,-0.8710031785224339,0.2676874023272881,0.0959791632364314,-0.1422934430096716,-1.0027775566374793,0.4458979848066523,0.8636908079002986,1.1524874721555396,0.1733503140287023,0.3319951478576042
1962,0.8460716299146366,-0.8338986850667802,1.9555414172892076,1.5220032492355542,0.5481655589512324,-1.2317197026688134,0.4014086259845622,0.2819780015644652,0.5131552762184968,1.590464272289736,1.3072854875836848,1.4606648875177126,0.2206405965160773,0.3896341951995878
1963,-0.1759740546166204,2.047826579655744,0.4065043459937499,-0.2904631756612649,2.3993772067064114,0.8298919000200898,-0.4547338869574728,0.0842165889464423,0.635233021854534,-0.1508610267853418,0.862352579882586,1.380541684641978,0.1401021018829669,0.2786714373584713
1964,0.1339078690449503,-0.8172036036627213,-1.6851945308079082,0.1064193227447118,0.1400278222258873,0.5271195915578544,-0.5761897071061968,-1.340554294540665,-0.9653244697473484,1.0556337568398246,0.7610596438474624,1.33558053394315,0.1982529249770683,0.2546336720313867
1965,-0.6666113122075713,-0.4420809858037619,-0.3124135638311119,-0.6192761692867904,-0.6932108275328333,-0.8711235646338105,1.4006565745681998,0.6801006833429298,1.2478207731502375,1.449339756460838,0.855869528292182,1.1595361479959054,0.1387806363321023,0.2553613346361925
1966,-2.349879797432981,0.3434546420280766,-0.5861786338983189,1.1168096443533484,-0.7414712032425614,-1.0541497563637097,-1.434045860653102,-0.3026749109788021,0.914945262528311,0.2561672168613118,0.6734041954422619,1.0384209221649463,0.1053880027726271,0.1875053132093977
1967,-1.202648265136144,2.1526590903618907,0.649538639491568,0.7774101157576864,1.285028827347658,-1.6402155886257797,-0.9114341385878826,0.8230113569242725,-0.8107383280214768,-0.2750134722550482,0.8292148842118799,1.2280235946002491,0.2146084414103663,0.3057422545138876
1968,-0.0777406528313,-1.2774053886299177,-0.3608171821336399,0.9145032173518324,0.7294538898178412,1.113014661967468,1.0098758737907962,0.4058739257025841,0.3266784983096997,0.2533307601066177,0.886879833830555,1.202310434600073,0.151103058222368,0.2693788554549566
1969,-0.6270471672539608,-1.0299447237206136,-0.6895973461199002,-0.3260293165574689,-0.6558259447427762,0.4138317384839156,0.2018952160642511,0.3093234987202181,0.3514080659157796,1.1956639377845328,0.3020981306510287,1.2026817116042392,0.1431377295976343,0.1584964752435381
1970,-0.0085728923871004,1.0083694338346114,0.5165853579791673,1.1296335366350856,1.614629834386572,0.5766495799790702,0.1037682496719986,0.0973078174433081,-0.4701660795618385,-0.5037721465760562,0.47181551506029,0.9363123525793566,0.1771273605687058,0.1290061417864535
1971,0.9021171633115352,-0.9636702924475558,1.614772635562226,-0.1517232529040197,2.862077893122814,-0.6931154268296172,0.2501889199803346,-0.3518492702484191,-0.7930840915432718,1.0638003508787186,1.217171408822817,1.4891472157435153,0.3413419315354557,0.3947995386137652
1972,-1.1055541943978062,-0.6760745069742347,0.5863197089149107,0.7449608109494047,-1.391885421227521,0.581676885215374,0.1288999134163389,-0.91772335786153,-0.7888815353355542,-2.033451427948401,0.3241791123344565,0.974888216535756,0.0513918891028337,0.203978977327828
1973,1.7174444277975778,1.015420414977007,-1.289145010178219,0.7989076727917958,-0.5740223439496666,0.9148105363496998,-0.4960735691590823,-0.3633540951079583,-0.2883472677576647,-0.657355341661313,0.9434177036520328,1.0260574755767722,0.1599888632300048,0.2723653523108251
1974,1.399271375233304,0.8985269930814788,0.1099485383332791,1.0245681639858102,-1.6270717152454592,-1.2284587785510324,0.4745547623579625,0.7355365558078887,0.2794075462557515,-1.882694675078319,0.4618368904586789,1.0740125664105244,0.0913227791219306,0.2207901362860223
1975,-1.0623345243377478,0.4165918665041686,2.426472289241268,1.217912665058428,1.5773042984707726,0.339725422190299,0.3324909807893771,-1.033485467256076,0.951822053051617,-0.0731817025410027,1.1061340434402336,1.5229924345417938,0.3388898815438857,0.3633850225131456
1976,0.692732375463719,0.0306863528809348,0.2791184247507394,-0.0877281162986219,0.2246246978228929,1.0000765575452306,-1.2662295290692238,-1.49292242631511,0.4258645776388989,1.4405742979076168,0.5781358119806514,1.0052372768727569,0.1522730120241126,0.1899290049961513
1977,1.6927446168010818,-1.2244102177100715,-0.4028738354023735,-1.4792152544449093,-0.55061162638712,1.1228480950493616,-0.0128917835583997,-0.3738740796237879,0.54508575641121,-0.7950520898094712,0.8381244655162099,1.195939376832147,0.195189386897971,0.3129465214112845
1978,1.5929783648818574,0.0072849722414734,-0.4017942429598992,0.5868492347956116,0.9392861602110464,1.5959752401492586,-0.2099689062581642,1.086056522693717,0.1012116118999971,-0.6113800209736948,1.2805211203837354,1.3750435088075994,0.3716816804408939,0.3070168479725101
1979,-0.7768115290042346,-1.0969834436330042,-0.741693998889114,1.115706621760084,0.7067096017860371,-1.2412116559419497,-1.7463909202149357,-1.1122931557964109,-0.7767362082471486,-0.3032657105770086,1.0972781835391656,1.49057309292351,0.3206177984542974,0.4788086263870689
1980,1.172863523008714,-0.5477168588996667,1.680499960177274,-1.6801998923213677,-0.3486325207623062,0.7855486691364012,0.8472052523664336,-0.3357139563883928,1.001753433784197,0.8121964425068829,0.3141708511774892,0.9492305871610288,-0.0063416743899632,0.2015810986955124
1981,-0.6821146593125106,0.3149284684444221,0.7036132840768452,-0.6105347675728249,1.6943254502691631,-0.8353619466176428,0.1440928832945122,-1.249777316419508,0.1033601986625602,-1.067073216070822,1.2407525376750046,1.6590795742171252,0.3060317380446727,0.452201256472119
1982,-0.2941291413292626,-1.5865975613210967,0.7998134003257217,0.3562800497416076,1.0874105536366991,-0.3478051646398359,1.1338473668809983,0.0392796453948357,0.1131674594287368,2.1140533253519385,0.858383708153906,1.156475180299483,0.129551962660398,0.3137501149145905
1983,-0.4846759649386037,1.22745903115485,0.4796849405476133,-0.571904892245483,-1.315690890463473,-1.0330850504554905,1.130674797854511,1.7343995268369568,0.0914399032102259,0.1438817626211231,0.6507897982854637,1.3295207072669644,0.1918968948981588,0.3597588705755708
1984,0.7764534331564866,0.073302029353185,1.0997000379703223,0.2916222506631849,0.1355413136524426,-0.6992128474941184,-0.9452670794732824,-3.159088013545243,1.2341167999418716,-0.1466070552223254,0.45197855658676,1.0268850786400991,0.1104674428667344,0.1977477940994538
1985,-0.4003973447357812,-1.9517072963854332,-0.640112765772352,-0.7716864582828956,-0.7947730872307747,0.3328361431526278,0.1222485531960035,-1.3612959336197052,-1.2978410999073329,-1.299678552330366,0.4567340486603408,1.039245601847052,0.0536918368258395,0.139528233552047
1986,1.810526087567177,1.4927226286916295,-0.8522989990995977,-1.9765943199957308,0.12804424301252,0.0469401162376715,0.3169169869883981,0.7413738924773331,0.4517039533959419,-1.116439531500253,1.386424033999024,1.57271679888921,0.303294580430112,0.4832571191271891
1987,0.2940410871640176,0.8538235753356542,-0.724001723003373,0.2999564687558586,-0.552780717467808,1.9961697209412297,-1.32682713886702,1.155948936528601,-1.6708127614252692,1.7930526852166078,0.7732234481275155,1.3322703219988978,0.2087787042462911,0.2487624624961804
1988,-1.1415490674244095,0.1896715439893359,-1.6291931866968048,-1.3499811170217109,0.8977470476246219,1.0281623114694711,0.2393589323676469,0.7410816654902409,1.0448787426539723,-0.6841768637993143,0.984804019177085,1.2990710846624085,0.1939489484495218,0.3363585629766974
1989,-1.3989614343168146,-0.0137033862027946,-0.5772011858972084,0.3886214802009952,0.5480286120879263,-0.6816507905692808,0.7041085429664431,0.6541383759513081,0.7233175788890196,-0.4077923770105933,1.139444484900314,1.5829149035059542,0.180446071735802,0.3490099333152703
1990,0.779922164828575,0.5200022806751929,0.6401846447565608,1.6777885630885263,0.3277741899254117,-0.6069622239974672,-1.1104545309994642,1.1279361599938218,0.3573076760354481,1.6700219883202243,1.3468889616430444,1.475034446178108,0.3103771147444371,0.3326607168942282
1991,-2.02955219120047,0.910667087786442,-0.2611373354206281,-0.3535209948811711,-0.764807840148591,0.899571013885143,0.6135361772832246,-1.1423820250394403,0.1649214379250712,0.7061143306804705,0.6847866995702103,1.1190529643717675,0.0899657390812335,0.1797652071568337
1992,0.1780105259259068,1.1078403000269388,-0.2900385438891823,-2.2543576731044745,0.1867175607682366,0.1806257694050798,0.3111864967043543,1.1069790979677012,-1.9524632532933064,-0.2384833043326603,0.9029604361419694,1.398247045016893,0.2476880127905677,0.4085901333698301
1993,-0.9226578080015512,-1.2080303881184848,-0.0722989995628926,0.7018220302806755,0.3009466048591592,-0.6875224224957607,-0.1454715995437182,0.9298964446296162,0.6831292450600224,-0.5527700132266294,0.4077648670938082,0.9180613169501208,0.0405529440973325,0.222088032482474
1994,-0.6174963756639779,-1.716484160598997,-0.4294113335823641,-1.7357889304385166,2.0670696873861147,-0.8551181568667101,1.1089808553132174,1.8181062078919903,0.2162014085279884,-0.1000142563869064,1.2263405324706556,1.4848048876528015,0.3404629314061649,0.4616164302607332
1995,-1.3223652560550825,-0.5046001216487757,1.603965047869026,0.351252629622269,0.0283482074588373,1.3121232091756625,0.696290548455716,-0.1478731477797628,0.216255835673597,-0.7680650374313074,0.6474337590713158,1.1403027972098885,0.241007179706153,0.2766130658070709
1996,-0.5610406463635863,-0.2062986292586585,0.5574710623736896,-1.2473629726900457,0.0762403304227286,-0.3898621600630643,-0.9009292184662048,-0.3844915494916545,-2.321403263050222,-0.7575886740283793,1.080269088546277,1.6018537427650394,0.235524996513801,0.3849210096104448
1997,-1.099486882075956,-0.2799160426007642,-2.279789822963933,0.1908927435094691,0.9094232964068631,-0.1172963722298989,0.4987918734043764,-0.512730556401243,-1.5546211237758736,0.0016913212856527,0.5328644025804808,0.942618008608988,0.1391577828006587,0.1715561512401315
1998,0.6803783769852189,-1.3243881256076575,-0.4652272763218353,-0.2471164009044167,2.851407645284945,0.2233711947198917,-1.905573578863777,-2.1528509018422097,0.7304988302637498,2.485031975996529,0.640861949344592,0.9874253702504228,0.1335635068352677,0.2373011976491408
1999,-0.280974484600719,-0.3408195920585092,0.4307741761975961,-0.7982964083451088,-2.544154620428673,1.0372643892756863,-0.6131821284018295,1.050117865821371,-0.7609867903106803,0.1217791274605382,0.4372459997255927,0.7946513451344112,0.1180377877331917,0.2036144173562435
