Batch_ID,Supplier_Rating,Delivery_Time_Days,Temperature_C,Humidity_%,Production_Cost_USD,Transport_Cost_USD,Demand_Units,Returned_Units,Stock_Level_Units,Route_Distance_KM
1,84.96714153011233,3.649643450051237,19.409519185105196,38.85918641766912,995.0462104420659,166.0752634756389,617.4814057585692,4,315.61117274318286,238.13933113169938
2,78.61735698828815,4.710962658568964,21.906389533182747,43.6906916626221,924.4524609436605,184.72502684731737,312.1019055246173,6,269.96037343783996,250.40422989231837
3,86.47688538100692,3.415160158000077,22.05405061613334,40.579398164257555,974.1437563819507,170.13094694774287,467.2204944122537,3,291.815461844546,259.86797925794616
4,95.23029856408026,4.384076940721919,23.417891037530218,44.52004181258862,1107.209759127655,205.520902347306,495.83399766186653,5,246.40632395133434,327.11725914339246
5,77.65846625276664,1.2127706660924287,17.89942491015752,47.85849689288811,1191.678498254577,259.85892657309563,501.5908658399631,4,342.65339335496554,210.35312931225457
6,77.6586304305082,5.426587414745877,23.777701821541992,58.371544863313844,1085.573099629536,161.44789214293976,518.0496056078081,5,403.4465178210563,250.53139915312678
7,95.79212815507391,5.002410950724449,13.886825105191674,46.78840961294298,1015.2584812707655,250.0410248884207,561.0439819809493,5,267.7706531416513,287.93235877969136
8,87.67434729152909,3.3658227378636187,20.11034634290857,34.14374293230407,1224.701765545664,160.91639638265562,496.4592560954649,1,361.1966174433063,214.29431166679592
9,75.30525614065049,6.31849133686481,20.535178472645367,61.4006784649516,953.0745290422717,157.6186393751558,463.1941717856319,8,256.9603898123986,253.65460174819404
10,85.42560043585965,6.875140275253116,23.899980478213717,41.629098663849604,1154.637900755036,240.92973091716067,459.24106553403044,2,273.4019271302881,299.10589376734634
11,75.36582307187538,1.7848802712620517,22.067892558030607,49.41279572895371,956.7905802473082,246.09681890038084,438.84841979616454,4,371.6845115918727,224.01113658732206
12,75.34270246429743,3.4745504428675718,17.78331083843114,54.46536506940711,1064.653443701634,242.57049683813273,578.7543324326865,3,294.0080481556978,241.3387578368387
13,82.41962271566034,3.4617153004254035,19.045020622548954,51.99610418402783,982.9656152814323,134.21012958909296,435.3471520523485,7,334.34918433682026,192.42104111012674
14,60.86719755342202,3.120193797782271,22.59604002864222,60.941795475214754,991.6221726020784,176.70245109639745,584.6771109008245,7,286.52695456002493,297.34592368676556
15,62.75082167486967,6.658949683863497,21.762797974406332,54.79003143392759,943.3920223806685,241.14942960016606,501.8999082259871,5,209.86321849909268,257.9276608641055
16,74.37712470759027,4.612347722454393,20.262627671092762,41.38690420302892,1201.728104677104,202.07709202819473,447.87451931438704,3,416.87059015385154,228.72979452253549
17,69.87168879665576,4.470970317378779,20.55749863146406,71.78562173991662,890.0610942837197,146.3153576901268,561.8407215744135,5,289.16134268826744,234.58348900246506
18,83.14247332595274,0.9922752711864931,24.088503991477868,51.943334633382335,888.9651621176937,222.9158969562721,427.25460752768817,4,307.8058772260587,249.54890597133127
19,70.91975924478788,6.2708360604184525,20.446922281392357,48.52659773378494,1318.1490348767663,164.25963705042648,563.8184040728213,4,263.3736140093934,266.7093466149453
20,65.87696298664709,2.521483210293055,21.73572626791278,59.63925423055571,1146.6771346981498,289.72624241961057,521.2726121191785,2,339.0065811956754,217.36374434361912
21,94.65648768921554,5.119865260532657,28.50980976424163,52.49450945930072,642.2329451960445,277.2420731209129,440.3675310908079,3,335.3293154378233,221.2954670204287
22,77.74223699513465,5.554753875916384,17.72895208934823,53.99228192939327,915.2111891184395,230.20487131777836,552.8634815334559,4,222.13726636943056,236.83357736986775
23,80.67528204687923,7.7213171916773025,16.444471805276024,74.92183998600687,728.2015993656919,268.0503352384887,554.6589725688639,6,308.55497936524375,257.5509943162155
24,65.75251813786544,2.382359201761776,24.35076899439582,47.248785717449536,857.3963959877117,203.23956750616907,615.7519605809957,8,343.8550501262979,330.29670693643806
25,74.55617275474818,-1.0390243116416507,19.96407081611769,46.82239105982604,529.222800064894,238.27187471875078,596.6147012409295,5,360.0218433336516,209.86313158965729
26,81.10922589709867,5.36769908950739,21.04528741677214,51.16578512012464,979.4515633459087,273.88601476510377,549.1274020726282,2,332.32244886189073,167.3511553024374
27,68.49006422577698,8.601022363021707,19.65653086560666,60.715159355810385,828.7087271258033,212.27493408971563,387.24090487912366,3,336.716873413286,319.996106351047
28,83.75698018345672,7.477892705878874,21.220599577697463,34.93465969809601,1008.9857885194658,187.24064142428583,744.8586988174056,6,272.9953146873304,206.10434581948687
29,73.99361310081196,5.419318830549251,26.795614336289024,30.344441085234948,756.2318111676213,114.76890209114421,359.638378892819,6,238.54806490290173,323.3772563839603
30,77.08306250206724,4.0167276287359055,24.40638537585436,44.12884729379852,1012.436777975806,195.84332371392532,594.926317428231,9,284.4563092561523,312.1790860267395
31,73.98293387770603,6.614245193274621,24.586670535660932,33.66077040940713,937.7625582819509,241.17115922811558,543.1283816886298,5,237.41173066930384,277.21503074154265
32,98.52278184508938,3.0529076005910625,17.75131883262206,45.75168652474362,1225.2929447782894,247.28167137838147,382.5857627518885,3,263.048445699746,310.7746334243543
33,79.86502775262066,5.952715538712439,18.546538790341394,55.0249969612929,1211.7035292618436,225.2182532859205,487.5699061121501,6,262.30113523064415,158.42132018041332
34,69.422890710441,6.010940318333254,13.48276402154372,41.09251136447736,1117.8018404515424,172.935045251888,492.124711375536,4,252.9647738859611,182.38114626254094
35,88.22544912103189,7.12041981499776,19.571857536751736,35.731734232186575,951.0079329008181,101.15892155262047,630.5582715810524,5,326.61431272069666,264.20566476750923
36,67.79156350028978,10.519320077822155,24.870109559156976,50.69337161715348,1297.807059289044,175.23924509976325,428.66890997197885,4,249.36363682935539,230.66124013508573
37,82.08863595004756,5.784831934357534,23.55083954724511,58.625434846151705,767.0447083240269,184.78275644730243,473.8054993575646,7,391.77902189280417,210.7474629254365
38,60.403298761202244,3.9820727485850025,21.33546021114363,33.050265614833876,789.4662055654505,184.3535516404993,266.3930394978737,9,349.4575020071287,290.39851329577294
39,66.71813951101569,4.9488513756160115,21.93309914884584,58.20232398305984,987.4325350166403,230.9278178488962,673.4762793123577,6,359.47468672750796,262.8752505954743
40,81.96861235869123,1.4618481902217635,19.933343372273782,58.17306203738326,1338.105716338168,299.283820550742,392.9531756979929,5,265.5421871934324,302.46572573129174
41,87.3846657999541,3.6105737378218836,22.61427664720535,59.54085102156628,969.6491639694868,206.17646009205464,532.6910864239175,2,310.0148282398645,231.40499698648273
42,81.7136828118997,4.181435123773792,24.297634838441844,62.18480214871686,972.5132135186077,189.1634105421769,489.8592170278136,7,247.85526531971425,249.1786213634512
43,78.8435171761176,3.951823204130815,17.15233963776858,72.02013924659616,783.7134465832287,187.03890934979538,490.199903321666,2,310.8677897055985,326.9817333890619
44,76.98896304410711,5.304709744067444,22.898943063512043,46.439079513809446,1141.8894377905567,206.21923834538572,580.9861984870874,5,211.61395676973075,185.83040115208325
45,65.21478009632573,3.355160135235599,24.797304612864004,51.09571580077858,1142.976438149403,158.58531198258004,667.1262460303635,5,353.1148440955648,245.691117160823
46,72.80155791605291,7.242061334648943,20.75469913310989,45.83561566751975,1118.3612802099865,206.00992793730276,525.1493669941992,4,267.75523380808926,206.27972184677617
47,75.39361229040213,5.000414129836394,24.10210183636175,50.01976844755811,905.6168990728956,222.54061681659,565.5078017630526,2,315.1422419633615,334.7743752567661
48,90.57122226218915,4.981399357722771,30.44396333341766,65.32873355636312,893.9939847440492,210.48430317872442,532.8891536727041,11,324.4237075515907,370.2877136831073
49,83.43618289568461,4.344210566974164,21.686971621039323,36.54985516069331,806.0316624392544,222.87709670023906,601.7531423930626,5,272.30179773196494,260.49346085526463
50,62.36959844637266,5.310381367717958,23.17992115001597,41.38950327834424,1012.58087526414,221.68738046742675,453.7083620513673,8,260.0869535567132,274.63239847623464
51,83.24083969394795,6.650196529335269,19.785828749015824,63.77180936504561,837.9389006082247,111.40516588767781,607.5390554416414,10,293.9896132602144,244.81435405038798
52,76.14917719583684,3.2657395685781996,22.54375348780615,60.2003650690209,823.3875242126066,231.84350791977016,611.0499865647384,10,340.14828419037553,242.88287179266928
53,73.23077999694041,3.6837670218494867,23.38081487494691,46.36868353182922,936.4463924633986,166.44925771687733,608.2537008682909,5,292.65072856891385,254.1776792622008
54,86.11676288840867,4.3925479424466705,22.584527020810413,58.544020011207195,926.6265737223675,145.2080418498021,433.9852132663524,2,330.14788929816945,182.5522597828684
55,90.30999522495951,2.30825815305357,18.94091404087343,53.412158424920335,919.3032206767067,144.7774086072502,483.16623657628094,7,339.70457695832295,283.01472238396786
56,89.31280119116198,3.361484280557004,22.619085313976353,65.00274609000988,1069.966689526039,221.67708052362647,523.9466988780434,7,290.377355911954,200.73163279559645
57,71.60782476777362,4.047558252910682,26.38658781615291,50.745095938267724,1011.8571703225418,188.87125363875737,362.91579551709947,10,294.36617492992673,232.30749032191116
58,76.90787624148786,6.748778361425455,23.345907293543583,60.25632113872582,956.7765954233323,115.90156080072947,659.4920208086014,3,306.940368936937,251.65905206051983
59,83.31263431403563,5.52512265800385,24.885961567215524,76.4201191049262,1027.4519392467223,223.90189075961416,498.77234664978243,7,357.12023127913045,211.8925446246602
60,89.75545127122359,5.387179822735089,21.288964089962118,55.98099155047466,851.2709438343052,128.01959346005862,528.3927887604722,6,282.83592028520155,279.88836491312475
61,75.2082576215471,6.701795924335944,24.249700718271132,50.49328165794844,1015.7917935864517,206.99106792591056,442.2995560272797,2,356.88752629143994,226.22877701059969
62,78.14341023336183,4.725256423201206,22.83780351464958,57.22446985220979,1022.5903739266951,211.9249462836527,367.3122440632977,2,312.75637259639865,303.2781891965655
63,68.93665025993971,5.780929699857779,30.389034677630974,46.34719141796115,774.5429710963779,244.27885408475225,439.5970114525229,3,263.1694533246241,206.43953183446908
64,68.0379337591933,4.793556494135007,22.955563014396624,73.87967705524733,1149.3540631555543,289.08423932334256,521.9204187633588,4,297.90030743856994,241.6557046575159
65,88.12525822394198,5.530724698799257,19.02491000967907,51.80071037695981,867.7849442159506,131.76618370497292,567.3428812753693,2,243.9682982398153,196.4060504585314
66,93.56240028570824,3.8344826847768356,34.34403572119034,47.27066679774487,1013.5464698809652,197.37630719684753,516.179154060272,9,232.69963641933265,299.1239213386007
67,79.27989878419666,0.12236568344714183,22.567984921877123,41.64310994979964,1174.6617610802905,186.18323524778913,534.672401624195,7,330.34246242770297,234.45423903168722
68,90.03532897892023,4.731441675627392,22.891732820140373,60.972201916064385,1138.8515136570804,221.6874842980481,466.29736253186235,8,339.8884460652386,222.14380011600687
69,83.61636025047635,7.84549627219988,18.432302604768612,58.67187412827739,1005.1500082853253,210.78343854668094,549.6248566245429,3,298.3488126811541,240.50228380215822
70,73.54880245394875,6.852430804483185,25.16195731354863,45.02645628585907,945.6251495676897,182.372687863169,648.2832866385907,7,302.38406836930847,244.52407820161818
71,83.61395605508415,6.930794969182341,23.71601883490142,55.764513451224225,1142.1267862863351,177.95489056945723,570.4789442438987,3,271.1618166347544,270.2657318102249
72,95.38036566465969,7.472261443612435,19.885814693167347,34.91444031787144,1101.204246671293,144.17745724079762,580.9541888252941,10,308.49397125672124,276.95600860354494
73,79.64173960890048,5.177315181922875,17.387245610652474,51.849705750731566,907.2452469933805,249.39307912032547,529.4016399306631,4,399.07393854322277,242.42079561178537
74,95.64643655814007,5.394631414811191,21.565286262755706,54.52756352076695,880.7659529497464,222.96020907997647,349.6844930400398,7,350.48483601267515,248.044798190388
75,53.80254895910255,3.7646962091312997,20.66216885841652,67.07329809559224,689.1467227456003,245.88840988975687,395.53334693687566,2,296.19713355365667,94.65369904004066
76,88.21902504375224,4.3678542879459,22.33942137115907,42.291811972713106,1023.1047762525382,184.4801931762243,545.4875800663843,2,291.840532261954,227.3996163470978
77,80.87047068238171,6.231542299542284,20.9106500165333,37.21647371197676,987.5953382472402,167.15822656527848,498.90609480399144,5,281.18044976142494,321.5342658259625
78,77.00992649534132,7.407768874337632,15.97762941776497,41.04572039074958,1170.4287061963814,146.0842466685386,543.9842886472828,10,229.44663220797852,272.4347600109278
79,80.91760776535503,4.721107448638001,20.834959185096526,36.634314996850804,1053.858264022055,217.94587918703297,667.6423417844073,6,275.85435763858044,196.34322866634366
80,60.124310853991076,4.099621470297177,21.083142666795062,63.36657357758983,1200.1343791259035,148.01033877358827,572.6035999229334,4,333.7115896251729,230.62411085457242
81,77.80328112162488,5.001055917713194,23.900983074322177,65.48639295024037,895.3953658125744,292.4331534483275,625.8886205742822,1,253.3990868262487,220.16500120804278
82,83.57112571511746,6.202413497858229,19.905400976166852,53.20216577948829,1170.7225496451429,134.61787094532798,509.468138947073,8,285.99713394077673,303.50544214949366
83,94.77894044741517,2.1122903677329163,27.0360240201177,62.21294945685148,920.6625431343017,213.68300596062508,419.278432251556,5,244.09094288935717,298.4308255031585
84,74.81729781726352,0.40763809372552373,16.265078348044728,51.339583805802356,1116.6394092688408,278.3427353606893,494.2133840785659,3,339.27223150275876,210.94961969619894
85,71.91506397106812,3.898926301016833,25.93350249340787,49.04888352299234,781.186241120396,229.95448796319045,419.5248186280862,4,236.33841859309004,250.49380313200106
86,74.98242956415463,2.5585751481716827,21.327043087365684,46.66962380946239,1035.2702949049283,208.78368562458897,655.8294956772448,3,329.6338953630918,193.31115717370918
87,89.15402117702074,3.983719604705378,24.57875461703067,46.89609008622435,702.2968087831134,151.57581765190523,579.0391076535469,3,351.43203050365406,218.66923454635287
88,83.28751109659684,4.704439362365057,22.2394044521762,34.52198443690969,959.9293771087368,130.9115405716148,552.051249662828,4,283.8312077047764,220.51222601010923
89,74.70239796232961,4.093503181953973,25.418666608076407,52.64254763607339,1066.053099081687,238.5025054458793,623.5943202228103,4,265.65382922703225,214.8868871096179
90,85.13267433113356,7.904935068941491,20.837914106341564,49.596660897859564,921.8547173153356,275.3073620387473,297.99435854767745,5,323.75589766692025,268.31022691184864
91,80.9707754934804,5.65348952920464,18.704138724466564,57.45360724077876,842.4343556866049,178.05750047609143,558.813795134266,3,380.12125728132025,317.45722371238094
92,89.68644990532889,5.600948719221657,26.261512861813188,50.9352349643861,1126.9177703943901,143.04692461918245,368.9354215695628,6,367.0838780524994,246.98633641110285
93,72.97946906122648,6.244414288086804,21.659558062353575,48.37296298430908,984.4805815229615,77.09152847254907,499.2744301534339,4,296.3119779363807,197.25271782146913
94,76.72337853402232,2.7223337644384618,22.664675420872634,41.288069699923696,926.5644029453993,150.9617578168731,468.82924075327855,6,255.840871525921,260.4053372952555
95,76.07891846867842,7.078223574840537,25.704255742134386,50.721532368217616,1006.2843881731415,194.317157875048,566.1736612096947,6,288.3953765488658,260.47369489215134
96,65.36485051867882,4.8484714269290805,18.904134273716696,57.38237230816162,1395.5003712918383,279.9561620418367,522.8187288960955,5,215.5045570095229,240.56260837433138
97,82.96120277064576,6.340961234482425,23.786472692917773,38.566610089161394,1173.0254274672316,233.65668461164842,634.5117173611789,7,272.2147437607991,342.95574023205825
98,82.6105527217989,2.856285533919689,20.230315730611327,50.874737536807395,1174.386050228176,215.25427023533766,439.8102839067386,5,322.52729728469507,262.2063510443041
99,80.05113456642461,1.8924824679678713,21.603491933066884,52.33042951529484,1065.3319478488545,179.99401693494346,570.9114389633284,6,281.6146457981716,278.6910923446027
100,77.65412866624852,6.6357793160500576,22.216836896152866,42.819352163817356,1024.972790886572,170.8417141372022,516.2223216898832,4,269.9775429986703,137.8895049863678
101,65.84629257949585,5.752819052195033,17.49933441565919,44.12143695092,640.5876567504376,270.2823798753982,336.47097299284474,8,297.2255697816384,201.8554320187896
102,75.79354677234642,3.1958968912849794,19.663488871538696,52.306108487662144,898.1529480305302,210.03692703791947,408.13835414769676,11,286.5323091663353,275.6954532507115
103,76.57285483473231,3.2606738374506112,26.053218677239418,38.66578981707377,927.9138380196289,94.8699654039489,485.0121966477832,6,337.7746570215189,264.1907717715843
104,71.9772273077838,7.250869568829539,24.658573565754388,53.499237152493926,718.76619039287,166.32301760513786,611.2292449891728,3,233.66218997277832,231.0753037194311
105,78.3871428833399,2.6211762142653443,21.812081268018296,41.046456263408004,826.387631467685,157.08919841141866,546.3723057557114,4,326.3233782307342,272.6782539508564
106,84.04050856814538,8.285345906511926,22.72937037553868,60.62853693033216,702.8745293616049,172.68679954112676,383.2499176119286,8,297.693081710478,296.36500961185675
107,98.8618590121053,3.1987585307042625,21.117272483090627,73.378277453883,994.2514246453941,228.14553301425426,485.968377195284,6,321.71390803306036,226.35867895783542
108,81.74577812831839,6.276783851216766,26.069750157483945,41.392431982981805,1122.8148956273224,194.62775591028753,701.780644879303,5,230.54490100404288,218.8499342053488
109,82.57550390722764,4.3427630485020305,21.39894226661751,55.342078623746744,1166.0161777936494,196.1567296498169,511.1223334840858,6,344.15231612314955,237.20080377121747
110,79.25554084233833,6.206374862164687,22.695526276404543,42.732580951179806,1062.217669311886,265.67365806626185,467.26744249276044,4,327.1520272086278,274.9068595139833
111,60.812287847009586,3.911771995771615,25.438090432426193,60.4095417379779,855.4905488202146,165.17694551066558,549.173964075622,5,383.66037553196225,221.3702381796057
112,79.73486124550783,4.674414187855412,19.66788554546228,37.34741590914785,710.190226222006,293.2099762943675,576.339307958197,14,258.3631548207511,292.6459171061813
113,80.60230209941027,5.081838350791442,26.67636755349068,54.805867584277124,736.4696950897746,166.4346204314457,454.3831652519941,4,270.7511948520907,225.899370068468
114,104.63242112485287,2.9956250884370546,17.40861577076987,41.27011033110647,809.6526134118252,204.45990983062856,550.2574774371437,6,210.7908676400375,222.02182669651575
115,78.07639035218878,6.4816486908402515,26.888926393338394,47.930154109016314,866.6710452946488,185.93982022986165,467.1110503329191,2,258.82008274153645,367.3224678432357
116,83.01547342333612,3.9735728670568298,20.881973248144078,39.68974724852693,976.037725301262,206.17095667504805,571.9327601829439,5,371.71520762903276,188.27079403184382
117,79.65288230294756,4.542800169319963,21.271903756524154,58.223504708957535,847.8753672809547,222.22959975365646,516.9693157971284,5,314.75314318661776,289.0859019308707
118,68.31321962380468,3.0113012507829753,16.32996948645117,41.63019645560413,1050.8463840502393,221.69176200444383,548.1967827052893,4,263.6821542654929,159.67801648822393
119,91.4282281451502,-0.124667317590621,20.635615847866923,55.519642593318274,965.1589745800791,162.344133468971,424.08164538324957,3,306.65456803774964,282.9088849254557
120,87.51933032686775,4.617944474799662,18.880580406919346,46.55901971737667,1001.5818567611539,143.85426612762146,417.8713615927141,6,296.92247901638393,384.58973369072453
121,87.91031947043047,9.825230843225832,20.177060963879583,48.855276282011374,1171.0375829006807,325.1585895452855,594.5497304659394,5,204.5434448156622,302.85211305980295
122,70.9061254520526,6.569208575796048,21.58806710263336,51.477559074001285,822.9652398699445,175.80078301997236,492.06036186145064,7,213.5921541660736,316.9034494648274
123,94.02794310936099,4.961479240531211,24.873374843418716,42.38175328341151,1062.8056867438552,234.96062193359933,528.5034742099361,8,355.3387312630133,245.19588067706562
124,65.98148937207719,4.474218341583464,22.622810054201878,52.10367113540887,997.904015728589,119.61793447384017,469.36045729134804,6,336.83053821034423,297.11342193372553
125,85.8685709380027,5.044931785624093,22.92302996020334,65.3033456435441,949.9770578545457,186.01936400476615,589.8726774013644,5,225.77350367722113,262.4328961381041
126,101.90455625809979,6.09423823035042,18.713441833463314,42.219052141672854,1132.788448129894,193.64003080087787,439.21900199703424,8,293.6566609981057,351.29818012745346
127,70.09463674869312,2.6383743693823103,19.35773773119181,61.71810143273845,1131.8521231835512,223.64075349639162,486.4398760099117,9,264.2147583639249,194.66823437260763
128,74.33702270397228,7.228643389337744,27.396175055053938,64.98097633487784,858.0263806017358,63.877292950403046,578.5992812703132,3,354.4418882699231,309.3742156230383
129,80.99651365087641,25.773635178803026,19.79439689571026,41.83845010971956,972.6759124213114,208.30703065391654,617.2967699164266,5,322.3784589044513,271.3851367629288
130,74.965243458838,6.436371451415869,26.968624756171888,35.449453949094476,1042.1817523876098,142.51292723160537,447.62407089733165,2,244.76975229223132,204.35967643811674
131,64.49336568933867,5.876951477619454,21.2708164033574,53.01960900171765,959.0489877966123,216.2172855597462,695.9683981955883,6,306.0120417161984,236.27701298044744
132,80.68562974806028,5.03923331538798,22.006863808430513,44.52592477233127,1087.7531998431698,148.18354015809186,531.3241693693616,9,297.94446339179854,169.9524754439543
133,69.37696286273895,6.34572247193364,25.21109548068979,68.68603219163002,1042.1788026865413,157.22586520372093,395.70717381912624,5,298.08140328528356,86.75842599899048
134,84.73592430635182,6.1836282674827565,25.81567726581597,50.34807540499832,1274.884186053402,186.3186194803366,536.9052048589969,7,274.49403074795055,190.02229478462849
135,70.80575765766197,4.2919185781179525,21.667562319162737,41.97800591964821,770.4581296105318,147.38352651984025,461.7000785516542,7,301.24126770804327,230.59786910752032
136,95.4993440501754,3.852796454206198,20.835270839435385,38.528404889882886,981.6346015378904,176.22327766323227,543.4068487183176,3,257.461509582941,254.05937355827564
137,72.16746707663764,5.203712590523973,21.83223865443336,60.899049590908305,863.7246232731713,140.33121157283423,495.7143752339662,5,240.60960464577556,184.5108367160732
138,76.77938483794324,8.098040302990375,23.013872584696355,44.28816025915813,1090.6161183158565,108.34147741506362,507.42736901901446,5,237.67262579200445,234.16985058393786
139,88.1351721736967,2.5217858486921982,24.673911060609267,50.43828799460428,757.4242164931684,250.89785262146796,408.8406623413854,4,247.54476770616458,261.820649104839
140,67.69135683566044,2.06494946849512,22.012689576982456,59.55802745112481,1051.946906533733,135.1975653588036,599.006123071636,5,321.1141564751681,221.1797175498727
141,82.2745993460413,5.329521682473033,23.85665889406946,45.157416480691694,905.4927352977488,191.06595561960083,384.3872632848968,4,322.47359187975513,195.95712187219542
142,93.07142754282428,5.101775403712036,26.915079196812822,49.540711712598394,889.8757200818479,237.64455407468924,389.1235104595005,8,373.0262646737817,213.4326888395802
143,63.92516765438772,5.346683328740816,23.143928836794355,49.8343159017748,783.0252694688969,169.25279487419783,536.7360349147486,7,288.57654713388274,316.82913188503915
144,81.84633858532304,5.487906395817,22.934958568014334,56.83324511516092,930.2386080698491,158.74170501272312,660.2844247177969,6,335.0704597337649,163.66468457772692
145,82.59882794248423,4.55359549073039,17.443267524729798,55.907443355103254,1162.6750795436387,211.31190443337107,464.7406902935593,7,302.3531306592071,307.71762604274295
146,87.81822871777311,7.979726877204165,14.10780958951281,47.79886268745172,996.2216974705781,255.89669113635762,570.0972322703966,10,314.97991163798054,318.26763622983736
147,67.63049289121918,1.798192043046969,23.165127187690505,50.636490614965176,1094.1520626811712,141.53423674567657,607.3340176863545,4,340.41837150289615,232.18768108082207
148,66.79543386915724,3.343005950439508,21.715527306157384,46.282209884765116,1249.6962732949412,192.49260839912804,581.4684437294069,9,329.10235402887076,273.0071942883349
149,85.21941565616898,4.793490479701905,20.455651975255773,35.223875930805555,1039.5633377233864,113.37527025163364,468.87917108263184,9,305.42199948637364,210.95424264509688
150,82.96984673233186,1.7136223776916655,22.730590612559034,52.57600857398129,916.1800641906489,180.3399498158905,390.89532828059254,9,269.32120403045263,263.3856854913887
151,82.50492850345877,4.648291191135858,21.818788812409274,68.92191760833067,1070.0878322774186,201.71023422690376,279.2452434328645,3,313.78992045405164,361.3220668668843
152,83.46448209496975,8.322940331456037,25.383340751901695,41.16280859308937,918.3555780528562,157.26876791224672,473.71595005376065,3,368.21505847468933,313.5575308243402
153,73.1997527842151,5.041772976591924,22.258332604776935,42.26970290397297,924.3365975054246,177.15040830873843,617.8087368562175,8,308.7666198634234,224.82389063500253
154,82.32253697161003,5.461401811437367,19.7592301447895,41.29272228356258,772.0160800571523,129.58866158462752,387.5834015238066,6,280.2329543458475,184.0388952689492
155,82.93072473298682,2.4796704696548395,24.970498716877866,57.24591778723123,1138.9386236626588,203.8539305690747,570.0209847518765,9,341.07001514280546,235.3163428639894
156,72.85648581973632,3.767277183921045,21.348606775161393,54.4848545419644,942.0996136525841,252.7847124441575,404.9847469948128,2,230.74383046576975,263.6647096840015
157,98.65774511144757,4.249607239352126,23.57961005101692,48.414623075835436,1027.3147368723794,145.1428065114768,510.60725763868385,6,282.00232482990043,286.0805963109087
158,84.73832920911788,4.364569806487532,20.5677678814216,40.81980938361035,844.6057107090041,168.86641167238085,570.7791614155018,2,250.96125399241765,244.53923075933662
159,68.08696502797352,7.563287590007537,20.05051934350769,50.92376791639924,1065.392144457321,225.1273123227091,434.05045631615724,9,293.9256934733508,339.3018159549636
160,86.5655360863383,6.115382121450249,22.25250469055709,34.353778726641956,885.7088142797375,260.60453596613684,517.0484680696914,6,362.3240000638789,251.6298523318166
161,70.25318329772679,2.777084086125936,22.038485930631055,51.43426566857493,978.7436917447263,125.34050938955343,458.49086632746713,1,332.0439818628238,226.23144244599172
162,87.87084603742451,5.49300955686401,23.439481106100498,58.71524386087934,1131.6739046858688,191.56076312920254,570.5148658938176,3,206.602144283788,276.22708372908176
163,91.58595579007404,5.99644349699357,21.194062740070773,37.48800863366322,1118.6138968348794,214.15654111597624,523.5317168484637,4,269.06429026751374,285.0027451777077
164,71.7931768164829,7.2802980770425325,16.490920648688807,34.674817231703365,996.695489122459,194.8971804685576,505.65076744292674,4,225.04676346232606,211.85809674872527
165,89.63376129244321,8.161081373136748,39.04691808045703,65.7943789169486,734.7803450939923,76.16039665614565,655.8349960141977,6,352.9144589049431,203.06944612637173
166,84.12780926936499,2.9698116163442627,24.381455401431445,43.88240360495415,1448.921585509096,225.0545004654386,566.2306142368302,8,270.87664175803184,167.90223260226577
167,88.2206015999449,3.3782849775793236,21.10787176227068,61.35947845943822,1261.8788455409704,275.9668175545322,430.9648133873711,5,303.79464103874267,235.55272491921252
168,98.96792982653947,2.4848442821707675,21.260849792456355,48.460023348021686,1108.4012237332447,205.83308755847517,491.4136099202238,11,306.20212117902844,310.8379119180543
169,77.5461188399713,4.531960281786037,24.959129517717813,48.38045183058672,887.0194327613544,148.44469733528683,492.4101214920339,9,310.29275849238866,283.30584188175266
170,72.4626383564251,5.932716748892669,19.86408031822323,54.38412699496645,982.9611757447053,174.34363768178585,508.0319572625212,5,155.36302307777225,306.1933247845963
171,71.10485570374476,6.974669033178204,34.63576627238672,41.1600114325356,918.4869355335225,288.49565338277966,752.4509276607495,4,318.056371831974,217.28149240128124
172,71.84189715034562,4.848097952714954,21.51810664142352,51.32497143495645,1189.5783908644582,245.49812704302792,537.0851892710997,3,272.57684680452707,241.83074909748376
173,79.22898290585896,4.360304953490312,20.547478146253788,46.185105851759076,1039.375433627775,232.00133091921646,296.40974298952244,12,342.29005945101676,154.71313971540752
174,83.41151974816644,5.303515984497481,19.101261040740237,36.795065565949685,882.3754212460251,217.8206291767188,445.7201028283035,5,310.1380634538132,300.39341770957606
175,82.7669079933002,3.329714196739954,21.47386463230393,53.37482074726399,929.3867351312826,166.94314439045138,306.7627912504191,12,331.584917337737,317.13707781367964
176,88.27183249036024,9.179077443389547,23.47451694174035,47.36692193122084,1168.1782213854858,189.97144096721158,467.02017429541604,4,263.5917549930851,196.67142221002445
177,80.13001891877907,1.7846779457638826,21.972134315296554,48.429751715552925,1240.0146770230717,196.10386321607422,301.26897702735715,5,243.5540693676622,331.2874712464153
178,94.53534077157317,5.369481157791449,22.920943218058714,37.89839056585842,1229.2497345229367,227.4787158032222,412.8409528931572,3,344.5174673657114,238.27553843983452
179,77.35343166762044,9.04721243845928,27.44022309554627,65.91400367762805,1113.5548097580966,275.44594471334517,347.927847036588,3,328.17022524520286,195.83619262054145
180,107.20169166589619,5.013599689119996,20.971363415327307,58.76714186386116,962.1062696796045,255.9169068396564,538.4160177967477,5,311.1107204007322,234.20295745770923
181,86.25667347765007,4.619921929997011,22.83504590393401,59.641558841719785,513.7729262006319,129.03078221019797,500.0539362628879,3,311.03884500704896,281.4211575122023
182,71.42842443583717,4.285109154379145,37.67866802671757,46.94555297558318,1044.5740035712333,211.19974844505242,530.2962307498731,8,321.0313803027024,247.30715794077415
183,69.29107501938887,4.639216636475185,19.46092084033908,32.7081711049658,999.7256861733849,236.83816725839483,489.5448611431474,6,235.38704540159597,221.0982162512709
184,84.82472415243186,7.745696949353061,20.24527703974669,69.52917382489511,1020.997314448203,230.94301650723176,360.57022497955825,4,353.77839689999973,279.6162364102608
185,77.7653721467415,0.5762761773409864,20.563724285434933,49.38902491994132,1008.0846020549809,168.53831183062903,551.3521369254736,2,292.29721305941945,284.22368545848775
186,87.14000494092092,8.066867402592651,23.078427392641377,42.51200203979946,801.0606757076264,345.7054607884181,692.2224560269453,8,293.72311600544384,241.30395937007418
187,84.73237624573545,2.15208569509971,29.047227360102273,54.16801574483114,1083.6112835276779,136.14577188344407,540.9212578606547,7,279.09421627002394,232.1620880407869
188,79.27171087343127,4.46669534153117,19.851869691172478,61.67120788003297,1094.8324471047777,145.8405776666975,457.4075400682434,3,176.52230859145976,222.71924544254225
189,71.53206281931595,4.141511159402676,20.75012408315361,49.76949443914534,1102.350817308949,211.6797540630788,357.1932823894555,3,328.75985328257696,273.9284282913107
190,64.85152775314135,6.177106539541439,21.810630960666256,62.78575167939374,1141.986550536008,305.8401527481927,409.19330292400343,8,250.08058276873675,169.7884152524034
191,75.53485047932979,1.8037512962325049,23.187396546129243,60.82999938516868,1090.6077467382436,158.19025746479144,545.3039656572059,5,305.4029125397395,211.86821968117442
192,88.56398794323472,5.9243453321638855,22.790652435864356,39.23618812597942,938.4955882691634,186.7085817176504,607.3118026799375,6,258.98941400194997,241.89797704688507
193,82.14093744130204,9.048619246573704,25.852287381844352,43.262098943405235,989.3744728125864,253.86468365078463,526.0866174721976,9,282.8237112058811,210.58851314883577
194,67.54261221288012,2.273651990814379,14.720823788394375,59.575371632797676,1013.6687300880066,199.10689225561333,579.9887289705983,4,280.0423472234475,262.69880794280806
195,81.73180925851182,5.379412335220791,14.839210389412981,22.87387436189562,1016.1549173659928,183.2698072734852,570.7678244027243,5,257.83290853013335,258.1687067405744
196,83.85317379728836,3.676035644406782,20.512365483969553,48.50544306835011,1149.7326483957595,228.281645094336,550.6534391385918,6,288.70520831188884,374.0332778931138
197,71.16142563798867,5.851774412386072,25.291900562631128,35.69168798375328,1096.5503129533736,213.62589951147964,434.1526404738744,7,275.95449978502944,211.93703794337534
198,81.53725105945527,5.038295554831504,17.30305590518321,45.23446198566475,1311.601515935493,251.52193928183956,517.3923511975153,3,247.9767580561459,249.44280361971244
199,80.58208718446,3.717026181911381,12.977102980918728,47.01179910970796,1330.970346982701,264.57344445326817,415.16221961178616,4,358.64353719277983,202.15317276514628
200,68.57029702169376,5.975744569742148,23.713538218657625,46.41755622092492,1011.9474373920888,215.35015300026808,501.7428952958102,4,259.92797979254726,346.99012449340495
201,83.57787360348283,8.608696219573487,22.730971671108144,44.477387478873915,424.5016677310946,214.58663626891544,533.0863531066911,1,328.1037003122492,335.06100727716563
202,85.60784526368235,4.618192416545402,18.72937477960171,39.02856350371186,1185.52486991909,210.70554911430668,667.8783807386855,5,333.41193041197306,171.60400927384103
203,90.83051243175277,6.439515884296364,19.04338119783721,72.91911266818687,918.9435491519419,224.4565278324644,369.0268025632368,4,346.19661220089506,241.7764410390184
204,90.53802052034902,2.4134540842576726,19.090768841095976,68.67462004161351,879.777411725349,202.7585318935732,548.1507630991306,1,272.7257732073245,251.8016436547601
205,66.22330632042909,3.0871272463639823,22.33160595242182,38.37934179743717,940.2332087515949,199.96957588388554,648.1236591623594,3,290.06302222821046,232.9906398137003
206,70.62174960084877,5.9448125557607545,20.12105417145098,65.82116751303568,933.003542977809,259.83135604136214,575.8847765838797,7,291.60791817435575,225.80603996463185
207,85.1503526720866,7.96823205707193,23.48219175692656,46.00534509527147,1091.840471515809,275.80580901775215,583.2945442825041,0,326.3607242007557,288.54511944812725
208,85.1378595091221,5.71122669757132,13.436120011286826,51.2918747333171,766.0846331310662,124.62235276832897,558.7694901867812,9,287.8813335937964,339.39349522757476
209,85.15047686306048,4.373883938953691,19.429444404616603,49.36726040103084,838.3418881312598,200.50105758702844,629.8334489775417,5,322.9239930238842,290.3527567399526
210,118.52731490654722,4.998582810846708,18.621838117266847,43.40251358746034,1051.4737831296125,165.56527832773827,391.2521831887632,4,287.21040113864126,293.2074332948108
211,85.70890510693167,2.499184532060565,21.230977964882523,59.838523436061465,1093.4416045619962,184.45142667569638,361.4073334029754,0,355.8598082170898,232.25834258222085
212,91.35565640180599,6.209030652710734,20.385856724529585,51.25886530576658,1096.2312467404017,220.12581048676606,499.3665859534744,6,299.4128423989218,300.86692709857385
213,89.54001763493203,6.764666124646818,24.3935313396873,45.234485767807584,881.9445581600052,233.47191857712343,283.883789642829,6,293.3952511521876,300.7023895472518
214,86.51391251305797,4.095819334333839,16.421989685019827,36.95410556199528,853.260152610064,194.39367781943275,623.0645804178012,2,316.9753884186397,226.2680765328297
215,76.84730755359655,4.059915704480997,22.136474428992255,41.064049862808794,924.0047749318121,104.33298326385986,622.0715195495442,3,381.7750148611749,238.34555789910024
216,87.58969220493267,5.531756459304097,23.675009269635115,33.586198843979034,1035.9809128427087,151.74772097119103,456.6649444915474,5,269.74073612347655,171.23886983966713
217,72.27174785462428,4.126560527918809,27.569942309685864,50.122235484151695,1222.8216053908825,244.82498351000828,462.92294033394904,7,351.97124976293406,182.37094022284984
218,77.63181393259991,4.867734770748355,20.554702086719573,38.033344077156045,692.8844221343875,62.978678898253435,492.7652524849329,5,259.1206894168509,228.3133516344332
219,75.14636452170896,9.199443578333032,22.97337581305755,47.34439487481459,966.890686456245,259.3713575841,505.20206504396197,5,302.1914573842654,196.5112801564612
220,80.81874139386322,4.505948598508007,16.588411622312904,63.70101853610371,800.0982338462195,226.06149953222706,512.7173919194286,6,260.26121654157305,290.22062427511935
221,103.14658566673509,4.283319695957555,14.824131387060929,61.992995729215856,752.1635983969766,265.80880407650113,555.8232106878303,3,281.4343992673518,242.05148119378487
222,61.32734807408252,3.7049163887296817,24.5343231273451,49.677231058973824,1145.0434968017225,190.071540655952,482.7373646991522,5,266.07269690958503,276.6287750298692
223,86.86260190374513,6.4883839429998735,21.98331911905579,49.1291527385685,1081.693686174901,96.92972879885475,594.3193303477794,4,334.91087754018747,188.96100339121645
224,63.87284128810349,4.637551653563794,25.53553806939527,68.79874549421008,1067.4150273920893,221.5181320753249,544.5947777125303,3,275.1377930225374,314.93812411323256
225,75.28068134210567,3.701253923357148,17.87979133309075,55.20756120358711,1138.153875959649,263.73265620191705,439.3036554127365,7,326.51035070525404,274.4783684274147
226,90.88950596967366,7.642608064546025,23.55970641858626,46.721935401234774,928.0421654850796,246.23609027567105,633.5112667804098,4,273.65855136873967,270.2232181442162
227,80.64280019095463,7.839206009027274,27.606453521631558,35.73981882879548,935.1043725499708,166.86542582559824,364.1743013877513,7,299.72308228933224,297.34303865070103
228,69.22255222070694,3.7991528685225897,23.259116825071796,53.93873218164743,1327.8595925083862,204.33805377313234,490.7834189178524,6,372.8799239235623,265.93850155740637
229,72.84696290740033,1.2669200972787675,22.829744516773147,58.293237725828625,963.0143418610638,173.3581865610038,596.6917401075468,4,262.72543653402425,199.32963703631538
230,86.79597748934675,7.015027379673844,22.02566824247305,43.683484754863564,1110.2698169581138,159.0366767905314,427.6926895087855,4,263.6735865803143,281.3446409742149
231,72.69633368282864,3.630740348479992,17.287355628622265,52.912027551380326,1000.9572311444972,247.76942855899256,530.9555646767152,3,287.68957615822563,210.62926085505725
232,82.16458589581976,6.581251198325537,26.066718807131046,46.36426705084971,722.7612204882378,140.1233844367419,554.3339596999048,5,299.1209275680883,260.5444949973575
233,80.45571839903813,1.059792364576329,20.1674270805848,48.159676008009974,693.3056494298098,155.30917847091936,413.9476132018761,4,331.0402090009789,211.35871235639402
234,73.48399652394183,6.785194676598619,23.51344976914905,25.121779424376687,913.1523670090143,144.79871832638074,492.7522280405965,10,302.14924465461775,333.1108213767221
235,101.43944089325325,2.5776561414384376,17.31089708028624,47.782185962838646,1158.4151877504983,125.48762383504767,484.349616979079,8,312.2598545090919,283.4827476619777
236,86.33919022318011,6.461528238133049,18.46162100647666,59.693693024080545,1118.2437484954005,207.32071459213017,444.82621481677074,2,242.2836250318864,300.37212606196726
237,59.74857413342393,5.028546135672868,26.305262197666707,43.68597444433442,1137.111574633605,258.0751524240988,730.1674852050775,3,315.0784264293182,212.03818528192195
238,81.86454314769428,3.0921211612067103,20.95809313312647,50.52526368215316,851.9430731595527,190.75616218773672,423.68936465545244,7,316.41504411900456,264.9454338645356
239,73.38213535231613,4.185927374146439,26.359826428127633,42.4404929330808,1242.380873518347,124.71260997179168,600.4930294067883,4,333.5800107611717,259.5101050162395
240,88.52433334796224,6.372636913913402,33.147120834507454,53.60441676292773,855.2660049720423,241.99722698710139,460.7198983118858,6,283.58240390470365,255.51608235738775
241,72.07479261567299,5.211788906230469,16.47430668112643,47.834768024638265,1031.9236598004952,284.2850877017486,391.33638111147184,4,299.6632927118814,153.12873110650878
242,78.85263558533102,6.168825960944968,24.67620279919516,40.60758459317993,998.4471565138394,167.68788379267028,510.2814243155069,5,335.31783811976436,348.21410611854833
243,85.04987278980457,8.95288116903097,20.230323046733176,63.32551467665128,973.9189269528121,176.07228666411407,564.9093384387501,5,247.0679014607267,248.0767804748345
244,88.65755194170121,1.8715167765778973,24.09606644055113,59.28932013532215,1200.7888207443411,225.7830315041697,592.0509575065679,9,210.25100491383387,275.09047624771495
245,67.99703592944223,8.234425149937248,22.075632602620246,43.950932360718255,894.2334219751059,281.0936873892526,656.2265110655069,4,244.5525523647836,184.26278214607203
246,76.65498764159051,5.208711875046426,17.37064531617139,54.97788309417778,797.5592116432108,174.00829271373868,794.5246289935101,1,268.03400851037344,323.187590152134
247,75.25054688839043,3.2024319033537436,22.492884296111708,55.374120028203805,1002.9993229309629,133.37751095008974,525.0514203755597,4,353.62030432484136,318.9697060622568
248,73.46670767426288,2.3393727485220204,28.588669426458395,56.42301235011176,940.025989857021,231.57093031362032,433.6907826174612,6,401.4626030579341,292.7188670735582
249,97.65454240281096,4.621759218445933,23.47895937554338,33.05744104004923,1506.6074378623969,239.95340365711496,545.2874326794891,3,254.52785266555603,263.6424171356417
250,84.04981710960955,6.843300223848919,21.82744674098361,60.06606541032628,1101.4761214659961,200.30657252176135,473.37870495935084,4,295.79038044808095,366.7760446878297
251,67.39116045664954,4.744901759244931,25.226030205870693,44.30301037074268,938.5989137172063,172.09333701712745,592.5966129852229,10,273.6571096163706,299.1549244905486
252,89.17861947054776,8.022309860494694,22.632005395609333,46.42172066558733,841.583264621937,249.71893654960232,370.2835703634278,9,324.0597549568766,181.69388949930772
253,101.22156197012633,2.0976486198968822,22.628602690788384,76.37881752260199,717.9567384146824,226.4018002273982,736.8334542400437,6,313.99478344909346,261.22433794701317
254,90.32465260551147,4.975822104307891,18.72512448352269,53.01873380721012,846.217137139385,161.57822415482536,585.6048094775513,7,256.17080057826445,279.1875071831505
255,64.80630034045987,2.495213111173762,22.701544077368794,46.13677524552824,1017.2412657638697,202.45473656528358,331.59959822038354,0,268.9428060505299,255.25253911328926
256,75.15765927133748,5.727263765249936,25.106330249250835,27.94705627244094,1214.0992977392154,132.41462339876767,429.0971097685028,6,292.84897242528245,278.65524580904054
257,92.66911149186623,6.773774780194601,19.491813543699926,63.897641339463554,1168.253371358188,234.294522821896,581.6081044113939,2,361.5126490899603,322.06166927062714
258,72.92330534381219,4.158476412637894,26.273487463740842,36.547903291913975,1034.364224746957,186.8883215308572,617.6344056171455,3,267.3104658814673,240.56727152459231
259,84.43819428146229,-0.20842771325426845,21.72488192756462,39.96561096500496,951.5248501446273,178.21445838076315,372.77623727680367,13,222.4320389551711,231.00485438372215
260,87.74634053429337,5.397896293592989,19.336691465384376,46.68647700912151,1040.3218534618231,198.3562757423783,571.3025850432949,5,365.15113150521205,195.72434886626337
261,70.73069528421917,5.873477103467019,24.992896230760735,64.16411791700293,922.2043003773136,202.01538496651239,305.26601273380766,2,324.8646591066609,156.70318873720092
262,79.404746439382,5.8085895099233955,21.139617292785193,57.732399866657595,1257.7545993645813,244.746503078278,491.0664134528954,6,241.85566449386337,234.38781011019444
263,47.58732659930927,7.471564383644308,24.278544662458323,48.4216249015974,971.621472808738,229.55452656626107,611.2046842103207,6,315.3171419685216,216.1356651623454
264,69.7561235866571,2.8578926407019023,21.124724103224388,53.08292063638821,987.0493212629909,192.17953606035985,444.8484269897019,4,340.58336814800003,239.66845055987434
265,77.4743184860684,6.360432210900899,21.82052156941029,43.99614307128894,667.6266362468998,238.18340748594977,349.3077700861986,8,304.68727601676204,220.73874088293198
266,67.5221681803515,7.385015024955949,23.480680613002875,51.39653689565351,970.6847730215854,220.03686268458065,514.6214796377559,10,368.1288430211032,196.27839357062493
267,96.32411303931636,1.4428248319869663,22.87269117277002,50.73336744778137,1125.4726206947412,178.67001818569815,439.5281133364522,9,327.7664073601953,222.4756368004082
268,65.69858622039368,5.639303651837954,16.013404658644784,59.687698956813534,839.8416134442182,193.76409208817572,562.9558366065836,4,315.27477430364064,275.650796539231
269,75.59955513303017,3.991640337984657,18.636268779716826,59.67178122438949,887.3919498260781,192.58885555784397,411.46735677819396,3,310.1942035879827,223.2374635694392
270,81.30740577286092,4.836954653796708,24.788229954372447,54.93977382205645,1118.9066526600498,225.26306715871007,422.73631103468995,6,306.79471820934356,240.56657328098504
271,94.41273289066116,5.695352967076673,21.603590233295357,46.37652442453898,778.501416472292,181.6488692639179,297.89976791237564,7,343.90340044895606,354.7325726553076
272,65.6413784882056,4.025542871772895,20.428806091685736,57.41822294390126,1158.6701511312876,180.47954067891834,516.9944711051482,5,292.52089526680743,303.7585366141992
273,91.63163752154959,3.6485838416767766,17.924277954227577,49.08031533796954,920.1784164740347,298.43786547169793,483.9095061723401,4,347.4766633944989,261.3927980256013
274,80.10233061019586,5.0683048349760496,18.760791036172456,39.18085631286867,941.7147669263196,246.9867740873552,381.1615329259929,6,315.59688127703146,263.04934651601593
275,70.18491348952048,2.8255081222743947,15.934604080114157,45.96712208089061,831.4182392311609,161.96996677874304,519.3798713767092,5,305.27811983690447,214.48446259368532
276,84.6210347426327,2.828349742229629,21.696157843895403,50.84526983784325,1056.7069390641825,228.5470496971099,602.7070300644139,5,284.59810461794916,229.004283884238
277,81.9905969557347,6.358746565913007,20.20468725825686,59.10215783664745,1368.980797754407,205.91750328275887,478.443205658105,1,285.0656100791874,236.1356207623174
278,73.99783122841205,2.702411929682688,19.100236327044055,48.16471827842847,1117.2245859190948,219.5775587630047,526.8166949821974,6,315.95097590325884,255.25036074460678
279,80.69802084990019,6.332625001818424,21.79562972449614,37.90801288760394,870.3572107089196,206.86706622825523,527.3311249585164,4,350.65517136147827,247.79419961641042
280,76.14686403138239,5.925182585707902,23.091911892558215,50.56741683296819,1170.3430878237214,259.4821322742618,379.56701728210396,4,325.21995982877274,193.57773720475652
281,81.13517345251248,1.5483865424188066,28.279593796629833,51.134560400565526,952.4980681098626,217.28101723257228,705.6585820707596,2,264.2763996807026,279.8021078561395
282,86.62130674521046,3.64487069532869,17.464349741310357,51.85837628902753,1206.1727472141338,196.89556508928564,452.9150169877716,5,220.0536317028945,221.32534218635703
283,95.86016816145352,7.388218806094745,25.478143129901568,59.1987151595443,1121.0014603246545,252.10952884915088,565.611620186027,4,336.9879091988719,346.1172918833322
284,67.62184501173151,3.0376689377206367,24.919304683045215,60.18923240089899,558.52876517924,211.66425205439361,576.921527722905,9,434.14841377318226,312.48151570850723
285,101.33033374656267,4.071191475381225,19.662721781869898,44.057891276183334,849.3880550567459,206.07392896645288,486.0404872884248,4,286.206939879689,166.9223695779022
286,60.47912200477498,5.924121786503793,22.609707863758093,43.838565419510566,1141.6577834253085,215.70113012430573,560.6795025059635,0,276.8193331098198,237.339507589672
287,78.48214904964416,6.566781018565191,20.627100251987155,39.59801289044527,1022.7485908217526,195.3195488316817,524.5819221816389,11,341.02631041936473,330.4141579298542
288,85.88317206484577,4.496922227911009,22.557065741256217,56.988156702804766,846.4366078438225,200.46134964977344,358.2360242772594,8,256.955845145821,283.13506356653176
289,82.80991867735032,3.8049796106167166,26.527393040213653,64.48820108337715,904.9615726759281,170.66527056190637,466.77272987499117,7,374.8099177413749,254.45366891398663
290,73.77300480179406,7.844739723397016,23.81681869789394,46.849180720910766,714.064506986593,162.44163901880606,438.7449097645938,6,320.6155097016767,133.73837380261
291,77.91877749642725,8.477799327595157,23.525825119700325,47.58569435275007,986.7440068710406,150.07148067587804,453.82549586538727,3,298.6694049019433,239.12163750996382
292,75.06999065341168,6.957716101563591,20.70907204013607,64.66782556898976,1331.6034589023648,130.40083566014619,369.5996822163362,5,261.29423852407217,260.51811423744573
293,74.10635243055789,5.1706362851300485,17.547830005226995,55.05557853215008,1120.740008609849,156.01413193077218,612.643371674603,6,344.1034498661591,147.20138056536234
294,88.49602097021025,3.3834685567181473,21.374595368378777,54.36235704801055,1328.5625501782636,191.28664827665372,660.1992654613413,3,277.7901348428615,280.6688403016442
295,83.57015485965047,3.3391111868868695,25.619824464591744,38.09083494026273,1132.359563468497,205.15587912228185,597.8002975998409,5,335.4607341943406,214.90777363142223
296,73.07090404739346,6.045028210531515,17.41849643023106,56.78728069279419,1154.1219015029037,186.435171842618,627.0529224147143,8,319.95446724661434,265.0648539153282
297,88.9959987543325,5.836796441777367,18.834731895469915,40.708636594902416,1296.1118031617536,82.2148254936321,465.53651629918437,6,364.5712059628875,256.59130877405573
298,83.07299520876609,7.803197185892859,22.378803208702205,38.65979814065042,1056.5894889013339,278.7293178881171,436.3743165013964,7,307.9488840519707,237.22861735090672
299,88.1286211883896,6.300900185072278,19.04603564545821,46.53228423233288,971.915901773968,254.3240061445191,422.14129531882884,4,455.817401650901,289.57844341389216
300,86.29628841923612,1.993839396480364,19.62242965865436,44.1420727655131,1154.8986274933018,222.28799256085642,564.4064922957223,3,327.74857645500686,264.064367212026
301,71.71004989077927,7.103895235445837,20.729204254815468,47.78400305614961,1218.0760355682828,295.3745336276634,522.706305314415,8,307.3135005180918,385.79487265227175
302,74.3981895980303,3.003878745371174,17.903147787429553,35.59018365475082,928.0053035931687,151.13179412581445,492.27782884015744,1,280.547746497152,338.89569652280596
303,87.47293605123262,4.232057456095297,19.077634461350897,59.58816306467672,891.7646376489956,294.3812560313002,629.5148544195342,5,343.83352676334886,199.37765010067756
304,43.429905105831814,5.500400412503389,24.110283750361926,61.27686294516429,1020.828404864632,151.7392961624726,540.4941353815343,6,281.66959526235496,309.34080117110256
305,79.79098406035853,8.99133497956793,18.077890653307108,30.52657525859186,1124.7248300397493,211.93689626456782,416.13423624794154,5,261.2898194445563,213.16838989001457
306,81.17327383308782,11.219837112010723,17.206383596515487,59.7845780566655,1119.7136572992342,136.30813374328977,431.9091170864305,5,276.56576441728595,191.28440817523375
307,92.77664895788425,6.2134461182723655,20.109925061398318,41.894713701783736,786.3748599718601,200.73470477721833,568.1993299254145,5,290.39230322465744,176.1938697543655
308,74.0842861116417,4.633606762559224,24.195866507529537,58.56975536982786,1286.7409100594982,219.30832489991943,604.1732852654598,5,412.4892011390721,232.09220370137945
309,85.47097381170038,6.069011296961101,21.409234576009332,49.315535073335845,903.8252605904725,192.26548344327227,555.1680232255969,6,314.6236521111545,300.2935984370811
310,77.97807347566106,6.775310851747673,20.606256765653146,50.28775564080998,960.2402504667131,235.69387220450687,689.6888747872081,5,266.9497302052197,257.91800761170873
311,77.82318796772779,4.358664748885617,22.133076392546823,48.14902350578781,864.601846001827,204.95072247436286,663.5007165731419,5,354.43968165652694,275.42294180741936
312,90.9877685198719,8.590422711824644,16.762877701421043,62.12129204233486,1404.7493253905632,173.87926358112455,544.1035834850763,8,309.42546422168226,88.64640078666238
313,88.2541634898803,5.460141518382804,23.484116961325096,37.60411987474971,1036.310600543195,171.65933410988305,416.1419340518498,3,364.7381715706131,238.54915862808897
314,88.13509636000639,5.995486178182788,23.150305094210932,56.078403387350086,872.3537378977653,240.5456886307848,369.00124882682326,5,395.58789006549483,197.3756272441525
315,93.05478807154329,6.3318485041089225,20.772074577712836,61.013301648895506,1129.588532494367,167.31289850965163,461.26182549852854,3,225.41196187260869,171.00095380028102
316,80.21003841632759,5.843173221228911,25.01777353538925,57.16340080540411,1115.370366896505,245.77014852424685,575.3213446416157,3,181.24523637749036,189.80707893035978
317,86.81952971294965,6.677881000939225,18.617511703140885,73.24698914323417,971.8409464630174,261.13558964159654,682.6647079311938,7,399.5734469941235,253.54625153514098
318,76.89733243406543,3.765493626906154,25.38372697976071,44.71053237275301,1126.0910069175075,116.5643068826935,541.74470344108,4,265.6338787371272,282.8880454272333
319,83.24166352488442,3.8833964921079387,22.463480996785755,59.57304822593531,876.2062058753703,256.64631936505174,616.8722794231237,4,215.07450405020091,204.48011581904018
320,78.69856945632316,2.79969153405661,20.99034223036548,48.939093646585796,926.0622587576122,303.021134922235,475.46925138121975,2,273.75685309354935,279.4543037487299
321,80.96995964992718,5.879002461240453,21.940379093895064,62.33406076352669,698.4675018150906,212.60018806009643,562.276912522755,6,251.61945699100346,290.82061988285574
322,85.95157025436913,6.557873007024228,21.678205702567176,49.923110042786305,801.4073373670656,229.9542092647411,582.3356829477173,3,261.37413399176205,266.48091171990706
323,71.81779316766527,5.915545732303771,25.66084868925315,46.1212421813753,1271.144620850603,251.85026621845793,302.0405724147472,7,342.7871721778411,207.0870938768386
324,100.9238727568546,8.348984866695075,18.76996261758696,63.06072203871629,1246.2142941583472,186.22588424104887,458.65611976234896,7,282.03014820531024,225.13295461987815
325,69.93982618500299,4.988807962341907,19.712442282560204,45.0843806098107,1009.8682972973444,209.11401117689348,594.970038427787,8,219.10635771227533,266.38875849528637
326,67.85811387212269,6.337483311185025,25.10890867621744,35.872742410994434,1249.4397170784757,134.29002351884452,527.4468335636565,6,301.6270050643623,214.21564792857282
327,91.58110873500068,2.8165982477213714,20.213395194448424,44.83153116826171,975.9888270087542,206.93175142652254,380.3484951849067,7,257.4424153268202,282.332082836654
328,87.91662693962935,4.225800595051198,24.701599231994773,56.19032946588533,963.4884546148138,224.90559978222709,256.9877624272644,4,287.53261497532645,194.6002622654809
329,86.24119817052156,6.391075515131555,27.09830794902613,63.920387515870914,1008.4765972698334,225.80815114632347,463.42192546979936,7,290.3947721725052,269.0475444606037
330,86.2834550926428,6.698204221486288,20.7946149191751,51.11129375296512,981.2617607014652,253.27123617987903,492.8414307106121,2,342.27411420726116,295.3469659849895
331,79.87753227153085,4.412066104671635,24.044086979725915,63.181970672340256,967.7205514659729,161.25989109322353,411.6077050171655,5,274.73060416814866,259.57320511140347
332,71.02745628514168,4.856801496283866,18.538923155980424,36.41825078522406,1171.5097160724329,173.36966216632518,514.3084937027994,3,334.8891695022787,200.4757100376172
333,80.75804558193727,1.9642525066383811,24.26419989420343,45.56736535182097,1022.5203480934305,294.77536729956773,550.6386747232895,7,220.24421388162375,168.47829368362818
334,73.22838288487888,4.285941598386781,22.5982719579603,47.11424882845899,1106.8722646650706,192.4835813118145,567.0687170726233,5,344.9382334369832,194.63625725177025
335,89.7511973341775,6.780766327039572,23.419114846480646,48.8544057252748,1154.7070787915995,210.00168936561641,264.4081075067678,7,364.9465162866069,274.36954266975664
336,78.52942618497862,6.1504100322131325,20.063283783893816,50.84094388250197,1058.22786934821,196.64949791373894,368.571490219188,9,288.4882437533746,239.7019718755417
337,71.74502803207488,6.001331442762419,17.016749753298484,56.909109573921924,854.4593011137642,158.9159586847489,469.53773516452645,6,259.0704883375492,219.9738633009761
338,76.78614158347007,5.09954737436192,23.509756194248514,45.5519316182951,797.0701166553941,281.1764605445903,557.2173131037464,5,246.11995562676412,269.8867621832835
339,84.12931454275625,5.014126317256353,15.809790542561636,51.39028686953126,1022.3170952210958,173.6149294039697,548.9234013550035,7,298.72564814721943,150.70192841549476
340,74.36275447196026,3.6793577210531057,21.047948523272396,49.54877109675948,974.3115542762598,143.6357238146535,547.1869947876676,1,360.80359595601897,236.89267301397095
341,71.77779604433569,6.3976568404050695,24.82354559925991,40.7411009610885,1013.1087143380182,177.46298613486243,461.6582058031068,3,278.711091884276,194.6636370913455
342,82.43687211491913,5.841945888778779,22.575693207619107,48.863333109185646,997.5918941127121,99.91469991372333,467.2366562690039,3,355.57211231903295,182.4733501678868
343,82.44966571108722,5.984037695985599,27.84502793436944,48.563404701028816,1387.536049024985,167.43562675084092,427.16707315782594,11,242.4308132446558,224.27097700797208
344,74.9305682462887,3.9479303146648395,25.07532745774532,48.34919434996954,800.4660616537993,151.59357010738367,576.8194128105848,4,282.4228541775794,373.60857256812665
345,75.28961694381677,0.6933141602575112,20.038304835023272,50.31759456581451,701.5080595268313,230.8714315463662,407.9511212260422,2,297.82019827745927,281.60723542187895
346,82.32049937357637,7.194305423507391,22.081940139554316,50.75673540613386,1049.8565250279414,166.32928802200638,585.003639518957,5,310.81974371239744,193.47007183897915
347,65.51915658502676,4.042325087983191,35.79707239097893,45.6770482089267,943.5366168117707,244.39019677894242,520.7853238137646,7,283.3619916645497,310.5459023657502
348,65.92536225623445,3.2744484719137588,17.253469709961617,62.727147339712644,1047.4101804594927,269.9241996534661,495.49555215448464,2,362.3321653143175,184.66653845117696
349,72.81555778747564,6.386957823827988,19.17880325054694,38.305193707969835,1087.5824533426003,239.05876681437996,434.32896002235333,5,363.1171898370115,325.86519891278596
350,77.86552848288153,4.215974720161741,20.317717279060417,42.79029891530104,1192.6157042768345,189.23058555699618,364.44581388358733,2,291.25897783012914,205.92363456239104
351,83.10907565598005,7.119872768093243,15.89133849143219,77.79963624223555,773.9161269424093,207.05572483527965,435.23472436219544,1,273.9751645568262,255.4768157482675
352,94.75356216949552,6.234011899153395,22.142480404754927,39.6200864501077,916.4923153214255,123.75075299279702,466.99931313751136,6,269.9792457741505,354.281429436779
353,88.5765962320202,6.367138646400955,21.25278446604088,36.462453252902414,1064.3141888321145,193.31103137393802,263.0975688418748,4,351.7195811149781,232.48141971846158
354,78.40061470036574,2.2680885775989315,16.981318296065275,57.34476745001218,1115.5695393530839,156.97807659665835,480.2644844665336,7,266.74921934453556,341.8871807650196
355,79.80983792097311,7.423887970772801,23.212638595831997,29.22880146226126,1329.0174325432579,234.71631905746494,592.4357368026006,7,226.9304968032123,246.39320619118766
356,34.3830274488797,5.522501062467712,24.14761823407288,47.64726090027561,1143.35559566708,328.6376194622237,556.7217905433872,6,234.3920858098231,245.6447397320735
357,79.8148686400761,4.261445721507593,22.681103436594668,71.45824925076488,991.4817106170584,224.99108179869046,450.37941242584924,6,333.34878734526785,205.69616590211587
358,77.11341361079862,5.286776934684502,21.02779547437309,34.550640778466,866.4346370586007,100.44299255226667,504.69362984152275,6,231.7320376321818,320.6207265609166
359,83.22718560338089,1.44752953420336,23.774326455255565,30.180355142612868,915.3565220921471,181.93849035428136,444.3835430578,7,280.0539405427823,225.21965463334686
360,71.72769056447677,5.817305622961341,24.040661081430073,35.00818798042302,911.094576556434,206.12454626872272,514.8760733335696,4,305.10793154748745,345.25785300880403
361,85.19346514241172,2.941256983635857,22.922210709159064,58.98359568346986,1098.2850442770641,204.36787126301317,654.0107823744031,9,215.89474526635973,218.61121494331897
362,95.32738913002578,2.294659428312931,19.526163248695717,61.247767199858124,1038.5496168378745,163.45934371956236,596.8498802624877,4,309.11363046121056,227.2349794985
363,78.91239851543142,1.9552816275642178,22.829802296533543,44.87411203021491,801.4525643736731,212.26458713184675,552.0794305692752,6,283.7715667702265,300.1977341695474
364,84.01711722098942,7.2253767499798505,25.586441952476438,56.83212404001069,934.6147796364351,137.87495815403065,450.7115087616282,7,204.6347293975435,244.57613407861936
365,86.90143991711112,3.7414732126144226,20.21011282416481,63.9025532751199,1131.6321330177132,152.75456386574666,574.9938392944839,4,309.7612825081991,264.4213217598658
366,75.98779528114164,8.067455419833,28.293818017397292,67.87346414429825,1052.749353246109,232.28988208018558,331.3123048626947,6,319.790050260875,184.549930563144
367,82.24092481810416,3.9283970738954044,20.423107198043848,47.53664718820152,1085.2966924019156,149.2168384560087,474.76465180091094,2,309.23383646168566,255.51018246731513
368,80.12592400781794,1.5852840848141065,22.097221040020408,26.985282823300132,1057.4382565085893,226.91058027461287,558.371141982395,6,325.21557457382227,268.55336658347716
369,80.97676098548831,2.7669511201026817,19.982543211980992,41.79121077590313,1243.9646101913288,131.5268112671971,574.0421214047751,4,312.905880798521,336.21477237167295
370,72.26990216144533,7.471623240013877,22.66981250776078,45.73195805064742,1035.4064595736554,288.2412941895868,566.9884490215741,3,336.5076057031108,226.07868000526497
371,80.24510174258943,4.688203644126665,16.773334922094175,47.41061203421609,942.0965803193953,161.28650387979727,529.4830689209695,3,252.70688969839836,266.87495066345144
372,84.9799829124545,3.903425407018798,20.361874603549836,48.1214059899128,862.6367438299659,188.8166714098278,480.4275020916117,5,230.15865955485395,310.5110515758578
373,94.51143607795042,5.320036451705575,18.723636398954298,61.188945979306695,1037.4414187314567,216.5306630545203,553.7975969826489,3,241.93391950062633,252.13122022111364
374,89.59270826085206,6.00356547233509,22.406015043676874,62.744284266875816,633.8943977837374,171.73250237494528,404.71389594136997,4,259.39208165604066,304.3085053655627
375,101.53182457511556,7.234797631804922,24.983342126526722,48.28326346075217,972.3566497250932,207.17029805356523,415.532273670675,3,401.09780767975747,374.9136689644547
376,72.3265243711195,7.896998459785852,23.938018561343654,60.98484876051819,969.1240210117984,228.7678362260063,506.1734676460297,6,259.83438108387423,251.47927133645362
377,88.72320636720679,4.280462708421829,14.885021917423323,53.57661366631089,795.3293719574078,248.03066162517428,517.3197642708748,9,273.9114537204589,316.18150842774645
378,81.83342005738352,2.3479046278359235,28.126208958783643,50.64505972862572,860.7601242016005,239.57487179864785,317.43848214353534,5,288.28448345515034,275.74210964367245
379,101.89802933217672,26.196612495331372,22.885839821862604,59.06544157109964,1121.4486295222362,191.4094768098663,545.5146380949518,6,282.16260043810615,292.87231940882754
380,71.91701714644849,5.520561013165772,19.670502578521,50.72252048237916,1034.6067623612444,192.6684112978199,577.2728377919393,4,390.76050280187695,285.2506285623319
381,71.60278157819224,3.0724821475787785,22.471383756972823,70.57811177097761,1015.2682500560991,317.4554279012516,492.27147625337045,3,213.71975588102674,303.3249657354804
382,74.00607354555977,3.0856981702099144,22.528569467508078,35.61588833205441,1045.9521300898034,247.4944534124646,737.4466283283992,9,409.2685866642473,300.0145535260149
383,58.76104275690193,5.687575763099771,19.999453849145308,44.84829100907982,1013.8941381923386,153.9088171839893,431.70648936848136,3,307.23471065965424,246.48654829116649
384,74.74244978319238,4.902695296859098,22.593750002026226,48.7348110304605,1186.4293844287472,204.99940818827758,463.891283661313,9,348.07428253545845,222.20114368918047
385,72.40867338446301,5.065593990823173,20.177583137139077,54.394526904579905,1018.5143772555473,183.24284306109038,460.49330938727906,4,301.01845274731454,271.26877906282544
386,81.50393786476208,3.4830093305998613,20.78691402192993,62.67960487103089,781.2680329271875,193.23328830384452,492.38123887089824,8,340.7634550750786,177.34526977190671
387,83.4175597577716,4.539198571588465,19.941162592734745,49.75601432763843,1244.5194947311616,138.5252421145956,467.12751870337087,3,252.7820204727301,280.9311087049215
388,98.76170839215887,3.151533711463391,17.70198613078104,35.77770350493793,1055.5510400993269,179.40383828070236,359.3189455395128,3,232.25136146432783,287.2939250773219
389,89.5042383818605,29.27678194278312,22.43750941064615,58.425138964550044,911.6119403807398,290.57778865969567,445.3451703763525,5,429.656050884808,241.0570948029531
390,74.23096344337597,7.070498669447505,23.755898309549014,57.54958766141964,811.9897422557472,228.95381504377514,490.2379304225924,8,395.6735779353162,252.20902468246817
391,71.01585328651642,1.3076242755238123,23.544650788229117,30.58141340620594,1059.3871331437067,75.44192959242699,622.8572082061997,3,247.31108226850088,295.5929572428363
392,84.91919171506505,3.14097827961518,24.459775757905703,49.96195866329201,982.4241992538437,260.83617462489735,720.2243273372914,4,335.82735763672315,287.35735624214846
393,66.79766792979358,2.006941489819842,22.973020630044605,34.09858169319702,1236.1220179048614,254.48147614545806,633.5473897850654,8,357.89384572378236,296.33945775094037
394,98.31458765854353,3.699952131186204,20.401823505349288,43.353489024979375,948.1139078999759,182.03573478467916,422.4620970327394,3,333.0094119928972,288.850148125864
395,91.79440120721287,4.833124060419278,24.518991593293567,40.971910730372,874.3928815476299,235.86317718916075,430.41903893738345,3,289.5836217103044,255.31517248367027
396,75.30824347895295,2.10070956060294,17.927447380474195,58.09264698241986,1134.3694327353892,157.03003945913997,484.0671422490649,2,401.2249659641209,249.25630852545152
397,62.868654709091224,3.1562803737493734,19.29798585246256,51.16830174172184,1138.7922839075247,176.48721418668214,678.4558888853586,7,334.38313118975077,271.1163900011509
398,93.53872374165412,2.992085255837003,19.107399785730266,37.144089992439724,1025.2977051415294,274.92731803349267,483.45759478181066,2,253.6048167120466,322.674653521286
399,78.85460154747382,5.414534658797888,25.24016817741793,58.800659629573424,1101.4535571512363,186.41349800651457,367.2492509462569,6,280.6556849430896,263.21371157409544
400,92.37816311973462,5.138688674072501,24.828365542420226,35.661941760715855,994.3469318886644,106.51341690225044,449.8822863046965,5,246.5011522688054,315.25792854993654
401,64.05572341205632,3.556524893325493,23.461915711134985,53.301137904709435,1035.0797651513872,196.83483886093316,575.7056001819417,6,294.63015742755897,148.36253225839187
402,74.00624977046228,5.353641744278796,25.215789595635393,41.85989330708444,1174.7486323845885,196.07058035428216,568.9940276896086,2,293.0127292766252,266.0805984249024
403,80.05243699718183,3.906639830825469,19.362151652764034,46.3432291746948,1093.7977501032256,259.91842846867297,479.9783333508344,10,337.7681307934236,254.13222699328347
404,80.46980593764742,4.456689779347894,23.04578535958294,55.04270748038384,974.6088342501063,200.716821108788,568.341467356003,3,337.0324079401217,166.70963020294056
405,75.49934528520757,8.346904180597074,21.62447671485051,55.21449399059529,1202.8543818889225,178.92088442798536,272.6827797453168,6,319.41696431095056,174.23980655131996
406,86.22849932347499,7.680922103580696,24.54064631165474,63.3696907355596,645.2716940812732,252.2528072615603,510.38292350326975,5,318.06994856329624,273.06603124435946
407,69.32379570617405,2.4008375261448047,21.654327302343408,49.17746300328547,1307.8109967132903,206.03951162505552,586.068542136863,7,352.16333777072475,255.35648926531258
408,78.57620514978707,6.6594648357583495,20.845171334769756,53.06450862963341,744.1061357663897,162.49886592171416,416.71367248454646,6,288.70811281431475,289.52332915822547
409,81.20295631711899,6.622793108983184,23.62272555568297,45.62262677595675,905.9360762841557,257.74987802708085,416.3661463503712,7,180.346911830975,120.15968978081506
410,85.14438834058748,2.7034734224947634,24.628507501573697,51.81989882622798,993.8623697207396,209.68308822583995,313.3551847236524,4,405.54839762243853,303.47068823658606
411,87.11614878088889,6.637555287509722,19.994964415459595,54.394860480085114,978.0278993907758,200.14629833397188,658.9895594810694,7,254.4630064205285,303.8397245982826
412,68.75357908162131,8.075863836825105,21.816772985942873,49.01690152545624,1150.961656003983,208.89541957058273,427.9846022978433,2,334.77333205693077,180.837025723846
413,64.65885829264377,2.7549103875111722,18.824678099075044,31.962495159075036,841.3245072084649,146.46658142917016,524.1043277862112,6,282.9689374677212,320.39977627224073
414,92.7767682189851,3.164994357971473,14.505816947521183,53.31470896330895,1039.1150226224595,173.61731119108313,560.3917041483375,7,369.901548251743,339.52044867585045
415,83.32314011979592,7.035322933687005,22.601378894241186,53.64561477355457,913.2681852670369,200.17913009163917,651.2067949141453,5,251.9154192487075,183.31768216989002
416,72.51513463443446,5.542990621651296,23.826716068763897,43.19826523652049,1044.2711469006124,190.266815248766,484.6102226014365,4,264.46072506992675,255.38218335680975
417,95.51151975522524,6.1029525504790465,22.786200427260177,37.15612963927486,990.2841610303185,263.62141914082974,446.0570206221581,5,275.11165878334754,259.90942971422
418,81.15674634292859,5.681178432800993,16.1513148467369,64.75879150503965,1013.9403479024467,210.87029263635017,517.3067648570553,2,327.71479487282346,160.11800963816225
419,91.79297184063826,5.781391841856288,20.947451709770576,54.91445510894402,917.5112751303482,242.74519613182014,628.4080276542287,8,311.15185255765505,233.4980108493356
420,80.67518481410109,2.347055743377834,15.344956719846756,47.70918969078291,923.4904074855876,200.46976772879248,482.98274685992163,5,328.2604116537478,320.2051717602551
421,100.60747924881987,7.094635413242896,26.109103322962554,38.62967116852513,1043.090877104114,252.81442418730614,404.51309184159237,6,306.33785218695317,207.0012792222836
422,97.55340842443204,7.339179984855547,18.741836253645744,41.781851715786544,1141.5573258634067,219.8763878286577,345.92421916846376,5,346.6014447023444,341.4331064014703
423,77.51035851520926,4.541218511863945,25.76621082837969,63.02590396786232,910.2580998703229,200.67102426942301,377.8702615394775,6,347.43997026822086,268.4274052875649
424,89.71570950954356,4.913046100372275,24.837608931052436,51.37661940868046,869.6848683140636,199.33584555204902,586.4391497406665,8,375.72401488791326,210.43121539929936
425,86.45375949585147,1.9377849948885557,19.298228942391816,44.49412932999294,1092.0190248507756,152.27806868545184,467.93755236931884,7,317.1898289939976,252.25609836917639
426,93.68631557532349,6.0285095120356695,18.601645146196766,55.09689231224656,995.1244160413465,225.34578600681553,439.24790900792897,0,316.95104956631627,176.827017090972
427,70.35076539419896,6.144114883428288,23.051110649159014,41.856018125536764,1124.5747200978929,197.98976327318104,428.4032776816058,4,388.35043133173957,271.4117474008176
428,86.8605145999844,4.875617966001378,19.467027888450787,65.00843030280379,864.1304179943279,174.90040199093977,508.50458602001817,7,359.8701305699274,240.3869593887082
429,90.58424486849587,7.248706719741005,22.307453926474622,63.528005348967255,733.0841611864853,255.32308854060358,476.0544906234416,7,325.9367217938242,228.68955498704645
430,62.41260513576886,4.331845538040119,20.551517227579247,45.33425928797223,920.0493877260499,137.48919870525992,472.68678562807474,2,230.27633218633412,177.69486359907208
431,68.16741487334225,6.1292118517872005,16.656524756603098,43.713297529691395,885.0471086102476,178.8752052283783,634.932392781074,3,215.8159300780501,245.9537219520702
432,59.607678222398995,2.960671322615769,15.308595942626622,23.8186680130772,988.181739987955,251.38593743897667,653.8016281861633,9,330.6353164809651,260.2564650367702
433,77.30593165555442,4.952895698251524,22.680052745483792,35.18419228448632,904.4732178594415,215.77614704601265,338.99783270910035,7,332.6962410100447,181.48312679998475
434,87.17542255795962,4.651291484194329,20.315326761008123,36.60530225042244,1111.1525427004674,197.60705361736214,532.7592731142958,8,263.86067401696965,304.05637370599754
435,95.02357052096028,5.4506158440818835,20.340730549257604,51.351903409873856,956.7774606366225,212.55017715750733,422.3137901378608,4,317.6948613334891,263.89583979594914
436,80.74094780419775,4.260946142333283,24.087591517281357,46.7376629555864,1022.5711748160852,208.97070855244206,475.17488861389063,2,254.3427213463413,207.58435518446578
437,96.28615545571292,4.737054808656664,25.520326829897336,36.54664512584759,1023.6451837661416,124.16687268570394,530.9278385126695,6,328.60896918623234,245.22872962041603
438,66.19898541785109,6.652094342883013,21.182365835914574,47.188359575354426,1029.2432638618282,182.53690573260192,478.72800830690807,2,329.911040654428,291.8464217606672
439,62.96617560644845,4.126471525523565,20.978203879270417,55.05337147647349,996.380633431754,280.82608272568746,523.0459880627633,4,329.58713271905407,318.4820502691435
440,79.44452301103381,1.7868457985226414,23.500429099341652,55.27839349915587,1076.590103561547,167.03379326114162,567.2970206031918,9,316.7767827048469,329.3476055439838
441,83.84065448939307,8.499167808410842,17.929193290901274,31.00329719141119,880.6517299261288,184.08494929478329,529.457680054032,4,285.293886493732,340.01142690651466
442,79.67305251905907,7.7629081573809735,22.66945916424309,48.71736519516169,1209.9126889980826,172.91896183454062,435.31636958323764,3,289.41532052145516,183.48023834560178
443,59.325578999601234,2.4154746097887627,23.655657915466463,36.1665922302839,964.5193924947197,195.64923883409313,437.08003930296763,4,357.9549290930837,214.49878766478798
444,79.10879960487212,6.379415610490389,24.040690625252886,59.01728697140274,803.2676293151977,170.8438584337851,356.02947033819646,2,320.74574278581014,179.9413497080547
445,66.95530499495146,3.9940504588973136,16.189741892492606,57.84146416353499,1028.211003548766,224.337075107903,414.60797024792817,7,324.4044499833772,304.5489526507435
446,86.69672548830039,5.526974430662119,19.71593419057318,41.019727736755414,872.3229276328773,209.86567061451333,696.2068361898528,7,304.32449087029687,241.35612386403562
447,83.66598246096848,5.588448258026988,19.3652102415296,42.339547975996,1099.8001801763312,238.6773807553509,420.79964259047557,2,332.5724918006612,313.1363847101277
448,70.60120213672644,4.531184399367356,22.29966086322764,45.38732949501693,1331.4408364063565,147.45294169055197,380.66211875561805,4,347.9465344284727,179.14072911026116
449,74.86133082663306,3.432468668827207,23.44223373930395,27.472066052686607,882.0141862663224,182.98297585585485,531.9927861844774,4,268.60164709373515,215.54082543118682
450,69.40786478111049,3.618917895367481,26.490131222337943,53.35968173440577,1049.8558499835976,188.71386841939324,488.963524070814,5,329.63736422539165,210.08626123484078
451,79.37320902726829,3.1676161690375153,20.51510355889578,47.27155453659869,736.6741616943059,222.78234550442974,480.44067631507744,6,288.6958068361463,311.9213161355381
452,89.55142320501238,3.3363555835391105,20.507282505072357,59.70175082567859,1068.0857844162022,160.3389401396483,640.904596641209,6,315.6926665716769,285.03836630687067
453,70.14273953664457,4.865643419901289,25.44901605663624,39.01590782037447,867.1429300300465,245.7826902129172,554.9126675558365,8,341.7618273513923,148.54892474644436
454,85.04046515517844,3.5684800217784964,22.889730815590916,43.80877051750068,906.2748072348277,259.3207795258804,447.0007068296525,4,227.41493531746278,226.69347417833495
455,74.69742381627559,6.36410413142524,25.80295453356392,34.93474741960885,834.8070265240258,150.55638261822082,457.552408240822,1,245.80900815943727,297.97159548546284
456,72.07127167737656,18.82038573370604,22.86618400902951,39.95709436505747,1109.8226839082104,175.4563552553217,449.7413486094315,4,267.0303474990904,305.6763547521224
457,78.92969640045442,3.839893517259914,18.528650143860187,38.18018003931781,1151.0956536209894,173.40342458539538,587.4739621580258,6,263.48277601394403,270.6820847205402
458,69.64757677580626,5.478809001070754,18.00061493566658,59.959736788464454,1003.5077821987761,331.6193102338749,469.18523705468624,3,291.8825549548607,259.03647640711614
459,74.46350694652818,5.999370220605868,17.34546325282321,43.017381512486075,870.3359941996421,178.50499473960568,320.68464975458494,4,384.6190439230997,203.46799565126446
460,68.02122107411151,5.944004541838549,23.98615550427542,51.24175684744613,1238.4284554155793,283.8812721078067,495.16803212656555,1,358.9223442687661,303.50952308208736
461,99.6472513291639,5.151910535832175,25.565790469261024,46.19236596138195,887.4384808368015,136.66840024466953,346.2973998872071,7,270.97050995763874,190.15380673069131
462,80.35263551971728,6.4853648367194445,27.548086424159145,37.30534733987187,675.6951550108842,150.51745169178184,718.4230601754901,2,343.4441680044293,169.4326539973944
463,73.00274492007415,5.9644979053613145,24.52931599696972,48.316995768283576,1068.7583514935602,165.66977340758996,403.4332086152769,9,297.83886631556334,260.3832785156196
464,82.13979910734221,21.247663170631903,25.48851573260496,55.99103331863595,834.2837989537725,157.71553442767387,483.81352346422693,6,317.1874642486377,227.8375935494876
465,78.8767195030917,6.738312128778547,20.259951002038946,37.92240607456648,1148.2913190248762,186.60506329207507,525.8202734701136,5,250.95703358647236,286.1771880336685
466,77.79030400466777,6.774581674533485,18.53075254976843,58.09112790731379,942.8293454989872,164.56108986392508,471.134183932077,10,233.96582244777943,274.2252352201616
467,86.14166700043425,3.4734277916428367,24.55023799725266,41.50279078522304,1090.5569860816295,159.03292036327133,470.99695985338076,7,336.617426690298,335.3884911907922
468,87.57507710047305,5.075875670895204,23.253042256718203,45.170160739271594,1210.2250519828237,257.9235998236664,542.1827286160877,5,301.64229056400427,270.2274394413073
469,74.69498852389472,6.366657985622139,22.322333123022677,55.30683123010048,818.6711703068918,261.18968112565824,652.6215958796279,4,326.1298576531682,302.99141783419026
470,74.2418175935532,4.581372360841277,23.16211444189897,43.36563842780512,915.1094303661391,247.46482491876577,576.7509081817298,11,379.6873797022015,207.43211498225656
471,77.24948302848355,7.145956095532023,22.969556447374618,50.37574859335866,988.6493391014404,226.19994777921642,647.8513878573542,4,288.05999822649784,285.57967690122564
472,56.980788352644154,9.727744989238722,25.851450579560684,46.853091712119074,1230.6326978551515,204.6371532889776,395.33808919064984,3,288.5182301998752,236.17009602012854
473,64.84808937801448,3.4280279347300353,25.88495675445087,51.29368006703819,901.2425923089331,175.14846546670458,531.7362633255361,1,388.43306197895964,225.300968517274
474,93.66874267444524,2.2379107936924503,23.632661057021043,26.192608944765027,910.824445607649,152.34212476224542,515.5246052058279,7,300.8494640192017,204.87395804930287
475,96.44967713501283,5.607637191209752,24.537408617688783,31.703181847919172,1071.7210863333712,218.14978517163436,535.1091291676735,5,259.8346375620447,327.11854862194417
476,77.50963960443622,6.443125010252287,23.542187657274326,56.15967006046838,913.4156911434144,141.3184803726601,637.6231970635572,7,336.78410796462924,249.6559799948986
477,85.76556963055766,4.538267252310462,20.61649080389614,60.37181405649051,1022.8788824346425,150.30395354123033,477.9210850207946,5,288.1161927862896,210.57921834029523
478,83.11250154543536,7.906521326642069,24.26969402473942,40.89513296468479,767.269386854781,257.6456628102405,459.4496633445912,2,258.8680891129409,283.90400036813253
479,110.78880808455239,2.3227884005535024,17.816514793422215,47.55971647828866,1332.1494913834895,295.03245208610434,553.3980797418664,5,304.4843299977204,228.00230038894938
480,91.19574911434577,6.385837246063222,25.161674656887648,52.94719252902301,797.8436154535896,219.66475690832402,322.1797272434153,9,341.33430105539566,210.07763872491756
481,78.72082408519233,3.7882783584822133,18.416431180701895,56.93217601658704,951.7370944014688,255.32285761473221,476.31479508778216,11,242.0408946984641,395.108531740182
482,70.44459559399574,8.438755812414593,22.857409860384198,29.723227283291514,995.1278446236859,187.70758412780083,486.5802310714547,6,240.87821101153543,189.56137705481754
483,63.93553679742428,8.985030706336236,19.46453812472152,41.13959753021623,1286.9032201535192,133.1162906956158,407.9641383693075,6,295.99704700597454,343.2553579687077
484,82.03463635867223,3.466686824433304,23.66016694922328,46.67420620150125,801.2731328600889,230.6085809309292,605.7059011356578,3,244.99836610113056,209.48068799133335
485,72.43649254715697,3.90088572818284,21.898224322216272,57.03140197236049,1297.5556203218127,228.4644661635032,393.77596826567157,8,236.19636590147144,281.3001775859386
486,65.77746290402325,6.719175773959604,17.21573212551,74.98430483721495,1113.5765231653033,203.58342769401222,486.41269516362036,3,300.3058033504222,244.91985087361812
487,73.53427115757474,4.225738700420971,23.262098893055438,47.71994273190282,1062.5642986634869,187.88122709474442,529.3157225322968,8,355.3035236798175,286.82068975282886
488,69.18451996385605,4.909177564135524,20.26623766950187,35.93022537896012,852.3049469473067,248.1105289290549,635.3451561476119,7,339.40086787803193,180.9009550643404
489,96.87141635072564,5.05077684108482,24.643440162440108,54.02268077201298,1085.671186305711,150.7133483286263,498.9443565119147,6,294.6529485979318,174.79672040632136
490,88.81639756949451,1.1606536876046873,22.003977066203223,63.2099578954071,891.47700663703,161.31097105546712,593.615359412821,6,364.12859946147876,288.34714706011005
491,79.92027358683383,4.972324507811526,23.186262956164114,51.08014120979501,1189.999187979762,149.59467466197862,570.0595397277127,3,386.74797883844207,160.99130441329814
492,94.79944138890026,3.6205444518716523,19.127293134954364,40.93351454845707,854.34069563384,204.24864813179136,512.3457556169143,7,324.56107456817966,191.568565857149
493,80.77368307647619,4.013754355200456,20.232003305717914,59.579939414800194,983.0262258315875,145.6053493945371,391.0486591726544,4,281.69041806756826,245.51399054497756
494,71.38715798671737,7.887264006937628,20.624084091696748,56.63545618498435,916.7090367980243,165.78789097423783,356.5419139095651,4,378.13079123353896,185.29239937661976
495,95.23124077269657,2.4869862114414873,24.570107440727668,39.73919155804376,851.8715556359508,164.7122218886401,510.65054014191867,10,375.92742782223013,191.66532304050017
496,85.38910043684659,6.626410373495954,27.032131263416467,53.81425617534342,1111.197972536187,186.96958338330208,445.73031260973863,6,312.66980767446125,229.44706976208374
497,69.62753845673544,4.442074139336383,19.584484744771373,59.97265567658873,1080.318812111445,125.63127767980116,591.9261091681292,2,361.14227450314877,140.77365312059487
498,78.09661321916391,4.440479663008331,25.23054443397304,61.818900425588936,1181.3515298351494,204.36024960186336,574.5856518098577,4,260.9357673039585,179.95525204116132
499,71.24381746615242,6.580743792103423,15.490967746822893,49.33551024690544,733.0187337687748,262.3651825332339,481.538900556295,3,196.63798596704987,317.00666860698044
500,66.17200269035663,5.680102589137781,18.417431796723132,46.41920553820681,1159.6256053511565,206.7745686158381,384.22870760587307,9,251.44054466972761,297.84557854704826
501,89.26177547531641,6.141225994439062,19.123664631439674,62.27273822081263,1375.8173358035342,277.066057240066,551.0735549607274,6,310.3284840072285,363.2574268130838
502,99.0941664047013,6.9363693210657225,17.94247393167783,37.89839497019115,932.253836623458,266.69990929384625,398.20505538648496,3,296.2910180078307,279.73694352965543
503,66.01432426180858,4.337383233633354,17.24923483063726,54.38579290921005,1284.2722918163454,238.8867523623927,424.1536077069135,7,348.0931415325545,315.0808431896243
504,85.62969236690572,3.775526530984499,23.23899673641339,36.29973372635571,960.525809191026,203.73429213184428,402.0584261784845,5,225.7172250253951,228.9233692987516
505,73.49357430878173,2.829698946884404,21.357796906816414,60.65376272259603,794.1385393658039,201.12501941227197,486.1498978060047,7,226.69442100629735,240.64408046806665
506,75.12874616235304,3.3491789400420897,23.138216192815328,47.41954484388839,954.1551336389807,238.189988618163,617.0192334070562,7,338.11522327901525,270.64530452352136
507,74.07606075761132,10.898188850617451,24.07141805836454,62.68583235647469,1157.2305951512915,180.41646952479837,499.49591297764715,2,228.20366714616483,155.3096873832247
508,71.36009230320184,7.4893591614735735,22.7968509795176,54.91412756355527,874.2735276502702,105.8739624266268,455.6781307572304,7,286.4623254222151,277.2886213535105
509,80.48521627944827,2.2978512675839573,23.973289528451122,37.7677976993807,909.949201149027,224.60020270514798,347.43850699547556,3,301.22814665480354,218.809211319887
510,71.69049883588963,2.3550840865128597,21.791403141273193,64.24627732077244,1089.0309148439787,143.44656850325143,555.2124584729843,7,267.4755402708782,227.19325366945665
511,82.70456825779839,5.963732123436983,18.439019835082767,65.51245266427729,1000.4590175107859,151.89293859048075,421.95953940713724,5,328.89306070481445,299.86301315101537
512,79.49761890550863,6.094529594755934,25.17344254246239,58.82286492599216,1087.693442873011,200.0111973997894,511.75176191580965,8,196.9066303022165,172.3949100434569
513,77.6105195313359,6.097767670634729,20.23266360165662,42.3841213496378,1035.6744311137504,195.24375612232652,464.5781384083359,3,391.5964044966686,252.7581930872343
514,70.92436337958402,4.490088412892605,19.193211103712724,46.93986045642591,1071.9437979327358,129.39621968421847,583.8177219599438,7,283.4931982356323,272.39243663245287
515,74.23228669431667,4.7490914799942,21.466246372586806,51.45427217405759,935.1548221285689,208.27457820665703,484.2763607971448,4,291.48640685736655,223.4825590983747
516,87.55391225825755,5.655759048318715,19.26156724211046,42.96289600668567,1034.759641304559,248.3069830430524,494.10736454769483,3,434.6788601213288,251.86634754929824
517,85.00917187624381,5.171786012586661,20.747708854031703,66.92346572463205,860.89404914561,143.58292148671086,548.574714745546,3,232.0049772385309,254.27161732903983
518,70.22444755201448,0.5613992545049298,23.0321617646904,51.44326471726037,1193.2650433755082,263.62416654243793,710.6940182263186,2,247.7451023083887,294.87177144720357
519,80.99332305429226,4.540400738849613,23.04502521773838,22.966519528926426,904.858792477403,121.9914587435028,588.8446930358555,9,370.22486390473006,240.87923813424118
520,87.5138712337179,3.297187131479373,19.306509800723113,53.3935581275622,1169.3271231324084,305.8662072185477,491.13938936513904,10,222.17682540828187,187.38509329188884
521,63.305947188786284,5.350422837817024,20.536883881153766,46.51842603182687,964.9589558525702,179.43697847582584,500.31979906152884,7,324.75902204243096,221.10452541740793
522,85.43360192379934,10.97051800520682,25.22299901431073,49.25073443881552,1030.299851613598,207.28084984134458,447.51405396755655,7,269.6859375575336,232.5610675355561
523,73.37376241054153,5.7349633309486086,23.489200353201824,46.313806342143,925.7553173663949,105.39832137571649,405.0004296480305,4,219.19297190786733,209.95147492275146
524,85.70598668593159,4.372940627655204,28.225195118045626,58.07046416606687,847.6006853247957,196.8931966765346,444.7249212933678,4,326.34246778536516,259.47094327590673
525,72.36740843457483,6.843603003954504,25.54038452122458,61.196877785533815,738.2859418592047,211.4241088859096,422.78510362880576,5,327.8128695604754,257.0805457843861
526,61.95117899335481,5.965375774418425,25.432879205679818,52.830531622586534,841.7013762111311,195.69189479502526,565.3368383795886,3,300.0692927421501,254.4927877621281
527,63.72457562116837,5.840188980903682,17.836394348632595,46.60688812861841,951.4136720176117,171.8459461473813,392.8805142131014,7,403.4544472512184,205.12413952750973
528,80.48084946661382,6.213701186431342,24.291581054900266,49.5866279519083,1031.7818768243326,152.67177407360924,633.3210561380045,4,261.4251337738169,256.4895709696295
529,82.59722501721483,9.113087129659082,21.84067959490927,50.195996165776286,1151.5568969924896,256.52633097686555,575.204638361883,4,343.328681191166,314.41503022980356
530,70.95683374895592,2.7382231293481687,20.34705458938525,41.975699601351636,933.1363810304726,201.5403567498975,502.05017293676684,4,316.3670756813525,264.72764401545
531,86.38592458777374,5.947264153622909,22.504046021597585,55.789286485712346,867.7058853599239,277.03761882583865,500.03186114650686,8,348.57608825511505,303.61639503720573
532,63.3847993773104,3.147237740036923,24.83563460383445,54.60042323860466,783.5927820995931,173.67588226025384,444.27186903854465,5,274.7956585434913,255.44591166223367
533,79.33920201352683,6.111025292684497,23.502494773012636,65.40441239776673,1072.0095426856155,178.26026533138915,527.0084411347764,3,230.7665303482113,218.1371252698704
534,67.88983800237543,3.162626977027811,19.36457859597382,62.55349780288475,1207.4791772994015,240.77971222980815,608.8092463208588,11,265.8994273289975,293.01696664703206
535,73.4816389219784,4.165266372789831,24.22737674077786,43.1432508240987,1189.9495401934432,118.85125189982179,429.68435377441864,7,296.8110718185951,179.6365070280728
536,80.47398671316414,4.409820171524188,20.08723737377211,58.20298374508965,1106.4899122220856,139.32683199235385,346.66079110812694,5,334.04477694804064,222.08495419820596
537,71.39586634716048,6.951633438689418,22.650049356892858,40.49046616905528,1095.78149759014,254.87424856765819,570.3218254856744,6,300.86433818831074,242.93563439550306
538,76.15444455770175,6.836908887884828,21.089949797568597,56.9593210094085,1254.6435669564012,141.40330353884025,532.43659742438,2,310.7538510658014,282.6383830851755
539,90.0629280921444,2.508565247107231,21.343401244793125,44.83385801239892,1049.8122192125215,109.04744923487262,387.98011985588204,1,386.2781093055048,313.72848484676206
540,74.23108130476851,5.109868221999697,24.29872892512153,39.76746776624415,1096.9194514036258,293.42635940365454,426.66086290858823,3,298.7888975896958,292.3235816963709
541,88.35692112065142,3.580840290501655,18.879418840552304,52.800453426974045,951.8824207222001,130.30911760628973,414.08957259498595,5,273.3813191664804,287.3063714897609
542,68.70293145342382,2.482990178649331,27.8355852228308,23.25432871845859,795.6934943717864,209.2059699164085,427.5467730965751,7,322.0162332785365,293.2300293194342
543,85.29804177915283,4.5659658991512595,16.536741792116512,32.490244255947715,897.4226649250636,203.45425963621355,467.6317245958812,3,214.2092175485913,300.19941691711114
544,94.41568620657901,4.38303442308836,20.20699695023543,48.22508116225717,998.6261442198017,59.468584169095806,473.34526957192526,4,214.1021405385493,193.11860043297773
545,55.283554998727105,9.853432972691046,23.11063566982522,50.824417666348424,1009.1178058751955,186.63414884160954,434.920634493154,2,293.2973826844199,360.2402513358698
546,72.03104744529523,5.865919650721392,23.75294249930593,46.30681229841811,1288.942878228309,222.42066247395547,424.18361805000717,5,253.35497039018452,305.48597908529905
547,85.7707212718054,28.05816586351994,21.698572838284885,34.20563701282401,1012.1915751386603,217.71546907594302,477.12156560806187,2,269.5880783381155,240.95087610283036
548,77.96954613957007,3.8704519916581157,21.827827890995373,41.821081578614944,1176.8265166038466,245.17603419017507,516.7691534859562,5,346.7386721955324,268.56534592838653
549,83.71145873371309,7.042766590858797,23.23165025598285,53.91209327237394,934.7384137635526,180.6254342547283,468.3703463635155,7,326.3122473815417,184.32729904722328
550,73.9601481328418,9.17688554573985,21.30679156762696,55.81781770628363,953.2486171352149,235.62522210460804,615.8667023341302,3,296.15124756894926,237.00813899994637
551,80.865897874729,1.8280333755240834,26.179543773804717,49.83776882404059,800.6488544164828,165.5335465959964,550.8087714420786,6,304.1483034315918,232.8938415177018
552,78.44322764607921,1.24015122972191,24.518047342694807,61.56833781036989,888.6507980685142,129.47662917936125,340.91541431413043,3,278.7742627744373,228.77973385345672
553,91.67782061659807,8.741930350743564,24.618473053016903,53.97397023459234,1079.047208704563,135.11358121593838,552.3727765413853,10,342.4670452029525,290.7212077621351
554,82.54420843301213,5.779228354741807,19.101529829888747,42.525443460417875,1001.13402705912,126.89447724022926,560.5543982585583,5,339.62708931301654,255.21344785715328
555,83.37602662075201,3.263414536247267,21.76183472678289,47.194979465883826,1141.440792984585,250.4792983945597,456.5265031875809,3,349.5466424552473,190.28065573161
556,75.88123033877532,6.06925817224487,21.098602153837888,35.97133842792145,1027.1880922517576,124.27132454707217,350.4802412696845,7,347.24634980263795,191.22458434747008
557,75.12393775927507,-0.2714954780337555,18.983195872931603,48.918610096085835,947.1319402543387,213.70194203246515,500.8066759411136,3,302.70240699099173,151.75852337441228
558,75.6744181218038,5.006751013194322,23.080492551837303,61.121006192213386,1322.2445295680438,186.70379029637834,499.2291348517756,5,265.08947618788756,293.98565899009657
559,83.94452142378297,5.655642345686171,20.387062726660552,56.85290084710968,985.9144646930429,194.86757132746843,387.8353763466805,4,291.63477890830103,238.76925810317093
560,75.79015519179737,6.848540279075659,23.966211489550712,64.02009325919121,1174.4501454557956,268.18036475998497,354.87807837400646,7,305.83122700056305,287.7339569903568
561,82.89774856896413,2.9722080954149246,18.789425311317004,46.97114756201007,939.8186190182984,178.07863163923633,491.24464535465603,4,266.29867263650334,407.0035558746894
562,100.75400798645438,5.171374322806718,27.157121838525462,63.46099794514258,1106.4399219075349,230.58007807748416,476.6922807949178,4,381.49345773755374,205.05742675027594
563,88.71124703431693,3.1491507478808254,19.311002024223814,48.066957735520305,1139.202348872753,201.8781675690556,458.2734634677606,3,381.7430583308211,266.34870424761715
564,76.73976467832159,5.510767511348634,22.65790701160131,64.71585082569894,1031.2737955863372,192.3990547183651,491.6589265253439,6,293.9966069866669,322.1598493440117
565,92.01213922163944,3.2093073552739515,24.3755779311642,49.781432525578765,646.8275615955097,314.99845621932366,389.7223626179681,10,351.5439998839386,225.55038082211854
566,75.91924626978448,4.183798321679559,20.288078709399663,57.072313738042766,1002.737869128417,127.93291271423152,456.51793871338856,3,328.0010757669848,233.0389854327287
567,59.61875464822146,3.008369210419542,24.557405930298852,64.75112364309855,1184.5690071639963,264.45659177187224,553.3325030614347,5,275.16895671656687,276.51614407184445
568,69.91913689082595,6.3022724836473145,18.31244920659875,48.065723714187946,1079.1221249541595,232.8203282744986,465.0029919648711,4,320.60052412882635,377.1448222871818
569,61.29208078974145,6.716902233313331,26.356353097547682,52.18388987544174,1066.875831284387,176.0237502684108,332.8027528207448,5,261.28719474686164,281.8184427389924
570,76.48486515958692,4.5307588600851725,22.042447794897274,62.88863425206302,741.6614599063721,281.4659258720806,452.73077222764283,2,255.99985529958002,207.86011960957148
571,80.18418379189552,5.076475989920056,20.21076577609336,48.669968360699364,891.9317393987412,107.59449438057317,392.98415364931395,3,323.84517127924425,213.90607325712085
572,96.76437312275283,2.1028171707329117,21.102454682717696,36.79107717493839,1061.7036446727159,173.9116671350464,526.7136296461731,4,324.44040372016747,225.57967834264298
573,83.26927373764163,4.400646703986426,24.42675780817816,71.4300705458491,1061.5574915180339,139.57588978654618,531.8837403380426,6,434.7043767668971,159.02089302711457
574,77.80899471191135,4.8995907659165105,20.246634124448686,45.30235535662863,1182.2000170199353,220.604173243573,334.1225374913969,7,292.22650474981856,242.0332294423032
575,88.2940558118349,10.241586182059951,19.751926931731667,51.58756050937543,978.2699867280859,144.34679494064113,575.9012970582189,4,273.5518006425804,250.37331602968598
576,57.88864690992115,2.7760659484516728,21.335390207248786,61.56006669451127,1060.873613001072,221.65319733706596,388.7813698721442,7,346.13771091774123,252.30280214119023
577,82.35614558108566,7.928354477504875,18.469113661690095,43.91506096268798,1002.4561362896941,190.6781792089223,655.9182290482352,4,298.7471800043828,177.5061743994525
578,87.70865193886966,6.993717546931616,27.461631723825448,39.9213208677787,851.9585895247665,176.0323028671958,495.1223735499383,5,267.6189832994034,267.2651648676702
579,65.21413754220158,19.393551050592585,20.30081622635583,52.53737296774833,661.631300335788,219.43236230166553,375.3606501460838,6,270.70933473787477,200.80239313029486
580,91.43754043206928,8.517240968390267,24.49485035854121,32.069236020876104,1064.6514538195115,186.5689188030968,385.8013929307318,9,291.02341258897144,238.05319627634572
581,83.38496407494414,5.744210945213726,22.62841025094332,47.1209392313208,1026.0920812619217,145.56825784704807,534.8095291787345,3,352.7225537339463,212.87023792051932
582,75.84712086099199,5.778318391335858,19.046397848554097,52.45038664315406,907.2737436849746,340.06864948174893,460.8700110101622,9,321.58129930292336,307.73279526944935
583,86.32781866106285,4.89375869396491,21.982135872361813,47.30048103174836,757.1240415226202,175.64164084854278,490.33460903818593,6,258.33038110289425,215.7400788269593
584,102.70692857804396,7.4471377648372545,24.352008337932244,34.56549056814253,1094.4609271613108,89.11954599239927,661.2780232697039,2,391.73591122480934,317.28028421254197
585,81.81866255058495,7.192938467621767,21.435215994741082,65.94177956204013,960.1119888706672,157.89506551393058,430.0755935770925,9,254.631007220612,256.8154512810754
586,82.48220586300336,3.748645425007575,25.579338837553085,51.03538153949175,1083.531208355222,136.63616558136349,505.99628576957065,4,263.1335974490107,270.9928279079391
587,75.40639100459757,2.3615056108024652,25.06454617834559,64.31152117761741,1279.6072795617638,241.3072808020258,641.9844487373053,5,358.35133453168896,254.1638933500135
588,71.50155630535208,4.594038725208685,24.756744563974987,47.39963749819555,678.7853679520442,216.0826329795793,527.05134754664,5,374.8780403773522,207.38669045098305
589,88.30335816544246,3.399922871204707,20.62102968318101,41.19988018309236,895.0598786946455,219.93564008951722,339.33972646419943,4,317.6778390828568,270.30096698398984
590,71.43916174091133,4.87295085076929,18.760472656655537,52.691809202551596,968.593658003213,181.4988767081378,550.5389011732137,3,235.4693881118504,228.50339929096683
591,80.71566237219392,7.474876269368279,20.159237183911618,47.842128736717804,1218.2239261219975,186.0324876471539,383.6997142216556,5,304.8449059263916,265.8804817272536
592,75.22342553234883,4.08539668982642,22.58872282200016,38.22238542008642,754.5395471190272,181.45344481961658,640.6807528732966,4,231.646820249985,280.1960603420703
593,84.78979825746391,4.91435323737685,23.637360140597067,64.69784258787496,1290.3791538520907,195.9403407932265,417.71323950020223,3,424.23725228479657,345.3551706672443
594,83.33662105286949,5.1160454696167905,15.485285785718657,43.77729777106004,1020.3783852349436,241.76667176824176,796.9509507745665,5,314.3583972070347,273.54387141830784
595,90.375399442579,6.696861764410569,21.97566039516475,31.597336152044313,985.5999007399213,216.80377062526733,646.7375988327678,6,340.07470938147674,297.8312649853391
596,74.89983601145254,0.5062213320307896,22.474267675969553,63.28166053957332,970.291035517164,225.00564148104334,420.3387430372021,9,281.48622138087825,283.02644435547893
597,77.30125064706628,3.7865994104694067,21.167367231053344,44.957019841873766,934.5605451729957,224.97794541246014,502.0013805001611,3,390.28335873036497,238.7507005736017
598,70.21236284217693,5.4225673845589455,25.873821517047638,43.921761073843754,1157.217513890373,244.2221218690869,575.3644281633464,5,274.876070465313,283.95525813737913
599,75.55706739923889,7.4001579128537225,23.265340222752613,32.34612412970026,839.7218868876341,214.40750207701274,578.3660474226708,7,257.0588651596741,243.78606703520455
600,83.77300493044852,4.01619510498759,25.93057572424269,67.40941486596991,1051.812127246578,217.94240363394593,544.2336259976197,5,315.2442453692186,229.3542136848236
601,87.56988616645351,1.2468945879162519,21.352118438949304,37.105194127903125,942.3727501439537,259.4403120596578,625.215903696611,2,344.00321929042815,195.5076507190887
602,70.77834675822375,6.239422891932272,24.812432477520776,50.5844948070565,885.6799827228854,166.74770409984438,487.70310533656306,5,406.4347396526317,282.63615527979124
603,88.6960592010566,3.7292752223487415,26.90519918358256,59.1262032254044,1387.8962763525844,157.21287100242463,463.3282331423967,7,380.7148929094907,221.5920702498144
604,93.55637858804951,2.6206666818192774,25.935080347817983,54.21716933003097,1062.857610213019,140.7039200406572,465.3136012075389,8,359.7542444816991,281.42245898141
605,84.13434903223701,3.751309220573552,18.7235752197138,49.40345688007808,1091.9898316991716,209.1457281810128,585.8373231972128,2,265.7399884855713,250.234362368585
606,98.76795812558066,4.630949284688301,21.238971767372856,32.98334141712584,1170.6665171002994,107.31338793904384,536.5181040302646,3,264.6829811117001,235.79063115764146
607,72.26210800896428,3.7905106709235747,20.96450588365061,41.90275164232716,786.797508202218,223.10770480298387,529.1283665690256,6,256.1076810990122,206.82125324969138
608,67.55345296688583,0.5888678858018617,23.46776360522898,51.87800338042522,1262.8437863683048,194.54034527497237,579.5234249257182,3,292.4673050704227,315.039402631455
609,62.212797510957216,6.794132393774264,24.0590606650436,42.12825930013004,623.6564232257386,256.73198499105285,294.8947592146145,6,204.3362741201705,230.3679669207984
610,94.96044311489183,7.549750082557445,19.48332197792279,52.03359459998768,884.6850384942219,166.40413447675047,531.006882387515,10,368.2728947249499,329.3291297374721
611,86.54365656354058,6.303043982679012,22.203515541750814,56.817434088151415,931.145249023165,189.83408572912467,521.8568888873716,2,248.77066534272575,209.08941515198234
612,79.44415329089544,2.724628659150367,15.94021800353159,59.625028858001016,1087.258504745576,256.11016666466844,666.8808081300705,6,242.59507329632515,325.38371673063864
613,82.7996862631982,4.597016932104964,26.32583501740567,37.738206421873166,1032.8077399212232,269.15678233890765,347.14120177363327,5,279.7084111339633,254.19706070168542
614,68.74510952701624,4.986957369541084,20.46287727796992,71.96646054978955,974.977788895241,165.99238171240899,655.7186632376759,3,232.88084842691916,293.0364933355377
615,104.45751979616827,6.19758877912382,22.16759181953349,57.674793445541304,998.2003983058414,209.089061629358,507.54091289246657,4,332.21452965512304,184.97263356714927
616,81.29221181975228,6.336680977436162,21.071050858035818,49.98285846330936,853.2965464716148,214.72094888420241,548.8989530660045,5,251.69888514535901,184.73212911496591
617,32.8705855014371,3.5316524024430085,25.438082725040246,60.89536583076641,775.415140827374,218.68267028105743,667.5918787609377,5,325.07346371016297,262.9001621503588
618,87.25766623898691,5.163991112827121,13.487480675807863,73.65407771999973,1108.976743350409,186.8712170342189,556.0761268005573,9,346.2440446431126,199.3063842769017
619,84.81009231736714,5.914560809230482,21.950168973022272,35.612798989431305,1104.0559168804277,264.06916990618174,540.036828946256,6,272.53212841619757,316.44941925407716
620,82.23884024279131,7.911644644293533,21.682543727506907,47.74737357508646,1237.6741562735588,105.51482581892273,524.2291185802319,4,264.1273463779061,268.2002441269427
621,72.09525544554688,6.409013079649446,20.639090837224952,26.215683401266716,881.4974354777188,178.9434882599458,451.6521865005623,3,259.891657251907,217.7911572216028
622,84.71468357135996,6.578113374751037,27.1786796369069,51.92651532648025,1103.9222815451385,222.39653663864735,497.15108754896073,4,245.8890130161339,203.9979751887118
623,98.82024496475034,5.167653255858722,19.338011623432685,53.65394241925141,957.4439907452902,222.86124059746717,428.4487233877251,2,278.9821260787983,235.5732945407762
624,93.45420046154977,7.820918290407008,24.315388531706983,49.6083788455724,1178.5712477790223,267.6379515307382,495.5433100574518,5,303.36903012105347,221.60856192906226
625,95.93186626639397,5.819525591918994,23.06875836611825,43.4546642900169,1153.2944165017211,259.91126966006436,266.40693029449034,4,230.84919973041576,274.7645277693698
626,74.88784323568815,3.277824179652859,25.78455775760655,29.50485483811675,1031.6814098836685,185.72291873463882,542.9039567567548,2,267.9003672024428,246.1629134593634
627,70.1039517974142,7.806739940250381,19.998432745667483,53.73533683411769,949.070476500102,264.99356217653025,487.8262746216374,5,307.8888301673305,308.418811696861
628,78.74213079900352,6.395806545078055,19.801093302628722,64.55434483915325,1144.139826791239,164.29791281112725,466.3796263333236,11,301.7337962402385,281.61102193518013
629,80.55724912288694,4.113911957743035,25.288209722432196,44.08981544266568,1097.0356784884848,246.54436913959188,521.9758083940143,4,166.64052060474089,206.6510184076727
630,90.94191518470949,4.041014065201513,23.275963924990332,54.40059929023145,897.3339396870726,290.52612392104965,356.6436077034559,6,331.6815914062072,228.7222464095822
631,63.07535370285181,5.593151090281523,17.365187959969724,34.31855686579949,800.8301989780854,260.74720534274843,692.9269996621283,2,361.9224803790934,206.77444874208908
632,95.29550319460614,5.926369590535169,20.38208495661019,54.57213063692514,956.7200648977306,205.28851917620617,489.72325385124003,4,271.36792821316567,206.8192217944125
633,78.4199210142101,5.394584531262413,23.159147961544182,46.06617702255343,1227.3120723022314,183.4110614113939,485.41555670278103,9,213.2546261674317,160.23602886565516
634,75.7311893005258,5.62261734688577,24.513292664639767,42.375820493970856,1171.9730738099556,123.57043518703568,403.4603789867078,2,261.7806151072258,297.06248171258983
635,69.87895624739832,8.39991474915276,19.962308040421135,42.39636358783869,833.1508795494129,215.5269818957102,502.3946382449261,5,260.30592274008393,314.6160067552629
636,63.451433281342304,7.143086304469771,13.257232030549176,46.0638841796699,824.8363876150119,144.23913860145404,638.6959890273281,4,359.99276677609595,200.62217014538754
637,88.23170583961914,5.381271182530049,23.5696695572111,53.824333156925356,1191.202577451923,160.34326681930315,603.5916209432035,5,245.31759833197444,195.58759482319465
638,80.73317967188405,6.882621161534967,18.33903793016807,36.87836798804482,829.6546142863257,140.46270996316642,585.4437751140556,3,282.09827286216176,278.0463882871859
639,67.10039100258946,2.934952192944921,15.947983605632766,46.02884668432147,1076.3942985463011,176.98038336716724,554.6398951667271,4,383.9118280191641,209.03124596874065
640,67.04921227936384,5.795854099893618,13.503022225047577,49.58528222000852,907.5893176995514,198.60152927565088,464.14574724373904,5,308.0490280188661,313.70375782438515
641,76.64215300709871,8.61861269946622,24.441942580593224,39.00960775468141,1242.5567386782523,213.68072905828527,354.9836832963298,7,309.77987143505493,214.16277950951581
642,96.69021525289392,4.563908209215253,22.3858523512149,67.96665201675017,884.4362801293182,169.97466822930184,479.8961228133365,6,294.94015141891936,143.07910382967435
643,77.40408648636395,3.3047321427618304,21.323030857863245,41.46504519938658,1171.5042295308742,253.46418531975917,476.4128535466323,5,348.8843326811656,243.486901184555
644,64.96857046881894,3.6958222228138786,26.167073088888287,43.305630863665094,1027.7287981090547,189.5897371005017,604.8794439671241,7,320.2025570572653,220.3842730941758
645,77.54256935914056,2.8207339253152233,23.91197404906922,40.21692050177502,1037.829228135143,160.61387833672404,530.939044245982,5,392.6771505995926,257.36431420130015
646,77.2727643025233,3.4304761837445934,26.84890012816575,67.98480087138117,704.4537127972899,211.31461336217183,661.2311527903548,9,398.13320489545697,232.55439466851956
647,53.03113357058429,4.258983802819942,17.82179358349901,55.529052285994815,669.5629970191421,298.17764167719076,619.7488540038174,5,315.6858427012665,278.827085818979
648,79.45705133482188,2.188865961642716,21.896348128138108,40.63407993756358,966.9151089599029,216.7580283267559,454.3504390495904,5,298.1387049742943,271.15633225577517
649,77.69065469791322,5.031236667899206,17.149859875155958,61.06231558859969,1037.0359095124918,181.85721863131965,320.48708033801313,8,308.18103988874924,266.2867921065358
650,86.96206364813418,6.804554347573294,21.311853004433598,52.00698694288878,831.2203258393415,123.62693219406479,638.5575233941481,4,271.67849258493925,259.53859652962666
651,98.48956094945345,3.184487639706159,21.25415243869997,52.57253421111502,836.6959884285486,189.02938395139648,635.9385223230744,2,306.6872466827337,249.9688411550064
652,91.26565029547757,8.038567847283538,23.879840911789213,46.55522791247547,1084.22089447392,211.74640625440577,363.3788409097774,5,227.89533461646397,180.13433514055023
653,77.3111130944517,6.021584177055189,22.136691643425696,42.505840130430265,1084.4281720685697,180.62095543722148,650.92400198275,3,264.39631169738124,269.4639365760869
654,68.9347409125833,7.061161171248115,23.870221414839747,53.37766099054601,979.338840941811,116.73076808795003,538.2117170592518,2,339.3243476564352,286.5978138745021
655,105.7335980324986,3.684330892295726,24.110320399416683,44.549127700044096,1117.0302581779113,157.4717305248283,516.0685498125653,5,326.90271882174255,267.4492516647003
656,80.59218434014488,6.709050454133232,28.464786032149426,68.16755629575104,823.869655641978,272.7269230443879,661.4783254247327,8,293.6354895129455,239.9245551315757
657,80.13929291912946,2.816132199209374,21.054110034141626,37.30708894756896,946.6097624369544,271.7000501865231,634.4685173230615,3,320.94466045753785,279.5171955938564
658,79.75874912889996,6.780495001673017,19.176931898000863,65.36156772854946,1247.1816408675509,155.6680415397701,565.1330951995204,4,375.3078307076484,261.8311760907048
659,81.98084760767856,5.343678679587063,22.738250845949228,48.88681151202199,1010.2483194909727,233.6378393599711,547.3217065811983,11,280.7192861562127,285.5053873023354
660,78.55639588076058,6.106502439969567,19.59315991858137,52.99085734021106,1018.9468771880499,141.07136076149132,561.6394290530359,4,228.23990619242971,245.62112075880466
661,74.26337993119763,2.6488107887502967,26.44588230530961,58.33157766629435,1345.891987895161,270.2158140997476,459.9942566117474,7,331.3602948582408,178.63207814440244
662,74.53141058759608,3.2098603154467904,21.150345883164302,43.69750704995564,790.0986751226844,212.26179239471182,494.4898550267679,1,326.81275735330405,241.06162899258962
663,79.67246729784002,6.194456436506769,20.30327089637803,58.642483846986366,1119.4645549963166,247.48207493082668,409.7682845405457,3,337.9848062219809,202.56668880783002
664,74.56575228866235,3.1033039915515985,20.586052836546646,22.92456144618823,1249.5979419712148,114.24533264087306,466.69602242610813,2,240.13901346362093,226.8186080012105
665,72.87154217322836,5.926412584198246,24.155252270414923,42.80010466778061,951.2713110252181,233.8818550962444,463.3366121331067,6,224.98793041586703,254.32662205400774
666,81.06430227691897,2.2657243870795085,21.526759050305543,40.759371926589345,1128.9446180282268,199.61629681577483,436.4694630378335,3,313.2469697451121,299.50285553938795
667,77.45022782579144,6.696348425333336,20.074999539608854,37.464939876282386,852.6970754183643,242.59645353954213,513.6746502648463,5,309.74731126806006,283.30032070529666
668,95.0399298858269,2.534953370462982,26.996055752870593,47.85045161921049,896.9901406648972,245.74338990489247,467.60191492994227,8,282.1411232975932,260.4408678302714
669,53.49030191606988,6.104599875359046,19.43149047801475,53.85749968181695,1057.744962407145,203.28923447373748,550.2234720351973,8,372.33708685089266,312.406224488616
670,90.91506851922462,6.251261867292001,22.10669822209898,57.026599984993055,1119.7850009665885,169.95851804520427,337.7679386706235,2,299.50548853958827,252.36872170076555
671,92.4608519249763,3.6064563631408504,23.956918454830692,52.40876757200407,1168.1404768609368,238.98480910897473,488.66452058927,6,361.55110253452796,260.1191750993962
672,59.2660976759185,6.164053134169453,17.105994668748778,43.34306535106453,1235.444288040924,196.9922750297436,513.1551640177496,7,343.9109303317592,231.04316524427094
673,76.57312405919652,5.520884526667112,23.440781504217775,53.69016437825167,989.8830162167227,156.36075232361787,468.93707601631195,3,245.5048585551567,196.52824123242164
674,76.28559134004209,3.9223162876145237,18.83467697355865,51.2428569485085,1179.0417632758881,153.9923884271157,482.76073001907685,4,255.65339957175246,277.84615082541836
675,65.92488305282178,2.982890631847584,24.468348342502008,59.36056167936016,948.6542734826277,126.14177918438092,341.4753989270142,8,235.88940484855164,171.5951640930582
676,72.22183312409125,1.074748616654842,19.11204696424307,57.76936702931516,1135.3136967382402,174.48544202184684,535.6477104669492,6,321.56306855700177,203.43737294798137
677,68.89424154534171,5.699300094599387,24.07830709554658,50.30476413920629,1031.1233196778273,255.1346023037189,564.760598256707,5,304.9053887470618,258.8758310121864
678,97.52270443423623,1.8703944572758897,25.31749919888414,41.02746993838743,1066.8516860622885,208.8914899852717,549.3537294203767,2,367.50469616726184,207.55045760408933
679,89.35678393147461,5.1906883988826165,24.584309576898413,43.47049844167919,1063.5261811033056,173.51161470384795,603.8727059442183,6,329.75413463116695,250.88943701779573
680,92.71555094994159,4.473103567835501,22.753949944714307,44.50210640361966,759.2942485303281,240.24279690900397,520.1529605782501,5,235.1019171767299,257.3687184639934
681,87.21672064043236,6.358285550876391,21.3060971712109,46.84733666083744,831.381721170884,158.37616891383055,547.8681180650937,8,276.89702646108464,221.98583169139098
682,68.70948228782771,4.3959090010202715,20.27074127099547,52.68050427589753,1015.3812159726284,204.76751371663892,515.6090738456852,3,194.47817568094533,252.7582259232784
683,74.75479733720226,4.341104427305817,26.41310407245131,57.15174390128058,746.9081380538247,191.01848136372422,568.7550719592494,5,314.6686422284616,252.0895684313001
684,84.89374561227918,6.463741408576591,19.90151433949707,49.48881306984622,1124.6816654799634,238.95653127941762,342.2770363867878,4,439.53741714493646,192.9708033527215
685,67.77872191108054,5.670116058168235,18.888801779290013,50.161247879004726,1130.7333949432214,121.13858145402496,410.64190320219893,7,306.54091366275526,277.32807427022135
686,87.12998430172388,5.632311914365556,23.99610680509849,51.43306305000004,1049.0755829316686,157.4901127092672,658.6899657033091,9,310.059268469872,148.45709274126048
687,77.59674601841866,5.938535179617053,19.611589590440513,44.840946868676596,831.8298980863117,118.08771704527332,253.95641779037948,6,299.13412588607446,343.9215349330418
688,76.25179192450402,1.9288557535857884,19.149809507601617,40.74607742357044,1207.0208408302772,187.0201639095365,485.9822070174656,13,317.79258045754733,276.70402052911584
689,87.10959968203491,6.513577359973964,17.669187213490705,32.4456210268929,1305.5815959577537,260.57137518162153,617.2274959608068,3,292.188280307348,301.0580277268196
690,84.4426331148604,6.224937588027204,20.551270481618445,43.04850641923127,1022.0615241168961,174.72763951732364,490.67393344582354,7,330.8927706878277,283.08498685244314
691,76.3903383418092,2.9666337428470055,21.75185492831052,54.73145453267787,1076.5803067676854,174.46580309021746,459.49889285493026,5,261.37913738334447,247.8598021005719
692,91.59329803364248,4.511839052651597,22.729275182982096,42.970885619604324,1030.2607982194065,243.58622120920683,512.94216768153,6,263.45122782669813,211.40282681405236
693,69.18936672400102,4.921385424744738,24.85391873289845,47.621929625740606,1079.5553783498199,253.42747792276498,464.6879819997553,11,235.3760101204506,248.7713521639734
694,86.15935606944264,4.731006431196534,23.58069377099738,54.66431287412317,982.0661865060406,195.5714466365605,503.08494927569393,7,298.37369250449655,291.8058576594738
695,85.93101257968384,5.66771993313707,21.42738334134046,55.206894964226684,994.8153640234295,234.2357427024946,431.66189634798707,4,244.708831700068,208.8670246905636
696,76.9045356068601,7.862733563662367,21.40541297086084,39.204671478339606,1135.857640074605,146.15227295610268,610.8674419955724,8,372.6268194661908,257.8512408617395
697,83.26133022242118,7.163533455345657,23.53047240674555,59.970593564536415,1351.8436242844662,268.8987166962707,642.3264921065661,6,278.45296961030954,159.49039223180165
698,67.48886423614697,2.3755616131371875,25.817710488785707,61.27350089355485,789.9893148397392,307.4353146968526,486.66096778883775,4,201.54922185893446,209.58099266341213
699,89.240270192069,6.244139980612097,22.3789425984496,38.70150142781441,984.428127339555,226.06078955943624,361.35105793087564,4,243.22872297123376,207.06663532756676
700,78.15097863557011,7.65786663907082,20.592607437368773,41.76163130358846,822.9309272151877,95.78341893285997,447.6156829686605,7,306.75216764818543,334.01749769341205
701,74.7727697948096,5.773617041378405,19.021401996743364,61.910906831461915,1238.8037347864124,172.0884868801108,481.60113398970356,8,332.6177464534294,183.1279834087099
702,90.49009225836889,7.181960850371934,17.664384206763323,48.53146478744699,911.8393046020152,230.64126608346606,550.5538876903208,3,317.69636778634026,269.9276675745785
703,72.9565630945724,9.02454089140153,23.99880901613057,27.80222052548149,783.519880932131,178.92585014168185,399.1986776829322,8,258.88301829262787,329.72363073687524
704,65.91538703636441,7.047419092213962,23.73393557091867,36.00318495267314,1095.728049827286,263.6099277125049,423.0837681357849,6,271.43852300323715,300.27066501157435
705,64.43370826476097,5.498617191283458,23.732090575319983,47.50630374827519,1261.6466672114666,229.40786322179326,551.0676137858808,8,265.58298553756975,326.07250785846384
706,86.0600995134564,7.090176948169507,21.614021660943834,38.36957349715398,1099.5396802841144,164.67622496171018,593.8908832039558,3,328.3317568507546,333.49756414893477
707,67.19570647503717,5.2897756661937825,26.220804237675253,45.86576229363558,1030.7196815922875,201.61324053856265,437.8405954829316,3,305.8147567557136,252.80907583903706
708,97.54794181984364,5.047806086569911,20.547644516245548,50.32396213683579,1061.3711384163992,155.3083389680455,366.67829460490043,7,277.6298422093482,273.7552789209904
709,59.18070592116278,4.297171528572535,24.865807711621617,64.62254604034729,1212.2260994238331,190.8707560793779,828.4118201287883,6,267.0270110573556,259.7463195634564
710,96.96456368290038,8.126826717664215,21.88377131503137,47.09546083772211,868.8701094978775,172.27033797837242,578.3304237088713,6,273.8529986752852,274.03842649158514
711,82.11017467202619,3.363142668115997,20.174947705961987,60.72541799572759,983.2229343870531,258.73809001165193,473.2996238232968,4,300.4243170355794,271.0898520291047
712,79.03286888129608,8.064735449356231,23.777590921953283,64.28760162036771,932.0964777235699,305.80060284154973,586.903127553084,3,367.04108076340617,335.86972756258604
713,74.5508091319105,5.999728247480743,23.22890835605198,64.34309669352076,824.8202039062435,128.4405833382124,487.55433702855777,7,309.32983708634714,264.58901105163415
714,83.9913611435207,2.201387650396117,23.07091827780078,52.847545933855685,950.7437110874796,103.83918568951239,586.7156889100186,7,283.1697214983448,202.31140839186372
715,79.62365297575151,5.735298585982843,22.243835266168595,30.36710852161026,1166.1581643973673,187.74137890743071,515.9393197776222,7,279.2733029649223,279.791864702046
716,91.03301882016521,0.799946984696752,21.886320754849507,54.608248654038654,1084.990322258909,124.07921505856588,509.1271898167573,5,385.0947218707645,286.5402413912974
717,81.1422764866204,6.251016033662071,29.165115978611315,60.48399887813541,1096.6465750162301,202.31058018354585,488.6418131769211,4,341.2363189953211,208.9022947169201
718,81.50301761461877,6.770462965977982,25.55276993558852,49.189328945645826,1021.9713417479977,237.44680569029634,355.261866653691,4,348.93555555870034,206.8572239249259
719,76.36387787786144,3.815288088695893,24.168480684956535,67.44583870075249,1078.4985674092882,274.70709486334124,693.809489939314,7,337.3695179296544,297.5421799670118
720,79.43054376278933,5.247095391911165,22.335397474610165,58.598335614674575,879.9114486477841,210.06972793576406,405.8466079732257,5,297.5029692859123,223.3481856726019
721,83.0780176889206,8.908314867500572,25.021471601790008,55.68273377152784,953.5735171109156,190.34223875752105,363.99764236894055,4,359.8892968973621,229.32088381716235
722,62.89831607343375,3.988506591476127,23.553984329174355,60.86380711205838,1028.8006355453015,101.08075417134579,478.7140117243633,3,226.60933537505392,226.9264624114723
723,66.51814577894287,2.882184825886799,22.07861425832211,53.333698512608784,1041.6273788322835,201.3092574592899,403.8528186489493,3,377.5470649673479,262.2565106765029
724,87.43264094022715,7.963326804925197,21.089307024202256,25.071895006046464,1048.028178238281,203.5643630274731,494.8287209439729,3,337.1069461690316,305.16161930607745
725,81.70865438127942,8.92517438106159,21.757247987011937,45.008610485296344,979.2497076975433,231.94784071063725,568.7763848561768,6,324.2950003093522,283.4317917593795
726,78.1601666364732,5.007391343695694,12.488722792365833,61.97168027247854,943.3864898304505,164.57559492354545,599.5302900529223,5,262.1506837905955,226.88681084690967
727,80.18433933065393,7.0229260708167125,22.631802517892925,41.92408659901704,1473.6656924566446,178.24736998820703,581.4730721621681,5,346.54795694074414,316.90329634895136
728,83.47581705361671,7.682951831061763,20.53457175966892,47.76527494763061,1136.0180909398598,126.09988723479078,469.436794521432,4,357.25235974661854,293.47131890847834
729,74.60240319690638,3.515031534923232,26.778009994848652,39.55163686096929,1061.9721213928933,85.43535965579674,504.95918276615856,8,264.7795542552826,299.62320975390054
730,72.21695274597687,4.029388329264263,22.05803221243526,67.83922595201769,965.0187252690409,144.57514546016085,540.7879050897491,7,266.3011167829966,297.9963935047823
731,81.95845255097682,7.4617490263094695,18.433109741395114,66.81492457418015,932.3171759584185,121.48370928734917,324.22125760579274,4,248.31955715282766,224.2705509471779
732,70.21627222384969,8.370028557417019,21.850359537615645,41.16131104859271,980.3799109409566,216.83561477103055,557.058470011986,3,327.399474466279,204.00732255541993
733,84.08252755714472,6.125761720348709,18.861636744812486,51.47298000389084,1043.9243265380026,174.09329716665712,354.27007124161685,4,295.09214210930514,233.07885209333608
734,62.9741639576216,3.240371292995891,23.4202222471374,43.19505952235952,717.9346683905378,173.08814349626056,704.034659890649,7,406.12417053435445,299.53023149319375
735,90.29155637325644,8.974122223398883,22.872842093018456,56.149446390313784,764.5915606937974,150.7793476912394,459.54849153583046,9,223.29549150245327,191.00625792808697
736,84.72597482413043,3.938058204376071,24.873518893324803,55.09683077242329,904.4676416591564,38.371728374378336,481.5124822805409,8,256.46904312241895,184.24469325890152
737,82.56029734313876,4.329724437657097,19.627354624916304,58.117055716132654,1031.0709155167854,275.4155374373775,423.02929007621447,3,300.60127923959715,159.31095877408154
738,89.82690983945514,5.684675668979243,22.10202428868444,53.31918447707887,964.1090279272223,149.9864738611606,437.002996814431,5,333.25056812163234,187.19544642375416
739,96.65474444462576,8.10832084142955,17.904934613720094,79.35406206388468,1221.7181839149225,179.37899650750467,727.409356914324,6,330.9872594680696,210.54556622440566
740,90.1437006501813,6.707951953104447,24.104484345774143,39.72076234989261,777.6404819506347,127.25539173553447,594.0369688623298,7,304.2248297128328,256.2247547715318
741,61.59125768668355,5.829731000723821,23.556613541320367,32.89396645563485,887.2981795594944,248.5965171720317,345.0797554852162,6,317.6196181039204,192.42626607492068
742,67.20423033264298,5.9265770602362124,23.48741506308271,46.069097992985384,1228.0137611486653,207.17144685186622,650.4212900685229,5,305.92168230311495,283.09740863315403
743,73.75181422304321,5.087029337286932,22.00485709407082,34.320117344397325,1019.6678987012721,158.68173573670657,619.3242275141431,8,352.4682798508823,252.25346074265977
744,80.26091050210833,6.116279029037012,23.244318672366372,35.07537729994007,1132.7263874201738,180.3885194327988,471.87875377117115,7,272.1872517928389,147.8564547039532
745,85.17659020469122,-0.059120155388606044,26.813017324925788,39.986853458020335,1307.6870414904195,283.90899610624353,530.6696942029838,4,277.8504550279734,249.07382298488483
746,72.74256186846534,4.406785081860403,21.144717228873958,40.77811094568372,895.9293373147266,196.35152840593608,498.50559205789256,6,334.4716490882428,257.0765856126045
747,81.86766764477078,5.482643869833562,22.415935551130254,40.4538189804994,985.1028493311952,190.9133231192047,697.2579904446932,9,378.616993818726,345.8251603359165
748,72.44617067646678,2.697971832760986,18.74162110245577,55.182189504454115,959.1359648603693,152.93092569303673,420.37098110079097,6,268.28757677986556,262.10160323031005
749,73.88482197008052,5.77264663562312,19.395217115205003,44.93810938914664,706.8110493275087,105.27094247638486,514.6010609775727,5,312.0591277576378,161.53649588506119
750,65.93338903151778,4.591057558027757,22.293439879279923,48.2048542512752,953.4404794366046,191.99806632103278,457.1854669007195,4,281.0786502710124,261.47966846412896
751,70.76766753889096,8.510951396630979,25.311800640105723,58.94232774500935,1132.1593281070998,216.27425561623087,356.69595953821454,3,327.7382894546164,258.72043742805437
752,66.48315394383667,8.146039450429713,21.231157527245283,42.33677475218574,1081.088431271836,254.97922321638347,719.1638255054987,0,217.9362563402156,280.2456913591784
753,70.24126747022667,4.068388861763674,21.292250412063627,47.35454101295278,1092.8624754082016,87.57517327501722,381.8433420897588,6,282.7138163254985,381.847341828967
754,90.5364179660784,4.698324576866609,20.779344266486877,53.65759986092915,943.6736529040751,143.74518364884855,522.0129187487776,3,271.28955147891077,223.17146570527314
755,70.50601111168056,4.852104868783215,20.395729987467032,30.584321993797786,901.5854145991538,170.9629454721775,325.9299393619665,4,282.8823013073371,217.36881182805692
756,106.32382064837391,4.096681047680755,22.884914367126466,26.150944910494175,1190.3883507847931,199.8259575713399,460.0929460756907,4,173.05590516759185,273.4537995936492
757,84.93317900880889,5.390049968056253,17.508227064464066,53.461173287977225,925.4024280463495,192.74831542357887,542.1968821433458,8,401.222381378302,341.2781842579048
758,81.84836123694873,3.4834358622248196,25.842818730000182,54.92014280566899,1044.1123058189821,193.91556571563652,417.5266020497637,3,175.29022409619785,283.55230232978397
759,71.41642219818786,2.7387693301249474,20.00373310561162,70.64220134852411,1024.5002021016307,220.40480292849722,558.6801850735656,4,323.8103335000941,232.8679149041962
760,87.00309879408991,6.245422447800538,24.165710456314425,51.5809487586681,1219.2575524385677,154.83534446104454,473.09589081119174,2,235.30406113003482,299.2429819235435
761,74.24362173762226,6.259059168443621,18.190004207818372,58.19739717258095,1145.711853650854,246.70707211168474,616.0082512398614,5,237.76434318116065,339.6928944207805
762,81.22009814645361,3.3913684806800153,24.006520391638656,48.04527356414026,805.7112068999319,221.67262208497402,636.1760913340223,7,306.90114225445467,211.5605358978704
763,105.60084538268795,6.790710861525199,24.015833823443494,52.972272215850865,821.8670249837439,184.00838679359603,441.3255239269988,9,334.5623504433103,199.9656671115607
764,79.03940100275351,3.7368445416693374,23.152606216017688,66.67256841749534,1086.8364727103701,280.04539959444577,507.6732859392957,8,246.22621441183207,252.7931567446762
765,91.49273326285676,5.506330476075963,19.016714434600622,28.760071818743643,990.349352893125,277.82080177858836,518.3454226472232,10,244.5972721352049,265.05743170234757
766,72.96823574874112,6.640688025224912,22.74864456879423,54.1361625757168,931.7242324069355,246.64476775969044,561.9349295434698,6,235.25500547449636,319.20281886632563
767,41.25744150988014,4.932774870592574,18.450831445796833,71.35586730077367,1152.3441825991706,49.07216147161037,501.4381996244266,14,310.73535223768806,226.5614801353616
768,97.7080063563551,5.909481824282269,21.241710234711444,52.82034219209343,1028.1189073133366,278.9472546358988,519.0210959342842,3,247.64025040581544,270.09394933129823
769,73.73032942212232,3.9671407122248565,25.08823930286598,66.50572963232848,1007.8686080334166,239.7379261235967,475.659352520488,6,364.43560974016964,327.84494049932914
770,98.12448557996929,4.607066833143806,24.390105781212227,43.707878504705576,1116.9742961132574,300.3204318856468,511.52398669720185,8,242.31082624904423,261.19894510765107
771,87.07751935455475,4.588281138239319,22.0455488276213,49.67952505836286,943.7336507584653,261.8732295866769,629.7940193535132,4,327.09004136585,230.23910621333076
772,74.37533224105732,3.506843306919522,19.075580272231473,50.33524702388588,1235.2778478208832,278.91713387486425,564.6083241211854,6,377.2337340058119,278.50985277615945
773,86.3240773905552,4.646451673768436,23.93676313652258,27.824089206412292,881.7928565150488,243.93274250901896,570.1255639443369,8,303.4410432298765,233.4818148372695
774,89.7255444962673,1.9027634022725066,22.058143713094076,38.318221721498,1098.5393599513131,267.4346599322756,572.3070324135579,9,210.48183465649308,266.88108913733186
775,86.21809962217196,4.01769250571579,15.03905320530873,39.03124920616014,1215.0749257989767,299.706187036722,484.61912221189647,6,320.0034340670119,240.6795824055472
776,64.29775280109544,4.430249013260658,24.347889478949554,58.220660780325275,793.405676609185,210.8277369189103,531.882704357953,9,287.6840960198366,242.7830636740094
777,72.72862824175131,4.48764049500924,21.927301498390925,58.72153105684055,948.4997236221326,121.38847279609351,391.48263216642556,1,297.9178790899409,229.8575758832411
778,77.52481364448495,4.517005108258442,25.60735374394922,53.24036442706533,1171.3311089328336,184.62695499924288,626.8807656316957,6,379.30224283946967,221.3146656679284
779,79.25566570899954,4.876471600279742,18.714188443471585,58.24102896855706,1173.5866821596537,219.49727996917184,221.70395676567796,6,302.57872954763326,299.69920452724
780,86.20672097550678,5.958883036172128,12.469888560411999,48.35850587278226,974.2756599417642,203.74437921857788,491.28516076645747,7,325.6716205749665,259.49882206374133
781,81.77701000933254,6.749034148265045,22.837251575035555,62.01931669539543,889.799335948471,137.67190169202868,614.0895977150274,4,266.8974522200851,313.690267764048
782,66.64655641289899,3.7004695463034656,22.87469103004592,50.08788442632072,1143.3903733496143,118.44661874025105,363.61320663706584,13,285.96921193828325,137.48052533710703
783,83.80197851005963,2.593598289221711,16.927985117180643,50.578640474267566,1177.5323653872406,162.94186656825855,539.9779917616851,3,356.1595003720526,224.00965859241177
784,86.10585745283824,2.915911175513794,19.06450136240018,47.34407366737589,825.3004977231408,240.38697779920756,431.9233553420973,5,306.8163716022842,212.96560186357829
785,85.5979044793104,4.025594157610145,30.265653231159703,56.844504776364275,819.412952655043,279.01698854114846,463.1196734811131,4,314.272974634069,237.30263757621535
786,90.80780725554622,21.685592167804913,21.08316815753859,45.78801183387087,1033.78850229754,245.82838068888506,594.5940960639438,4,350.055598486809,198.4001147535177
787,88.33922154548904,3.4600078676050856,24.192876929128648,59.76431377198068,1094.4040950143337,252.87136435570682,519.8056925885151,8,381.50984000880254,169.63645521968482
788,84.59180079228437,2.407766671500211,20.048020517894848,38.67850859283993,955.1396372154918,195.95922134182211,296.56441321156376,3,242.20868047793334,283.61273245015474
789,79.29834288541353,4.087758345051624,15.72909130344053,39.010837452718064,1101.8940729973524,112.8958771147018,402.3574460268402,2,275.42199719247117,220.33974370403033
790,63.39039066484008,5.362853240227943,21.489225259612283,56.87426755126504,893.4795089743927,177.23897095586472,597.533573488876,4,372.90376975205305,277.78294459285206
791,84.29618219132585,6.190058931671129,21.203186319141686,49.114557854169874,682.7959601389397,187.06177940638105,544.8942718192998,5,399.6247704344988,191.08456948923947
792,82.07687687163111,3.8851538937833574,20.800365283994886,45.46108583846872,936.4148391501105,175.14737565821588,674.8135572524284,5,286.90221843706894,168.19957104243696
793,82.71578837195374,4.174004355713132,21.656077493480822,58.90057732475459,1009.4848219769651,202.7347432687313,668.2647594013297,6,313.5666901072647,262.061263340758
794,67.2325142417969,3.1466033823053783,22.79280481493691,43.92738585913916,958.6240060155316,222.0709879946475,465.7754869853208,7,317.5592678780389,281.63416884844895
795,69.18943459591738,4.937121659250447,21.54964914623858,47.9979874569963,826.2095104510772,242.65075941217486,750.3237805069489,6,311.7142573051078,219.2222583151133
796,90.53152853332904,3.3031427316183706,18.20798149615791,63.99227950071159,727.6526536181774,186.0940067816833,502.4479669851911,4,312.37942413852784,199.14637744860366
797,79.60444846143345,6.1462556264824,23.458554374685818,65.3914234581065,922.8866793448153,104.81202971777033,403.73314655909746,10,368.2428693792837,312.46363070917397
798,86.81500697372624,1.4282670161317776,16.15188473403273,65.72398210270327,1134.6483657474616,175.85611403544326,436.6360134089423,7,209.9628471945261,247.1385886986897
799,80.28318376130461,4.280740655095075,15.848927628147399,47.17874223066089,1188.4296159120524,202.1855198495992,274.32748947105813,5,267.2374355194755,200.09369924537916
800,80.29756139495746,5.6022146783834845,24.217541484104704,62.3070290498447,1178.1570076207684,261.14039610667044,660.7019008249281,2,331.9369639738565,175.1453700684134
801,89.38283805975998,5.367669032645009,23.52106081640607,40.51047172231322,877.613569727717,171.60960789079473,659.4761989043864,5,275.1884719755986,215.57908618552668
802,74.83955271782627,10.386067327960994,21.82781390477789,40.930971252779386,826.9440514554454,225.6271814199701,398.4492561186679,4,314.32350432167595,230.28393704581293
803,80.96120776940984,5.699600049135815,17.813654485734784,26.49544147375639,1074.4951922469843,214.5043949817716,477.2115711618094,3,354.3285952465261,288.1430242215264
804,75.37724711294958,2.9918908063159795,19.876267177977773,66.7286820189853,1095.2650017396888,202.19502665616943,509.56075441125773,2,380.00645497202333,249.16533802327072
805,75.65503772567685,4.809071505821854,21.211759756940488,41.36020150923922,1060.0254407800746,246.5266659662296,403.96469478578865,2,313.8723291305397,243.22555293242522
806,76.90827876531361,1.4475073330670964,17.21231809427766,48.7346742025294,697.8905088643355,166.95794016237096,324.48979687288386,6,374.47516818086154,204.23196190781997
807,82.22133771633713,4.838800501406478,19.782914025930303,40.89675658071716,869.96731226748,171.24067751782417,478.9642396223088,12,307.0931649103565,319.0392893348509
808,75.21251378336522,3.3338878859984824,23.95699101453004,56.9516524833014,995.5466814571032,199.4049588452886,467.89205705407534,7,284.8232996641126,298.8243256389403
809,92.55756125573521,6.8307805511203235,26.28191609286765,46.2436633928266,1073.082729194564,167.992674745315,461.1588759011225,1,222.8441572594425,294.8349744628533
810,71.05392697780496,3.90091945080893,20.741695742024348,36.95183109567051,1115.096104390373,225.40061455273,522.2716062600964,8,249.8355254452153,246.9573158628997
811,78.13128355838641,4.7664681684095065,24.269465062948296,54.416625641860605,1021.638028342306,164.34038478169336,642.9519658525992,4,300.23579804586456,270.051189983303
812,75.60268941725825,3.728884317191193,16.257819788237597,35.66269975189772,1049.6175709807353,211.3152103872567,469.6907280308274,3,301.2824774594549,121.24805778160425
813,94.46977884353733,8.477702703706662,23.978353723340835,41.625942746845084,1012.7298187541656,194.99136156066217,517.0442998721363,10,311.4720951460283,260.1223405814061
814,81.96554776511574,4.357514467764177,19.588154755817555,28.93110885373919,1102.8429061327724,210.7462982388353,572.6870523744936,2,391.82468599698757,346.144084735652
815,90.31844539468635,8.665114086958404,22.92203685012391,35.760418878023934,1046.9298477236366,177.01293024684804,555.4142926512749,7,337.55639157097704,220.98218123393133
816,65.14439626963028,6.628303524236533,21.25674274528087,51.78529169720478,1009.8606490070931,183.04558527365865,438.5576475552158,3,340.22330453431374,200.71977082360985
817,82.67050265869258,5.9641334546707725,25.961242029351503,30.354639618970754,959.7446801293929,204.8004633998525,509.63771231140356,5,391.3989124577785,242.880975239045
818,88.89630795623437,5.737466294635039,19.376693054980244,35.18854275378284,1012.1937137563722,210.10372530806563,554.7539820169053,5,282.1776739587924,206.92808416163692
819,80.82283989275425,5.787594596432503,23.882818892685492,49.97631083867192,1072.6887068258911,199.7899042304422,387.16486624892224,9,274.5545097642501,203.79342690399332
820,90.65480375065351,1.14465484130878,21.1614776101104,44.56393103906947,1040.1213083347093,285.2681178256542,626.3539010796508,2,361.12280478020466,263.25040765161606
821,74.82711549899628,4.442233211698487,21.52508356597101,69.92036635959309,1057.123962751788,150.46315406293579,643.1588905214111,7,324.2916573462952,291.2249194675943
822,94.0934744018558,6.690315942368644,21.44843832052237,68.33896546024376,1201.408279202678,196.78981025236433,427.7219744555506,5,297.7826893923457,263.70278780650574
823,102.9889812361925,4.902205633051789,19.46298068651766,41.32077537248846,1039.7745884119881,121.31854889415077,519.3670018348168,6,296.97203246872664,192.68464660027786
824,76.37161439560342,2.18962030639285,21.957703102279986,55.57137618403482,902.6502219290263,218.6040739333693,564.2278256671032,4,291.4015164245306,216.53946399444573
825,75.54497478599228,4.895191098845061,21.812055333634536,57.492825568794515,1132.5410178991253,144.2376731811593,445.43858436712475,5,294.95016792902845,266.0538823950714
826,94.533844771177,8.408211032510982,22.723720745220188,44.02521141975597,795.0702493496624,186.0844872061712,548.1613845688095,6,299.8603463668991,282.87017309893247
827,95.79572145730712,7.4937834310694384,22.253515437078587,35.04458463501796,837.7879928891069,181.3967837334337,516.3255626292165,10,285.12725350676874,239.5991204320651
828,74.77139972846732,4.875991981267936,24.39398364883671,49.87701550691943,1050.3770897080103,214.04455633005858,353.2081822361199,7,327.77057629246394,205.334338400679
829,75.79813182904142,6.902898554116173,24.770525848142107,48.271543251858894,1077.4595001679868,172.360454122741,545.9161315978558,2,337.3270826493638,288.7210701802744
830,77.18215391139493,4.266985959263897,18.848130034516597,45.64235503029381,813.2423164744007,170.23471511530087,389.9857583728964,7,271.76574414276485,340.6236144860179
831,66.55549488965723,1.5922568263465622,24.606317501772313,54.42316868164485,942.5773778519875,271.7928232042949,593.9202851662047,5,345.13103393663135,306.1903380402549
832,70.81348053515802,3.1510680237408915,18.440990718670438,42.492703929944014,909.0874251670512,214.2283395237263,432.8788924866111,9,236.43140744667343,349.2207559118694
833,69.95859233247933,8.125777537016395,23.763567664413205,38.480024524208574,926.9985515677605,171.9474573988866,483.8714566338855,4,325.1878656708102,218.93068616017976
834,72.32202434895872,4.452013836341392,23.859216354108607,51.090829703498315,1141.5396664409418,187.45831640943845,637.2278913446576,7,327.68758643543913,301.5698900959937
835,33.33640671832015,4.513232041249964,16.26604932501249,53.859700925688756,1105.9758195320878,282.26774761353727,549.6381646528845,3,295.81347251623964,314.4197746609724
836,82.3421473253652,4.400323607450239,22.27893773958823,38.23355056099947,997.1316730219439,188.24175608744514,392.05260804254544,7,302.86947573436265,225.64381846355676
837,95.50500492814076,8.808273179146013,20.594511659919053,59.28090610991081,918.1057109327608,165.53616884238062,398.50834292009165,6,288.3264540753348,208.7183530373852
838,70.0164595926121,8.251917830724127,19.723704226193874,32.29518862223922,797.5525494669789,165.75019249368037,440.0697211376274,3,274.61741641288324,201.94465452871293
839,89.84322398476584,9.437560466896269,26.052556992097017,44.21886541284357,1213.0277408172924,172.54367595052113,539.4644083356666,5,300.02529508599804,245.44963035564788
840,77.86011155774491,4.681909579199897,20.038962578087745,47.41991463802391,1088.8170850427377,170.2751138786639,535.8299814932768,4,272.6850343721659,174.7153063915627
841,79.50536290347567,5.59124897749419,19.58086921264585,43.6377628734807,893.999634389029,136.01760758253783,415.68976953371305,7,356.976688118658,334.47314489993704
842,86.74819492166604,1.9667149011584177,22.227084820015282,44.349395264488074,1107.9399246437338,143.7899951526511,383.2790514385641,6,194.87288975734933,185.81127718715044
843,68.77277978437701,7.953868852236549,24.05676923889525,68.71074482308114,989.4664569138062,158.53398128193152,528.1583405085835,3,293.27119660549755,271.09116430871245
844,83.82409746184051,2.66444089746413,21.57505424196962,41.49115910961101,956.9335742706486,229.57855092265487,481.8139934209838,3,204.961908731106,136.84527297054638
845,81.66452208213056,5.433551127525258,25.499111637007758,74.41221722471914,1065.2817292434404,180.93813563635632,715.7215887447737,2,246.8075184503602,352.26293125361053
846,84.92451264008149,2.805394944734312,23.592926985892273,54.371267797310516,888.7752625130913,189.641915545298,503.6603656563079,6,271.1595492900553,312.47186403730353
847,82.89168643907819,3.822266346522608,15.465366040805709,50.92055137311992,948.4365220734835,263.50440126274486,681.4252827700275,5,366.97936915578146,170.31023049053096
848,104.55300139910895,3.3254751379005993,20.411599109478974,54.76240353387666,1018.2191596299319,264.7503574969209,382.96164018956597,6,357.6840549679998,265.2522843182773
849,73.62260015748684,3.7842494786483645,20.3144737019449,75.29927749251952,925.082321067218,185.89375284311325,342.67870604382927,5,303.63462108379383,237.92229497732097
850,74.69003044998182,3.921754593702043,23.43808286028827,40.06406996068552,1100.3627815401287,168.45682446582956,387.9914867474465,6,303.1931334438254,257.7510933570126
851,73.76859473575236,3.903462410149846,14.125548830877666,38.79582081063611,1280.3599755517391,156.7784843163231,618.9129781453466,3,351.8744108023616,281.76582855359396
852,74.44522880839746,6.666667823560614,29.647029126153164,42.45133803428079,886.8552801089286,234.63878848541188,675.6101589693534,5,356.56772827621154,209.97109765735837
853,73.62612872693482,2.79027441387496,23.59307828468263,50.32143146964561,750.2312055543933,189.7646383238856,421.7820546047366,8,271.2601351876535,247.31927922563173
854,91.89016531107552,5.441082854027734,22.446630411753073,32.74228875187427,699.7389748785608,180.6752554838605,453.94339702404426,6,333.6380920450334,159.52463871228036
855,94.20504247989855,7.435918304611117,25.544703149257437,50.22339239318608,977.4297787757527,159.31677124312236,383.10190897875003,4,252.17757053824124,254.15926762348897
856,74.29253706250523,3.9736072709732078,29.030962158437873,66.93547133413672,900.5253114810725,161.5166795494306,318.8360152881613,4,280.5267037301149,147.0478362126051
857,71.67644426895771,3.564162218504796,24.61223993376521,51.51407390624777,1031.179075160062,216.00290957466223,571.841169777663,2,329.7101865743022,315.28973838676194
858,84.71415556386404,4.538950749639499,24.84643928941486,47.07314541024723,1019.8896508039152,134.22808670563688,522.3020302962163,6,267.1150141410952,176.75880696144213
859,74.47776955719029,7.359450416721421,22.392070073393146,43.81839551316372,759.5174730078855,249.7434346893969,501.04879826738755,10,282.250479976991,264.7159624517683
860,86.32931817755511,5.388215261906716,21.575422739899157,58.98511704551564,727.767425577789,173.30776780925407,359.994346283662,5,217.06318740791926,291.43143105684305
861,82.029230208513,3.9375714107848028,20.572613667985298,41.74167226761952,1044.3899860519143,192.51820278741036,663.9956681828661,3,322.541049381154,343.20750553559935
862,64.84255885002769,5.96775330237608,19.521664024856374,68.46395920599248,1020.3143252079935,133.15110209297228,449.6643261950527,7,255.87198946312907,338.66732363853777
863,95.47505201330061,2.7954157003271534,19.938957700901508,69.33359747714357,936.1273002450173,199.38170308788176,553.3626424816475,6,258.9434019755948,319.6951261991945
864,97.95877673095522,6.362719020885896,17.94833210697105,52.567507986617876,751.4284622301543,183.583952865472,354.5438594755276,5,367.76180883859115,249.1980269297922
865,73.87211309515614,5.817214615403535,21.77238564794493,49.88484911923355,1070.7086894147487,197.49597005717666,480.9474810379963,6,265.63317780393635,305.7827435833414
866,76.12298440064016,4.384383057722232,16.945997268320838,60.30659808241559,1190.7849318135916,273.58544491809454,529.1374456238584,1,337.6243276905955,263.79761042671487
867,82.85865390724905,3.3228284031055377,22.572749572431132,60.94798502227325,1041.6973660328383,208.88490228951198,532.7075218053308,5,354.9614172695174,268.05959763162963
868,83.34456789987026,3.2266381554330854,21.891008175872976,41.94008268940584,872.8789164152403,160.2670407927098,515.4648543236625,4,345.8649248304656,218.98912673991475
869,86.5854427267283,6.06963467269182,22.440805895160064,44.73444866863298,1006.6828248356727,164.43400447267157,549.4522492048773,9,287.54210342169586,337.0747611348829
870,100.1020453876635,7.457961004978124,20.433605289940022,36.77652565316704,795.0828878599473,229.75655929568842,386.9479543967039,9,278.64021336274993,209.85649866283194
871,78.2305277250595,3.7253845059424107,31.23058111054151,54.09064938334057,1158.694107075819,264.9346645496712,519.737260543966,6,254.33418027642597,196.47975036055212
872,72.01702755461547,5.916773407102968,26.08034770054094,56.66627883456891,1012.2766501794308,214.0959010375525,511.37576834802775,9,211.9246301109338,270.3822827779441
873,66.20680771985472,0.8259459627958625,18.26637249974583,36.50074362138727,734.7764632370152,234.43563722773848,523.1672684195061,7,338.6114050707795,160.39708626085604
874,72.69069960058081,3.830764538685601,22.698604262280696,45.44801095183841,954.8988459334477,230.48688616683526,507.23452173191816,2,333.85969992665946,255.877984722487
875,79.66873027126204,4.937882134258196,20.17598157118803,36.527460824186505,1069.4952265351346,270.95322066787605,372.6787226086602,3,323.84875093323404,331.73159174547936
876,97.94557863517788,3.1806331660363325,18.956560819877758,41.012001897561625,950.0428568536717,102.52049136369837,368.22002478910264,4,158.09352585851968,270.7543328927219
877,74.82388700963828,3.1269872504208083,17.979783786628197,55.510170602262995,958.615641783974,233.36094696522642,278.57318141154485,5,291.1393147959771,251.58096226521346
878,82.23787951638899,3.6644408870622276,23.29665007227776,42.6651793332172,816.3396689429093,249.1868021951782,581.7534509845298,8,331.4768238095098,208.00045315882303
879,79.83577103927247,5.584385456652746,19.955859294791278,46.99174043967702,1084.9811480622484,133.06381469322133,582.7657509735199,4,364.3276560459915,174.88634189671973
880,91.88393273448084,4.6253419631872505,24.90347807207561,33.726882720526845,902.7296199971294,155.7165907996792,584.355029122212,4,314.94573042642764,293.17791228622525
881,105.26932425873622,0.5235375333500558,24.981346643591316,51.869902097246644,676.5331934492451,157.46086256859235,530.6789962461452,4,309.69462580509736,251.39951479035363
882,74.6913122707968,0.7585996947298677,26.12174315563435,49.55726680155351,944.3113943994409,163.56049018113083,286.68807822818894,3,266.0578727817226,281.2264455034328
883,75.10560557481777,3.786269644285649,19.44283970177769,42.71040749966838,1147.172457335553,175.9141474532237,397.3289508214734,2,318.92777959094815,140.39180379996816
884,90.44160877069072,5.915373172107104,23.42609683207603,48.10985702317526,941.9605830100079,212.13014065274706,517.0415417593111,5,288.1583455557925,286.5996215804783
885,86.81891489626311,-0.4950096854504693,23.8973626499269,51.80294880503445,1260.697747768528,243.28373255836848,513.5518002791796,9,263.5317324682027,349.28897746865334
886,98.46707325736034,4.000539647696739,20.577465474688104,41.85131851090656,1064.3451922822776,254.06584788842682,477.72517868479787,6,242.12873517951192,317.0652937421143
887,85.83928185325964,3.9475042869651578,19.684684127821374,35.23737455998221,1050.813724342055,158.10884694161092,536.8917202908247,3,252.71420373852942,264.8329663258026
888,76.40707909212941,7.776675556416896,26.828561997327917,68.05574432686815,980.7402601123587,157.76485006485086,501.16517076852455,4,316.24603131851285,197.7763730810556
889,85.9065483069231,4.229956376574273,22.68248762719616,43.66727295289727,989.7570688353564,265.79109200081115,512.0770465551361,3,230.60612685563143,256.08983202094356
890,91.08703580582907,5.765977969481857,23.907903252135213,49.032398968131105,960.4864547320744,232.33719677093222,436.0934667167984,4,285.29461145380253,257.7044016502758
891,88.20482181197364,5.282514280174927,19.53377196451622,60.108397350203134,954.659591187621,204.1432420934498,598.2010986121591,3,365.39046646790274,225.21942008863647
892,85.07274031107298,0.7388670403855988,18.34214660043342,85.29055187570484,1079.6300743100724,223.66683377774837,456.9228391319616,5,228.2940801223561,229.03733682785364
893,90.66674689589154,6.536414433263475,20.29165067652367,37.555135501111344,859.6253155314151,198.50981090742798,366.93509169793737,6,322.46288780394366,354.9282952279621
894,91.69295590445672,5.430793010912576,21.62793583783001,54.4982721372651,838.6159256913611,226.22923415238074,422.90009871812714,8,327.3589740476818,201.71387046714838
895,93.82158991037527,6.016537279349179,18.807339979547955,42.92447714705894,831.5207423686934,183.19666517471296,465.153380863802,2,285.4354106681939,228.55620808681323
896,86.48709887589642,12.852475412872653,21.970465574048852,44.61209695423289,1306.8481821515732,213.44024672196153,599.4002788368847,6,331.106759326578,278.05538743671485
897,78.32881919683146,0.8317741210028231,16.934484435794502,42.7978797899321,1079.551435250587,124.47269748152519,495.7732001565207,4,290.5981242580199,359.0454409684237
898,81.46713686433323,8.449393299522217,18.639857732590382,38.743450321994146,1045.6738302520216,165.61078525872844,481.3851781034351,5,339.7638405019502,234.94777522785722
899,92.06508966508358,4.425104961199289,24.012733744830626,49.58708638215339,841.3727994559853,166.1494411604828,375.13365752373727,5,246.59582801963066,160.0570305616566
900,71.83064329012764,5.574657808806019,23.81137156083368,35.254973129517644,1093.5013451012244,181.2804983396543,578.5482589829576,7,394.45248463898406,143.1708557497908
901,83.68673308872901,4.908975509397516,20.824369703839402,59.468075665118704,982.5142980320007,153.6743372610126,434.8047845976614,7,371.8625293234444,376.0053954411084
902,76.0666118767264,4.151527333203913,18.94670707276914,50.550029360333745,1032.1253411697626,173.32281870884592,489.9972141058664,6,188.51416925829216,154.53285242738494
903,80.28744822934817,3.8603341435224827,18.917789345421966,54.2243497290144,853.5069526204666,124.27929688009397,648.0183076881865,5,358.621245998376,253.7988604440426
904,92.78451862607298,5.659017471146019,20.88019526217606,45.33811388053777,1024.0403286126366,227.43502381974503,550.8763331049305,2,271.14899735103006,174.37042667339898
905,81.91099068019903,1.9656526066566418,23.933555474935876,46.327960657882514,936.4249692690275,195.87432405443028,337.17459522848253,0,371.62549099112715,210.56370244509878
906,80.46436548156149,6.501158335043531,24.784737074032975,52.87563905167328,885.1583264454719,114.73961961119916,323.0489763647528,4,350.44347513835703,217.58722668977663
907,66.40143859020081,4.167611190229492,20.510404793554095,38.35949367594175,1110.1159503710874,158.25850447266635,493.5689549880754,4,245.64163671418405,152.2357357794299
908,87.46253566027221,2.7398613219192844,18.53952272204565,46.42009565586664,769.3438287204997,216.83007137810836,378.7259385125195,2,328.75426552198167,310.9515835915879
909,86.45484181141076,4.099974284008373,22.803530913599,41.40386486121546,1084.7164396471226,172.84890268071052,564.8546747632997,5,264.9578507231868,271.53790025712647
910,101.6325472330546,7.514298433725146,19.529395088122453,41.094311894089856,1102.6729200329494,165.15292699309515,504.2263064964979,8,326.90191819624584,228.6476384834076
911,76.92221765046999,3.929329825967554,20.445242083416392,28.901617593743584,868.0534486673139,196.27036614959619,516.5384769023863,5,302.3017905056333,221.25753774634887
912,82.1915032766394,5.716907236419241,25.975828271311112,63.393265894799995,876.9507308301299,217.1798767589108,429.3256818357647,7,263.52549446192967,304.424647662205
913,82.49383683710755,3.5380874485690534,24.481346285697306,43.13461246846231,966.5461478100397,128.18237714804195,674.1383655286705,7,233.15093597620807,254.49932198634627
914,95.77453279763475,29.9886087033666,22.473922936754356,61.633760551635504,1042.305431569333,227.50642406089398,784.2593728010459,6,311.50363415727264,354.2835476512191
915,79.04704467613048,6.371015477580408,18.18424299666183,60.68792321394292,977.0717512278662,159.98533591963115,472.14152762432855,6,323.2036203214446,227.61882672368557
916,82.7902152577034,8.697217666592824,22.634189702411977,37.14000293483507,1065.0343690287818,199.10360158751007,535.3039248415001,5,292.10767218943414,271.2789557789481
917,86.0789650971654,4.648872109001569,25.18797187236258,39.11588764327154,1264.44694788061,198.2289929654245,509.7417343064313,5,261.29375155242394,188.42956085803488
918,81.86609123156359,6.337309609515813,20.873099002703395,75.60502959355684,923.842484627543,173.6466940880113,474.03131365589314,4,275.83929547085756,228.3375950130992
919,75.53566385449471,5.196135079077889,26.053342269960147,67.50925941927143,742.7230043944869,148.81701269346428,416.79295322672033,10,245.18854503732513,301.87545262187894
920,81.94089992898307,7.591743563726029,25.878235868554622,49.68481486671896,1123.888537454598,185.71567259538682,391.5032012519523,2,336.8051436648833,308.9409486591029
921,90.73631749859771,3.5623352247825393,26.99119849643042,52.573731064173494,1252.4971863891294,281.2665154537598,386.44027344744757,8,192.03344575220746,342.0656513858676
922,69.73484700588939,6.490010625754563,22.915729379594058,43.691535970528115,1058.9152544576687,131.91624847681845,540.5240025549145,2,347.5862422501031,272.25300929663797
923,81.32969674146877,4.610605407766637,23.762175099418037,54.3235271420034,836.8376986969498,284.6156509552438,448.03255217963647,4,296.20311814146083,311.78804409695283
924,72.99879185060827,4.871623645783004,26.24256186499327,42.82818099277529,981.4161455147199,187.0139414461734,242.17071498594697,7,326.0820705865137,281.19436656277867
925,91.95046628924842,5.183504968896746,23.342181811206927,29.676462357016153,832.2214773682551,201.76857085443194,544.4858220598322,3,330.987806203318,229.34864171386704
926,64.76813095216225,5.504480792853355,20.49629767662936,36.78444213488949,1096.4283240944421,145.66445943076363,496.1738717535844,6,305.86459339821255,174.29589853819544
927,74.41078152728412,4.767541913756084,20.654371490416416,50.21092747850587,797.3064395952348,161.43652916612595,634.6673001401145,10,280.4985406671076,238.42680837405234
928,83.7721187506452,5.429426366341053,22.71566486132122,38.68932764497412,954.98068197577,174.85451749809903,537.3122397091009,5,355.30664977333123,192.7354489895032
929,95.65524029234341,8.156236115124369,18.128315734161344,49.32722535086465,849.349326055914,147.7152514561044,352.13264036897027,4,214.2340365575486,302.72970321439095
930,79.34249738927012,6.970899371230437,21.57022325390742,39.25338960567137,1019.0237027702443,189.5541021314564,277.0323359270019,4,365.089638332271,305.5675933496656
931,74.44800473306802,6.738309184993793,25.28964135469076,42.176460774980065,945.0487484293363,179.64920540966145,428.05276156620624,7,243.83373062916917,199.22372326872815
932,98.8115706944059,4.088920947952259,15.426238446504158,58.531653064131916,1026.5143154875395,292.53905712178664,437.4892579306347,4,283.7196056913033,305.6072842718272
933,65.51986099583756,3.2215183435433516,26.603446305383546,52.474805476401045,1003.3525832449549,141.70129071597694,594.3159201000167,1,371.5656306450685,190.9847621681386
934,58.01194043379918,6.9106011164755055,25.36712265610948,49.90335578686653,852.0011458413835,205.13452583742935,499.1129067710427,4,411.4732321456167,322.2314223315245
935,84.40014450053333,6.752093585059589,20.62070615250857,58.78963973070651,1094.0315595293532,212.39231409509125,613.3688498098509,2,309.0985545939429,241.9168282740583
936,74.97945775647389,7.945341351501964,23.63017248361543,54.806085933473476,992.6851522235327,146.48397256740813,367.5166944297365,12,232.2697282920874,272.9382760584964
937,69.78767182869287,3.792038748061541,22.00944318071898,64.46563291251367,851.7206488201149,234.34137477264193,596.5264384380448,4,342.69622110143405,322.4679485841737
938,87.08356447299353,4.540902689279306,25.689971105316047,45.401407376848596,1336.1389834308688,180.0836493559186,572.0989153430919,7,298.0485361875247,279.8446851750802
939,82.43800713771199,1.7210316749491317,24.948049428309822,45.70365021472492,1071.4645250075687,75.38051742084664,298.17658885688036,8,246.8981666862257,243.3205166549818
940,74.35921369263272,4.215057787878254,17.799787830450974,36.98890733608655,977.0109169901042,232.99248060522825,632.2617841260773,6,310.9585106845216,293.73337486385515
941,67.19695601329106,6.993141021158895,23.76178724039253,45.7101928262758,1212.2806790052734,144.15295579488182,509.3458491766353,8,234.5130249005527,201.62694391991602
942,88.72457328280144,4.067009241543604,21.383116439070257,59.64769894302446,1276.272341407991,147.61125269304506,539.2044503868506,4,309.7523540276109,153.5502973492085
943,86.50201177958661,6.280959590401648,22.2484977115543,62.99987372262134,978.1975866529173,234.3951041446199,413.5103887571577,1,253.98782445879266,307.30138571546206
944,79.00824136220618,4.618993788004377,19.815484297090553,59.60305168086668,1052.1096229652144,182.64192587907752,627.5247012921973,3,201.6006280621305,184.36753723548958
945,98.46636996047665,5.648114056443121,27.244411207362507,32.05808133450564,851.7995772995589,245.888607527575,381.414767076113,4,216.91380261830875,296.0925185214415
946,69.29915233673847,2.7046172203686654,25.120185459707727,60.831452126607346,977.9210873847983,260.50830476826593,583.2092018373946,4,269.62012428478226,257.06163812354333
947,64.74474829075261,5.170418899267802,19.780686508081097,31.614813767279294,970.1406169360196,167.7535769838851,582.0607475908671,5,325.09339684179463,249.27513838709888
948,73.08091930118755,-0.9822719418014465,17.996168179269304,58.98117324122347,1027.7240550432482,239.66312479775152,402.5832571827778,6,362.7034667811777,202.749629177598
949,79.54413983644503,4.62620768367603,20.842982107066454,46.32215473428945,1049.9140717955515,162.22695993035592,698.3373599422574,7,371.3783179577466,227.4856576449413
950,82.43339449322691,1.7390535125697197,23.303507938273917,57.02533313933856,1083.974267324209,311.65579585660885,523.1528480217519,7,224.40013434458245,250.6802036660427
951,77.5876394214367,7.411989033093632,22.72061753183867,36.67551652105434,1035.6463984449938,165.35214977343924,565.3892610271024,2,288.77341811159715,259.92865058371234
952,83.52055396514297,6.554814705529022,25.75939847430473,61.71167632706147,818.3886060056253,251.3043720480002,347.28792046642445,6,269.4882346444184,204.84758116320444
953,67.48460575809555,5.933341963932162,24.369759166542558,35.35025253895111,859.2299341388373,242.18950129407878,711.7730003008564,6,294.6839538093591,287.18110408868813
954,94.4376460407326,8.04201245431876,36.09392630987054,43.315450891468224,918.038857080449,215.80439110544668,377.54430597749104,4,370.52309131789923,290.3587341156298
955,79.17848821607431,3.1021669583503257,22.980566201831312,40.01905372230965,957.6639112115157,166.47284192916584,602.488643276593,6,308.05759950936556,274.1943149324408
956,91.17295831588127,8.494726395831115,17.83210380936703,32.457151471775006,1157.616143570817,192.43012540292955,400.52282820683047,8,343.38834802664417,228.06599456936104
957,83.42725346377703,6.864383128520769,21.412904406559296,50.94527567588468,825.5591519720631,92.3205943527724,438.10111971523173,6,410.57349764875704,292.97322076257626
958,84.56753219153784,4.526889425562108,25.180269219725997,68.06089117836962,946.3877427743951,211.22100191911252,578.8754043885447,2,221.75709045142156,281.05297051536803
959,85.69767280232205,7.271240294365889,21.84543121442606,76.66905222320008,1142.9514247321074,217.48076655141926,602.7552713675157,3,276.25293718935865,152.2933712853462
960,84.47708560017315,2.7874129751767316,23.50927110587124,50.971557870862476,955.0183788255082,206.67497095306857,372.8715750885898,9,328.5613078389122,260.5658514712772
961,86.42722759867544,3.3509716769446527,21.043755054261602,61.16681275067522,1069.0623474764236,51.33469143537212,609.0472169056994,6,313.32757219955795,346.657824700354
962,93.29152530132431,3.782820553520599,18.910564454374466,52.320946379285374,979.0686935608145,136.71817774550945,604.4980495133194,8,352.43295141066756,298.5962546831781
963,81.9652116970147,3.9420445838719695,21.629967807861668,54.98883194768213,1038.5174885987085,162.59545085756687,406.20465911551076,3,280.8098390069265,307.67273204397054
964,87.09003757588512,2.8868847144794945,22.92714232909796,46.57851348872761,965.7291184285689,214.58294665945232,659.8647593591111,5,310.2997151833314,214.9438894135459
965,79.10264305712774,7.4461661341906495,20.03293684161567,51.950769254226024,1100.0598209092532,214.46694528214923,354.3142371751962,9,262.1889156294483,256.28206180737595
966,94.40117215449473,4.482291199260336,21.292866265429993,55.374787046064284,768.2415388890347,191.48881040144104,437.5227417222385,5,353.1931732038943,240.8431950241378
967,73.2360769794073,5.7050099367137594,19.18161027404205,44.215402711236685,945.5031987417183,231.76227683019783,547.9002624091988,2,302.10463670623915,249.88824249442663
968,98.00940432910815,3.859297267172639,25.357734752692288,49.22505700107012,1044.485901504146,148.687881234855,414.64337152973934,7,370.18851301579645,224.28503460778703
969,79.59842049355656,1.3587933989029657,21.1166327272359,49.41569881002512,1080.054287200929,230.51175028469981,526.3819085679341,2,370.5535531172761,188.2355163304582
970,65.69224897881952,5.540114716782844,26.35826663537855,58.26403317330525,1223.9428934130742,223.73710524199456,524.1076078803295,2,235.9190878947162,253.21670204080615
971,81.2810441491079,1.1754900491604463,26.586243551622726,39.339678283723195,941.3462999701635,218.87773664189552,481.2925730077279,6,378.2478817514338,210.96811887813703
972,73.1894834252512,4.862731907829063,21.75686210583477,49.48457791392349,1221.922264279131,190.8979784457172,583.2400538590559,5,346.5543260163422,279.3011872027568
973,88.40643548988724,2.263369922334379,18.97465380235795,69.12005469052697,901.1464260010495,291.5371912415631,477.16392073423606,7,292.1721496625224,248.46561903079495
974,73.4737602069761,8.974551998461616,15.742306366799989,61.640601525859374,1199.2969617316965,224.65978442449392,523.1541068813806,6,342.06137533659705,153.64022813707703
975,75.5381656678522,6.822725444349444,17.583888780919626,63.49179048888705,1122.6200690047558,151.58320683732205,614.6471877487902,5,274.60564628198694,319.0914681521418
976,61.10459269054469,5.211507582542961,17.878495525304018,50.24431840178034,862.9812130551666,212.41527378679922,579.068621002584,7,368.0522798829962,271.76601901765025
977,75.47693680750923,7.527413355309337,26.135408882384514,53.20997563686023,1046.0558855877732,237.62416885371093,578.6017290814209,5,304.95923469297793,227.10183858210186
978,55.76120673371044,3.3073680450685283,22.34747376168084,60.02236166702925,992.3146246701713,170.59457005378454,385.082039778322,5,344.39771226030064,233.18067717988765
979,64.16097176514276,6.086958757340186,23.168813572275962,65.60255529530932,1093.83768905125,254.46361234655495,552.4792575501322,9,268.4572855749983,188.59398299629046
980,87.60414656144297,5.399620867437427,15.338736973194623,30.483970871171135,966.5092617350035,219.10168528580053,412.1501209030495,7,314.08540019997486,246.87910754208136
981,87.85800158650832,5.52804016266734,18.406100712348216,36.84558692950154,953.9130661507403,82.87608311673264,371.8585020221974,3,344.2972161800176,284.0590066676476
982,84.25457561784965,7.544707000213536,24.661239329338862,63.09444101402648,1205.3641874144278,214.98359886689633,492.8293653715032,7,315.38752781031167,337.24587313873565
983,70.33023856870787,6.464984205559604,22.860322337147757,47.23110644231196,985.191865831649,179.69854227936423,409.570481334841,6,328.0699373195874,245.56631081685748
984,79.5228864385802,5.577447325650047,21.55838416394321,43.282792107419226,1123.9633486287648,226.8589907270868,579.0617718839977,7,262.0126864470701,252.44866365990114
985,79.96397460909432,1.6902251275434077,23.694527075800366,37.45839013004396,966.1972772433701,247.2107420125907,581.4535459695325,3,315.22686992579787,309.62599900199604
986,68.41635310807457,3.0799074094410726,26.907393418407445,44.44983298455891,1249.9994888841284,209.7581023570909,309.7373763568558,4,262.27032154832995,192.05927374562893
987,95.0339830176715,4.754582132808552,21.33687260938885,35.97630716576175,898.2498055996759,283.2626116972348,417.169746042311,7,299.08190914521765,257.2808069382589
988,88.77362290575671,5.186744748553302,22.20810940797421,70.91094272732477,907.8784703129223,191.06465577182522,354.0213328082001,8,275.35334213594666,212.18732594365014
989,77.79035826170336,26.63168094416647,22.577790756193917,49.775639480194265,1228.6775771673854,231.24089115269376,453.73707234071094,5,289.76867598259224,256.55811006045934
990,80.26885838994531,9.823353351156843,29.176328905821975,49.420494582372825,933.2580413657121,240.24712868186737,545.5175669868825,5,212.41866651853792,296.8373619720336
991,82.08382807947552,8.032788110507145,15.701931206742923,55.880766751678316,1240.161145924659,195.13270155536335,475.77119018216115,5,301.32330448078375,167.39164232884588
992,59.58265131575709,6.204236640784967,24.049669044366425,59.6234516926657,1133.7760869392218,238.93871539888912,441.02407593328644,4,294.6235096095957,305.55812371183094
993,77.52822617479403,5.144073722567489,21.65559325372281,59.45888156554639,976.802544015875,170.26635064189156,630.017652681314,5,224.23059867603519,267.9840847039681
994,73.18015752002202,4.575582060197696,23.70031517855254,60.73621943907572,728.0059791974262,178.87157904893908,269.5142827403712,5,317.063297273632,256.9954390288732
995,69.98379990105084,3.096163079955529,20.02788233801583,43.69154449209144,997.1022543592246,134.37556548318437,623.6871893518224,3,341.301146148087,317.2999832362012
996,77.18899707114045,5.154961037037725,21.853104907424648,47.02133195043139,1015.2445080300137,212.07045581850235,445.57117068445143,3,315.76370354746666,210.46664998401906
997,97.97686526849523,5.515505080285501,24.134231738396487,57.69031655442276,1175.0826599956558,216.2625837927172,492.18909898872107,3,339.2842124786365,183.00962746698286
998,86.4084286126701,2.5164788490367513,31.338730603131523,44.7261093836038,1238.2670764360169,258.96315792896144,447.2636662279891,3,273.650936583808,198.77871862351117
999,74.28821010217203,5.668352834489795,24.424108568206215,49.94893367972775,897.2519231284379,239.55700021779418,654.2888105539118,6,289.36087436389545,276.63532021760375
1000,85.72582781356158,4.6894819023505026,19.455803205908474,53.987637644248146,1120.1772645982273,185.76022216762834,376.90215031947406,6,303.70877506235985,225.25185457408588
1001,93.99355436586002,1.184384884245218,20.72872095393189,57.85185082310376,1114.8103234020025,141.09101563328616,501.1736369721936,6,307.29951805806417,206.3232353876582
1002,89.24633682912769,3.279229978440996,20.63975767484844,32.22319037629799,1161.0119053615667,221.64252012599871,552.7438651859997,5,182.5164071095336,201.1323633084155
1003,80.59630369920174,4.172788933156712,16.613070482109954,57.147456498889454,1074.8034868203317,255.5376586207321,338.89972321148326,3,253.95571847908352,258.73787304409694
1004,73.53063222294426,8.775375314680382,21.00972942489569,47.66275942148275,708.6253463557346,237.75924869019718,408.0101829553846,6,350.11721101398876,248.62304010363437
1005,86.9822331361359,6.113106249067516,24.198487245465234,57.07457710864381,976.6866351208361,254.22387624286438,485.18214665017706,6,260.8833300075227,179.06040023556915
1006,83.9348538542175,2.3290368618002173,18.177303642769616,57.76931692354829,826.6438637624627,189.40552344008788,411.33349653156256,5,287.6540581912969,180.7290233199397
1007,88.95193220027733,5.972072578835274,25.145447953151777,66.07915061119158,969.609134062289,176.66905159121774,418.440822878085,4,297.3935538397071,223.65612220202414
1008,86.35171801681969,1.905392022123269,23.463324463253013,63.53453647621203,1147.000635420084,163.15493238841006,465.01373369235625,5,232.98243243480374,295.9046459608862
1009,90.49552715319335,7.165382107774146,19.797300034086888,63.46571662610296,1045.772625381246,197.20517666932022,564.9581331646173,6,379.0082093848943,228.70533789425477
1010,74.64764788439432,4.057750696364243,21.575411087986456,64.43670319166239,1172.213629959615,196.07046020155903,465.72822231218555,4,298.4345120281667,176.1758847651879
1011,93.17394065634326,4.812727622521658,26.7949654229231,52.91378984815946,1051.2630881070309,210.3338814269558,607.8426194472946,4,257.1769544706411,245.669032093255
1012,81.975996046924,7.65159329508438,24.2006434405176,50.321850870368394,805.2511090496646,193.5351271482246,400.22422173406454,4,332.4228247979385,251.90247531094553
1013,100.75260872625265,2.4256728628315,22.026350964694444,58.728170831783345,621.8729490140897,193.31861351366143,374.80777395265477,6,285.16379935032415,175.7472162905572
1014,73.10812181910433,2.2057636297740175,21.286950049117046,57.32080951433022,1022.3213142519386,161.1652973513928,692.6345405721133,4,302.9387975460727,189.1104029807891
1015,97.3596380316525,3.8328013473079903,22.22982721135498,46.9093376326174,967.9110300473252,247.08095067757455,434.20418723344886,3,370.4427654083936,287.19691917618195
1016,81.97910783462648,7.076757702038633,20.46470932617309,54.04823408808268,853.4581390927177,203.82590311218556,368.908799292784,4,272.9403258724689,188.4786103376395
1017,73.48581996385552,1.9613078490463152,15.685751482842957,49.64903533215406,744.9059125522933,191.2778032857359,325.79460582281695,6,357.1392496492994,289.3041362345376
1018,75.16114165945679,-0.6643111962211377,28.12653373160419,41.46067091539944,889.7885179790936,162.62853733753977,607.5103453808939,4,282.89014328893705,172.66337560565205
1019,76.7965269180568,4.097682283182002,22.465974997598206,62.9046074137635,970.8262772702836,133.4043444804457,465.8695485339941,3,303.4126784152531,174.52942014116297
1020,84.24165946401916,6.103481599821841,23.194441795367613,50.551992425300895,1099.8816735559585,265.39820962746717,474.62902649336013,6,315.15647265345905,251.15732749846117
1021,85.228354880355,7.400523499477659,21.826276750369274,70.48708257698851,1028.294662235197,227.73193540659037,484.07982884133605,6,282.769302624017,212.2680911953156
1022,74.26299996061421,4.073677275829202,19.794649597826236,33.745077298001675,1241.2100870759093,118.80410787150164,601.2942884669781,3,249.16318659349142,223.26074780516103
1023,79.75645407739017,4.177146785767995,21.44222655715369,44.432212271566335,844.6593915931909,238.15711503548283,482.04701660240795,3,322.6586424173172,257.58276359507903
1024,101.42270358611864,7.307801468511494,17.201815713417066,50.326388366908716,1132.158833808615,246.12405851165545,734.4053778832626,2,356.07435162905614,221.7927745591409
1025,97.27543170100711,1.2605166006091588,28.831259494159916,61.37381097628914,1007.0948114693092,206.21880611504648,513.3760574054229,3,331.3403200209418,202.59289114560386
1026,84.36323669674032,4.222958449633982,18.29646400473281,53.99469372602185,1104.2003686177877,279.9055447875879,606.1784766958322,5,329.8963540012126,274.5251864205306
1027,80.380034781682,5.380847779850115,18.904101148458462,53.10472754180751,934.5227705101685,210.83598210614414,580.5239857904406,7,277.1205547370249,259.0355577972885
1028,81.20031326718261,5.898437442570069,20.6792223868408,38.727362074458526,1160.7520560835885,129.1588236025405,496.35526797419624,3,334.4180304598799,252.1627620095866
1029,86.13517972730416,3.9803866136182346,25.864227174557133,38.43058602770529,1044.2837137517863,218.25845005241604,441.3029013979537,3,317.90713389020755,249.09281348230448
1030,69.77207434801595,5.068882023411683,22.04352699778796,53.22504660289905,898.0832522623376,212.24486508563646,533.1963928566554,6,343.1448026117646,209.90325381128258
1031,77.42623462576655,0.02334529317402101,18.291592611908612,36.35894006181641,998.1963956630218,169.83515756109225,551.0098731207273,7,304.9339963110401,199.47878067881888
1032,63.314159261224106,3.6835031753323033,25.76301508227202,44.68122249710672,964.066621159435,228.67794184387125,442.7413951873473,3,329.8383789989533,232.76345126893239
1033,83.9922312260528,5.9070174251089345,24.193001880356444,55.00917329085858,1073.3767525956691,116.6167366904569,516.6338865950656,6,275.8384775023306,210.73220043968402
1034,86.4719593970274,3.035411931490641,23.615304871649357,40.17675727723224,823.0334875938237,249.52834137213947,623.6204978259595,8,334.7683242688262,249.3761974694176
1035,75.16813537700627,5.117968443179195,24.14720272351252,66.05355962361807,995.5972446826459,156.09391481972736,706.9947739069679,3,237.01801103479744,230.41794547731106
1036,95.73986763290033,5.893745001605396,29.183085701747352,62.2393634423789,1059.2960878973997,150.7526937441484,585.4369320349422,3,283.26682145435836,250.90044126070308
1037,67.7423433699766,4.31490159828447,28.555284685108337,34.285800016616996,1004.953496078955,194.30876138462617,686.2759686380282,5,265.1327633252871,245.35527430414095
1038,65.3562511979018,5.340927541993142,19.939853970990114,40.67628756818013,1202.0411866583493,221.64864640218178,437.0625788793544,5,475.2935701772457,338.2634834697473
1039,82.24451818559972,3.0745348694307753,26.871654978433455,27.1422275550505,1116.103416110658,208.19620317967147,570.1882252059294,7,332.6066755424238,180.69017873052752
1040,90.47098302612154,4.586777440607907,23.1495045692767,42.174086374518666,998.877880488888,162.8670417113811,633.8519508581272,9,245.8095244336471,240.6326363376061
1041,96.83927691457869,6.220432339178445,23.49728744841325,57.66388476572399,1032.5033646246509,174.69553544040556,410.36666670280044,4,231.6134945356883,194.61470506114608
1042,75.4111573713106,5.3139459219368685,16.923187505070015,45.86105057725143,1044.3498327222999,143.3478826311269,451.4409887954991,6,212.71496985399352,225.8464548261283
1043,90.78680833431295,3.826937460872129,21.488842703835413,54.60797243615968,1060.4949406250237,188.7660049185065,673.790476183525,6,243.01374654195763,209.14969962680442
1044,79.61491530499293,5.448432808581586,19.561529228990306,34.776656817182555,726.1513006503088,253.75106072554547,402.49011442130603,5,257.56180628147456,281.9487195888811
1045,78.2737270005918,6.429219581273236,24.484176444679928,57.97975254581905,954.7710556345979,199.7868531178062,365.8869967344289,6,251.23233558662807,176.30440018359207
1046,88.83659937486672,0.900117442845044,25.213241501208415,44.448907720716505,777.334139770986,242.97071273797266,652.7981573639511,10,276.64310580672554,289.04037800434605
1047,86.52322878413419,7.318148129911796,15.776540946951066,50.12169682282905,1191.7421421189229,272.77006688630956,619.6763224980439,4,341.7250780792659,276.4844554075075
1048,64.2360784301575,4.327490522637856,21.93389540798719,49.07125498606947,990.8725719995608,170.59907404815164,543.2120243983769,3,290.04345112407384,352.77078703225664
1049,94.76540349725896,5.85097986648046,25.365584514382757,37.28451479107716,970.9988575480565,190.67133734723177,495.42892453541725,8,335.64506815425733,340.15062218834584
1050,93.80091354147451,7.394493847290455,21.439963113059665,38.469156682602176,1134.5195998049853,308.5596430531248,456.1475494395018,6,246.74565579106252,210.10392056480896
1051,73.7443729849047,2.256652605539068,24.187190935007095,59.67794469003426,1063.3487196174813,272.21717059899726,528.1948873809051,7,280.8726592431493,311.842965329871
1052,83.95803533437409,3.581117995144907,23.05349640288125,53.98992157501696,830.7048228431189,116.37977370938238,657.9806957401549,5,253.1004764070724,233.7819733297206
1053,84.94030186282738,4.422902608248591,23.024980695857877,60.500490415534266,989.3641956208946,219.35741580304534,523.8566126142076,6,322.13606961033327,265.2228330786695
1054,82.60673765823907,3.432492957751143,21.18605506579511,53.24658235502518,949.7249540160423,200.02799961698477,716.6959267246966,2,290.94228544674314,336.0045640083514
1055,74.4969484615458,8.469873151673617,18.35025758759287,51.42990634809217,738.3200667090919,241.32265554293812,410.2058014359769,4,388.65390029643385,212.08921309707097
1056,73.28376632061949,3.2864558123464143,18.63540955772492,32.73989381333233,896.4585650144193,162.75106162574724,498.03192456717306,4,266.4786705815037,252.79701089985403
1057,79.74445929008554,3.8889064410262666,24.12805754336595,47.296333032388304,972.4689516975302,158.0195813979664,462.69413323360845,5,248.01984666365678,152.62944441723934
1058,91.72729019259364,5.408778063205953,22.05837476655665,49.72615679596256,982.7573602762236,166.19646423531952,391.48584568376674,6,314.83698815667395,294.39662723992063
1059,85.43600154594432,2.5957009478478223,21.584463266178325,69.53107198272573,777.6652864484037,171.40357269007836,484.69162669903443,6,291.18937954498796,355.1324934525924
1060,76.29385667913894,4.2086385764874725,20.72832987303294,56.86956632098677,1172.7498374571214,240.7662083404507,541.732930166044,3,325.1255842218771,278.66281857893574
1061,87.71698710648344,5.6349065225003505,21.084433463557744,65.36061181709529,984.6845411662841,140.93994134255598,552.423017995203,6,296.9163949826565,318.40577090248564
1062,51.51457379369924,4.334279191234978,25.140735383464417,55.97537705894728,1005.6329614990844,168.86930500203405,717.0452178944556,3,292.9654665557795,307.0975305105055
1063,91.48765700372104,4.8132262822001035,20.99426775439592,42.886967730505205,1060.0962457509754,110.54938047492794,546.446746972356,7,266.60153041167763,214.66991666394162
1064,62.60286221221901,3.9413357751032585,17.976805860095293,51.17124216149851,881.7885619144494,250.35589117061863,615.0136803679616,3,286.5205180529137,266.2100697681866
1065,76.37559058596868,1.971059381638466,24.23095532662052,52.36223646264233,1068.4533959699045,263.55150497155705,506.6094246298976,6,223.5165486890307,274.6951951916713
1066,68.80330105373856,5.643186422678477,21.385370008405847,40.60844430229318,944.9388030972725,183.64632845681066,667.8055600452595,9,359.8834374938723,191.67944240024087
1067,67.05318524279095,8.509866143294483,22.094187596598328,46.15612623407079,865.5121689029213,185.10253175933886,739.8449285588069,3,363.4839120505064,322.2330950818937
1068,91.6082678737852,5.0368032615668765,26.82273491919853,47.94233006322828,1086.0171240033098,222.66109511414487,553.1085130975949,5,346.8753018322849,224.7652613388882
1069,75.32298798688109,5.450528234495099,21.93831832794848,66.05619832565118,1223.7510788202712,273.7241003689128,400.73409845484184,7,277.10788725290666,239.15886289530923
1070,83.46503881730716,6.385445510233719,22.867551019356178,29.192594746090215,1108.7244060228747,220.43053737819585,445.11949772228314,2,268.58682634586154,236.81778601277938
1071,79.53079421120816,2.4613390069066017,18.463229526105025,62.05818420716043,1138.4466347710645,165.12290287624427,528.1934303205162,4,324.95477039621716,251.87417152207573
1072,84.77040827223121,8.405029316259212,21.34099164294712,40.63204765040617,921.9054090156551,119.05887140067797,545.6498035250646,4,252.41828398425736,396.48388431301447
1073,80.76821891060256,5.404657592845604,23.828578135625804,36.27920812730386,760.3570406247316,144.2436868668256,569.8425134384372,12,356.83289380671306,219.67322496685216
1074,67.1700777581143,8.263713798178218,17.333878798476274,61.79942130038464,1223.5206283149762,203.66097251562326,546.019768123004,3,180.94500421714002,172.7070515107011
1075,89.9626681944714,3.5339340089520213,22.60253527934713,57.318980692343814,1308.177233410714,167.23362383996027,500.6984916255939,4,277.4031653367537,258.1802954808894
1076,75.06243416838687,8.63612384511565,22.30237321793442,62.5451870238119,1231.4210160654522,209.74838529953792,436.38015587978714,7,246.77036647787185,206.84970761947417
1077,64.4341810134025,6.550310988069566,22.123862366762317,58.00701947545576,949.6321091530375,172.3537991881883,540.113826126423,6,362.34559641215884,229.5690047141239
1078,75.71884839034088,6.106080171704717,25.11147669597473,70.59845001737402,826.8048491906734,147.09267843527942,685.4987357480657,9,353.6737317609465,280.9917019439047
1079,95.00759790634311,5.468048908706296,23.003315544545565,55.587238369444854,840.147595327065,141.14841842734643,601.9928605427755,6,328.2186671815102,195.6223864794581
1080,88.50221742113493,4.5029427638511015,26.434215695069334,48.435226238768415,747.4401148578927,278.1177254686615,553.4703949636198,3,395.78131525873226,231.79478955557593
1081,76.5134786559214,7.401063316947745,19.01923145321789,53.42926377321343,983.8932072384932,244.44938745918216,602.9566923822752,3,300.50059919092536,264.64864411010836
1082,76.50742295681572,5.280719739696094,22.407773701655042,62.434691283459635,1240.8516937123682,286.5258975913979,462.89359710991477,1,331.5628959953609,211.08262951794376
1083,76.78364948782617,1.0658605928256955,22.25340035916984,42.20624674739883,978.7506052191635,226.99754503775515,449.17348539166795,4,220.1206015316854,248.02150805781017
1084,100.76747983560841,2.765627076585995,18.79223651873476,43.48111417468619,1045.3484350522413,178.50042956925805,425.2214895634018,4,283.9934018944385,264.62092737175567
1085,83.81935452231554,4.6283084956145055,24.868885006274038,46.91039985402092,1206.3395446456313,266.1670461244969,487.4713377230562,2,305.5022029453662,244.18401420674434
1086,84.3004164719107,5.61999796633111,28.974019917558454,28.954172012346678,939.3857032251401,198.3465999319116,457.799410329092,2,254.16437521237194,257.8463250626972
1087,90.30283454031843,4.8868230222002085,21.948981776548507,51.38078408417547,1305.329718507939,211.04208851451762,620.8274740652139,8,312.776121839775,267.841682379293
1088,82.38789159026514,7.437941579587326,23.5150632648213,31.138712960489737,1298.814161124618,197.85878104622404,452.4676582317811,8,201.56304647477623,216.3380050933529
1089,77.40957854179297,1.0977962719227503,22.25355542744598,50.53059312932619,980.3332991979275,52.65478903579927,419.72782837750833,6,325.0065825411175,176.59087544565114
1090,78.03650150915021,5.28717587301032,19.859245990278474,58.652897561352496,913.369860397118,280.2367506147427,694.2577178830632,7,278.26862389927004,198.22183242282875
1091,79.28398740585936,1.3640415492256905,16.537719166593952,45.23123539356165,1104.585706958547,224.55019729788768,454.86247689186564,1,260.6325456609747,190.09150194931277
1092,79.62777763490159,6.519424590968336,19.882679550713906,66.77115870186871,947.8712586221714,216.4911530434255,515.3528457250351,6,337.16826152529666,311.6226953988909
1093,87.2762954363698,4.811082571115994,17.824124857144806,35.39499100581512,826.5167174398996,196.91119688647197,545.1322824743412,5,373.19190843643673,163.199371196159
1094,80.519458858073,5.839219944048236,27.112306234177353,61.91260681631832,1192.1857980284472,208.17139101930655,386.3306881079185,7,344.5906215847345,281.4049131773721
1095,87.3264007721558,3.2722340788204676,21.654670918230284,56.751370564069205,1182.467108091562,170.1360532076876,623.5483769503069,11,259.4281458617314,215.77195450116398
1096,79.19283419891417,7.558929863315502,20.96224201285849,32.83966751689311,1023.3267405645341,230.82896761536355,563.7119040411228,1,333.40773149861576,301.768998076008
1097,80.7863519031609,7.083449328117703,24.667461474363417,77.10794299040532,810.5702869407733,134.64508278004337,655.8384011880781,5,287.20241037066666,228.89665242454035
1098,60.01799315467892,6.167088606023775,18.634746691432337,49.36254714496034,815.571062317392,209.30342162352736,432.07780627819,5,356.4716158906553,251.54877632845148
1099,89.16327674702481,4.740965506273119,19.699407885986343,41.22515977844368,1016.0843932628729,228.0786735285552,509.912579247616,5,311.0558228006697,275.86879395897546
1100,83.46488475897992,6.159714570590264,22.204216807745862,35.92912805215983,925.0193448242452,190.06654330885485,503.93557549941954,3,226.27114722822574,312.71283923400733
1101,89.98010109859652,3.586214864025302,25.086306974270443,47.79981972340326,948.8360601787588,218.54338962355123,526.3888494350022,4,287.89715806445633,221.49486923682974
1102,51.03744621806311,6.711111318041424,23.505055135506364,48.725931276100404,1153.2944732590006,150.43328038828747,354.5385251422839,6,258.7359875192446,219.17778622062457
1103,100.88374704780728,8.298961788647842,22.744975427547647,51.02645528539664,1109.9768976133837,151.7086614552018,511.08363786922223,7,261.1389475226625,275.56839656812406
1104,78.60410371844826,7.141221119958372,22.23435320570805,47.0220384377604,1206.721402074642,211.83585605131967,357.3536088576255,7,283.7533632824028,170.64985041509226
1105,91.08182816737516,3.540795060385181,23.200707566580327,56.33225310115093,851.4065164934113,233.92748273105258,535.8334071196921,2,313.71064091088283,164.12311562495563
1106,69.60094072874469,5.722834634546206,22.604958715387763,46.123701673367535,948.5212646969932,106.25671722491445,287.135087548148,5,345.40242302530925,268.3484761661635
1107,86.12773905062569,2.4137169124827045,18.910083175669193,30.65035882759529,1113.8472543190169,226.10103175553832,314.84131657094133,8,273.7287980360444,283.46087434667623
1108,69.46584436826343,6.144780622351352,22.138237664899453,48.506385043503585,1067.2117511519336,172.83992498118315,581.8548716439998,6,360.6337906460535,266.6910202206638
1109,73.76231039304194,5.901206825725078,18.77893402324674,26.325223466267218,1229.8570573881434,190.3596956346294,445.31615448052173,8,214.87982300950233,245.1164531259965
1110,99.14031353866787,1.2603673209356718,22.24324762870247,53.5377063089139,1063.0805058856104,133.02410382174816,401.2141926367759,4,258.10518205839344,223.0776202376637
1111,78.09317599236654,2.6764323121752724,20.558056175535278,40.20699769717365,1277.2163656158327,157.41913799066458,627.0845621075548,4,402.4131355864042,329.37794458779774
1112,82.17432873179723,4.433722206512465,29.618144868348583,51.633603549158,1081.0026702584712,248.30626627651557,532.7626217328415,3,242.86935924006656,335.8843906640021
1113,88.70067730688754,4.398280505718348,21.880316848744865,63.14074981524604,1159.325117138299,201.64316869901066,587.2090195533783,2,362.56385124807133,255.38074824428796
1114,84.95681887972604,2.5810461291623894,17.787281301215234,40.51251304732,951.4727579823315,180.86107991452207,483.37579276791695,4,298.70101983089904,215.81344019766453
1115,81.50418905143576,5.777957458704368,21.597459367969225,60.61256258512118,1002.1430817825984,194.17558236844826,767.9628693900003,5,296.457041828478,199.54455893172388
1116,83.64961002466225,5.502947217881024,23.558076236913664,45.66610433313847,1136.6416605759214,224.46059123321507,439.5486139440205,5,346.7630782487716,271.5592710017726
1117,104.03415585238275,4.611461736042961,27.02009183845757,67.53194802065585,1241.946725588958,222.0247248081669,674.4495549359888,3,339.7582888768279,188.57562811744577
1118,79.42381202966415,3.488416999683274,20.231642800183845,46.34847386801787,1109.385542396613,196.24864998015997,493.8633959900087,4,366.68756577185303,189.7331803340094
1119,82.01099046714967,7.097414252833127,17.25271607792908,41.59507014493309,987.5242342098071,254.64795554483342,334.5489605087254,3,287.64723353024283,225.78748897808697
1120,90.50654396007612,8.310814226176591,24.450511034292944,56.87238450395289,1206.6002544292512,248.5231318453333,548.2848745748108,9,307.1495478592054,275.3592794188086
1121,91.05525932957984,4.032877032306926,17.858203882301048,45.64210270376364,671.2032015580179,220.66860145651978,531.4762561455163,2,287.49033076630184,323.4365599160451
1122,91.8703030556038,3.7756661656903585,20.691533675477544,41.58550485870992,786.664824773969,202.73058914550353,394.867818576077,7,244.40567017630622,262.54004078230264
1123,86.38730222029184,5.982415330823993,21.227138543467017,45.22160149296209,1102.2451335502583,232.86605475597696,407.7780722865285,5,308.53143727052736,274.83116559847235
1124,68.56995087269516,4.283941240506028,21.791099640099674,49.55393467816999,1002.1162534379687,215.71337109005918,497.53023569150076,6,291.7556441166122,299.1325123556191
1125,96.33431532301096,4.7212055986735315,24.06749337122301,63.42180131244854,1090.8270476686248,253.04000359029737,534.9747815247981,5,206.43076501416672,294.47067802069915
1126,68.53654606981311,6.479306303449343,19.949097153140837,30.65912254540423,1009.6611283647914,244.97806883691538,252.93367171205992,11,355.469677179392,222.40293667880331
1127,83.02635465239034,1.1812878249854144,21.178812243499717,50.230806589504205,1085.641854190581,149.08730492911357,605.3121452523803,3,307.4051609713454,293.5590764295245
1128,72.45724149980641,7.636604649705339,21.957188941151834,56.24903594654043,877.8395768510214,145.70184146291467,450.5502026185022,3,264.98855817280196,301.58983307425115
1129,79.35861653407008,5.145361048658683,22.448793872556365,51.93448574991796,1085.5729129119536,164.93752277979618,366.8252515601824,5,316.6212645491283,265.5360461667114
1130,83.2876241030348,4.17701371087564,22.293481524123766,63.098651694335345,1149.1621792311375,248.80693450334604,594.106655145193,5,273.7944952186514,256.8238303956002
1131,83.21357215450273,4.8215316915571025,23.30801732566774,49.25654670241476,1183.082590589685,121.18455016143773,497.6382020581544,3,310.0747258922345,279.9722262413448
1132,84.21920754235285,4.924858710041037,24.53151852892521,48.15448557814055,1302.0331441973049,219.73786945539968,621.6165776782254,6,369.3602634206403,274.7502872877076
1133,96.13711269058646,1.5375973931101492,23.177902346952905,55.92329547013343,1036.614766525358,218.12715455464806,543.7952262979755,5,319.93751949589273,156.84980262345786
1134,84.5353430151398,7.989876454906472,23.360756570527656,50.9931381495135,1041.0866630270768,258.13240293430965,499.8485497051954,6,275.64671444204527,271.44222742062635
1135,77.55843364709351,5.082651264541237,17.253330499760565,46.09591261719529,771.5241303739228,209.01693453319436,484.72700550198437,2,248.45260610706887,308.95519350669906
1136,89.64087168288357,5.88600426089475,22.15068309749704,55.1614403958638,920.2882898292362,132.83953047080496,548.2712760556137,5,264.2830759264064,299.433739978741
1137,91.89470488924641,6.9030995411480855,23.438522644004827,43.47471706783355,971.0376888990081,152.03225196759385,458.646874119067,6,340.6019511898912,268.8574919312644
1138,67.72392184863007,2.9576750848793996,24.18682358371135,43.88822847980673,1157.5479328414533,140.90022390510876,414.74274112535005,2,297.1714930663414,257.4026068792699
1139,85.97400069849859,26.388151464135262,19.922947677298616,44.72005978234387,908.3498313865556,173.102801683343,560.9909122654644,8,327.9876437801008,230.15621435832242
1140,87.01172742310898,4.464717818202413,20.022882175334065,63.530691601664074,1119.4510029623248,190.85492162880365,485.5512158555571,5,286.0173946396246,244.27454337659856
1141,77.02436496640009,6.693541550432988,20.277697974149206,17.789836440142864,999.7567424554929,141.72792368894716,503.3567648069006,5,253.33059421840295,286.3676054790841
1142,93.75706813311619,0.7455451592970093,23.60924169967403,53.95598834762942,973.4247827327857,273.5330995326145,608.9379836154608,12,329.9499200562581,269.22805507083734
1143,78.49944412967473,4.801811399517462,25.101643164772625,50.34271814200222,1037.3340953699885,133.73593140237796,488.6123392264259,4,259.55513643945795,295.18704684787036
1144,81.25576453471542,3.7943586884320766,20.777619678125195,33.191295407618796,941.3265441620736,267.305171193124,501.5033925541791,7,279.6034093727733,224.0352487367535
1145,78.26928175716131,5.864525901268311,24.723886940881147,53.097267791360025,935.6444127861001,259.258151571967,440.0350488549068,5,238.80423975806434,304.18023996032395
1146,80.15579047581467,5.940088374736404,22.370439427493782,54.75751991831532,744.2821141314828,244.91512748445177,543.073993398185,3,253.23998170380906,219.07770311393548
1147,69.03724913104799,3.584748210355948,21.62714266851269,55.896392313574,962.8068689008165,165.3116696251625,534.9827912680088,8,344.7861366086811,260.13909341903843
1148,65.59949117405705,3.575652271647913,21.365847310546094,23.48171936955051,928.0047780776911,217.12254395884509,590.0775131790558,3,352.3931901173203,221.90510848972187
1149,95.94505063224972,4.778669262885341,24.239834093806472,63.663894118544384,922.602851597638,136.1314433224691,442.08711629931236,3,354.57378744058894,245.07780959650555
1150,71.53038651681672,3.2067155453695837,22.97673345036121,42.622632953151594,1062.530959388506,245.54535175168746,454.2183030409814,6,354.74629109828106,351.6900024784714
1151,70.08607650543692,6.683967390904254,28.82747628294291,56.86567746753176,1098.7947929185764,196.30076092318654,579.213739914547,4,282.29841158816726,275.4677965267263
1152,58.466098863962856,4.261585599105108,19.443326071008027,57.41073780682286,1034.8291756963492,179.53398927066573,525.2213003362864,7,333.26964850279137,261.2593948784202
1153,73.61038252310497,-0.8139764386432828,23.554305106089927,41.23302914380707,1149.3122785674211,138.81275766718653,409.37818738073054,5,352.6443753039337,320.59810029748303
1154,66.76910206592501,4.250355886756388,20.41239697056546,56.6045995235155,1086.3342888745547,76.12469406854916,630.6554067734501,4,256.37054925382336,121.76460974250543
1155,96.4201516013637,2.9229123583120553,19.39213903903407,46.145067590876415,955.7415715291537,148.0729571482122,330.1549431599749,3,309.6886148141176,242.05954378154965
1156,90.09817089342634,1.737448369078109,21.967398588895083,29.28622820661843,930.5715571428431,255.63990978064533,578.4284753263752,3,293.62052473001455,225.0146575756981
1157,73.11849654822277,2.525146723554855,22.412057438221108,61.67741925527779,1046.923335515027,179.8583285762598,373.47879640018033,6,206.43249853723677,207.12275804486583
1158,102.52435805344308,5.21881694366594,30.754520665180276,42.2495503698376,1086.0650664852851,191.53355714424762,688.5788516485527,4,316.2823661894974,173.56755174026534
1159,89.81765486991594,7.657281656496462,21.447562552950394,41.45506537261946,1209.6766460547246,232.77771791442262,345.5400273094377,3,264.2714270578795,239.04565008941387
1160,76.75168616491378,5.62636894772996,18.60946381154595,45.969341319632775,1178.6759567410143,290.2834439058133,615.2250651872748,7,352.5612190124481,284.6753098719537
1161,55.005942851264265,3.786993223568521,22.819032152483157,52.72236725327388,918.7790490239247,266.2502327472819,491.8365639988756,2,261.8823814163992,242.65604144523658
1162,102.90942572590743,5.911808390341405,15.776079887360895,49.427295891778975,984.6990579809108,151.3832498091906,463.3397430161256,7,316.4555724836615,289.94539243963845
1163,66.10427533236404,4.081819379562017,21.7241296521872,55.4806692470717,1100.6526707376654,102.87147142812968,518.5396656467761,3,305.6089889887777,253.5747671228764
1164,63.546012530431085,3.610799261673711,22.04807584688548,36.60510633471341,1160.1996667088458,317.9807129550052,563.1900339157813,6,213.85080051756134,308.3085052416075
1165,90.2257043200964,2.691274663534031,24.383801148835634,42.576136295692656,1140.8454203057188,313.44958058297266,409.55994976691306,5,283.98291809215203,224.86016038305564
1166,104.39752406339272,1.4963423864965617,24.92086674828354,48.84002927678466,990.418325075298,209.42267982146413,418.4212274831428,4,317.8639205870149,156.36642769891625
1167,93.84272818510519,4.22015258688111,20.489291143276848,68.97887292658706,811.8966021357226,136.47558772090892,564.9604865112885,3,351.1753720902686,170.98242760322108
1168,85.6390912005236,5.316106979840264,21.548157956110202,48.86187461586242,850.1595435631614,248.16132669469695,329.26570463504004,4,300.9268695025989,225.11214684911994
1169,85.94754341665286,4.80675265997022,19.701637508167988,60.85222263661632,1040.895027147912,194.6008156993695,441.57709068079146,6,345.3044621089253,205.99254866733037
1170,88.53415558780307,4.168066144105283,18.61581233557692,50.385551687843176,1051.3338369136518,194.35094384466947,804.0686954159441,6,326.86832644332526,220.47495095180687
1171,87.58928589786765,3.1085078786064377,22.929684338141904,45.163413625624315,835.1980939848422,244.72294215525645,403.1987035410719,3,328.5406357483068,306.93470539101685
1172,82.81191423969376,6.216492383369937,18.1792433542102,47.53275575885559,1006.6854416333907,216.71873734366494,614.7802791759752,3,330.7764330995174,174.94514149814825
1173,81.04201103951875,2.36573616010683,20.75611929828441,48.315802879711185,1094.6836535457674,140.70925444925274,441.4049231286188,4,286.2713601404273,325.40678743860775
1174,79.37406872100478,6.552055827686951,19.014478120302286,56.036457389607385,827.3160013739284,183.7629032459013,550.9045144797144,7,250.5427634096506,209.71102725208482
1175,72.46035411133323,2.9955659621465505,23.64904955887078,63.746112675765545,1165.7495802706621,233.05764643306733,565.4355690596217,5,378.48773413639026,187.79949923319435
1176,77.19324923133226,3.49512952529393,27.404290297799463,53.59680847686321,943.3703277160262,225.51261112025094,612.8956735182948,6,338.41640604268196,243.0814829899213
1177,63.07043185804615,2.066429618768646,18.095236051590007,61.870776787417554,1188.6419668864976,213.10082871792378,479.97461731872244,4,296.57615617437546,324.95088246460784
1178,79.0166037320525,3.9971957062287267,16.440944551307293,40.352102623703146,919.982133133615,246.6711477237932,698.8884638754853,2,330.857983657521,214.3853451352483
1179,70.11408892849083,6.950624916955958,21.625339343949797,45.85369491185969,846.0061775673731,181.91415060913678,441.06634354148196,4,319.86943798907305,219.95146762867466
1180,68.96410682784229,6.031256176887913,22.047093387873275,42.75697465792333,931.2794515237421,208.9334887609536,523.422041359956,6,257.2932851608794,223.29240713082152
1181,81.79894151153478,6.95684422405607,22.655977920271894,53.14444590874852,985.7277815384019,31.22104499111998,524.5276932217607,6,283.10880598223554,307.5015574270003
1182,93.920022863446,6.044285091867872,20.661038454296964,46.41041614820586,941.7280139842778,177.5174903078593,387.8031880050585,7,366.32202826084495,227.69135799397398
1183,89.18316606002313,2.7926603429392616,21.398082103523706,57.297729370341955,967.599786764033,238.1951454287822,471.4127745020879,6,299.735063528987,272.31115762891454
1184,64.29499396376823,4.338421551344886,23.102531231621807,40.68998288367558,1050.0947724514285,180.48027664414286,516.1513499238407,2,318.76156316554716,256.02941300841144
1185,70.10371863429663,3.439601741765075,25.121292677934516,50.430309733212816,974.3230945305401,176.6886304141444,456.78789568705804,6,362.98089945844464,244.50014455786643
1186,89.40771187988216,7.661149808078081,16.13485368904515,56.86857911012256,990.083140907199,147.92735241125908,744.0923965456535,5,299.58419184898054,225.0667758318851
1187,70.1751260646169,2.606422707147377,20.893181682905613,29.346972249593897,743.6160401196106,250.1682946364573,416.13763264004695,3,253.43265065826628,348.4490855399582
1188,77.75366850002976,6.787395378778221,22.64142638182319,71.21631307330203,1058.754702401571,227.42316367702853,617.9424468140428,6,305.66552891516136,389.6029937392162
1189,85.50052099024552,6.785907740217539,19.24607168616779,47.16848115120124,986.6195053462498,241.27072989115425,585.6459813148787,6,272.08269958547265,205.82691524587148
1190,70.31655545136366,8.659240403432175,27.1935088953019,29.74960086323827,1241.5439470724307,113.68930190210553,498.61378654957286,11,230.42118841013675,196.4291560019236
1191,81.0537550614596,4.1806268147410055,20.09377035931379,51.58093898576786,859.0652249119063,191.9774978367183,413.4790946147753,5,340.15235418372845,252.03893328925224
1192,66.65974505081796,6.424644319160324,21.87612193897815,50.33443467973151,728.7557007250728,185.9944496124997,423.174467960823,7,287.1839299750305,136.34955415538116
1193,73.98632356048786,9.563303673077685,23.668066290526873,49.18105620427507,1092.7102740895064,185.97141467007236,448.203270078349,5,150.7368558878615,252.4149596967691
1194,83.19781934142537,3.764716646132607,20.226145633594317,59.91191112926666,1051.97905274695,169.1986228141022,321.42587180537373,4,312.6760740176307,350.35931084929706
1195,64.0700626646833,1.9299195049352806,16.46028085658675,57.47444971427056,848.7350469203282,182.69478641099923,399.65345742007094,1,313.2915262315915,220.0549032177791
1196,84.40474737960399,1.2399799321844727,20.7140364192504,52.978761910238454,770.5376567493863,242.48223913533258,351.7523484636357,7,397.5392851773016,304.02330800356174
1197,79.80362201073319,6.425424057722663,25.088321667781123,54.501556339466475,1230.6095096026436,104.35743233260854,634.5875003177716,5,299.79172920871883,323.4672369240265
1198,85.52489954417148,1.2336995838828324,20.989314619644585,48.956415505619134,1212.1165585910173,288.8647384015227,561.8462392388219,4,353.3805360051039,206.92066764433994
1199,82.23914134064661,4.255361894124154,19.460697095623065,67.75490849240049,626.8814861940806,224.19205625132307,578.5974098865461,6,332.3280549814012,258.91427126468045
1200,93.64140429973844,5.874626374077922,24.777016628508164,35.208039816422335,931.2665456115249,197.88340521698936,558.8831951541947,1,270.52888886111214,267.70384018906844
1201,81.25224502647907,5.370351073659828,21.007675311930843,51.396516742158965,1249.628808217585,245.3417073186463,516.6967623334164,3,317.4146586339769,286.44422153974006
1202,75.70594458874747,5.850889728368345,20.469517559049347,50.6502463118878,928.59061633332,127.40826274157826,646.0680332129137,5,291.7790592884741,290.0891391036296
1203,81.22297503032284,29.471792294250555,22.448368268989928,58.13280406064593,926.4081648960021,166.7649547424493,438.9237344268263,8,265.6127468195821,306.12498984297156
1204,85.43298029036387,7.557731626626786,24.31225062885636,41.561461225751,957.5861008555947,193.94622838047232,510.6669655367045,5,274.17162086556317,210.89379605057906
1205,80.48860070325705,3.095367238522406,29.14514059519764,32.56327397603464,831.865453934776,268.2780185216089,574.7058827824123,2,267.3852602337449,258.70113858121755
1206,80.40591691203882,3.6460097230829374,24.48170832297227,51.56823016098193,744.2836383657934,197.6751709436721,367.8790768143871,11,299.51558709033105,324.120682547036
1207,72.98008312193245,3.454681109458352,25.479519899165034,52.812304922186044,1157.8820966102123,222.5027335592573,809.6588896142549,8,299.7636712508919,329.52478704876876
1208,73.37099082449052,6.66038362372522,20.482101403036435,64.89599409447649,723.5594640628486,170.52105020319362,502.8565762777586,3,272.51022948913857,261.2545164585413
1209,65.97394728200307,6.800797176790127,18.922395682091572,37.296379536749136,1037.0907178163134,224.34210344837456,514.1989450575593,7,289.5907079846433,223.4188952705581
1210,97.4957674318694,5.902450638637016,22.18699404885737,61.5469376671672,1132.9869239136474,283.8619796487228,625.6878031674921,5,206.20172519670763,301.7616377352273
1211,67.56136764608715,7.366987333779855,22.321509745778787,73.67414364027121,782.3160551648263,249.7763345837057,591.4955333010224,3,249.5774138285378,276.8109462591592
1212,73.07094802204092,2.6439182652472386,18.76446177590621,46.22235112477523,861.3597396107393,195.92720061110603,503.8078019396459,10,285.37780359915,275.7318162033345
1213,72.81592734430802,8.334448223102275,21.474116410287962,37.09057780506776,1181.9768782587385,233.7745423632735,513.0129438098043,6,383.58383033196924,288.78861998004663
1214,88.94924376944441,8.046477243424516,23.197952805157392,45.93025633626629,1079.933758034056,228.8758477303606,349.5851469052021,7,331.66182943959757,202.46432796627468
1215,77.05050321707972,6.471243994491493,23.08118018505424,50.140049673713804,907.4071439681669,225.3293835848638,444.3534222150024,2,251.1345109174998,292.3565576761572
1216,92.47742072673734,8.56359781754212,23.512863560152816,55.63787875006915,1180.3373505041757,255.59766804302043,551.721021615896,4,380.7413604976192,257.7263389225846
1217,73.26509375756132,1.6867535846444524,22.872894190412328,44.08605270161952,1180.9803585181453,255.2238851918733,544.3892839042886,8,299.91965826903987,307.0748917566981
1218,82.78994162223802,3.9511037274746963,20.47897402218983,65.55198534147343,1040.357903952356,193.64207015625578,622.1165750004087,6,243.26841658566215,251.02340900043527
1219,71.64652946740243,3.5293930786360956,20.45829812005347,38.854676849919386,864.9759658189505,232.09395307388846,487.94989417766755,4,296.0542728764166,279.1707992301842
1220,101.45149127773388,6.442958647514686,18.403145806018372,32.607948478272,937.9826944792308,180.84525394201032,361.27134865691335,7,349.25439540414004,272.8671807109229
1221,68.12401580970487,2.899718520795709,27.354325117555284,61.06710424287317,1042.9580115933086,153.84638018422112,605.6730430775679,5,243.31404178880365,222.70273934677948
1222,83.09820710227028,6.514990298674971,22.04035109385788,27.253789687938003,971.7107756278767,186.5253122148007,643.6089346182016,5,248.19315403120035,204.91324834746706
1223,86.33776880932099,7.741072287993427,34.62234172848446,47.95870231127284,1140.8435767352278,196.18609241302087,589.8244572856229,4,390.3159296918782,290.3335078729947
1224,84.13799097451498,6.390405800167999,19.213623755642622,81.17681129208047,770.5338879835996,116.9209505411004,483.63663291425087,7,314.82136779957665,207.15666901336851
1225,78.14712341122292,5.567502047323003,30.806973706983335,49.87956447040069,775.8604706400642,243.01662797083603,604.4386051876579,7,276.4170432568435,233.19650703894098
1226,78.70179300266574,21.90696693567946,18.780015903331314,38.7923234930375,1027.1306667223648,61.63372886988009,842.8910478008213,5,294.68934082109377,231.68497675536858
1227,80.4381147197911,3.306298067749271,20.71345622318178,49.426025362132066,926.2683379289643,335.74084697431607,511.5152314440476,2,314.27615791598214,268.3558522211185
1228,78.52997998371511,7.499237810593334,23.24751050885818,49.49199211380466,905.9427077953388,275.09395668981597,368.8263307754876,5,290.3273283828608,283.7873825422793
1229,89.6387911679491,6.558698007810665,23.800638897232833,51.60649940353117,734.7914921238405,186.94956379138432,441.3714950447848,1,367.49150099563053,172.1702422344489
1230,102.10523001591352,4.921960961244912,24.87379616564705,56.6226298215962,1002.9318767197273,200.47131802818865,562.5476000304051,3,304.9465115638555,213.74280347588285
1231,74.42508214992166,4.164180908468219,27.42282552330779,39.608888316322606,992.0867337998851,215.14859367936415,339.5195689101937,11,333.18542467671386,211.3895668516205
1232,66.30197020420923,0.9483842537772462,23.518472966382138,66.87548055236793,1098.021847292761,170.5419806005529,516.9403074912069,4,304.1657792055573,238.59841418547992
1233,79.11717951648745,2.8582951626311224,18.831907600099996,52.45114284372618,1010.3359199681458,209.63095737934682,538.0336650315883,6,298.13261405045694,150.38826042326912
1234,105.79709337654319,8.822838174279447,21.229164624634656,57.26794046401804,980.1093882639254,192.80000111491694,653.5121739812652,5,344.647796858697,306.6899959847718
1235,71.9632543203027,2.4390888579950665,22.923497117541654,43.718506002443576,1176.5500955185505,195.2863641384517,631.0194856054301,11,345.6960567152148,253.0198672955486
1236,96.39116805444067,5.378959642442162,28.20467812451747,62.86382136995533,803.1299044827175,209.07305317403194,586.4584791751771,5,218.32143711855923,243.28545340100803
1237,96.77700814076441,7.014887946390397,17.80658356472711,47.42947591186935,1080.4583828271363,134.32361008230026,283.73209894854705,7,299.03607203856654,287.7486662235397
1238,74.46411758292005,2.490154663995415,25.607729515675683,52.775525134935314,749.3279252806976,201.97848620668242,592.1053128047926,6,402.48546258018433,275.8766722881253
1239,85.68983079185276,5.3694209495621665,22.53974310863925,40.668939228128906,874.2457179998788,208.17238733087387,570.5513386060246,6,277.6919118626057,275.33698463537775
1240,96.28396623128538,6.87583107502131,24.513491605688444,40.030683735978734,818.1014301065029,206.4424810677957,525.5944377078347,7,322.7034103036864,249.21828502720808
1241,76.20872259012513,5.0249986438145005,21.694015850092203,56.882053064528826,1117.2913803177878,189.20846222819227,326.97778738545145,6,362.36304263472374,255.23549756100323
1242,77.96419639897638,10.736806111333536,19.47270210962102,45.56393169792614,990.1884649606909,256.89288879846856,422.322609081294,5,244.5928538763357,292.21544721460066
1243,74.18319086051356,1.6628014822436095,24.252618338203995,41.46176912495623,997.9745133110534,182.31737225592244,383.31772304659336,2,281.33613373814137,276.6024191821698
1244,69.85243269307134,7.117457059767758,23.963293081316863,43.5681665797297,833.9900518405824,211.3662953411595,298.49915604929095,3,221.40572866804342,336.4137916314277
1245,73.50722454933992,4.654396525207071,24.916170897219168,56.98953071717421,955.0459756100666,264.8648766962773,499.70848485852053,2,305.22295927372033,257.0068901805019
1246,67.76059733237743,6.54384030967335,21.960086093864096,43.70962138796389,885.4802045036332,196.03119299898438,420.217787855722,4,319.2416501434177,282.53480454456155
1247,80.34083468259226,5.8826143033984915,20.20053393004045,48.82345068397836,1057.5182522281325,210.72316337337756,762.5305580268912,6,332.1726655950032,243.85057712311243
1248,72.30026768941359,3.533687605780007,17.323639014928474,50.15027750287097,851.3363297002579,195.18076818425516,483.122806056209,2,378.68877911690265,266.18550759002255
1249,82.33785911790747,5.45799278491868,24.458119804418217,30.82651113989701,1199.4691547807613,261.86848967817997,629.375315586596,6,303.1754687983458,268.7901997115214
1250,64.44104353796372,1.2841970972034256,23.271668447331958,35.28873594626482,748.6629325563858,187.11377192068522,343.09009753067755,6,242.3689418992809,227.80510063497505
1251,83.30880232214457,6.2064950011427875,19.102652101408122,53.362778892475625,879.0220251315158,264.16772886441026,446.99104139951305,7,255.95309923626644,217.67826786123936
1252,88.33528961608924,5.596316931981051,20.38427898011013,42.629706388473025,1251.5800764949145,194.82060526764676,509.68978760343145,5,261.8861316818108,282.0580561443826
1253,60.062643574285445,6.277320337286205,20.599723564145677,60.567249112804184,934.7291878056949,157.02701382759915,409.184605139233,2,310.3845561950662,272.7204210176889
1254,83.74056569847572,7.116236650174301,17.551046704052744,59.668071042505446,802.7682003393383,233.96865852870604,457.7799315195256,2,417.49872430933624,323.37884097769086
1255,92.27668992473292,5.735239680419422,19.5469528101846,57.19168666355437,1032.8607343806502,184.7666083122172,478.20490937564614,7,296.3978998821794,250.2271189889993
1256,67.90358981308795,5.296178839596553,18.598508929580937,68.19771787312598,928.6911636678187,231.02504495495813,476.6092014555106,3,368.70276771630046,200.277878933642
1257,96.72572386837703,3.2378633266774157,20.76256296433619,49.169106722568166,874.6194616572541,63.5297807538133,685.5118573035346,8,294.29738094259926,250.5762788050928
1258,84.19019009366045,3.575558472701898,19.78390750501131,56.488819259038394,835.6193783801924,200.26026309474733,537.822628543151,3,241.92205908508325,288.47525256473244
1259,72.94988144241591,7.3734692403546624,17.118985237399755,44.15599023403969,1415.2560408438915,177.019735062126,547.9510562941304,3,259.1808223480423,143.9241335355088
1260,48.54665681656722,7.8726708114119575,28.067770691708446,74.52369912868724,962.2672149723795,146.8370656734361,553.9654774345071,6,263.54580263056414,249.6913512860009
1261,85.58326912521723,4.523779127375892,25.75762219308769,69.83633652436019,711.1648959500685,172.33794990801002,561.2626377337112,6,293.8876144225822,283.3191427938779
1262,80.76005391412411,5.092005494506548,19.662941735440043,50.11880434517792,1224.0564638508301,171.31484278536743,491.71130161251347,4,320.277468991014,261.73846838463334
1263,85.38755992446369,3.190771250012468,22.81726418996083,53.86586229905192,1091.6606357665855,197.60071025747095,467.92536285211537,5,267.0728575533446,232.0830610042342
1264,70.79326406920634,7.34551369053489,23.252395269463886,63.592975993648054,885.0300353470318,131.6336769357522,516.6816059518277,7,339.5307438754632,189.8655215398805
1265,81.69360824036077,6.330833647383558,25.57325756432043,48.52860495185893,860.0321366970787,215.8136890129857,615.6803948913473,5,352.36071901060114,249.40411574311912
1266,65.8628550309502,8.882434872927497,19.544184920019763,43.433759292002954,1101.0209194237345,268.3107392602894,612.6238188436383,5,286.8323866401798,188.78498928777606
1267,78.88773938651299,3.243353845640522,25.276320351947277,58.73989751006883,962.9622508765818,214.0464248473913,475.96015243115886,5,345.9070445001064,283.65468620996415
1268,70.9609235853521,4.243984201963565,20.356284087379194,50.7843924608367,711.1033272332347,240.44943046145045,576.7843694668111,4,202.88825834956342,253.0625373577182
1269,72.64470057410233,5.462891845051145,17.99241278749416,51.829944496452605,1268.0859946907003,254.7281227306898,480.54153369603324,6,182.0880900799133,324.7489506777058
1270,92.36093175210438,6.292979075451541,24.17240967794349,41.65728656932035,934.9014306676064,261.82447560920883,503.38705494352445,2,341.63944360614323,152.33376345724065
1271,90.9131012059427,4.568664724904735,25.872275272367283,32.82327851636604,1224.335760472364,293.5069346410653,452.6476618445803,4,278.90421298472256,233.00157475704478
1272,86.09138120907177,3.254077819092599,29.763726920592056,52.36142409879101,1191.7652436948572,175.0399000862035,481.83548610937663,5,410.1828396444706,286.6687593181642
1273,69.07687235327421,6.762815057847142,18.40082420472936,59.049620414942,849.8485683275778,164.0758007419442,634.133006954968,7,295.35728414454474,307.1331141457871
1274,76.83591550305198,6.442270725091163,24.096759055242366,47.74193250923958,1154.9784796544723,239.17328241623673,509.24211473392364,3,249.98595587306917,288.6936252456365
1275,92.13097699979184,3.16745179887255,20.7705962686194,64.36429519558867,902.2836175204478,235.41331098286997,513.5282508552318,9,384.33453665211954,202.34611058502344
1276,81.41716913639905,7.7108856022109915,24.350076131572095,42.96083674584455,719.9949119794087,238.78376498078447,355.27822207420417,2,332.78928305766834,225.93988772213987
1277,103.19329539981695,7.3403974183932075,17.588531346306247,39.4529554503408,936.3102750966787,294.4641227125126,469.075609236727,3,377.43876496524234,138.21200180263654
1278,83.93317839394372,5.268592994495585,18.211690672904307,49.32769692803869,1059.6456252664418,200.5684954399247,475.8685096255271,6,270.6735278795215,252.2713393480889
1279,81.92049116490031,5.159195724752073,19.67237553050055,49.174074246487095,930.5895028005493,221.30782798230925,417.0856514556595,5,318.222614822758,308.1640654537511
1280,76.908835357975,6.108115542231815,22.236892137004254,57.69968731335223,953.9427488612348,150.98058742582626,502.16654117035637,7,256.22052587174903,250.3512935671485
1281,81.33540904782282,3.276593859487484,20.076756200384935,42.25037175936015,1171.534906739292,306.76605619879786,457.08177097723456,2,212.70602943542002,278.83440108907797
1282,78.47530163619456,5.060062958328165,23.977163031740258,63.680942368148976,1015.9740970435138,183.17275393954446,507.9995855243582,8,337.1218444650667,277.5023317158533
1283,87.0810867668859,0.6952329107816393,25.080683854773742,69.66916962508253,873.5052533072571,184.5892035919585,512.1503009818935,7,277.1579541383898,234.15717934289654
1284,89.56702316794585,6.752911291005871,23.79873262373607,49.60855973031658,1105.304548550099,182.66250544958785,404.42456421773556,2,250.21002393002075,128.4074030020041
1285,72.14010539492051,1.8770135551162812,26.856362918982605,62.497104201843186,1029.6513350431367,167.75520706778312,460.12982175168105,6,230.59325732399623,317.0449800984446
1286,66.68767046442221,8.006839656857998,23.24747988836603,39.4350292937474,621.7592797806935,163.52814755761753,507.73742827608334,3,309.13653992054725,271.60001152639256
1287,61.637946268967035,4.3397598120671,18.3493098689795,60.75221541181916,1064.2529370657173,173.81478585552375,618.4299431156726,4,303.2070302535264,187.463385579948
1288,85.07991326912544,4.576666036137646,26.09012954061502,60.472764085594626,1058.7743061574151,131.7102035974528,525.671917279574,5,275.82671180411626,268.54389517278355
1289,68.96633393826127,3.7445321878309885,20.18453129318201,58.634372801898785,1003.018169437129,160.73410398683808,433.80648200825726,4,266.2902890497617,260.00309165331277
1290,58.471094070475175,4.4239222521558474,24.731255499056708,49.84436911129706,1133.7550871604362,297.448155572381,539.9004759243852,6,338.30403663626896,315.5544172076162
1291,83.88578604530964,7.837062690296073,26.72120264966532,20.457510587579687,899.1409623510247,236.78275718206842,670.7548889321761,5,175.8875660988776,273.60395402881653
1292,104.9299951743279,0.024382686929841135,23.3700640321912,43.58272856347871,1050.474968323135,246.29520883638588,591.6706472589019,6,331.5485475014572,273.7830280709124
1293,79.93929088460106,7.5539307721763755,17.51152356050605,43.740839823153976,764.9560943248971,258.8604393708457,554.752653043562,3,323.2607040672487,259.96644278474065
1294,88.38490774451643,5.676046962203416,19.245363500470624,40.21745061939522,1061.0635575098247,291.70672821811957,572.5590175482322,4,238.48083939438882,211.5138884564057
1295,80.81829358547564,2.585956704285569,25.968233400655407,51.22243004547066,1292.9589543309844,111.4288724278078,643.9954041428631,3,203.28407317472625,283.63725971434343
1296,79.01110346808858,2.8493752139015243,21.49263194307155,45.81036554478765,850.7715471298688,138.50584423567295,607.562679401766,4,329.42795295395797,248.72908576896256
1297,89.19076482987768,8.352786054416406,22.238720604826497,41.75387990234978,886.0296802018337,159.81381695526574,556.6760381117658,4,241.3090980345103,202.3606822383261
1298,77.09725455811349,3.108986240114538,24.276473248490827,39.4119985175218,893.4976835662671,176.5135101755201,606.8642219590085,5,378.6695314998202,217.04804893616432
1299,82.67392314071903,2.6932989788080812,24.08896858624097,42.84487014514771,1019.4997338702393,184.97153047073755,391.8348903735939,4,405.90336812794703,193.19214953766516
1300,83.21697806196013,26.71539615462362,22.83639943715638,61.21499211849928,840.5445590719423,177.65112235969795,349.77347476597186,6,321.33784951825476,302.98409669022584
1301,73.31909546356951,5.677105752571828,21.373994886338604,43.38974945372506,1063.187106803647,210.9654456566027,515.709865064383,5,294.92930631792717,348.93930462081914
1302,89.92042349536523,3.124148846927202,21.061994662802928,44.85061293566727,1127.0259918203749,201.7647695372608,506.86807096505385,7,289.0487316075832,307.75808491135047
1303,78.25040243304592,5.433249950809238,24.57369647587403,45.43302384976754,1080.1520820180676,163.85826024108752,445.60899464867424,5,214.70298751407,268.8115135623972
1304,72.44254840507155,2.9484946327194455,23.66070859320338,53.389935138094195,734.7376861542891,91.2225611506215,582.5852669827709,5,285.7138177062364,246.72731898603897
1305,85.36509843570404,7.20164279684521,21.228099998146632,54.562494885285325,1149.2751497737909,150.35656473106508,313.7136413548764,6,277.0660872647547,235.4532469325593
1306,71.01532018208962,7.122741929746267,25.24633693897942,19.55343460756838,1140.605112138052,172.53806733437125,446.5227743942196,3,268.1913003382725,200.6852019565248
1307,80.28181157369129,6.064012397643886,21.61289765461065,60.21635213827608,1124.5242058519457,187.64602815961402,451.5044455122385,7,319.5896205486867,347.3394412995673
1308,79.90881003355797,5.723322122494033,19.44501347699682,64.36368034243753,1055.9263372983737,143.51662703447315,336.36982149005405,6,306.56547076972294,198.29883453379352
1309,90.85895565831578,8.522376249734748,19.723087903289965,39.498134626383305,1033.02839713077,175.459676675179,649.4731007269304,7,339.3094220641013,207.52649928947523
1310,84.74698232879953,4.999372654776451,19.063777491070702,40.27701755265166,1154.8584097189596,143.45063057572068,364.07987313366766,7,277.8217609691711,240.22492620337533
1311,79.74973041254856,2.6362517491583977,21.182769950188938,45.49746612221728,1288.5270231405182,193.70903242258336,441.1659942692314,5,330.13106164404724,244.3540113912664
1312,88.17766299200287,5.898947825664614,25.701172835008578,42.43995980543395,857.0439304952725,146.34543358186923,590.7979757805134,5,300.39760266870263,280.1019664972966
1313,93.90207549017313,9.172094099074227,19.584714456908472,52.23926873946606,1161.7188093692157,157.5547671814768,564.6045343428732,5,329.8200071263512,216.32856840634565
1314,85.57810306351863,2.9704810136282958,22.56542728305431,30.534747136411358,987.0674352988821,134.56579345054305,389.1825303515253,7,296.1142226494099,150.5703446361831
1315,80.10352619843381,4.277074466612029,20.02993196311776,38.8207239196326,980.54904219571,192.3249652215108,568.2489209260636,3,388.9018886322643,238.42880821141966
1316,66.8816376764984,5.8328920762029055,21.219072876185688,65.39197200174908,769.5203964426943,156.67761150238007,528.9784478658222,6,177.91698194056636,241.79713958952473
1317,69.34886336924627,4.892190301988522,17.469876364044243,40.71780032651982,957.2815885726908,245.33921333377145,733.3035562111468,6,331.2808715867902,237.7362665617291
1318,41.802951620257005,3.035392839245371,21.338385312530388,62.43428278102925,850.4102563047377,220.29251333464495,540.3940416068305,3,342.8230343915717,237.07123964645896
1319,73.90487797840717,7.243715712460942,21.418883860585115,53.55338195590137,930.4218355741082,196.50740659081785,485.8758178931468,8,236.6620501650698,232.46879947241376
1320,78.13028697014553,9.640081444034518,23.620863832107087,31.907322854117417,835.2720424332775,160.12572513281057,414.3498042880577,7,391.2482686242743,183.7810890449755
1321,80.56649924897107,5.392262918047814,22.66984273976611,56.35329195216206,932.6637419030491,219.02601526581515,425.57566330444286,3,301.1172756821075,323.1100042023229
1322,85.2969275435673,3.1918634205279997,18.404823625143862,48.823326978071464,939.0834464464895,234.53504446743185,417.42309045318416,4,293.76543043839905,320.28030122286657
1323,79.29501221940909,1.90207894989305,25.25259473213063,45.44532943750259,1014.51323776582,207.13442061008152,637.1098813911922,2,318.56490022840717,319.77127531000326
1324,84.86501643826202,5.515951962442362,22.630909120665986,52.44957093172004,757.7875206563003,280.1850927733465,501.7969915016471,4,344.37519976988324,190.72224414308897
1325,80.6447441481012,7.207754686632516,22.59518055153246,54.746334855667925,783.1722778382015,222.9818659037408,556.524712397473,3,306.61083463203244,270.19042628492457
1326,60.24533433646128,5.950335492990764,21.972452939844583,57.0759182197462,1054.287140609579,245.6803608784017,651.4247599980887,5,305.0339870380493,228.85771508086174
1327,70.60664606181246,4.995192318162292,20.44672765833334,61.78252847548002,880.3842824394851,206.6782707767989,264.1535857792535,6,341.89191417422467,226.1396988907711
1328,78.55912444278384,3.8214566964213876,22.653407019246178,54.081359127783564,1161.1794685344896,233.78322266284883,627.8873764700375,6,348.4422832083437,203.56779222674126
1329,67.90305257158893,2.8156727345638206,23.426765307785747,36.243659112136385,1033.790458302257,160.16093836654125,505.53969117833344,4,316.82878977465305,378.27811101021774
1330,85.99928729996205,6.669502652649764,16.759312925963336,45.26354542348809,1091.0143225309612,177.0800818393603,543.5048371640445,4,222.6194701560178,237.56303172761233
1331,95.30750832343698,6.8275432427711715,20.383717487961714,79.43048335268621,1211.6038480631341,217.46817767411898,417.15967782517487,5,249.07273527890334,203.90030489200262
1332,92.18761851697317,1.9085404266185337,21.23515908878923,57.244910603817274,953.5433782290141,217.1049740778691,424.4875601551482,8,354.2333874754507,256.908863240603
1333,77.86557129069791,8.179677956361367,22.768511817082835,73.69287300811497,913.8269941875586,225.38059114716236,548.8845889812987,5,286.09698979335207,288.1567920825364
1334,94.90726136849952,6.148142441788003,25.57993301778138,63.95434082199185,1130.755387839822,255.01964461393646,738.4597800331469,8,270.06914211370713,242.93325371008493
1335,81.48667457202112,7.7991892902915865,19.684777556209653,52.41802071555749,1076.427034589453,128.75144140922941,600.3313312814902,2,321.99823458692777,262.2128833737715
1336,76.62914028881961,2.31574450302977,20.506114459546474,53.01407069781118,971.9004535268049,151.2773726194852,626.5522921418541,7,315.7979523922286,300.09381921365275
1337,73.8659733645906,2.268351689169122,20.46239766806035,49.63419960123154,1208.7186950433913,211.47863205371266,480.799872973858,11,289.0932334870295,202.27019121503656
1338,76.97530313511872,4.702061380465406,19.595417229686376,32.621953841535,968.1633535240104,163.78181840982697,439.97957754143715,4,337.1775796537807,258.88956358855825
1339,76.11823181458772,6.005568853790388,20.958440514663213,50.180472524682244,1004.9160456333672,368.88841206446807,421.91950484210065,6,236.59926849341588,218.04898891687208
1340,81.70416222375488,8.592721645853928,24.312406659963912,62.10674552542197,1003.1833976251388,225.7859809585068,451.17262753033117,3,213.37840578540056,211.2831355282422
1341,81.60573981049865,6.4121578276302635,18.83849351390696,44.00360005178796,859.8109157652293,196.08345755349214,294.72175668294744,3,375.1291375425417,337.5986695232463
1342,80.03046020153414,4.514637446375933,23.283443185458708,54.1195299906181,1011.6378084229586,174.22653634580703,427.5080657108398,1,243.85969970588883,245.53053190302586
1343,84.3693816974635,2.9472615846682158,16.89429330994499,58.51591045893197,1209.5140266097737,175.99188584034778,443.9646843940157,3,226.22266117271556,196.90384166815778
1344,91.90646274786342,7.4600011454383,20.31598601067338,40.903195606875244,1066.7452473064263,201.50703306575886,482.4641825605159,6,283.6917295958711,244.4233338309823
1345,89.49554135441323,3.0705891484985703,21.01153209934604,45.48697135656335,1004.6595139598397,205.59909663106288,513.1750109747292,3,298.51992594452855,189.5257757255176
1346,65.15102031550097,27.93907314819435,27.024579018742195,39.820885095228405,975.7349078251497,177.16504276532436,536.245086862561,2,276.0812439125073,239.12806417683228
1347,54.46078865098045,4.431230700786982,21.175593085741937,41.77834393310593,1049.6300542609526,186.3423876740049,498.507462755704,6,288.5780249134294,216.0758089511067
1348,89.34319911239274,8.181164145235702,15.396269579647246,37.12394716346939,1112.4649942733777,267.2142287617298,441.8556913657243,4,228.93125946824068,275.54720456127376
1349,66.33121301584579,6.357862580118557,16.00333327941625,40.995515386219736,1091.385824633463,269.2252481325517,303.66413567344796,3,335.68854584973826,346.85383684910784
1350,77.75234598107316,4.726009021115083,22.102088759040043,64.19455680797839,950.2202707267031,212.60169899674386,442.46913915982066,6,223.51879090461733,241.2537168855172
1351,68.2988697394064,3.9612072563477465,23.841312567369727,40.845229709097076,1048.7172391165172,132.9370136381631,402.7549362312995,2,301.12536746755035,217.9543025802903
1352,61.9801956241998,4.31818424530784,23.126367572881758,51.2645921906069,1071.990961172242,226.92515783195216,546.6066748278604,3,311.69584961654203,254.55021977713753
1353,85.41462728204787,5.8566333847504755,22.502710317402972,44.971312463290445,848.9207518709533,277.7141220805513,590.9287396693694,10,332.4449399482718,324.5648818795751
1354,87.59155160302647,5.154312992435433,25.486778792517,61.78865937036939,1025.2345811775542,268.4890550981189,593.8571067059939,7,311.36729017626726,275.8165532549734
1355,74.2348959927328,3.8123771838625897,20.381226337788604,63.111622966036165,675.8044170546457,236.72129264048334,575.695273612782,4,245.5849183910389,242.9475776907944
1356,54.0895770785509,4.668737179364736,24.684731668080474,58.64069982138947,1072.3800564731778,271.1211477642911,486.64742645475116,1,279.4384595070096,146.6802871638058
1357,74.53755551747517,5.1571540594383,17.10395534492075,53.061345531027555,1099.0514581844022,202.6692136239511,447.80444345241034,3,264.8011003744896,247.3837026125652
1358,83.91804005402547,0.7425318111703758,19.285156501185803,47.68940463159102,1112.1319188679688,231.40514849168525,425.28972463329336,7,221.3487786261768,288.8274273464333
1359,65.21088431225871,5.916336229577397,16.57887581520455,38.081252958087504,940.7429721745649,165.96122168374097,349.2501083398249,7,321.7786991437714,297.8761064206279
1360,81.83359919779156,3.0405575505663864,21.175464097990623,69.43528881122197,1046.3570252536051,214.61327280778562,599.1853700507858,3,262.1669854282472,315.5420890266506
1361,79.84690150827005,2.69333519358851,21.861216348200973,42.40326982247446,1213.593076831175,266.47671219852623,482.52889620700256,7,307.43638534822037,216.2753147000973
1362,85.79291499601088,1.6253113057785793,22.34230447667956,56.636463470328415,1212.0654472436888,170.52882942565546,375.3659706379126,2,294.4445666861254,229.8476213098166
1363,81.19580368414154,1.4122150042642194,22.185650058661405,60.59565572623397,995.624095116016,156.92782852678567,417.35086242897654,5,243.20672938282632,243.98959232958518
1364,70.26931059118445,2.2891049937754215,19.217340007564815,44.4471950309467,1020.8979446094339,204.87444695118484,413.30265435674477,2,239.86543084882825,285.4813571018429
1365,91.96571501664491,3.581958084739019,21.429277466760354,60.38012527315962,1166.636671710165,188.66688981380003,504.3024485015127,4,283.24658640361554,236.84336466611458
1366,78.4147042697303,8.906518275053136,17.507659994182752,57.642132033388556,774.8796977106738,232.45738605352102,606.7467851070686,5,234.32483033651215,276.24158723571736
1367,79.72695460490068,3.948240648209592,26.08968692539675,67.27963835381766,951.5386385984464,177.33702370264788,465.20104504044167,3,349.43879642607544,230.78156626858535
1368,70.66732040926804,5.355500212536063,21.089121781305998,45.30653533573289,1200.3355683305135,285.9219807801357,274.74664852163505,4,367.2473438224525,214.70793452291525
1369,75.5671774880849,5.800962773012658,20.533341642868926,37.14135982720285,1146.2800812527148,135.51619510194723,481.08196648410797,5,339.1514646269361,305.48642377172683
1370,71.15197285973099,5.262130372431697,26.76682098533225,44.94510244555489,1055.3895666474857,262.68673931098675,484.38060999028045,2,317.45352253849353,265.61804363125265
1371,78.27053940076577,4.845113078548013,18.273260399352313,52.088535425343316,774.1251392004069,161.75753858459484,477.5079769064478,5,303.0639021544323,287.3321538758329
1372,97.11708480142343,2.6094124728015107,18.623238657904093,50.58212727085056,992.5134650438257,110.20086327079883,437.25388335242985,6,247.60663963728751,239.68533520050664
1373,66.28098857068643,7.901855096558424,18.711339025394306,46.065621037254495,911.51269056251,211.89375781744337,521.7439080725842,2,341.37805171549365,290.20634867269547
1374,63.86438602123259,8.614393287275771,21.796385854901555,30.90802541022757,1049.655835422582,187.2696006993058,506.6141115149002,5,368.54197917596434,196.86649545815567
1375,94.71170327493608,1.6346826117546285,23.294894888912793,54.70482996129107,878.5979972807679,144.51953160484845,497.51696858733527,5,283.02855556664736,204.82844527703256
1376,77.90676322848134,2.951942818227241,24.2190264043535,69.723444790822,846.1414907538089,115.9311554142368,541.2641361442966,7,298.1834530185096,297.10527351845303
1377,73.30927261340084,4.440379315245988,29.715985952484907,54.642512381230034,690.2702083474537,199.58196063642717,457.01671768521464,8,259.6078449005118,246.48799745109574
1378,90.39904687396077,3.070924410179617,15.25170263739771,56.09135519053514,1183.2707027465053,248.7918445811909,451.3414330299347,7,283.43814278710715,237.67252725348644
1379,73.94384460263136,6.011931106911731,23.82620676737325,55.72445306155102,940.0344232835414,229.24767465432222,638.01232895854,4,237.1225698787154,204.0232907756102
1380,98.26009713546937,3.543455595186774,20.328608282283305,53.970466698824,1023.5718675553802,202.8353324419633,555.9355409715436,7,285.5371453053186,290.22352914895635
1381,86.7792587133927,9.330112135613206,20.24075455333368,59.31665966868095,999.6642825288728,223.94237866088676,582.69460609428,6,321.63454980812384,343.2699600846358
1382,75.12088591854297,7.381097188687193,20.140683615238366,53.95373681185666,839.884910055925,198.63929338110714,622.6104585334068,7,316.2579712846903,280.38102742793103
1383,101.57308213265503,5.42514806126443,19.27369098757608,46.87322830346724,811.140263282771,128.51378784848146,552.59441806248,5,312.5344288936275,227.54335928672165
1384,73.94285076996661,7.053972526639464,27.053574503810356,42.04011089991246,849.2027311004147,128.95530073882784,592.8388679136172,5,177.93557084185636,319.3396820413255
1385,87.42095372009307,7.211800848714618,24.526891981041707,47.510263447193246,891.524734175591,189.84157355076604,342.06548379297396,5,302.40042442415023,267.9696710233897
1386,82.99292580406492,3.8721050238835133,22.069587935672125,53.141294964506656,1054.9909370520706,191.96733568169628,520.4153871996027,7,330.6576251811851,228.35056218063428
1387,93.01741289398798,3.3675655109160703,26.053047257461003,46.83917038877026,880.6423504719082,242.54913392533825,481.72815381856725,5,299.5616358180224,313.78411225125217
1388,95.61511196726853,5.156286125939295,17.462413104103373,53.1433868313143,1261.9735947391932,237.86521118873736,667.7684090899809,2,356.77055427288775,240.97950724056392
1389,80.32004149065767,6.7232722489958885,18.00788460600722,54.39150133700417,1154.0726553839727,230.25665078794748,592.76455318033,4,295.01554521858196,177.86585559636723
1390,72.46582129653817,5.278120797306835,15.466096803415937,58.33179431270182,1121.2539324498562,185.98586434614097,436.955480920682,7,319.85802203233504,234.11915433123352
1391,84.59972142939117,1.8460070356180056,19.901756379630136,62.82794968838981,982.0511646290274,130.96739149449303,537.2794158529206,7,249.86450728748005,276.604119633282
1392,73.22284630247894,3.3943511120983154,22.48509558011426,50.780074184788575,1227.1421103580726,220.6035568533012,516.768133344924,6,329.3111337427881,214.11709222186883
1393,100.13387247526623,4.852054272811244,22.308575733797003,36.92223434852339,967.2991553318313,226.2584656631084,545.4331433152229,3,339.33860604167785,156.383533658283
1394,81.36535331082737,4.84866879134834,22.44802573317964,46.548959031808096,995.3107878768631,80.5734268761157,398.11575306253485,1,264.3207703943896,323.491280946227
1395,76.34678448687892,8.945084353579617,17.766829506801756,50.44062567406599,1025.4961809623903,158.28309067086687,536.0016465238225,4,228.52701498374657,399.6952533967333
1396,81.84680305864909,2.228024115202004,24.409464227842065,31.642312438229098,1105.2734560815015,165.4472811303052,477.18486507117655,9,277.4588294461434,226.22648394904076
1397,66.52873710470304,6.011178483671749,22.718882554716995,63.88664520102482,1095.536211850448,205.9175100561718,528.24497640556,5,250.09198496300704,218.5087300235334
1398,70.28385961489349,7.978226216656579,24.199162844397996,51.423779125104666,928.7312082333095,159.8319783617153,427.561483487783,4,329.94466717858546,182.64541201468248
1399,92.00413907944426,9.542899490845592,16.321713467229845,53.81352834580285,920.0509420861069,198.09327155876798,441.4936828603401,4,275.5557882653607,208.94042946540958
1400,73.43105721028604,4.191205153632078,22.934472576393368,63.65526462526266,1095.9854435728128,189.4732529823504,617.3842020366702,7,335.92042382134923,173.60826357701052
1401,69.53089017318061,5.982858905440399,18.43670428024742,43.69857169857653,1107.285487583685,192.0425264231136,394.8452441659839,4,221.80990724815297,184.75130845573815
1402,85.36652752527286,6.139520714397294,20.808030242345914,55.7404193088403,940.9973312765691,164.1802853149627,402.22455989579515,6,258.58585660884006,250.11230535156264
1403,91.85704154662997,5.390963463106582,23.60309469590915,48.90135876898064,761.9217895482319,168.05074729666612,494.8418742784422,2,261.8086715931532,171.0484554721957
1404,87.18953310665067,4.802309597521388,22.273280818767738,48.159131329840804,968.9025855987633,145.98664701096536,422.81096248140454,7,313.7816483941867,176.57866992995372
1405,89.96047685805816,5.871950779000092,19.445380060662043,42.278076121956204,1093.5288698238787,219.00337202869162,411.4971367737201,3,196.18164848414904,260.35102546954147
1406,72.43204911430539,-0.06449217043937061,22.018819468553254,66.65603213686528,1270.812526962967,228.5551314295684,510.5075971208295,3,286.2654596291335,219.12656635012692
1407,65.78189333258156,6.364138980125262,17.40539405426907,46.24499959924429,820.3063056489007,161.46910249373306,349.49341430962954,6,281.7779498447237,267.83367210259644
1408,95.01333651955487,5.2523558073239345,25.45080218769489,56.99464246895702,936.014312075414,276.03200480085223,399.2037765086362,4,318.0781434278093,232.89972042176706
1409,76.77320161157864,4.555050206443469,21.384147941511245,31.249926125280638,941.5894657711935,184.26992762789754,705.4095582923643,7,302.520378960604,240.72207982669767
1410,77.49166983544953,9.093724391439116,25.355649832765977,61.79988529689787,1203.3708009147251,276.509281189828,545.9475058969009,6,252.27470757411,289.00531575495415
1411,93.28194141849058,3.6501319624188957,20.420404938711872,60.52211155957059,994.758774931205,167.89364130841983,425.34366477300887,8,187.06252710867483,222.5654795100042
1412,85.5623000940066,4.193848021869939,20.42927203478025,50.97434110297303,863.9010160941601,98.67111117002823,541.8215078266197,3,261.46687723577605,285.4850518167975
1413,84.55887772081607,8.983106604409468,19.70743964008646,47.73057533862075,1083.8042924382728,220.10989124561758,556.733047698663,5,236.66063101130615,229.0076142463506
1414,101.65002344901083,3.3358773903002867,24.628521795079227,54.00000005613566,939.304221993858,212.42725525594938,599.4414420090238,6,239.57745531677153,208.96290681493934
1415,73.56481769619857,3.899769434126922,19.871706528014574,72.8879066088029,816.3419089963069,201.71968976537914,487.284397054327,3,263.259169027679,196.29906075079683
1416,89.27840128081237,4.7059491531383,23.93378629724553,32.36763301096515,866.0840039085774,167.88837607780053,597.6497702772889,4,340.88228630391956,167.16630176230905
1417,80.57013124897084,6.681468964259098,33.73511490754629,57.82027387574128,1260.1062931633928,198.27138872570904,296.1553475117827,8,236.54004436311018,187.97887412678742
1418,82.68592278863257,5.415605014706626,16.07211010032514,40.883826978460974,1057.6313832474193,174.43702710652363,394.3691869524247,4,207.25042425942206,161.32540730806906
1419,95.28468426412532,2.4147493056954747,20.289057796640602,49.80081603700269,1016.1640083178814,184.88252168341248,516.3871401736455,4,271.02548531229314,200.2745192413161
1420,85.07835756289624,3.935662873745621,18.462675356911454,47.52119880921337,962.5159396281931,242.08161278825375,532.9633532807792,4,286.0796505856114,291.0502929966275
1421,85.38296079049633,3.7852911335755772,22.10170817104701,45.716817422022444,1043.8223263178197,209.21086147650468,408.8217712331358,4,282.7380587133922,249.58428937660008
1422,90.72507337309803,4.845557909553909,18.428776792976528,49.89534870947271,1042.0353919003742,230.49756936659887,525.9419991263159,8,267.0211754372295,230.6062080835207
1423,76.35047270457115,5.851687317259659,24.77792530214385,38.6582885472221,1043.8253242310989,188.4065746687105,437.61597513127396,7,287.7659709265681,215.43551282954644
1424,71.60790332660994,5.836411511775944,21.726772418940918,60.291804361279674,1017.226763541663,182.89913270976126,472.30409057728343,7,310.7753674823823,245.93738487499547
1425,69.55190805978967,1.4479764919031957,21.46721201572378,32.058564888014,1130.3197507458324,142.32587345556783,602.477380066501,5,256.39905649969614,251.51043045390477
1426,60.33643410623998,7.127881975121712,23.96767641336275,55.39764512828342,1003.4656519001096,181.49816937159017,590.89374968886,7,350.10804763959993,194.24721429694011
1427,100.56207129940321,5.505137691993247,24.89172080222759,46.73464147465429,853.3091746671042,33.94427222054307,400.2939672636737,4,290.8471136050424,273.17791604147817
1428,68.96791634278317,7.7690640951878125,21.939703744691045,38.29075106192546,908.1365663648697,170.48890168471826,394.27485379798964,7,348.97078731268067,233.7183464286809
1429,77.78746376414227,5.888396654581344,19.68639910135213,52.02383370598695,703.1471959765431,195.90629114045805,458.8826604446684,2,313.176796662826,264.8407113457532
1430,77.2318670011108,7.202645915471525,16.67809115166361,34.43048913293522,1304.0225674063588,228.1836827135078,497.3253698827075,2,236.98709771431578,248.3993212451825
1431,83.07406697809101,5.933090622900254,19.941850728894458,50.39713821719635,1129.413188792903,186.56610612375215,434.2101511425259,5,202.25205027189497,179.07978389611952
1432,88.15737212539297,7.692451512405496,20.148363260056115,35.77123092188445,875.4894257306145,217.38367711224998,604.0642442799668,5,353.24942960159296,315.0424769898806
1433,88.60473488359746,6.044501272035557,22.32117235897689,54.61272084317831,957.723272590435,91.01056693048773,534.7389841708555,8,254.37806979588666,249.42723516391592
1434,74.16922561431062,4.804169507114192,20.96455935658592,40.756426663696246,904.468528869035,197.1581573896525,540.6085109874429,6,295.14228976837205,231.6151276359751
1435,78.32878286213588,9.544869440893763,24.063798916154283,45.49005982970691,1231.3820817061176,116.02486035432983,373.3461171055028,5,269.86353256098124,279.12779800690464
1436,82.825799504883,6.778074244559784,20.161050186187932,52.93949387943162,787.0184253593607,139.58482421703337,616.729071738378,8,367.12037073229624,192.13358654669221
1437,77.51308873816453,6.147488842008826,21.828876499441176,42.27457888157764,1017.1714088228169,190.64172260680695,217.9831177759309,5,296.2662644947977,171.28564846748674
1438,96.07345576019992,2.447391166923328,25.55196232959067,49.42036000331697,983.7208236152728,263.81319939367773,583.405545184937,7,230.98591368104735,277.82939998513626
1439,84.90974951638252,2.4233847650729246,23.0254756418649,34.86169498755146,1124.025794606367,218.56033817350294,593.4311737670771,4,286.8092358502175,307.32834181515193
1440,87.34877786049817,5.585430964283707,21.819887374934307,56.30875603596156,984.3986158412957,200.91154985685586,456.75988127220387,7,356.23327278967025,264.32078022304194
1441,86.62881268667412,5.291042395536482,20.19416667419447,67.6491380555077,736.2686685016847,199.0234805266449,627.2910217247423,6,256.4973940245511,290.2891915112434
1442,91.73473857485325,3.7717548699833676,20.10030580985507,77.92208867909962,962.3323248036339,164.31855533977665,493.6902447045654,5,221.91527466002526,186.69153177466376
1443,81.81021558703706,5.28196539922412,19.44816024114416,50.91168146666439,854.1756673085013,172.80082933136583,506.2431703327443,3,336.50939275939004,232.0362943317966
1444,67.03168052044154,8.17725385608719,20.3769794026513,57.88204140797187,1011.9369319834841,221.36880227353987,533.9528787404216,5,251.05299700315715,217.09780381232878
1445,83.99687951752642,6.390804949100597,24.266997516232944,32.19374327092511,1215.1265554780489,130.73197407777528,818.6574911811056,5,215.00089376632587,301.37983929743797
1446,73.4864310620817,2.7179829804945235,21.334335186123194,65.02734326305588,739.0862133651583,229.65270251415106,634.4433908083004,4,252.73803473588498,274.70336682398283
1447,74.71383318250243,4.776982345714113,17.950680791856307,57.762285047241065,879.9665896900144,180.57464664405737,570.1131200712919,1,311.1109556699226,301.55780900809685
1448,85.86364018755093,3.3900670382948785,27.30450787917935,45.16066555048767,917.0960569324754,241.27785374347826,408.7195513398805,6,319.34209097667343,219.1063111788942
1449,92.38283071433636,4.224600167182878,22.95989557343549,62.37180800289009,942.7553356880182,248.05467286160416,514.3589825479493,6,317.1966054368157,193.42606180624693
1450,80.21271576736062,4.172768668740715,17.779169798460494,47.455239233546585,1111.0188496157866,116.345799374713,418.68759061536133,7,246.07480720425997,316.453933699451
1451,83.08833012598964,4.044708834791989,20.674453218277527,45.41974816985444,973.9683373657919,170.9209618386391,582.2110847282813,8,342.3426846699592,251.3055176477593
1452,97.02214944635239,2.4897292560532103,22.332659148485252,54.753349254274916,1062.3704088580669,157.2236156029688,514.0466975734856,7,334.1809875525267,303.2440490621069
1453,82.40753179488568,4.74469063696362,27.113776279892132,39.366455001696814,906.1340434402335,109.36360174634285,387.54783203861047,1,321.6307824779778,246.75275458110116
1454,106.01683114180395,3.87878472630538,18.675662625223392,60.21624764399948,1034.4886518126907,148.37333618952948,508.1124583418503,5,244.76769915891694,360.19260485561017
1455,85.65509645631545,-0.8588973800045361,24.92812215806784,39.44010188073157,1116.6696446316573,322.062792263267,415.05825302836945,4,267.4459863768837,308.89982474797404
1456,62.39237240844182,9.105944049003327,26.198459280917028,39.49945210176814,890.1550675394367,230.475494810622,515.1216221337547,8,314.07873580662994,241.99722883617994
1457,87.53341621104532,7.177539308433344,20.11403708477629,40.90310211591665,1117.2037179709773,295.8643984302877,414.0922683634743,3,327.30633706862875,251.02644508826356
1458,83.81158384882778,4.247398550150008,21.1674591434193,57.59500037516122,1007.8559153091353,241.45492200091678,502.74876333608125,1,247.71810663973415,251.1993763087765
1459,92.89752754082745,5.037638099481197,18.89107225787869,43.83224638480292,1156.819036072338,162.9078419495762,575.0469861935095,2,385.87648765692643,193.1970305614675
1460,86.73181351269959,2.6566913053648764,21.389616576759085,36.520042156328316,969.787014988454,180.91144016629784,494.6948008074894,3,291.5214742459469,225.90275401502416
1461,78.61544016016227,8.391445755621731,21.890230076971207,43.94320000064202,1057.1866982743147,229.42180901201536,460.9111732827611,7,345.8594720567673,222.10115552900982
1462,67.75701763710634,8.794577389546223,23.97894999424711,49.67957629319513,993.9090652482205,221.87531017365183,520.3276221057463,4,236.3407627112744,261.62566781930343
1463,77.90976742713974,5.313387456493049,25.27055041306134,38.19027516335615,985.5681606939131,171.13289921458332,569.7182620792853,7,308.76977035858863,209.243085901502
1464,71.494795457907,7.047061288370689,19.755711806135057,38.48318890965656,1038.8395642338535,124.50034147103966,389.28167301182395,11,235.18718659618818,242.49640629058547
1465,74.19476550195277,5.350573557867848,16.098024807322016,71.11296334099585,1080.5211203837355,364.388059369437,526.0656154705202,3,306.0557930015329,231.69150942418605
1466,85.88578404420609,2.3265491222481387,21.936265662171273,41.394345961861134,812.5652632113993,192.9425163828597,631.7540819017399,7,321.62136404177943,253.79147663928939
1467,96.69904504351406,4.176353262072685,22.880612589905923,46.76957631226993,1215.0450413226818,183.713055340869,557.3656963276716,5,324.39540449289376,323.40531340330995
1468,83.9467152982298,5.263855933543914,22.748253063055124,46.32762999200714,721.0505439175301,205.6667231952651,505.7754146667228,9,261.61361430934016,304.77181413395147
1469,68.04116937964815,4.090904562513112,21.019980257472866,45.786431922295584,897.2781835391656,187.86357053444857,563.9737506698895,5,207.54799072579476,184.4750492033772
1470,84.4460266822014,4.562693445129928,22.374256298991803,56.21346739969103,985.8596393852649,206.1364453852742,545.2496456102682,7,314.62496368588927,247.40807180103118
1471,91.96631486645651,4.817200884981771,26.54633442505674,59.481429504720495,1061.8533953628921,264.347364305821,575.3601109159814,4,278.571120540197,234.85659027141062
1472,73.90217095680617,4.838243004269078,23.14520250688753,46.94045568468408,1236.4258791612067,193.77257601567882,297.6068389017056,3,278.5450653549042,217.6700186230356
1473,78.65982833327082,5.104516980994966,20.87989472499075,37.63521713407651,721.2562767662339,141.86447803361193,344.6543866336735,5,252.3938128925986,357.65106944839334
1474,80.14688194729197,2.878789867206798,20.499406548712013,62.744402278489034,923.8458807415434,191.91781027606945,600.4829149483237,4,295.8138782404589,223.66160971579592
1475,72.1510168691776,3.5659677017441274,21.490442926966807,49.04658908803317,680.9749768301101,176.77991092950447,349.47208238385593,8,298.2678905374389,227.12815609007646
1476,86.4828043384386,2.4308314686000614,26.91021988549192,67.30321814857169,1004.7432960865372,271.1949468623426,540.1538635719205,4,351.2508416852514,337.71946801364186
1477,78.79051851392218,6.9556310993724,21.45009787142141,27.54414102434837,1040.7525376750045,258.5559532368785,464.7950343967708,3,197.67235690175573,298.4518016587912
1478,84.19532443907028,0.788706116319351,21.940616966437876,51.954032212833205,1238.6193613256878,205.37625002153993,400.3810754404003,5,232.36079800938236,227.8350861919804
1479,71.125078221979,7.307180686633851,20.55305928719109,69.18606333876208,1018.0952141340181,136.06320725903717,534.9649757147473,2,321.49619233498987,288.0302253829518
1480,75.62541699676589,7.772698794525686,25.296950072325895,46.46735864561842,1156.603769416357,138.7053868280027,520.103350371657,6,188.42006358012912,238.02824483725053
1481,87.22381357827771,4.395638826034757,27.879511764234024,47.74506576665364,1087.5755622308588,200.7561630792277,711.0342652096377,6,262.3580975506249,241.35918106833273
1482,76.27166847908234,-0.20627417565459716,23.351839148294165,52.95511691590339,934.7127704492248,216.81614846606405,437.5188795464111,3,417.2293410027184,209.73085748513114
1483,97.26963851233405,4.277378876065419,22.248318711356276,44.41204181115043,788.6558879811942,181.26885903369725,644.0110120069173,4,284.61362337017937,128.3473425746696
1484,76.00363814385398,4.871631677422362,22.110348499522704,46.87928067947267,1041.2503447437716,175.9915207896383,535.2422914384315,5,333.47054487220373,178.75633397467897
1485,82.24684725751887,2.978803560142173,14.847079633642764,46.62184905808597,776.1846974281955,170.36003834106765,433.89781184572877,7,214.41302688320695,194.7697197491952
1486,89.3259083187309,3.9695632123835143,24.23545259285445,43.72579265573627,1194.2810609004466,198.8303019878027,579.9246457517245,6,333.5046544677897,270.9501886933224
1487,65.81634267066968,8.060390397726703,22.40249924798753,62.288565502005596,975.6906846944764,80.86188239634676,556.5738504453951,3,279.6364096902288,257.6719152184569
1488,62.39191188019224,6.329854324603482,23.285026151982176,54.61078032296435,1179.2766117267124,144.9336685615145,503.5843294858049,6,312.9665485673442,304.3116642103497
1489,64.74343685429905,3.1508717712438,19.865613417748886,52.50628232103302,927.9678348801401,168.64745772763246,526.6295356440623,3,326.34027706309973,189.8331578207029
1490,92.62584103427182,1.8048016608091357,20.846629363068725,58.085710068901165,1040.3276179601487,260.37515974759606,440.30129689544685,6,272.77650633700387,339.3395242719836
1491,74.48141854107553,4.345965364780458,20.766925190490483,47.35644166796533,1031.4023286002034,159.30931790355353,417.42128747454933,2,322.83691634009324,334.71769467728006
1492,105.58199285668252,4.5730864412991235,25.064868952219115,42.257961816470996,993.2433822983614,209.02340709156033,575.9442173822583,3,242.46520687680726,251.77183250239548
1493,74.35752401342612,5.9923983747266325,20.86372049019072,43.973756953854426,935.1010729905112,211.3271375465498,477.6060575686726,4,301.1926851331669,215.68748114682018
1494,81.84551303197037,3.929366574864682,28.247980966329393,50.01783041104609,1058.868402770578,264.8958252830381,491.9917001750907,11,324.5014126658801,218.27484628483856
1495,95.42109952567876,6.022999150723723,23.292587257045113,39.40788291627098,861.0755104775187,263.1288703482075,527.9821595944277,5,271.5280205606501,259.906780409465
1496,100.06092888159122,8.87030808012046,18.172952020012804,44.997389834133244,818.5847006561412,197.12485156025417,526.5288344783808,4,250.3625349506162,344.1297651527792
1497,100.61503576636397,6.631002044888525,21.61436112024413,44.838833581285655,1186.4240339990242,176.22576294052786,357.06735290259354,3,275.6897438781233,245.2539880284572
1498,92.08366230593143,4.903822985338455,20.044974633530753,71.24556229829014,1109.075198333815,166.8083448587155,628.6252086454858,2,353.00928331621617,170.89837112159222
1499,90.24062525811462,4.633699057893411,15.416852590539927,22.261850600660832,1009.883741290336,187.94683887671096,512.1182151900679,7,345.34193841849753,344.76838270499024
1500,85.92526949201184,4.286653731640257,26.79841282034137,48.203802785943665,1249.7713573815672,178.29833228382,479.7346737177851,4,336.54024149690855,229.98069450099052
1501,87.78361076166638,7.361281824904289,24.10942762666001,67.2569379281477,959.8351721912733,227.6813704679116,543.0846005169747,1,375.39156719018797,322.6898026036125
1502,74.48814283671467,3.745373108097394,23.599621953697937,51.21844464132454,1198.405482998347,221.01549087426022,523.6542193614863,0,300.3148746227479,281.28882574153084
1503,71.81801116577692,5.090445417999965,22.496210980899114,57.53417473421093,1026.3361127388732,229.59005955725078,576.7062689489702,6,308.79468759793235,242.57855617746762
1504,79.96625542589048,5.102395803762171,17.853947293922687,50.99826315099768,846.2873874885415,262.9641855718084,553.7983672150941,5,200.35172770583858,298.2969777429851
1505,78.29815377475072,3.9964316143769363,20.54914858133369,43.326666187835194,1277.2060287656275,293.1434560700088,571.7846228996267,5,254.49906704744427,213.26270612730423
1506,75.46771950672725,2.2550689042317984,24.52534232435204,27.58084065491087,1148.6066269936127,206.23316967037783,635.0993905727516,9,325.5736316354184,235.45215678297694
1507,86.96387447456715,5.645949007235337,18.846339910652492,52.05455687036303,981.8468453485654,254.97318856978268,588.3624548970972,1,343.41107942664024,223.4632322833594
1508,89.5530520857051,4.877992056289233,14.404692051247558,42.24393395397609,1109.0756889300924,182.41699080828926,483.95137796714374,2,235.3621790078176,239.96594343935575
1509,80.88406886291847,6.00048093887314,21.31868197665722,41.99664593834696,939.444484900314,259.2503491791508,387.7098843923167,5,295.34553606323055,277.3875294649457
1510,94.77530081055262,3.9327993871216664,21.574727337917384,45.01012744020888,1124.3723552589313,253.07545785879222,666.7797933004515,4,407.9707185654656,277.01410820129433
1511,68.58310885866496,7.441642597626096,22.40669024924413,67.44861406623494,641.3382152074062,250.42079849714958,476.22766266528873,5,295.6141746770798,172.23415001035085
1512,78.06340540720282,3.2464524375763104,24.185555930543607,74.04837542253972,847.029799945811,204.7034920595762,452.6892586639478,8,372.2417756213356,223.2230114532248
1513,72.83177679397195,8.424080568035786,23.912817436693626,52.17207937528401,1146.8889616430445,166.58209180045557,326.32731822355606,7,317.3644183385704,231.8554400640814
1514,61.3346338292694,1.5047269803434768,22.776309415731767,45.35232776088272,962.5516692671621,130.27357810672618,533.8473105312112,5,328.0684317052163,279.3075795162834
1515,79.17319314157301,5.8695401291137825,25.586594164260127,38.2277358254879,1031.1313442333112,197.99813962394504,514.888660395377,6,254.52601930170147,179.98413513821686
1516,78.78252491616716,5.950861365053247,17.443090657560056,54.68540161546069,797.9821506826848,276.6506271124591,348.48850637505194,4,219.55241353367728,285.32338744489886
1517,95.13449743242131,3.4088858641182354,23.51374544343217,67.82905600065143,1277.1800493553155,184.50775493179634,545.3274042133175,4,336.12040033691346,193.66455208257634
1518,86.30811684554777,5.848787875722025,23.879615090010827,47.526596129748434,1178.5794465576514,239.25632927300273,450.1808079298561,5,315.3552288212526,262.41738420009807
1519,69.75813175670795,7.559037339520318,18.28131314175928,26.21003959246776,969.8972172437005,242.19757002594656,769.0315007288693,5,303.02841535233534,305.72198325002114
1520,98.54092566334188,0.5663623212918711,17.49138817395283,56.700496718155236,939.295621470501,185.81568895364137,443.0638807909132,3,233.6447072174758,188.6559807714143
1521,92.21033695525352,6.005489614981629,19.762173620573197,59.853997114500494,1154.4406542129539,265.817241875976,456.4806667802207,6,282.1618530325749,262.08748377735805
1522,38.65999853002745,0.01345835933984496,20.015375672454123,34.141543596141524,1297.370567525339,54.566962775974815,412.5223775745632,8,269.1664544298982,240.7259377134228
1523,77.73515901150168,3.068670392953584,24.260258390507293,51.76484183662953,1143.064038371703,138.86248606309124,627.7876521041972,3,274.06247198523994,201.12761666824903
1524,70.4056076327652,8.25833272980189,20.156383648926717,54.512260161360985,1325.7704001094903,154.21838518207701,462.72242055352467,6,311.4238512545934,188.75186217348605
1525,76.27793223928947,3.836435933215892,19.430954445156388,49.26892697991062,861.6473006407123,159.0142488566305,427.50858462345036,3,335.31146152544164,214.62330415587917
1526,90.88748619704185,2.652240071182055,20.16509878991632,42.09229080914646,877.0919754251814,216.81314755929478,570.6955009920542,8,314.3037917814555,209.47501295407295
1527,98.84586305934609,4.604124542030636,25.355897002462633,60.15937223563556,821.6588322919977,214.5018901526951,361.96470645868146,3,309.7230607941882,239.72022844773312
1528,95.43243528272188,9.135812676327104,22.039130123130857,45.966202540313176,1066.2640974474218,219.6995286087504,562.5110546248948,11,305.67593268012575,228.66878098110513
1529,75.11150578213726,1.3366355055879477,21.462246923929264,35.14813837300068,1026.3405324706555,229.80407470662436,678.1399716600857,8,291.26134349407045,271.1808106036252
1530,68.80382566710989,2.897380176721311,21.669983503896844,29.50525514330319,977.2073314792021,152.49477154271753,556.6607832835089,10,258.4667003636723,290.4246137214426
1531,81.40886246911204,7.994863366359253,25.876181002979568,62.6084951999931,1121.3887942184947,139.09119665963405,563.7898316259925,7,302.3423036197523,173.54971817014288
1532,62.31560634437149,8.715404687075464,19.752484820190276,56.166639764711185,1184.8492907821997,219.81598410039314,587.0060216907484,9,337.36380419361035,237.4674712781578
1533,83.23167714184781,4.7931375514194325,25.946524872820312,50.87973547129169,771.1506386069736,168.48839631767805,670.9708028675518,7,294.23515555347336,202.5037678101873
1534,78.52397413701331,2.521894594946715,22.631488896764512,45.59725363149197,910.4541958148327,121.47624773160148,620.9893960019104,8,253.98183034416752,195.74168394480537
1535,33.94265443716101,9.191687003618318,21.51874185407396,44.71001585796873,1123.021539118459,248.5672142270741,543.9669722273023,8,240.2177784507588,171.55991824576762
1536,64.05296932733205,8.188884783498393,29.502701493802846,39.24263351558389,929.8391974212127,269.7550953251149,590.3891400636002,4,252.31088100395579,167.86552589023196
1537,85.13600106569717,6.3578939755244654,18.83308153060421,45.685443554401154,880.2690885462769,277.858044484933,411.4065074534889,5,242.81332302517728,224.0437000139753
1538,74.6729916033809,3.37519530212516,20.938942721298982,28.799127848798257,1152.7806141475592,209.35038607373602,577.6293590747322,6,444.56059249194914,269.6453916667318
1539,68.30083164289712,4.901941318323926,18.302706282507998,42.63936346531486,806.574989541403,231.29660479864512,399.44440288162525,5,256.1135575579094,269.46735114033953
1540,51.2773778671835,4.679279837910339,24.85738591160851,46.89062483648906,954.7630288313343,268.4934111680956,463.29775813683733,2,298.0784719619205,197.36603580484584
1541,79.72485094949364,5.661702609231155,27.067566800955035,56.09880047190419,1049.2966038707214,167.9292104988283,191.74378248567626,5,295.66150953332436,192.3089556678201
1542,97.72251596669744,7.902002876262673,27.009768344213917,49.60073536626636,913.9270129134821,255.5338842027046,540.1429659367462,3,370.6657416701742,261.96224269000675
1543,96.6125921454787,6.758834082274806,25.671846259438013,57.94923113875559,1117.4733484019762,213.76981170716044,435.61279888916476,7,321.4687037703128,228.4128671348248
1544,75.42903743413729,2.8452478460304835,21.407138596612103,63.491351051134295,914.6684537203946,245.68558261712954,611.1145215204463,1,321.2247255273494,294.4855090801701
1545,73.97787939638219,7.752992900039075,20.90427706753046,60.58170093824101,1211.2929240168878,209.30465104379675,539.0192610605403,1,308.71928327662175,194.46394276408512
1546,84.68774256075024,5.6262642800263105,16.986490682517804,54.70509847378557,981.138055375634,264.8128354874001,612.4095894701625,3,313.7546626499886,157.11445242841404
1547,70.01614560811709,6.374131591717832,28.107620605545378,50.11862679180784,1100.690520505803,211.17618812707684,391.6403455327462,2,316.11275780856965,280.62421051489076
1548,83.01791899819466,7.933081718557206,23.4069342344454,40.19211991586441,1111.9035929474226,125.80104702662912,603.8386037159632,5,268.6296180838321,155.498036819749
1549,87.6608027838469,2.7768395009728977,20.524129285391552,57.39944051379317,905.8689995883891,272.5963316157361,710.5856344363327,0,254.132024245658,177.71000488768289
1550,92.26933223884308,4.9283488425870745,25.984170666960903,66.7974738222153,691.9770177016167,152.6234629513944,576.4158299931894,4,302.932102658752,216.53858051512265
1551,78.99845923520047,3.93709089728157,19.08170644972,53.42106039650418,1054.1133631995751,262.6529105121957,579.0349008692289,4,273.15385125401343,235.75032791245619
1552,77.96326249823034,1.8642811492690883,23.21986610266802,69.17259148426123,1010.8432520687304,195.4878559279839,516.9597676394935,3,309.2183331904554,280.0738663783319
1553,71.2201741324344,5.69341995520984,21.482112597127497,34.744282919389164,1083.3739041362692,258.8005492598853,447.5331219434636,2,246.03672614470798,199.28909114802417
1554,71.73119645960139,10.023113103168846,23.916031419640902,38.45836615220459,966.0208791425742,256.73843074333826,576.1192372701508,5,226.3120996090512,315.88558631044435
1555,77.73521108098473,1.3198445109884944,21.809279382441634,58.55201507748262,935.4358451798926,221.50714871576855,349.39170895979316,5,236.0338215059027,174.19507090999318
1556,83.67365506816178,4.93543877790106,17.647216326666328,52.64290210153251,1301.270951647255,225.42676588135654,458.22448750791835,3,296.30608743416974,231.40305299662657
1557,89.13584626233249,6.281085870149547,22.226729118010113,63.13782176571807,779.1468907733833,221.1314308596283,322.8943197662818,2,219.2215658371229,291.507747963245
1558,71.96821049319655,5.246156403312362,25.146592425626086,49.845283592732606,1110.0925717546359,99.30876218594611,429.6343622684917,6,397.4829876175701,294.15468245992383
1559,94.92688568959522,4.773743894968519,21.912350782438043,41.32024577471668,913.8097212724913,205.9165109449101,564.2045091893561,2,397.6116109897664,102.2487025611535
1560,77.2887639895743,2.4015672731083515,24.32534536476726,47.86406757794958,949.6332073389367,144.19679119640526,550.5393376220463,7,344.27466336960333,385.39720708917673
1561,79.78632705651565,5.465573485880327,18.86341154297784,34.67316029076266,952.4345751139051,208.55935718728315,505.0913695535473,5,281.52954388294654,233.88859136092918
1562,72.52788320852177,3.4864720459681475,21.921217620190443,38.714093269029654,879.4848588743114,142.85287268083923,517.0400994062011,10,275.8199264029906,263.9222668709503
1563,55.75759739727059,0.6201565900428934,20.126468634734266,59.724439979180104,1085.683631535436,140.75240293869626,311.41353821357905,2,314.8267915979383,233.31805600140493
1564,88.8404539636105,7.389184441027462,24.240942520314128,58.7278741446961,1208.5965393924935,280.2467250876951,462.7437719429085,6,329.8310258190889,356.7576943997626
1565,87.36843897092433,6.916771639684085,22.094474686785986,53.63004284806077,1070.502049186999,253.47236940620948,431.864839356479,6,314.8128918678736,314.4671870463979
1566,77.18672442881787,5.103321953702159,24.070221029009836,32.78922479039531,1015.5072994318143,199.79287075279228,434.09403094854594,6,234.47633029437617,355.37534691191604
1567,80.66990717224871,5.458149376411405,25.263131278473598,46.41596424487111,852.033925135113,209.2384325124512,559.9578627813753,4,290.5045646464325,273.66165374461826
1568,85.159392177041,7.148636025431123,24.074855725364166,37.75000111339949,1077.5237898736677,187.60419871284955,413.949267349469,6,326.66328774896243,295.60735135082297
1569,64.37454143113457,5.448679313556165,22.819355302880933,61.765332537877654,1323.452444759395,228.49381879897615,439.5319149872589,6,181.92308050030346,197.76906034548978
1570,74.70947322653706,6.808035109522629,19.005363224465786,44.16277866437399,942.8958064307361,166.19728167255977,291.2930754290484,2,244.7344442744315,236.77018171414122
1571,87.94264679621827,4.4050355982523,21.991641667999296,39.1425228921845,943.60246309722,249.68701314339788,470.58768196238304,3,326.2934756778232,295.6477310153459
1572,67.45710576830751,7.623967477147893,20.4007287939525,50.297961651214244,915.8366303528504,187.34565794929446,391.21624522863806,3,284.39301409466213,265.91228189937334
1573,82.9355793216663,5.641571451865368,20.96780812988732,43.59845543165388,926.587864825837,179.00765020843855,507.92029286896434,6,284.44382780100483,255.28521693582215
1574,66.43418195376594,5.388103887211748,20.876397547749246,64.83743910203707,588.2050669491423,201.08565092424215,404.8891953257535,2,355.4220810041268,211.2165600432687
1575,84.66429982433526,2.459877822575936,19.060223275653268,42.65189102465809,1060.755307878357,170.44265850371949,510.4542245549216,5,297.30945654973357,308.27357103846464
1576,79.64358517702516,5.573911708603418,16.12798423259803,36.00771740775369,873.1671735468079,216.43411747482415,485.5314239257657,3,276.3272871719586,307.5640137535716
1577,63.848681840944906,3.3360901650110977,19.995570855016698,28.470864842424845,758.46053218123,173.13187053433,667.2041773042321,8,284.57132216401214,302.1104403267359
1578,91.64739354457171,3.723434546943012,22.580138355772476,49.69213497586585,1112.9784924598823,223.4261801409418,549.7217980453194,3,286.21772065369777,264.60189885000386
1579,72.65408423201951,3.369248743367758,17.955468863717527,44.38069886142074,837.6973322437095,260.80032694557383,316.0362127437697,7,258.2729935648035,250.5052275527965
1580,71.89747562985619,2.86753013620155,22.04704670941487,35.71095393488273,949.1996419174363,164.03391565959132,373.5111155897292,2,288.8734673559107,306.2066193116043
1581,82.00569197230944,9.249542806033922,27.700805272932893,61.89226461255785,1219.966358678287,193.47122713524143,505.52080089923334,4,243.00488931456567,296.8400241510448
1582,91.48637349428715,7.662678123976806,25.069169665756718,56.672451474292416,788.617630296323,223.0665356517711,407.0152051607349,3,283.3338451353873,205.36468423072847
1583,69.84178181021603,8.840735004288522,26.930624527361587,49.717821210627704,770.1102648103357,178.20713225092965,203.16315697641477,6,274.1955349635818,265.8173852923254
1584,80.61679849847971,2.554209960888872,23.173383630798178,63.643262441708664,1040.3959284343507,223.21602804133326,634.9546313833744,5,311.5676818274927,282.9025712902639
1585,84.28816500330574,5.142507499821785,25.502529468959338,56.62536033398613,1172.4231046015552,227.769943032587,572.0224016905407,2,375.7262122392492,216.3448419075434
1586,86.93105607263143,2.4129847495918084,19.82810580859664,41.771440984815676,763.8487423402055,254.1630888147152,552.0976873491771,12,312.97835752924806,295.17201392006154
1587,81.76441555277225,3.608610245605872,20.066979198934046,39.60779836009234,1061.1534605255765,169.7004976957544,439.26769545290847,1,305.15740891107134,285.8828145164824
1588,76.32972160916678,3.1637460331668503,13.782579381587581,58.17981544453861,1087.1499309942537,152.86123798847626,542.767677100993,4,311.6917901427847,229.18473627107235
1589,71.7240977935128,7.4791680128831235,25.558436422126896,53.96366956467351,691.125927446152,184.6211305218128,429.56396757791185,6,256.85923770636924,182.1605485811861
1590,80.86143883046375,4.20754064379648,26.620971939459658,51.697477679706616,1119.775200686083,151.61238302264502,520.4857300217691,4,335.09781668799053,279.3120421996266
1591,69.27860988014393,7.136758667388033,20.34046826395819,41.535021971310925,1131.4908819763268,228.22491020237484,407.94167741635226,7,320.3200821018309,348.2306124945769
1592,50.78649516505393,6.208241779177036,21.238144880808296,56.07947567005754,953.2321640115963,141.91243499117945,651.6288450556015,5,297.7506208237906,262.7699554027464
1593,84.36559804157667,9.607277504209577,19.738413658927115,42.44501116866051,1187.8519543447012,316.6508209126344,342.97633459181554,4,317.74891018468753,282.06915887016015
1594,89.03934841086195,2.041111553720552,23.147960654432474,48.98013345406322,1170.4683361487268,264.7963930786875,623.2283829510832,7,316.3823019476491,191.7332418203324
1595,56.37067564458162,7.518466479573598,25.374797635909722,64.4694414638698,1015.4676888575807,200.62878848001571,503.891582801733,7,316.47308739114925,247.61051836066588
1596,69.90269295290062,7.292881740801455,16.771684078356877,43.39165764189854,932.28319145126,243.36972464989879,451.05330046580093,2,349.71330678919963,244.42694962091093
1597,86.19154261005198,3.0532423239459305,23.22831559192676,34.27010742927139,854.0758161125564,118.15990678446042,516.7002921695738,5,262.0937832147982,205.67925641632854
1598,100.574954697117,7.014266672946319,21.169984684842564,39.4745280812989,994.3654735950713,326.16866656997786,573.3348007178181,3,365.5606364379041,271.98927565692213
1599,80.20793707675408,5.672289926052458,22.34018317590007,59.942988266876235,1085.4638379556268,170.48926938997553,636.6746736694397,4,219.8670864658118,270.069669805807
1600,72.71997058770866,4.545047480093184,23.376982005022874,52.547311373802096,951.3734708439038,193.97512930503203,531.3143023133532,5,333.094480175852,235.29287152123618
1601,78.1710355889516,3.3521290260560006,21.43539268368154,48.71122621311246,670.3748492106955,107.20333564057817,410.93039147377226,7,308.38801592355884,249.36329219514917
1602,93.74876419148185,3.561781097101628,21.689239439782657,44.90906194688431,1190.3070841864856,224.31436523704474,505.56301237657885,6,251.8544799284016,352.64742197299887
1603,73.54035820875464,9.099624191571852,21.358374497336083,54.8535990755319,1028.5334832767342,144.68279214614455,681.6793236662372,3,351.4551526216523,218.96955789339913
1604,72.00807993349747,5.001365637914965,24.910948605364844,41.508951490097765,943.056325498475,205.08278807830146,634.7678085512624,6,209.32428574151717,193.43220611740455
1605,75.17256477817968,6.564260003062918,23.25627988038249,53.05665568642596,1128.5737582634933,172.7862783537731,590.8763478124358,3,381.26113726439905,192.2311725253515
1606,70.46671391741287,3.4182012366648937,22.66175061321208,42.68745431187043,1228.6957894724135,146.1128032534828,579.5687020122386,4,412.84072012626024,262.4576229236513
1607,81.22670315994796,3.4402941075567224,18.187144836723153,41.02340614724946,579.7132645768163,159.78192491186914,569.9450090606542,5,291.8399921206515,122.77414088491095
1608,96.2467845846956,7.163969618499884,20.864260770360538,43.62512565174988,1065.1395474883107,211.28940170427606,615.875483450987,4,248.61408219749507,224.48382686503462
1609,83.23079273116029,2.3008475768969356,24.696007481017524,46.24592553516038,786.0026183784479,135.92545135655877,454.3371214278095,5,271.1131432882898,201.5665249158367
1610,77.47646497873713,4.169572464189457,22.113089719371768,49.51170164066297,1074.8665760198412,162.55941644882114,364.4913934224994,4,348.7557260560353,247.13742161269067
1611,77.08188731084456,5.068054822144464,23.978594408767414,52.35455795111115,1019.1890803561869,233.1636690632239,506.90035007370614,9,283.88125755208125,247.34503501973137
1612,64.36809191303342,5.2227452036801045,27.2995354009829,13.11634708571556,1095.3589789660825,330.1239937437157,418.2418413222309,6,153.2254589283653,267.2370643883522
1613,88.83109777147159,4.641813429967687,25.11581820762645,41.92349442253235,925.1128578258017,223.87944097765023,394.49792446228156,1,319.17136843210733,280.77595117127294
1614,79.22162802987198,5.791639562191846,22.279475013099226,46.08430022643961,719.0139832271273,154.13691789113562,427.9721423412068,5,344.6919405481701,307.08985498072093
1615,78.19520086409375,6.385711511635623,20.46703248941282,65.0506203860833,932.4447713114998,181.64429149638445,748.5313924533687,7,325.7155959125789,232.3174358430078
1616,111.93107567844861,6.46927509091866,14.339351211832305,39.19997391617868,1061.0271452709674,201.57945030762892,513.6124634075844,2,333.6661137765394,216.68381092277377
1617,82.98752908365687,3.0283923826643466,39.6756828198194,51.627966180999124,1152.3088493012835,182.52875246821463,536.1907836360988,4,380.22614731109013,292.63161133535766
1618,72.48208949904816,4.4316898041424055,21.021962512549454,64.95030309735837,824.2253049291212,245.15290833684665,377.76371929957463,4,289.4269724988749,167.0515521053677
1619,75.73642403794457,7.389525723753875,23.171098583186126,36.870314700527274,1154.0590640309526,210.87367415071122,315.624704120737,2,385.9162795073285,287.8681765604441
1620,91.48445709196756,6.789294375147745,21.538284319075938,53.93975225864402,902.8191565530218,245.3926192454935,418.0947356881194,4,292.28139798973285,257.1511454373445
1621,81.13270410537764,2.254281097037872,21.038844821689615,41.977281660654796,1054.367482239179,184.27781048511852,643.8195585208748,6,356.3325781519381,272.4519742917688
1622,65.61722021682633,5.702959800704403,16.66180320847834,44.95366257710766,923.5159070701551,266.27501098606285,533.4275466076521,3,292.8794819920318,268.2483690129226
1623,89.19228934575203,1.0435495012503795,19.180096512549802,41.96889166046685,1027.3255941568152,191.6757207859227,559.8595091444392,4,401.915291287984,256.8214985449683
1624,73.31855914461006,5.0938698041207395,23.429953122401674,42.68142691584114,1133.7816451855413,151.4405065431004,573.8566039202061,2,332.3958794166787,258.8581880431198
1625,98.73297776217545,8.795534033491954,27.147722893398083,77.21912147906494,815.9478884067196,308.866019052111,440.8650620201722,6,295.19139210128503,194.47057938394522
1626,90.80048065714648,3.1042145654620272,21.70742384876313,58.44455872071666,898.0141154879752,108.75111265194415,638.7965583973368,3,240.02086422867592,217.43709076500878
1627,75.52678104341248,3.331353909016836,22.983433220722368,61.01737861786209,1027.744388101313,163.06306373475363,436.71924007778176,4,310.3106613411058,338.86528508962965
1628,92.81016361735112,6.528059563145719,24.857434470858415,54.91993486836496,1360.2375491545529,168.64860740848027,640.6232359262553,4,259.0361387543343,283.64288438429344
1629,80.67855510527403,1.9143969695807082,19.567318191399252,33.93743211598042,870.5215431749758,325.41531365282816,544.230215613534,4,322.0499972352579,303.03015012887846
1630,88.52773675122219,3.734489940229922,23.100442129856326,53.94957970323307,1306.0200828995378,290.34294420732556,321.0954845753678,4,332.9483936507687,232.73140911604332
1631,84.84732817294474,6.192882275163505,19.778529681003526,60.72929614507346,1300.6634955512757,274.69640718210985,425.1990513399465,6,352.01804530857703,253.9679733825143
1632,71.53643345009127,3.731428304621194,24.594473315473035,41.466005259608885,985.4033273947613,183.4670668811834,321.50614671278953,4,326.88533252562087,276.3347050733346
1633,73.56450167682539,4.528060025578057,22.4542091438552,59.65326667161126,955.2771210700149,321.30890019208874,616.3282132794209,7,304.00289812555366,310.2853736441668
1634,90.29960817581161,6.488371420630069,22.895355441944318,57.04336209854079,896.1902202002963,218.41760019204855,497.5264579197599,4,366.22849090965195,242.36814794398728
1635,76.65224667893459,5.843092167073123,19.652204207744234,68.5204004481367,989.7696204500996,248.8631685151561,277.165756005022,3,372.0233869700638,273.8533671854697
1636,75.96351536758003,5.533636792590804,24.121097078832356,45.82216987486381,788.9920851160663,208.98476905531035,537.5746881719658,2,247.36464136485802,285.5348416994401
1637,70.44877420650647,4.321755441459922,28.25413876369305,39.023890177242734,988.5641474019103,197.52667143383744,446.283573761168,4,388.1038903816985,296.7454791816622
1638,84.23599065593461,5.740122230537911,18.976264913715383,46.383718906274545,1224.5320410776285,187.41106630368103,351.6194144966677,3,361.4523079487016,239.91844798907053
1639,100.62524919243145,4.752534639800487,20.98072297705743,64.35570993163623,908.3372406284924,189.51800032904188,667.7965836968697,1,257.3442998261411,314.0861769797432
1640,69.32467085745728,5.915611219851569,22.694822422504277,31.71594119158037,963.8913544016424,230.42458243390394,510.7285866096579,4,206.04329128340947,178.8770965348156
1641,80.24219456672758,4.006135949764044,24.35921863598745,29.31624284568968,744.8289288599137,218.3599899387694,470.65685976866877,5,360.223620495258,193.52559285788115
1642,94.12220555415429,4.634862051240917,20.321361144131593,50.89395278931613,1056.1093132196565,198.4264314898158,460.0575219013983,5,310.31228188137186,274.033025170755
1643,79.20358608754285,3.0200844148959725,13.500909129571781,45.57410707225844,1039.6722527427062,275.4761996349427,348.67205308422274,4,277.2327982377574,272.71450266550517
1644,84.52371796249734,4.929984779987528,26.077568482492076,50.077278931756844,1009.5553539648656,51.66234656296348,369.54511004158906,3,315.69632233146694,238.25263344006777
1645,69.37606471853121,3.3779982727423103,24.28151835875243,59.45311771235865,967.4759424666785,225.49436239605976,628.4916784875084,3,359.31391356159463,227.88580520191712
1646,84.28307097207649,2.7719070996760133,16.771157408540006,44.474306538811476,956.0863121841318,235.88693533294895,452.6117130214281,6,198.42113378444407,228.55244701555083
1647,78.12855734995452,5.517322295710776,20.17729362466133,31.269941690693795,1075.2850350551007,257.3481434127585,502.2067700936864,1,306.30915786267985,205.0475663079384
1648,89.85729995679863,5.425479551715321,26.704547288581978,70.44481557199944,995.6775097617065,196.75642794733196,295.56695237989254,5,302.87019885096555,247.7529961948442
1649,91.87386051564751,6.565747469897145,26.343389255373598,40.02771712561224,1047.2457807332999,210.39600336919787,368.19079642044943,4,374.8228029686284,172.19760155751842
1650,105.89563642018614,4.137748860849802,24.815920068036835,39.40962877987903,1032.247422618182,249.29741916573607,560.9812519874753,6,341.42663885617577,306.60065117108775
1651,85.79633173213576,5.816105693673512,21.47166269812041,61.037200137225966,1168.5140930643643,274.558320214009,537.7711760113833,6,340.96140738516283,269.09375885907644
1652,83.25796316582166,6.101595144547327,22.24896225643753,46.15510878958482,1101.5491146062582,184.9732007410616,675.3375198724316,8,277.80715302515256,314.6883961700625
1653,81.94384301577335,24.89725757184891,21.60722258462162,49.366101479651896,1028.9292764725285,213.34878915637802,634.2956331631226,4,333.47892152525424,258.0521920381832
1654,76.46833707189312,3.3486926343957157,25.384719349806513,54.82790124060318,1227.763304597827,283.92869821743784,476.9289027515177,1,275.7427867285929,248.14128825075827
1655,83.38483843461691,5.298726964542378,19.37247278051467,60.83583103109996,1063.0402793584842,93.79864620605744,547.2953564713271,7,294.5629818488032,256.2722259638129
1656,77.0459858986097,5.728280592109323,19.582601035347388,46.66539306818228,1195.744403318563,165.49937000927073,468.3396557096926,9,328.694376478458,215.02344058727573
1657,81.68460976269614,5.0143569338158835,25.030823760508046,65.199520059143,1091.0413912579957,273.29179893014816,705.4809818638648,2,304.26911552174954,187.8274599037761
1658,93.17597535607959,0.8270446832578306,21.866915633465315,28.642001512651944,723.7121381602685,254.62689168041516,614.90146960524,5,315.8118625510601,200.77461556371514
1659,69.9345743472036,5.32097924794696,26.135402066361422,57.59787236953077,1195.7252144978995,226.1222605463347,516.9685090857752,6,365.65221934952626,228.68487409103736
1660,91.39878561129045,9.425062078794484,19.985463379058363,41.60472441982343,1020.2764362014003,177.570156344544,520.0394784876352,2,281.75169591009256,205.8325697671027
1661,93.17115067339866,4.279921462486034,21.835664918983525,63.72271316607991,992.2067843648833,155.90907505072903,644.4850287259808,10,248.12001522210514,317.43591016550704
1662,78.81931473008922,3.543845804289358,19.23276104546814,51.42044478830545,1042.2022521234367,170.43921903788132,557.9577847113848,5,254.66189685414375,214.73151975274374
1663,58.78145100991405,5.746697119422796,22.022088044270703,43.27094667990598,948.2525257064399,277.4004110409346,655.8628017070087,2,243.77617650232872,269.68125545928973
1664,73.92178012905568,5.624756420933143,17.564359189003603,56.628410930216326,1034.0543290583419,168.5778655422327,280.6352073741126,5,380.3716275472649,279.21804158102947
1665,92.96994546561109,7.385470330832829,20.53709973713511,58.93188347207251,911.2185900485362,205.0711482119829,546.1228261498799,7,332.7120377391604,311.87192762823406
1666,79.77131937701118,2.4842636881822244,17.691238405215646,56.418941228586384,1191.1408388101554,162.3146177569127,448.4565135318615,5,353.5266786778943,284.08309211288395
1667,70.0069776770509,6.462760505149985,24.081769699573776,39.703037603669394,982.9617829568424,242.13870150495134,675.6377987627992,5,344.56415177324584,241.3268855382824
1668,74.95225078771783,6.180844122502927,24.149768019278955,45.15982876377915,942.612423591635,173.06368598267795,654.6398687189829,3,290.079850680773,335.29854891388914
1669,88.40620026504553,4.715706926118908,35.29666916329515,49.95927162878565,861.2611276421089,195.1203054922793,503.2835809101307,7,381.494393429649,187.79942079132553
1670,85.4673356820138,5.67737463584338,26.001657236501718,49.58740347349939,1040.3163683722962,115.83089334785872,653.5630978811032,2,265.4549152322797,202.9961719032014
1671,77.61067900830305,7.058914963196715,29.49224537925956,57.497454754383476,1028.0660650187638,119.331588189753,678.3114519992506,11,400.61857236030625,260.9960557447956
1672,76.33175588185313,6.744630760056901,22.138019160209023,29.85098767493392,1058.2636920516259,200.38365966607532,507.44066719261474,6,306.1856125808006,254.2938927084927
1673,76.08241850956178,2.7139613758525427,20.076657219326066,53.343270545535034,845.9122168742307,133.7421422401119,747.1933772431858,5,389.434483312489,290.8563069780706
1674,70.77589815501497,6.640316373510969,30.472991773009138,47.100186455633605,759.822820178264,305.2543319667251,496.86588473302777,6,247.544803135586,258.02759691561386
1675,96.15375689469442,4.870622789934963,18.04309450509247,41.61499383616048,1093.838695375984,96.92384439438753,478.54790496640913,4,278.4280510508222,268.45173545157434
1676,76.7767953078866,5.145748196031031,22.060319400607295,42.575132222304006,1222.696279281476,159.9912350667948,586.5872588584343,4,219.8554117368021,299.80831771993223
1677,92.17158520825497,5.146393982003389,22.53886681789577,47.85462335482036,846.0469566415156,200.8350433633775,464.6209268857686,5,352.11239165242,257.0386799790833
1678,95.21316051922452,4.69951402240348,26.035442861357243,13.989148955404822,1238.4161925342548,181.74335311021076,508.5339775794894,5,312.6609545276578,283.9796993515911
1679,89.9831089814796,7.38341499421413,23.079216925380365,42.9871042920845,1042.586658810457,144.79272716680404,640.943442405091,1,400.8306211730489,212.2179548461578
1680,75.68379687281951,4.832564080301576,20.504098312634646,41.24185175353706,998.9405643173756,152.1036080252366,501.92188522172705,7,275.80083040683644,215.51656491365284
1681,84.03730090336609,2.7609077432336626,19.14644688883613,55.32783209322624,940.3676955181332,150.46729612503808,330.4982207024692,9,366.8541588778397,294.0517376819393
1682,79.75804393609084,4.212940288060542,20.974534539261594,41.94473317489479,792.3222970862505,185.66391525899687,536.7319387849196,6,303.995755225394,256.05112376886257
1683,70.96298139269872,5.357389433620951,18.97921791716457,47.8488619982951,1148.15927738869,297.59645447587116,430.3706420947605,6,295.31054058058254,258.4647112384462
1684,83.24359281721603,7.4584295685941004,22.14347595935405,65.42276627661302,883.6590457843595,203.8968648279105,586.5271157294546,3,285.5308432616463,215.3246087328949
1685,68.20960208840198,6.206189369897667,20.30741146041854,59.94351519815423,883.02899863936,259.1450244693762,569.6189715826246,6,257.74263736282467,229.56548928255214
1686,91.87679388461564,3.298929442505912,17.51788662013075,59.02271399943453,1148.7889464830432,225.34881729140707,647.1400348166522,8,318.7123959316635,264.335235644299
1687,75.35382702701607,9.970379833357782,25.76543736512471,45.00127569589148,717.552482999241,255.69311989911103,590.7532300792697,8,310.5695868169595,234.94502392652404
1688,82.0115965587284,5.529550621955959,20.50698242971288,55.430322792896526,771.460328399775,60.001784870320705,609.0244283658064,8,221.36586153635744,206.90269067893476
1689,82.83287871546142,7.550781475998029,18.19558958507406,47.66102199546406,997.2798634737877,184.77709894258854,433.09032398622867,6,174.43936657573673,207.4838817590941
1690,77.41095026295923,4.696571132845541,21.495222596537374,48.03906789323062,1043.9926643507279,265.3567711575357,580.3986495890503,4,284.3501708926523,218.13342407253583
1691,85.86693801475275,6.066718489410899,22.205114697902975,54.0968534374655,1072.7101971953387,171.4132088625333,696.845128936029,3,358.09976337907494,233.05281914701538
1692,75.25096343377476,6.67893700903681,16.7605998232629,44.03006411579068,954.7302259905621,288.1236582434806,431.1350091363233,5,311.1035558333971,236.17423184036875
1693,88.71297297457244,7.436389423508512,22.994943001377287,64.93003104443204,1379.5554502962534,274.19450768838806,679.9738291727098,5,234.86418466203472,328.4188377623834
1694,66.54020319753252,7.1147366107564505,18.858527293929207,48.39869860402063,965.8161161851249,176.54346419362687,445.06499087986697,3,211.3077033130212,296.20871748218576
1695,81.26379579546412,6.744394000145956,27.133086427572362,56.18360566259665,965.3820771845917,174.84182404768217,414.8028754950026,4,357.7398163966767,264.84599034550666
1696,99.38928999058285,4.369826537611782,23.571881536230205,64.55600479257298,880.4519996779184,149.31970788227656,529.6200443354838,6,217.34788924980376,343.1195984101893
1697,69.99668675394426,3.8565079160878772,20.80030002967205,60.31653774575175,1018.5860224781607,168.52028840681012,571.591041612881,4,337.96701464010584,244.22285813623873
1698,73.22255029475149,5.665215020648395,19.76449668904795,35.91080897309475,1092.2441848070162,138.37054679155423,591.1750123972265,6,328.4520979209064,273.7742133856916
1699,85.13907849658915,6.866256144682138,21.685096877309128,54.44895895009884,1180.536708180019,221.44055902165027,403.8237579226798,3,381.7330512123119,266.440682652113
1700,81.79581781939598,4.554558598446786,31.95863004825516,58.50719394460647,776.6073603339673,127.19767533267833,543.454009725429,3,268.5425372486019,273.62727587762055
1701,83.50630099273559,7.130343931428773,21.9235176142444,58.918630221607486,963.1006992466449,230.1866508095111,431.4445428516495,4,346.96526653156445,212.57890153265095
1702,84.89187130147664,7.905233490972359,21.34852357858943,38.86705165885369,1067.0055416213715,231.40393484501243,351.10777439294236,5,369.99359393595506,234.77812116223626
1703,86.3472146856177,3.1673581618531603,22.175110872453686,43.42964762982676,1088.0586301891803,116.93977974080387,407.12636844672153,3,233.14369104493787,209.42340393502022
1704,91.09699841956223,3.32615859240744,20.188423206289137,59.945582357416214,1000.9822986706808,277.490930316417,424.9099634044182,9,306.6530982690247,270.38288010519085
1705,84.09818656928513,4.719249882189327,20.97038221947089,42.38239629317354,1081.3635954298152,225.6804647207611,552.1595160352507,3,297.980668010982,250.16637097915975
1706,77.58742345381458,5.615225336378392,15.742622683284988,47.00303943335686,878.6554160611299,237.48490107224345,615.2213663068669,4,246.8110404274781,155.89155854602348
1707,86.72573701202731,3.9508659724658983,24.921178692557103,65.75875809501969,1233.6858148477536,162.0667399228614,352.6793370124733,5,313.2154901065095,275.6776098431446
1708,98.99881934895215,7.704405357734289,22.896393340965286,49.5220074961521,1148.8942154469144,231.11895592365593,535.1961074208056,1,241.5504320915649,260.83682270998213
1709,78.67366253617426,5.848133723036902,19.679632467899708,42.73225862166157,798.2608319402241,256.3196724861033,382.33018142290933,2,319.1081340680404,335.21137472464807
1710,70.25470695329358,5.078894096481479,27.696204944065716,41.22382643137095,838.7345427824866,195.06958004976613,562.9085409014,5,408.6879703858955,296.3506722424918
1711,91.07080669286972,2.128180952262945,22.26104944117716,53.32719329585188,842.961737483964,300.09612296241806,437.7269418996252,6,289.78832569675694,305.6418371774728
1712,78.79618836046401,2.3683683671449858,18.89156928407441,36.66851991522791,1101.6954956344794,202.2032317456469,394.86709819767214,3,295.2554347654455,193.5579542992415
1713,58.27330453985964,5.562018500563613,24.570212264411374,47.52664036103582,807.2908350373799,257.03929002262373,579.9664515347574,5,370.82541487753497,305.91121597905453
1714,88.47421677150422,0.7348087476903276,23.194144649527786,53.33230534990022,950.3463498687879,214.65044036293276,441.3077394554905,5,362.97439627129967,240.2551803745757
1715,74.64671814046078,7.025274819288144,23.18373995645266,62.991498205476674,1068.2056594625162,229.27607664284338,468.4036048647302,6,269.1177320561067,215.4041407328788
1716,79.0946671769584,4.683692311255359,20.72273318604523,56.675480803699955,990.0751098180348,116.4333866182614,278.0010912443623,1,334.4107783750225,132.72915327160342
1717,83.31980330569014,11.486185939189467,23.351487171334103,42.85934882017821,1038.8331273569058,218.55268691076816,594.6551361423474,6,152.36851912448785,315.6685125588997
1718,81.90499679779066,9.615832501232221,21.214725129336717,61.7841931756372,840.1295932976863,163.2512449371367,582.0908521169107,5,249.79408397437825,235.77133773605104
1719,87.09451817139039,4.637101861504966,23.667824354937526,47.00484962452522,1089.2281560095867,157.68008471111563,500.5457844281314,7,353.4940652336111,243.88904854763587
1720,75.64513629430157,4.78732599493737,16.285166637968082,37.64296977950591,908.0182161286006,287.2051592232989,347.2419058644241,2,274.48875420502566,266.0518433932327
1721,85.13105798176083,6.99116302800406,20.698379611062432,48.27958640734528,951.3070488403088,189.31148759688256,620.9369178334763,2,289.98340616984933,343.11499011735765
1722,77.40453322416083,8.406345219836076,27.166465293424586,64.38169201145702,1035.6597591858979,149.83490845122517,433.37366136392086,3,253.78397814946456,238.70820701463592
1723,87.38810480887503,1.7239418851279664,19.6987976337991,51.65240050064925,1015.4617332296273,182.04341859455627,454.6646549899412,2,245.7636881354225,249.2283640157512
1724,86.15367484013053,1.4272490692906268,20.18848510752044,50.12521864329786,1003.597002852339,134.97748855390432,731.2044056359531,4,175.19099890118167,298.4324503226879
1725,70.64561297955404,3.755930388891237,20.656115984650075,66.37211644702853,887.4059767034867,271.6942234098135,429.636355589077,3,281.8424763032216,236.04427344350302
1726,90.85982116175032,6.165475166347729,18.35558159233407,35.68645152945573,955.0675883201212,165.21596279167426,574.22099624265,5,323.2805172014201,208.43879727680252
1727,74.64036554885952,5.993747181015194,15.375157671315243,37.14400885947228,1000.3275386255553,226.46499669718347,556.2092262082617,5,312.34251513275666,140.5813853915771
1728,88.08057798281145,7.1395429099677,21.30824080442916,33.84153529033168,793.7372150249373,267.80533571051626,539.0172192880085,5,258.39919626798104,316.8142031750192
1729,83.6728731340134,2.6006049432693836,22.407578272244972,53.72648186480055,930.6200550529932,174.99236593926352,528.200054255451,7,228.55041312436157,261.9364164178038
1730,98.38183676795123,0.3677122740622467,21.842484794384042,51.66493127115125,1058.151981854927,226.6011216136393,537.6388561889199,4,281.3061666978371,277.3028868781912
1731,77.76534017628148,6.716028390604291,21.56536431415634,65.42736367279775,808.3845094231986,148.49569725477852,527.1940590940541,4,233.55158217748988,225.691340646805
1732,76.50683203881802,3.343607454069531,22.129122612551164,52.4347507713677,1173.487247739136,322.2884784556842,494.8081641223939,3,261.62146760569294,283.98718971867385
1733,79.80580394112268,0.9630242712227242,25.06852441465229,45.95842840520697,1190.4419893899765,246.81900673083112,651.1283124110743,6,306.4552870211144,220.81018170729558
1734,76.96820217165724,5.2901274919187635,21.42866144221235,50.01794872878107,813.2274136059872,190.3696780619597,368.7339439200722,4,256.42468204599794,258.1335303322142
1735,87.9994190194205,6.586351376437355,20.27775226873819,51.17707418460958,1203.642944957521,161.3583134555518,602.1458104015377,5,364.31574345490833,255.390197876431
1736,63.83689391563412,4.755885735757445,21.15662354533574,33.28238726671833,978.4627616931798,194.30017235801867,582.2342298687552,5,247.70918407082655,306.4668839593258
1737,69.46317580853646,4.084303227635021,23.738040279270326,77.10331644334893,1062.7771838735582,183.00081388242404,569.8399121329401,7,269.7609606984114,282.35033249556534
1738,69.32197078420808,4.6812755357081866,26.236080635629747,55.198710181019116,925.502342180763,297.64722769997536,611.6979427640129,3,342.4865497811059,218.6729442794691
1739,89.50307591973575,4.258834475198435,20.115568782492467,52.10008308022589,1138.4567240840142,138.7232638892549,490.7400604731607,7,334.52122078211625,280.06375905648775
1740,97.10613372581925,2.3039057761196657,22.29680136108665,56.151639842785805,1060.9141028273,206.74007116451017,313.10259241731234,3,325.8310023397196,231.6439503256516
1741,78.95550781462528,3.5706386460191366,23.01507232580788,57.09410980586605,877.8770115103595,199.0830966683145,492.77073402855143,6,268.09759153284097,209.38857516042637
1742,78.31178276809989,6.042559810027629,19.022265979813533,48.594465144975686,825.2197000052067,194.12948498275654,400.88057823754457,6,329.2064160729598,277.5489827151756
1743,80.70052163113182,5.643357082753,22.061251501638754,43.687588637592995,780.9546347186166,194.56916725308287,426.8140790141936,3,339.6032274963054,259.69956644745423
1744,91.6187830260819,5.336119611933641,17.602978427973714,55.99450686321704,1028.1912664649135,194.19645949397582,375.75803261675884,5,322.08455411930146,190.2035020601321
1745,70.72646865809426,3.0097030362932413,16.692849088781806,53.85710840531453,1085.8707117669603,243.653303316605,452.26551415561653,4,298.3818445045815,224.23981853211788
1746,82.38368982734785,4.636993675728665,23.10023922367677,41.90109900910592,1097.6448518169161,230.44922232462176,440.33763060165506,7,328.8546953968665,287.2704879347789
1747,89.7519762978243,0.6458699071142906,20.84837577600765,64.19035611367264,982.3028358088933,220.94558056863931,262.2430170072897,6,296.21125529540194,269.4557477172258
1748,85.01094169939846,5.356953327770779,22.606841222863657,52.93352036322983,826.4505316503454,48.30053189273656,570.0221911282289,4,320.1964084601449,271.55228191626696
1749,81.89581616598744,7.857715415627135,21.94631506897495,57.29819362267631,897.6887802964326,214.9897437081582,722.0321858004882,3,303.7306986515837,342.26699385873206
1750,90.01046092567141,2.0517357359157886,19.07079985400861,63.91920887679919,1172.8522958442888,117.21803199149588,560.6237193496289,4,224.46556245735792,299.7999482193237
1751,52.967677070007625,3.8281446533644896,21.86423709410699,50.21888821164835,927.3057153099878,232.31600815679127,479.7076043465772,3,270.81371708330425,244.16068300669386
1752,86.77875319530908,5.658213557420259,18.300696084955433,53.169520069841155,1021.5126446022214,273.72486837852574,494.5253604323784,10,404.02303857192345,229.80265032404307
1753,73.45924316872576,7.505685268854967,26.172917074004204,58.10027238506116,838.6524274637669,153.68804437057247,457.9014131986824,4,203.12976621526505,215.99349925551073
1754,61.69367103143543,4.103550767399701,17.932088965420107,42.75138916199948,1050.4874568188552,186.91096388286465,509.00415838669585,1,377.6118346957171,227.01085941177053
1755,85.11202599524981,3.6154993414682073,21.412644187094255,50.54051662846001,931.3473157481383,170.03221474735017,496.2991905926766,3,331.27646218502287,170.04289474464804
1756,93.73658545162958,1.0621537151678337,18.873185235858255,51.255485866511485,1157.0069070663646,261.77158878784,415.89515696017054,4,301.7111659845133,189.19520475129
1757,78.62551485372308,5.206876258616213,23.711263520082387,40.439414483166054,1116.033655931022,204.75139426360366,668.2888388947831,4,215.9793644184181,282.8880601972336
1758,89.52874547202939,9.084152080287488,21.005705886155493,73.17636788673879,925.644108013765,286.41646902831667,351.2845764290229,4,299.9425222830061,326.73887988472114
1759,96.12278257988646,5.554716923929352,20.44399984113637,35.92706556507598,981.0003958978505,220.6877101473694,571.8331543194246,5,262.68384295147683,252.76162492565217
1760,93.14914453584048,4.9554420416325735,24.559604635154663,37.01896096312842,917.3325639939056,212.12250903179097,489.8802372682468,5,359.4489260833868,214.86891207930165
1761,96.39964529371393,5.644164621533971,22.088291775032655,63.14226575703579,787.0850205182485,203.4103391301418,690.0831815065744,7,266.6650506428257,79.77567570340736
1762,87.42127491071892,4.977815992102796,23.5499333378079,57.13266250796542,871.3836355679175,240.89960496286685,534.0864599248222,5,286.2086151048035,335.1931308487642
1763,80.75433638901593,3.3739712554797405,19.056022190447607,39.74035182519222,1029.732599158123,113.11569008773283,464.0094462816752,11,312.3090116919156,183.07387389744918
1764,63.980341881028316,6.646559831355411,17.78554916821748,56.07289015101693,1048.7889247344374,204.26719777602548,475.22928015655026,4,267.7735844682159,176.3945146836347
1765,77.53937511870052,5.4515230462235085,22.321623886120403,64.6785044499731,1022.2821855388959,196.49767781360177,503.9906694519761,3,347.9295159347114,235.12743911711343
1766,71.56753404683808,5.035226503867315,21.043460933515806,49.69736942403014,954.7400419062046,236.27094135788832,385.72093050035994,4,285.2054939203004,247.8837045178507
1767,101.70942717497815,3.0492679454435,23.879304017361832,75.98822900074582,1139.9599908581479,190.61491970629817,423.31304748820884,0,205.95805995097822,250.51815565549407
1768,78.24114187567663,7.607015863869519,21.76027464201235,32.75938189131965,1009.5312856841406,148.06327829186648,321.50560308081424,6,307.5383332095591,207.25292191237364
1769,81.23204806784486,6.32940549066622,22.61522601770389,56.93823453859102,1105.488074214392,200.36753374598496,407.7023101625906,7,340.36870719081554,270.7856661848974
1770,85.51485376040468,3.894158325265396,17.12985241017627,61.66528336221003,733.9337301696222,145.85797355658283,509.39064816604497,1,371.90154434602323,223.911702707213
1771,80.43602446372454,7.003649707363874,27.66531081884277,58.913439016052465,411.6399622572486,103.73688937062573,530.0175049284521,5,327.6334483511382,225.15222592152563
1772,96.95051040430752,4.004858323229586,21.507274044903905,47.95644273354352,1042.568204175712,236.35612407427465,302.0670305003598,6,357.65674393395915,236.06432132827976
1773,73.77350638265548,3.4359930149779263,24.092760911017596,47.09558517988851,786.2851519417766,228.95307863473352,486.27882969557993,4,324.535269008006,216.1542819924265
1774,81.94607455237242,3.480593765039426,19.491724989341122,54.44145171087257,968.1322445930416,223.35454719967873,556.3409950822132,3,252.02916105564012,187.28552005446466
1775,72.57529414301952,1.4578628938238176,22.92402970665202,58.157544866520695,954.6854438463091,265.14642109729056,483.70878066237645,3,260.9382852272399,190.5495659882668
1776,66.79977488779295,5.9430847608364115,18.091465709425762,56.02473436282364,1238.1100903623305,166.74840548480375,436.62113542221994,3,185.06178507857248,194.7424383681981
1777,73.88230909094715,1.3377102433232997,23.35620351477901,60.40057890793389,1059.999482941541,128.44429286143725,458.7838854951786,4,289.15726542044683,272.8038848736071
1778,79.62963202951588,2.5431123374684748,32.521539621001125,39.81130042933265,1024.8788540198009,196.49851115959777,445.9236645022778,6,332.64099455901686,269.9559341032345
1779,75.7069777548274,0.8488239818429335,22.0875715118067,47.72229020876365,1125.5486731950512,182.62498501470446,436.3269440891943,3,221.10913604802388,236.5621812980864
1780,73.07579020126144,4.8278606144182135,24.093922090390294,40.59984067876246,1055.274638025856,157.88521416149658,517.3823525244849,4,364.698693725298,239.04487579019704
1781,65.93682536328166,4.699359079456256,18.30237906633916,46.138872239138585,931.3484510517351,196.0075423256102,730.7688227735451,6,294.8603750131319,308.3769436812791
1782,79.16894427371305,4.346607573627272,19.94652480816161,60.15220891814305,1160.721389538184,169.41974268977077,425.6300083094817,5,255.1809774498881,275.710407632437
1783,64.95279625968998,2.9148446106588475,23.371972843260295,51.07983920725229,833.5374808167588,108.19973583215844,468.1857367338573,7,220.85326443970501,328.2442690091323
1784,87.60055963689602,2.65553249312672,28.294664423640242,76.0685916314977,1048.4870781300344,177.941165460312,494.83020606247686,5,383.0526988017253,221.13442696476082
1785,80.82439752934503,5.928739727093149,21.585752996015554,51.93406367189717,767.8645308795533,143.18124166480715,431.2645565641707,1,359.10485192750144,191.75221697585243
1786,65.42448500535069,3.8988961365830246,23.7734083537718,50.596918805797365,1030.5915786273993,211.58240358054613,609.8235803523427,8,279.8296118965245,299.845216569843
1787,76.90790922950137,5.632716643072289,21.67908559042456,51.061829194402165,1028.9484462659393,167.19826208796724,262.9114626693562,6,346.4504514298842,248.97169705198803
1788,72.47843594409417,3.229502627751555,27.8267367842689,43.62191307140064,1251.4682442871995,255.58157370705257,446.8940829621324,4,289.5221601153521,209.85808831386663
1789,83.19174510419181,17.699794710084802,16.758334999104235,49.421633876224064,765.2539159837331,280.1933033633933,581.8313736319963,10,269.77837194209656,274.43993207015217
1790,93.40450446023145,7.6065560746321275,22.283863134008072,61.27788027111646,909.8669236219281,233.96906865059532,470.5905691611366,3,267.3377388151674,214.74918121236615
1791,61.248275303542556,6.172331600785567,17.123367899313816,51.13970668127772,1123.4023639861216,122.448690900834,417.91610411497084,5,288.39290733859417,284.44979731221724
1792,81.15026079147417,4.1751723635670395,14.480285288389851,42.06540270116528,1050.2975884595962,275.259799943952,544.0756754438764,6,280.0722389174368,274.2975835478985
1793,78.3986720443336,5.514397940711855,22.89238615935345,40.749153795213644,1027.0457577006255,278.78602251868824,590.6343235397152,5,303.0733168960928,238.70182711503577
1794,86.71340076450466,4.518669650939574,22.418493388442375,45.497981083341564,856.5796445562191,200.93952556539705,521.0635445215058,7,380.41730528643075,165.66672156485816
1795,82.1319662823769,5.015760369389456,21.145489186773396,50.7386343441088,911.3772477862856,266.14630801677663,419.8779640187117,6,413.9168449978784,203.841811013055
1796,72.48030668261181,4.348777895702993,21.681417729880742,61.93586535476262,1186.7561512334885,172.4162430976661,545.6203319151743,3,239.87184319861865,325.9177158772861
1797,76.80946064333382,4.671329588229217,31.294898302213774,36.59511358633563,992.2736209369108,106.68770325752052,459.795069972521,8,322.97306499102046,337.2738871859819
1798,72.03974143196511,5.42418670614835,21.225474585905697,46.80173722111244,1056.303954421671,161.98577806892033,574.5186881893828,6,310.48150419591434,379.662757304165
1799,90.76007138598598,3.0132826008360984,23.530373083750224,51.44310019435079,982.7217506835282,286.4650433022378,648.3258884856591,7,326.5233745226299,270.019111670356
1800,80.21311648671943,2.9682423460200433,20.05190554115836,31.662942323705654,822.5371727125353,125.44600381942632,239.44232443114674,6,277.490978863415,195.4954651959162
1801,99.01190685753008,2.222914892337578,22.88569772512181,41.66401717033594,1140.0715639112495,199.97606409657473,511.1067473195633,4,327.20538267584357,316.9502998960588
1802,79.39339186185379,1.7994577909925802,21.285298974833147,43.201114602638135,1075.4848576798745,201.7071946670106,326.42660630523727,6,231.0158870436913,236.79159468720442
1803,72.91593233089537,2.5654346155590413,20.76844455181081,42.040296261495016,1345.8455256050784,174.3512878016094,744.1788585329771,6,469.1121438117582,215.8838610715843
1804,64.86285607387173,5.318925013608259,27.456695596600973,51.918895450216475,847.6627930524182,177.82392000814426,453.18754662038094,4,314.5304584730702,266.73720134111477
1805,61.96860323744055,3.214424969016232,25.531554889553018,48.39440390498203,1123.3859381800721,203.61245671181013,574.6373241825372,3,336.5014765603104,344.8464522484645
1806,64.1586405699451,6.0272289284621925,22.41023994219769,44.44713897398964,803.2684050944498,171.89188290326365,496.46831404051045,6,244.0871927675199,244.73454503329273
1807,82.67126651011483,5.0694274975051234,15.0873641921681,54.279626265526346,1023.6019851509617,128.89707514160347,419.69154192809407,2,265.24259149864673,250.85007914935073
1808,85.08725023229934,1.0629915731238926,20.91697233024229,67.2307471764625,1146.4759883594747,210.7515971471728,407.7946952822573,7,226.5708891755556,173.3925983975279
1809,64.18809297967867,6.30995116844338,30.10908269321525,66.39256516741753,689.179732585527,253.66832912224862,658.5679173100759,6,372.81426444564977,255.3876251674703
1810,88.95038314076115,6.62159729118342,21.308015000080875,30.772282279376636,969.2601288637588,243.47862593267106,595.5938060178311,2,244.51509990755085,283.2740525795787
1811,75.1693894831656,3.0122746503302933,25.309652716160976,55.77072183835139,915.518539893607,159.51322663050942,694.3584087377563,6,290.55777724983153,245.61777949322905
1812,81.4679301198555,5.840383085789983,26.325827205857802,48.21976709936162,894.7064052557317,137.43860423111622,505.5453335157699,3,292.777958196081,249.3252094156577
1813,96.12220628255425,3.287003525181602,22.656891747567926,51.55155342865356,1057.7818978389032,185.79060589226108,528.7919621246,5,323.6601389036381,261.2568771287708
1814,88.96839315865532,5.195340753496671,19.474535104395542,46.01716966457452,1168.1028559633892,278.38957548978317,473.2808434344712,6,235.37898278188942,197.54113910884126
1815,77.31469352094167,29.293832153331586,14.694063004651335,51.17588629887202,980.0081927156267,232.2799039479773,471.2917796884991,3,342.9806469689917,136.11392970322686
1816,71.08807774584713,25.06078205271585,24.052489625826865,51.51407396072019,1030.822964134003,235.1982338397117,395.81130675226314,6,362.24905564071935,244.83559082844224
1817,58.48184598670695,4.234365620774063,19.555731991529356,44.210482426510765,1017.1463129588872,244.49284758927473,508.40101909243515,7,266.9975254747314,238.71908142356767
1818,72.8084668075758,4.752542107450328,22.528451355663076,41.03632452174819,1000.2705259534621,221.03832812592933,421.0753405113803,4,298.1704287433108,278.50009706464516
1819,77.88869761172306,4.204640612770792,18.25053898123191,45.51304317380516,836.5986043431841,206.03042738067893,544.1908922164203,3,331.3272634340073,369.85517994336834
1820,70.12820472848816,2.631938883554881,21.20428737858939,52.34259264456765,1166.266690258434,233.1153448323984,517.001021898021,9,312.77864025186005,314.80118843581744
1821,78.68743032907695,4.200201875737726,22.10115716470316,55.98996341684264,1044.2793052238253,172.69169478909902,528.7682043675723,7,250.01402588950305,147.15019303248272
1822,80.76851882958768,5.538589505161468,22.805780743132892,58.53348977340147,1059.2322235003867,129.27684943168396,667.5129939690225,6,335.06319625192236,376.0391686447253
1823,77.75144018191921,4.910213939754926,18.655533437942758,45.05809976933087,879.0235556461627,236.14984673121617,496.22820502344086,11,375.634712904647,283.20042996469977
1824,73.4999741917654,5.365002061198426,25.590732846284055,52.838445673027366,931.1169403016139,261.8869052874613,575.6727002853428,1,375.4775837152696,236.7660584650833
1825,81.68654671966728,3.6597695990915344,20.209315645804086,59.62502591953299,973.5798703433833,144.0884030321984,705.1509464085582,7,328.7637466681136,323.81943547953
1826,84.41940649569409,7.34343582943232,16.976591618640263,61.65594895144128,769.8812959826723,241.096074120795,630.6617069295048,7,338.2986454077281,122.34375976395044
1827,69.09600922557154,2.6476533268904388,21.67292974010961,49.41167145868478,746.7948512203483,284.0382856694095,615.3169698454844,4,280.5405959441986,222.7734713330367
1828,94.10932379746271,5.975120594173437,22.10312592707938,47.79068275060387,909.8878104042149,199.88768991214394,469.33117844795,4,254.13810420839553,259.8540808491074
1829,79.01411867715738,7.3637821859199235,22.48176829951528,51.91124233836392,1078.3781149663585,159.09989076291268,522.9643055567797,2,296.5646216647719,253.36612847860485
1830,80.18849622944848,5.961816185497791,26.08639721105524,38.502925271025944,902.0293915105088,206.1509336763378,368.1723707970058,6,413.22180739729436,325.7038897380838
1831,87.08214423256557,4.59495154587034,21.290653489792422,48.06390488964492,847.1792203613929,172.47330158996493,549.8914400964414,5,273.4501575220694,309.02451842903395
1832,82.33216131263502,3.943405906674042,21.641141126893686,57.4458639847313,877.7971520143494,169.16349450217993,527.4460177613842,6,321.7206575217075,284.1061817691465
1833,89.53136633913245,7.072175302092512,18.69044685630072,56.41947129443701,931.6986365282031,221.65920336357712,502.3385125156181,9,318.88812901005747,236.1518072939869
1834,82.87124165201824,2.154050149476654,24.46166050866369,47.29732395636111,946.9211555769845,119.81352624850523,602.7194788242859,6,281.28400403728904,298.0666217853384
1835,73.87562625359563,3.059751479240713,22.55292719223431,52.17718201087167,1324.8282178309835,127.80355387538864,379.22251775756035,6,374.18128718326665,220.0967721367306
1836,83.61503525206102,4.204884469016557,20.739916818117514,41.753496597093125,1158.1930942730978,200.96454401869715,663.4862851160347,7,379.44052069037247,288.61601908867397
1837,68.56273792679337,7.475307515023996,16.285975919603608,57.03492148225025,1153.7161168422592,198.88457305437845,590.1764687940283,6,433.3528615415227,213.5511200526961
1838,81.08559705776523,5.759535272081792,26.333236585165263,49.22178563863527,1175.2870546410072,217.1777288519968,492.9366020348026,8,260.07971712895215,264.7096961585631
1839,79.6677000935554,21.97381833592788,18.31696010663183,47.24048548303862,850.1768695998926,293.7612694241694,485.1270412182606,2,320.3548614799006,177.2090857424704
1840,77.9188314272746,4.379384589230193,20.226165971890882,46.38276163906613,816.6453077519141,205.22570180379105,548.0611215248595,5,304.42794310383897,301.7759401730492
1841,78.71462488561069,3.771353711807411,23.07503353322801,49.37106133100142,833.9694562698915,229.90860751673972,652.085123206378,10,265.6793205177859,227.77130069814626
1842,61.18150954502361,3.58042201553293,18.41032621414994,45.52122355068042,1200.1759200006757,151.2233532192684,510.16077186900105,3,266.6906357864807,181.54793303478488
1843,74.51275092259039,6.957779117113558,17.51947066524057,56.581430360025635,917.9212316676263,238.39688317582687,514.4030901979227,6,308.34127857321477,201.81719862187504
1844,80.92844901141115,2.2565137414729888,15.628157251898006,46.04716451983819,812.296572664107,173.6804567444661,501.81184776258715,6,276.65365370080394,234.6770836585325
1845,81.598563919974,8.217561711468747,24.162990858716906,65.92964096027382,935.350569967028,203.57104162905466,678.2024112701472,7,251.01720986405428,204.38950490978908
1846,69.72324859074041,6.656459380369245,20.364441265821036,64.65210503481381,964.2091702428058,194.5575687465419,463.1116897062976,3,306.1791797804589,286.0083719103684
1847,92.65707840864701,7.181723341207396,30.78181027741999,41.084565101454956,1040.2619910541844,251.64871174570155,497.0492401380929,10,244.68624366973006,236.11323055667538
1848,71.33825151785499,4.074120975949484,19.01693480310738,50.697042694292804,1037.6426531068064,134.50117228125004,646.3435654260994,4,276.6822210857166,296.74851790125484
1849,89.69457200526736,4.700118561841781,19.235646929713237,43.49343378663805,875.7729154189738,85.83806826924803,514.7010833612864,5,318.0880553880859,235.85480691988764
1850,84.27194361871685,2.133696370950576,20.303821089143796,46.73352436811388,1102.8484588770566,189.32836514560378,613.7058860045522,1,293.24527002083437,285.8539514532849
1851,73.53772690156197,3.9506751858663938,22.729403965415468,70.02427467644797,904.1209699374763,223.4265628452562,408.8719943097042,4,287.1289711155363,250.44923623098896
1852,97.75310892609512,5.987309695286302,20.589389983644065,46.92428582884201,976.5585494942435,207.613468790375,479.47074783714856,4,390.44282658614037,237.03117466964792
1853,68.0636316824352,7.592126123562792,23.836996642007534,53.60226037077429,1103.0161105755033,261.6102118706956,648.4434038440229,6,370.1311476663718,197.96843351557163
1854,89.19154173610002,2.7856863663950966,19.06423483003404,55.413212940082786,903.7267894083488,221.86863370898342,432.36602842364545,2,304.1228514948792,253.3926120904775
1855,90.00582318042979,4.268988126029468,17.855224844609257,39.9937062751676,914.5972864628294,171.807583407007,484.87009602302925,5,249.2841409510394,286.7697996347668
1856,73.29379790923355,4.697401559534955,16.60535578177268,41.44904525590795,1088.7502074539696,83.72899229301598,525.6685230891478,5,340.53796798778353,215.62438143199086
1857,93.92465300064329,2.2084215956150297,15.32927749618841,37.93977628591881,871.3400235092471,188.1343882902391,401.0845482007013,5,426.3089724572432,249.3764796514967
1858,77.49953485401048,6.1826984835168,20.44579294157483,41.14029266102223,942.2811964593894,251.3979501128899,458.6189881378103,7,368.2496184175101,222.42112777220837
1859,82.88693629279857,3.552019336514782,21.097059062820335,21.49969890682818,1083.3613267064338,180.39761086664427,511.26366818256406,7,234.9939556354985,346.8108642102968
1860,82.6032183877122,4.609219297645952,20.10568891755045,55.44582400793628,1308.1138662153962,201.4160131838882,504.6681734161961,6,290.11795055307226,265.59962143454476
1861,78.65691258529452,4.096101256176245,25.730217391561485,70.5419384125607,1090.810675714412,221.06801271533544,628.0352020837136,4,263.35083283703136,254.4971936624421
1862,88.10808273159782,3.421322988560651,25.684090628824407,51.47820739036527,1070.8959644485017,149.2353812875092,654.1457194832253,5,253.6963986154761,225.71234151520275
1863,87.93488720552213,4.985910029038891,20.995591037666493,35.837311406593926,1079.6202375509095,231.16179483194088,414.39151279990887,2,356.7522188887515,294.1961750614571
1864,62.51468026761819,4.568780842863955,16.61823666042411,43.57223617100052,839.0214588899426,281.8560895000853,511.12685191674893,4,355.6982910815458,249.96607016648295
1865,93.04340242878152,4.256284235442669,20.299884675834843,45.41123154975003,1017.3395108019862,191.3593324053297,567.4248308424766,9,388.7720954839008,246.75461573948428
1866,63.37508011964326,3.5430767566393144,20.200535818248817,39.82415222786624,995.5350267495397,143.5467789083849,651.6347465799197,6,333.9174515065709,246.33559208320094
1867,90.32546204341658,5.639049341565911,20.028595113165824,58.60182638395157,1048.2376810559135,196.6699486489013,571.8490297317129,4,297.7610388222558,194.70114106424757
1868,91.26705136827583,8.30723453698457,19.906843288305264,58.10260044375334,1017.4762078713807,88.78079456955656,529.0913401592331,8,309.3945899870561,324.7919299942031
1869,45.25463666837768,5.279774465678255,20.039611312825578,38.445482061823405,1056.954951612567,216.8451631988308,566.6542531982631,5,254.72092517766276,295.9803690814575
1870,75.89185712045415,6.992236429822258,20.84037515230672,57.25081044447508,953.2799207651198,222.61371888242894,567.376883433626,8,368.5049743344001,250.4459935923631
1871,68.94295331514064,2.2195561496930747,20.09337670355333,65.26812663577266,1008.791337605769,283.7818146922781,407.22857077156317,3,262.9397482680916,244.84486681863677
1872,77.85078969711265,5.315522878587539,22.624967525876777,69.02558205229559,815.8257150914512,190.30026037166874,519.2798792506269,3,279.5695893057992,205.9202914897094
1873,76.91965715814258,2.805263362057867,23.081106147714582,78.65212023085962,952.0139082995629,220.4242669073235,645.9160994188692,3,284.8153201946841,176.19910553211963
1874,87.7966053226934,2.046150144936197,19.26806473845253,40.98007350556803,1208.6250322264964,156.93559488070494,479.26432313059956,5,146.45055268861466,205.9524993849353
1875,93.10308746119608,3.5212571850819274,25.8131959780211,78.24220426395203,1047.8212509442383,182.17864397374606,512.9446642547445,8,343.37810758399866,307.1814368217819
1876,93.95683810789956,7.383798668827145,19.05981309447816,46.457936114912115,996.8618443925385,123.74072816689011,475.7483550473978,9,252.61317108160915,230.66509558523103
1877,74.37831973421697,6.900031657339291,17.14659815855399,44.07534544619486,1284.418491438152,190.2605189358382,268.6140504393125,7,334.47450983706614,304.1194529161602
1878,77.90778126255472,5.4860094441088,23.142334214095154,53.27072374877845,795.8747532548382,184.73454232407175,502.0590177234679,4,277.57199891293135,248.49992393898722
1879,63.1656180777905,1.9345988802201384,19.54777559675698,44.17938665906988,833.581666683067,214.9599883044448,530.1791930652872,6,277.1290607741989,206.57932652023734
1880,71.94129933503811,4.607438697224127,22.963874412272165,53.99044140646526,1256.906711691441,168.82015598336804,448.7506609119098,7,244.47143924130995,213.29973666305506
1881,89.64851633097457,5.603400017803471,14.78899419669841,36.799228122626985,1006.89414040734,204.16726754875458,384.5363051115272,2,369.4219340577545,262.32997909546316
1882,96.15582823548232,5.351072459157196,26.177367824449203,47.61247397936566,963.6125445565309,183.3309972196167,411.9393540218351,3,380.5617878962754,169.02538238414036
1883,67.65651128120078,1.3124128330385085,24.016880224121206,62.85582234361679,820.1193512356535,183.42503058502427,576.4187616135564,2,349.9944356326137,211.64821821697825
1884,74.07535740847106,3.2193643039602566,17.498570352510995,49.42938708568844,1067.1544399592517,204.0181162981515,697.2524773046905,4,313.2555750400623,227.31949637344704
1885,79.73594243041073,4.871844471702567,17.563668628461144,51.41595786739883,1081.6689804291193,202.0261471158505,638.2433340905433,5,306.7859202346477,291.0274316700161
1886,82.80161158819607,6.072581819034379,27.016797712292583,54.75258604717312,835.8258458747655,238.05870195258194,365.5653995169448,6,354.3296354686424,264.14714434293495
1887,71.90396480078354,0.6077443578001072,19.787860289506124,61.7066162931766,978.9586621674357,193.96784829350827,585.4627310550703,4,293.71546898686904,259.36993074968785
1888,84.2406104446409,4.675752049040283,19.49744545380213,33.447752878105675,949.67262519504,182.50573254384983,433.683762419071,0,365.8827425413517,273.1690152194891
1889,75.26160652929084,5.286097539757905,15.201843717552151,55.84524051837435,1038.3965719628156,190.9596277456387,441.7732937491223,6,251.86851860133436,301.7058365453003
1890,79.85547729121721,6.6992239770324264,20.947665383195336,47.31860860758237,832.1124636669034,164.26679415795036,453.8024402028716,4,349.0791166298627,252.52840066041463
1891,85.462842480037,6.385715168474873,21.316841155492742,51.66637895311838,1187.7921181769736,182.00444532166642,570.6066949855431,3,364.25464118737335,198.28590930890027
1892,80.06422269810938,6.165142637617611,24.146479290308456,60.599501697623765,1137.3735672396406,301.55793565366156,595.9253376449038,5,245.09434388945874,259.39460114371394
1893,75.63614109473431,3.400118986596132,17.802764715446575,38.058133485881555,945.5236661900776,154.36606196520665,490.1968928720212,6,258.04854820469376,207.98033679305786
1894,78.90390196074169,1.1839957257533849,17.439139623278173,39.87355558556911,967.5371932542444,186.06718330603454,491.8929258991975,4,297.7764460104778,146.54651480875373
1895,79.11637040794665,4.213894485877198,23.35288790432943,30.645700402861937,979.5366774583576,180.62556683651547,546.4263743235794,5,321.15611836759103,259.4466705157133
1896,76.29988970117873,7.00326365041712,25.020190213681193,44.50841058236224,883.2537170490245,187.64141938778002,556.7994539524242,4,269.12025095234173,275.83645095629015
1897,77.41203937332898,7.786909055048863,17.28654294664635,63.304323443788164,933.4855872647447,183.43803455608025,617.6225706758529,4,304.60984582938653,267.34324831832834
1898,95.98647170504717,6.4210982045955705,25.244542258899223,48.7941281152653,959.4594448488086,213.96200506104998,371.5628024490801,4,196.68926844950573,275.2668542450849
1899,85.6091944794124,5.858681645603468,22.112625524460466,36.59875104345214,1241.9302556060693,114.49124493041029,502.002733980403,1,338.2496172801704,305.73402406024024
1900,77.0451968197084,5.759279296771931,25.275416017223936,45.14321255424953,1141.9927462495655,251.85857362660022,393.19756241088226,6,340.6017533447355,201.5464920903932
1901,86.96954404510736,3.887762506478439,21.78933891544715,35.12138296509377,1140.1982061004935,231.62913998210988,494.9057720936597,5,376.0499824569688,230.59980886859427
1902,76.6618051024399,4.73987941289276,14.43316624753615,38.74813898268838,1055.4888419506585,137.85642069684326,477.3824712319239,4,328.688688621401,185.64535846003702
1903,91.73124637586642,8.338139051652663,21.544097853051884,53.888189102637135,832.4009486603148,86.54613635237993,495.32505460972976,6,281.4965673880112,272.4671154976
1904,83.69642192198094,3.1148839884162474,25.18043145601381,38.26126673693971,993.7763343133931,151.14639269292994,420.02571118894684,5,249.28360556788908,311.4406557676688
1905,78.92697855995772,8.229557581419703,19.318761942748857,61.12634305203302,1145.573268942007,187.86667692864387,351.27102067925716,1,259.34305091282255,222.77622725932704
1906,84.47716925810278,4.3559436910158835,20.836105093277645,49.28879709169664,811.2603055949069,329.01459493453876,290.5562473285097,3,295.55896752870655,286.1153097705205
1907,64.29123847931501,7.650864218190157,21.471599489347064,50.855947039445255,1095.4829810309895,227.16284824871366,486.881984573516,6,257.6581260601131,211.53229191677644
1908,68.73232531090194,2.1863699810049235,13.301458360394555,47.21627032392106,1348.391383789415,109.62051754092712,456.89988941670606,5,261.5789123128378,282.2742741948025
1909,68.06074993600944,6.171808402329298,27.01404272631243,57.72847838543723,1159.2724968984598,165.5172247549528,432.4062335196173,2,298.1113215282745,138.30733181612015
1910,81.42943094763707,3.526459728104756,19.295872960308476,57.831598877770105,1212.104370334298,197.33937818635084,632.2548462831661,6,219.41976777623836,326.13199458365864
1911,97.32514999485092,2.169465616151625,23.517206297418397,53.350543519121715,1032.7508125663242,212.68417771490485,414.0561813204689,6,250.4618313525522,195.48631678612486
1912,102.31300146192632,5.437068084821892,21.739896591555375,55.64789105907648,1145.1897923147485,134.26255698447886,641.6834082138803,4,310.92172475288424,258.44715873202176
1913,86.38051101440757,7.018943577191937,25.77285716907808,47.87910330079574,892.3220178468947,193.25048860114694,662.3843744269257,5,313.32499336389037,320.2402275967761
1914,85.00844474944456,3.3101171228130073,23.218168367284242,55.42203006909048,1119.379571851184,164.11804311947296,304.9099533210619,2,343.24415160984194,191.59879040841295
1915,61.989422658472606,2.0019680790831975,21.295227185437078,46.62122224526193,1098.1582201091144,144.81207186988416,509.23814589989695,9,307.7474280413417,337.9773635914781
1916,74.57326200265979,4.81631047133009,19.31945472244216,50.02231622162402,1043.4866761056494,212.97978233494769,460.03035091640095,4,301.5462410336699,355.15438643341145
1917,72.12216248091761,4.825129342445638,24.393552104146416,47.253562506337026,1197.4011129577748,238.69385867214112,208.81960552827343,2,331.85155303018644,284.44917733407806
1918,73.79152401748884,6.096639255108998,16.37967608813615,45.42781460680804,919.1822743228917,242.05206384808096,355.5358746931586,1,309.51508949341815,250.8405071785947
1919,78.3185618141521,6.899189142728977,23.937671260827678,43.1088820227821,971.9413725289506,228.7193175566938,577.4936107108474,5,251.39471469750157,240.75977675130827
1920,75.27909422302872,4.881169637455012,18.70286574533538,54.67690103858885,1014.3193062037445,175.13152334298687,701.9199252711264,2,260.02224010056267,278.71202491912067
1921,60.20700189624212,8.711006629588526,25.75685098586992,63.10605912813463,845.5583543365899,235.7274880731753,590.2678142699249,8,383.82882834758226,287.30953203781104
1922,87.47910256117534,5.448469489070583,22.483898627988086,61.711019716695596,1034.039791570037,215.4527219052144,532.3632472512977,6,460.8491793395094,149.34639049633614
1923,69.27256974260193,4.307146987986201,23.932371303550326,37.43434664054565,742.1604380569229,206.69709414760067,497.86676183689127,4,336.80502779204824,235.7584052374014
1924,82.39246864111149,1.7768652817943442,22.24596644147416,62.892030514068736,1157.0431801642314,169.41534391491007,668.2662914648114,3,249.5793054971165,220.7644298142647
1925,100.74082669749973,4.474680959367665,16.74286871457701,46.81841498382071,1006.9956049848948,175.1561936329236,714.823920195764,8,394.94826673458056,213.52844483000888
1926,70.80615408413577,4.327226109177728,19.417812509813984,56.00733015145592,921.8660644144355,203.6943468062277,441.3157320475814,0,278.4882332330375,214.51441866656342
1927,54.697124772536704,6.920609592562941,24.017168012834148,40.937846679527894,874.8439581557318,321.99372334927506,300.0013439689709,4,321.2453816267197,185.29422626393335
1928,77.13995778119889,5.924967248133708,22.49996745207953,51.41979913874005,964.8131455571219,215.0621240045695,290.18125367287985,2,298.9798946436978,327.49358520796324
1929,91.00959634998571,2.6412617567347656,25.542969715917017,53.13723182896907,1103.238956615862,169.4405748874857,632.1880992159802,7,309.29905582473543,220.63449010759064
1930,99.58347454220593,5.344508772822075,23.209823689111516,35.15395208080347,1082.1608468106342,158.38052775152786,495.29414592256137,2,277.98588083098934,242.75800585248322
1931,67.70450405547584,6.343062343458107,19.09989432789202,56.08267166344189,894.1693079082308,175.41166936718986,518.3241910458719,4,364.89422269786536,234.37476257505193
1932,84.96699223236521,8.056062718775665,19.611807586838097,63.45935007838315,873.0940491058549,308.8646723774533,320.9349007043287,5,290.77751633234493,222.56219400405067
1933,75.34689543219946,6.7750079348281185,22.30875217156971,48.25352054318372,1098.534805947947,180.0371677027019,424.68110872115335,7,330.63488585120433,270.84862814900765
1934,78.94051645695865,6.521693308622956,15.057867801999684,63.60168130828013,891.6478893077456,245.34352673051424,470.4519186099218,1,329.55381177100577,234.3891290457014
1935,106.44343347017035,5.120171989230327,27.020325656868955,48.103065065475924,1008.9864661119256,181.20358772643218,520.783838336407,5,294.4785239632118,280.26866971434515
1936,64.97029671604847,5.776624010846899,23.325240209132673,58.49584531046617,1018.5631963786416,213.05922706398144,460.1407961086241,6,224.76433634868027,328.5025448735056
1937,82.53739661494573,7.499009801412317,25.68110379114662,27.814300340489005,1046.8093197590108,239.58726370043613,396.26738016986576,2,258.62923929570917,194.9913544547532
1938,84.67693171765433,2.3344452050407005,17.258188177572492,74.18777779313464,1128.7405645272806,171.4048575095038,421.5433007397477,3,335.5987470207465,266.1408419063376
1939,90.85786324939347,4.301121345566088,25.733695481065766,64.95458245242958,810.5555594699016,167.94441729236152,620.8323285947233,1,315.37082645911266,264.6622023489484
1940,80.97983153470895,3.4548625024875186,28.694496733083245,47.15374495746321,713.3261012109268,282.94348472276647,524.4784619603499,7,259.24843679279127,191.23047183904515
1941,83.08050539504103,5.758306237452248,18.037364933868048,30.27910973356182,914.8829078157472,249.22964474478985,561.2156806955552,3,302.1851596347403,282.3082435944085
1942,76.08351432578209,7.460444351301575,24.3142053847113,52.88028368305489,1270.229261174828,239.5336159345364,410.11261891226707,6,310.48271329143523,236.88513490292965
1943,82.69126941245108,3.8060514265578522,22.00332983406188,35.56074452926243,1303.3261150131068,239.3638146561457,204.61765145993758,4,329.1381174752356,328.9648288281984
1944,76.56807724502589,0.21939126506112405,17.366698455255268,54.44853537557488,1274.676570334883,222.97877441555326,447.6895693115504,4,391.0133165514696,299.9500665231312
1945,86.21571889856051,4.17555850995106,23.47865191555561,54.11565719164282,971.0527948358965,300.88879065875324,413.3429445574503,9,185.85630674401952,249.97478950631324
1946,76.30389663956366,6.826947464034813,24.500809614512043,40.58596830997975,732.6827377022757,202.19541509385783,534.9012268628079,11,360.5348420021527,239.1801413996063
1947,83.77100393902187,6.075259805899759,20.19662034199346,61.20967023614378,648.544134752224,228.86311836004597,828.5723713681841,8,310.8593653640242,336.6294471779878
1948,79.70737186315021,5.8563724956211525,25.49774956076567,58.05574702806173,907.8942757675883,127.45435357029938,569.5166017618255,7,248.48660214090694,221.03459294509182
1949,91.26050250772168,4.44001339625104,16.999709779632408,59.758233372885634,970.288955477596,158.75196567043795,773.5960159383488,5,308.2442983401803,263.2228888722311
1950,79.48606276411513,2.4419385275604273,17.51573156065107,50.08857703668895,1195.0938101583938,139.95905000824797,556.8769695339448,5,372.32064938788903,246.74373215448787
1951,62.26967531793119,6.030588643248935,22.409792186766257,35.844759330862935,1130.1708189313667,263.70317917580746,437.0113762427285,8,387.2847762145834,309.7431835558219
1952,92.61921500713991,3.3314363799307505,22.076155833916815,59.778722722111375,1034.110761848743,72.37299239896251,534.7916078120884,6,248.94201221832327,313.5854546360383
1953,70.94267699137382,9.368193466760912,19.850279534727683,47.296286008642085,866.5232843588287,179.88449886236387,678.0638599477709,5,257.56994662847364,277.11981923199465
1954,73.46233661351181,6.141014416709032,24.42878330791566,36.102198568073305,855.8830662632665,50.31466986696887,682.9562596321239,6,235.3501743307075,223.60974677928823
1955,74.04338705956508,3.838703394892098,23.592682942647848,63.52039365974326,1038.1191530607152,158.4356052259055,442.4662631956921,4,311.6510080917796,242.1751651705941
1956,93.74438093170818,3.777229505222744,24.574417212802047,70.9940752050251,1104.557646825959,175.4525525134067,525.3183695699299,5,314.11768516340544,188.48913932607172
1957,58.64325786021304,4.814111586772824,21.630590693943198,49.587518710207966,1058.7821893368377,269.2435546897022,357.0733120328855,4,349.37472157559404,262.44442615722335
1958,111.37748533659993,4.5209961559565,33.42718179026899,71.59121154603292,844.8103060590017,219.83139696107287,582.4668624691429,3,322.06566848522283,209.67071612641126
1959,90.56056809066052,7.233667551059908,20.663049090910015,50.9131472861135,1097.600144318813,158.34292383355168,655.3354699055894,5,344.67483816117647,361.94164474424053
1960,82.23238914129159,5.372832339488093,28.16145607025979,46.19544095833649,1063.8866450652117,253.2981859865913,503.9799454116016,7,230.65266893322826,222.61726988563763
1961,79.45105999383713,3.536736522182944,19.562362689634043,43.69541545814523,839.4000390714732,200.89161272648786,433.26159456398716,6,387.63829430868344,301.2894714917108
1962,82.85554074857657,8.780881370311565,28.315892288374936,66.37082407992742,882.3518544549617,201.8783429353626,536.0130951277563,8,364.8616335034481,326.4241898274903
1963,85.21122428379338,5.0986166630404455,22.104663841268227,42.198561186122284,1103.274396184235,139.8664246114004,541.7459031363167,6,273.5401170464276,291.4418442601019
1964,86.45215585950056,6.537679351937793,17.87346733129377,57.35269309974987,964.8238697281164,150.49931430484304,508.11438318496204,6,260.6388935179796,224.66810787145576
1965,85.55604466003449,3.7835469851104815,26.104238051465803,44.408361649407915,1238.3720952454687,158.74513500272377,517.8715124335953,4,337.3113581145616,221.09545317121754
1966,80.8958068125525,5.726231255489047,22.377704165184877,45.396932374256366,1075.1693914096863,202.32306365770947,482.6185149530629,3,221.91890633830607,397.20580044913004
1967,78.02661579692673,5.62221998228639,24.553372295140715,60.30249693969567,927.0053217716096,203.89428634903373,599.5954928226406,5,263.23962220722404,348.69729507111765
1968,78.48726716346488,1.220701415807694,25.67156775562778,46.19963153710646,998.4691599413601,277.20463317620226,573.6227445165127,8,248.61198745288002,265.1735728352921
1969,78.0509171964732,9.030550220921281,23.013866662435078,45.95204620579707,1009.5075088956577,219.25275839689172,401.6896852855851,6,295.15851265175354,233.08139086078575
1970,91.33770096867065,7.581288921845094,20.223277465561555,61.32804697174807,890.7414530137435,64.62171531639461,398.9409396841405,5,277.80141747351627,206.499424009113
1971,85.93556722280861,4.205609367708025,24.92714013300775,65.97397293221623,863.111770273356,213.13209939358453,474.5625582973438,6,260.7292186033179,219.01063764769623
1972,50.59611365335719,2.795460519088289,22.002266522363787,56.446898032842334,1105.208484071425,127.49918219162336,573.683712410518,9,255.8166312200566,285.5154164971892
1973,86.55900776529761,5.695123227607104,24.057573455825256,43.452302243760506,1126.7909945563144,151.70145376942318,514.8057413890815,9,268.04739738447876,365.6455314880437
1974,81.94736194718774,5.173395398828793,15.538808278625616,44.893915007024205,1090.5672204329437,159.3915264136835,435.6849589877345,6,240.49508224564696,244.06004962639162
1975,79.81291243554102,5.711337897126459,23.340945151029555,50.799152637400375,1227.2977141485703,166.83308382438491,526.151859672583,4,327.133653819555,309.92382680496985
1976,76.11481546911114,5.383154792388179,20.08424252456491,53.209300619256574,918.7340145982597,131.24253039798486,466.9189480477728,5,356.30790198222405,294.9243719347148
1977,91.24112719986013,6.012481978611852,26.95992891153559,40.121340898602284,1251.1406149106695,210.17410017261437,588.0486460224131,4,320.0768663954637,235.37598324407944
1978,89.47526462122858,7.8946113987836135,23.869262043667284,57.230379395798636,864.861832216877,129.45988574545203,533.3058435067047,3,369.1403241306045,299.9536176426933
1979,72.27122332176391,6.136206410257293,22.71957323754789,50.85513329639599,848.0971654947261,217.83338036249233,468.4721812547856,10,257.97196654695574,301.5069928041291
1980,84.07052287124534,2.9006890021801177,23.458929980050666,32.84291681361871,736.0061676776124,311.8485538530815,523.1518772046461,3,262.5669689426042,295.84044479419407
1981,70.28343265458714,7.7251257054249045,19.004677441369846,40.7107351753927,933.1307029259774,133.53204705329682,631.5048059524202,7,322.1134261179804,229.3695712826042
1982,66.20381835211069,8.281229126976575,26.869770071584163,44.95871326348336,924.4416494755819,185.7744847830389,443.03699234536225,9,328.611768334614,285.85550474334553
1983,73.73282775410036,11.30411346902417,27.974111255250712,49.27142311158945,1078.8905920381976,73.8271318743765,540.2656981647161,2,300.7645997647904,309.45220271144
1984,88.62393472382759,2.753011933520804,23.17874053164465,68.89278795503996,1036.5836412430676,184.95323535149333,492.9539659534004,7,298.75901888769357,297.7878243130811
1985,89.53125045376086,5.48576402630055,26.771210705720918,52.38171306139628,821.0539943471294,232.1358576315742,542.69836838621,3,246.6931298934578,303.8908220193784
1986,85.13085420097293,0.8358025936220255,20.292555403982398,41.592281101013754,941.0910642361274,236.03196156786336,434.543505840427,8,166.97385023033644,239.84887610132333
1987,87.25095786847997,6.106298312758418,19.60865930132506,52.20630804307163,944.2806968368471,203.86818651420484,511.0335433159376,8,327.87937028373403,303.6273255972324
1988,85.16178287114958,3.9035994036664547,22.12277424618677,46.47912252546119,733.6026629557161,244.46317123794879,610.78232824168,4,349.09118864416956,314.5032517938339
1989,73.58518404777048,8.846891589649907,23.304823115103694,53.24758239533542,852.8579909479946,327.3027267971396,406.29930187538923,6,278.1931553169096,227.15422833154196
1990,84.31922544673941,3.450770059962836,20.81803995627064,55.80567687035615,884.3779554078866,285.61523437188,367.0594896674918,4,272.3939959205706,180.7966898125305
1991,88.00409525227683,1.6216339240654767,23.613304571105452,62.09230647223938,1215.0437529731419,173.87395352951816,370.8544435513036,4,267.06111537988807,331.7792999488139
1992,87.54291329813574,4.0574725185949605,22.91916844622024,49.75713504329974,1028.717607393603,127.44480067666308,382.9337469799811,5,281.24074689273357,226.8734604937151
1993,91.88913371474644,1.049024457565725,19.005079674126836,66.38960527599833,1099.325313092125,179.6924291713098,559.5323287892664,5,350.31197783791896,212.87067013884663
1994,87.08303847201064,6.50219890901462,23.556379052355165,59.08022662536192,775.2046754276182,152.6508617191326,359.4140314134535,7,253.2629397379099,260.6145660739616
1995,83.51448207541583,0.8698339074873589,24.590584727564565,42.92560455187812,1179.1321724520988,222.56737739323162,470.2104655256469,3,332.2734762474502,236.50124671205097
1996,90.70150238316427,5.056915162366318,22.514407952771172,72.09855665748464,1195.1653094536139,140.94032302852509,561.8289303310708,3,275.11366204826857,153.68840241387517
1997,79.7347874075094,0.8443763602876064,25.457944309785077,53.269945132700975,700.2482549283061,196.3588783704829,541.6659060548593,2,200.29893231173813,294.5909089035236
1998,71.18125348772283,4.359404390926716,18.347788619509146,41.64875496027765,894.2024914126227,241.90070272681552,461.4441020037515,3,282.8356750424458,293.33938877935367
1999,78.36933036056236,8.286756311609068,23.403851266395556,66.52913051230422,1074.3648359523265,194.96520635914115,519.0923731755106,3,381.97119708523087,198.43160993760563
2000,72.55097355193551,5.72129578287159,18.489157880809675,70.77777585198444,1096.6582680307274,152.68430886261018,510.71453297375683,4,265.7312433941254,248.72694446177542
