feature_1,feature_2,feature_3,feature_4,feature_5,feature_6,feature_7,feature_8,feature_9,feature_10,signal_status
-1.530931057180718,1.8916263025466797,1.047273784616765,0.9289320135322151,-2.2388795135013857,1.8988694620248618,1.3325514676651278,2.078256437620089,3.040864099266194,-0.8184336169818588,0
-3.266253975980195,1.7478704175646147,-0.8036909924926641,1.0831452126607344,1.210835787526211,1.8163987587997732,-1.7941918665494363,2.8464220763331065,1.6646357764012314,0.4988097539036569,1
-1.0589874789633589,0.7998486843541687,2.027070850959583,0.3604416762927729,-1.8602094497856905,1.74966057384991,-0.7559507066919204,1.8319334038688464,2.957246599097897,-1.3244044259267875,0
-1.8502885607785386,-2.5460778445974626,-1.1142642806640688,0.12645921906069005,-1.2839231112911293,7.471673686463128,-0.9154770290902925,-3.6847676350131695,-0.3124647570521092,-4.420959543789482,0
-0.7757539590933045,-1.2284951476761876,-0.47227295042728223,-0.6608342358101458,-2.428161465030665,5.121592939358519,1.4469441463869799,-1.611661545983505,0.40056061052817765,-2.8765279751271438,0
-3.0109466406391627,-1.562067417465481,-2.4600809091120697,1.4194556807978391,-0.9298371658806956,6.742826547206624,-0.9004484613780268,-2.971454587799531,0.30245891166439365,-2.413905952308395,0
1.1509176040591504,1.2553526974861524,3.3814811566537353,-1.980836470922634,-3.2511045579926074,-6.293925773989651,-1.1574157902154336,-3.215690788511899,5.573025599279975,3.015748760351779,1
-0.8820125226544961,0.6056300308048741,-1.9113348253547402,0.3537706308913895,-0.2619607769523957,0.3771141088734171,-2.367477653373278,2.801213066942992,-0.050096768518125855,2.210402373699685,1
0.00833805803129728,0.8347416450118912,-0.14241575365670678,0.2875639051673281,0.7981572818829278,-0.3087018471436131,-0.3672039342117483,1.5183145264640816,-0.6852270152903132,0.014198541930261488,1
-1.1437002421241576,-2.769387328042813,-0.12929390313128386,-0.33346069318177196,-3.4551144019631996,5.875963806737573,1.0835831031099956,0.03746001386857789,1.7234806035899115,-1.7289809935903575,0
-3.3882679113758702,1.4196744821311396,2.4258596219061266,-2.0276772716708487,-2.9084583163694817,5.63767429453086,0.6932176016587042,-0.29877774038639204,5.0615436840834205,-4.229043738510201,0
-1.5830876960965516,1.4510258580656321,-4.724239147513236,-0.9367952349593828,3.317469868979755,-2.3485082781966344,1.2058184207160432,0.22127640576039465,-2.321954306469299,4.40152536799532,1
-0.13985762230358945,0.14609854213625817,-2.3917321270001524,-0.205766993677172,3.8290656165004457,-2.294553024702472,-0.38438737659292116,-0.06430060620242073,-3.0256476696720798,2.094778813183963,1
-3.562100696937633,-0.7751295968996312,-4.831562833694505,0.6036457389607386,1.9620512062305435,4.724884776482896,-0.16841971202888115,-2.4620919923912403,-1.7182769477031274,-0.04056113171589426,0
-1.8463193078762805,2.2758696618259524,1.6593552979493358,0.5850213322877983,-2.4592753365281173,-0.2461457060913854,-0.2730067480225845,-0.7218051063268347,4.878996232916719,0.19098621133462212,1
-0.6345843621745593,-0.8833861116692027,-1.400471094169743,1.3643262441708666,-1.9522527572543296,2.84912287579612,-0.028217878937229775,-1.8654591028910255,0.318351962971779,-0.5805681508794541,0
-1.045035877537576,-2.0243857328651025,-0.35241200970692876,0.015027750287097009,-1.9441999570304977,6.645031278157195,-0.11765493160216407,-3.5985551561849705,-0.11240016375549873,-4.667167455703206,0
-3.4219434128636,3.5514419241058244,-2.1351428593444264,-0.5650604735511925,2.07356761971535,-1.2353098019040902,-0.6362237126519298,1.505221690453989,1.5688256403718903,2.7354327276993686,1
-1.109971720879404,-1.034422712472587,-1.0274951768291662,0.49199348683649613,-3.3767947924495374,5.269478276414386,1.101737861786209,-3.0302701573656696,1.1254937475161244,-2.4915665579854966,0
-0.9517297417022554,2.28298631586338,3.2992087938113435,1.360168130828013,-1.795138152486053,-5.519875559560732,-0.17464794568162792,-2.393251012021126,6.58483963781763,2.866697264874949,1
-1.4430553673153352,-0.7782742939501105,-2.018556728962701,-0.5046337422892345,-2.1795277580827985,3.6111649935304424,-0.8022718339345204,-1.4387358484896555,0.7967865959017979,-0.1393138369538811,0
-1.7796755635594061,3.207442287836032,-0.4194697617719425,-1.1738733263060288,-2.0888548856191433,-1.6577275665295512,0.3888189102637133,-2.001059637307303,3.8358167991017296,1.8617629365701522,1
0.4173251093590815,-0.5649540582973853,-0.0753524135443564,0.8264033173305246,0.08519017896443604,1.2203360251899642,-0.05843011899748824,1.8619154873457902,-1.1084830612512306,-0.6414695935452408,1
-1.958749051748078,-2.679719114324218,-1.5964496888198887,1.178865937036939,-1.5443792194151804,6.5415294108845075,-0.5028687536709558,-2.265219312667953,0.18465241551211597,-2.4521801950836872,0
-0.9046300002015959,-0.307830947856774,-2.371345374636644,-0.5837221335626013,-1.8665297907912843,2.170557885285451,1.1765332537877653,-2.8709162895232643,0.26628391593417655,0.284396010005322,0
-5.114894844406928,2.957103558277099,-0.6063460995724124,-0.8963675478251808,1.6284922916147826,-0.7791272279231031,-0.5789517573489231,-0.20607817428671105,4.808763992751363,2.552594692372808,1
0.08254817637721334,-0.6171801434331168,0.4051929900840092,0.48060859334734735,2.897238588826929,0.28974800215485436,0.8789639730706512,1.4020304332174558,-2.0812901529419015,-1.2227281335845959,1
-0.7703663156686061,1.5694428278070882,1.3317249650309146,-2.380739105523497,-3.3038692056043346,2.7512469314864916,0.1293680067038185,1.9533173025723651,2.6987926972520495,-1.7898327593841405,0
-1.6741500058941683,1.1230022031246834,-3.2547759963287213,-0.8228559015184324,0.012789402252843196,2.999798809571817,0.662536033398613,-3.8905233243256623,-1.2653407724424681,-1.3770800588545657,0
-3.4155448721509023,-0.28988509425582976,2.5758430686619165,0.9256767577138694,1.671596977797018,-0.6051639014986379,1.1644117405352703,-0.2637728539293127,4.864414308527717,0.7445855053241058,1
-1.6856491361422945,0.7885338678341232,-0.08003806374535438,-0.05585218265281086,-0.6411251839767436,0.7948410915854068,-0.11356256479045149,-1.8299914470508272,2.091310174267524,-0.16722377464457594,1
-0.24330463741381259,0.1038653495055093,0.6623821540114263,0.40482340880826806,0.39347454276198146,0.6604545627950261,-0.30906623673826017,1.796240949158306,0.0671234189422361,-0.6197760663970984,1
-2.8878436515379753,1.300096566414994,-0.5919664558620097,-0.270267604363889,0.5785271362425948,-1.723040171803737,0.6419471294437011,-1.328179896466906,3.4744993971562437,2.8935379951745297,1
-1.11600081714733,0.6271981399908912,-2.9981178634810295,0.09715578708624777,3.9421187105612447,-1.304217352065139,2.666905222320009,0.3132718977305218,-2.745538985461042,2.0385584055458885,1
-2.0530730415393474,-0.1472421864747513,2.761915332317703,0.08291185317203993,0.3376167197727711,-1.1529664742265935,-1.6251212588825248,-1.0441620041313415,4.470992606254268,0.45328290251206393,1
-1.277767124773545,-0.0361060091054346,0.8650050813669207,-1.177761457991358,-1.2050893423673612,7.131710306585477,-0.21578712632821961,3.4678328745142997,-0.23890203776133917,-5.10971555069194,0
-0.2819833838217827,1.3072861383940668,-1.7831195607545596,1.4436703191662383,2.574350721967618,-1.0934168950756618,1.3465716626102961,0.7960939216119216,-2.2934527926538726,0.7942956972096629,1
0.10162577387193394,0.43887469826657477,0.13497397243118314,-0.8059917310594155,1.610892924377915,0.029967847971553916,1.0947985022273252,0.7181285115785495,-1.342479330750838,-0.9882746862368941,1
-2.370521605265029,-0.11776812042648221,2.774397231730963,-1.03799135498923,-2.1668889450189175,5.282473947840292,2.779963624223556,1.654338973576108,3.8116836678917214,-3.767272410365219,0
-1.4336305286988198,-0.47468841437923315,-2.6795321576375937,-0.39156997735603927,1.8169344898795678,1.5523098086075615,-0.8076505577467649,-1.481251232098302,-1.691471905952406,0.28261515985228414,0
-2.1234360881746284,-0.9175197740008779,-3.840153464489583,1.7303218148571686,0.8664629786019407,3.7007717890717706,-0.09534109119668262,-2.3840057416560296,-1.6703592657172004,-0.14440263674593923,0
-2.5945553687221046,-3.791871832787375,-2.101879813420875,-0.7907709190853537,-2.4618012110811254,6.43607450020326,-0.07310730200893852,-1.019111617797852,1.6079033747068967,-0.08710360366024394,0
-1.3253676565746246,0.708527194087779,1.3975614814603534,1.030919338366907,-1.4565981327060742,-1.202218838481707,-0.3128364730515222,-1.2619269511057012,4.003709337770456,1.1724138727533193,1
-0.09915233783778188,1.0398441755018255,-3.030631732606235,-0.5387903045767108,3.1264291499455314,-1.3657169782325103,-0.7075522852941063,0.5088698564243261,-3.48026498867456,1.5683882394446904,1
-2.5300049857173352,1.590703615477446,1.7429262401382823,-0.9253922576429561,-2.2394149571135427,1.913762691922947,-0.51590531313234,-0.37718758298411226,4.75255959318782,-1.125890032425025,0
-1.597054498704498,1.4329304434813959,-0.5224142805601906,-0.2671374859417547,-1.4535491998468937,-1.381218323032268,-1.98468794144591,-1.5220411169867514,3.222562176610813,2.358839436461465,1
-0.47413781645434083,1.084405260683038,1.7188234613354527,0.9693693024080543,-1.129769940507233,0.730462003917048,-0.2217814037161355,2.3515388857600703,1.9113378363173807,-0.8857149268379226,0
-3.0618951278056743,-0.5278330180975451,-3.729800257876742,2.1216313073302033,-0.06270631331604481,4.37692157488795,-2.0653027750406103,-1.060674056016326,-0.0970981042784848,0.43752452359038574,0
-1.3605060840805807,1.5146406164330097,3.2843318676963777,0.9687698956813533,-0.3828983550357983,-1.4208570870887849,0.07333674477813668,1.3333468217988922,4.280583813195345,-0.020196858661170936,0
0.39416334357167226,-4.687331214403512,0.4804048581932856,-0.19609321067693788,-2.630610844584125,3.6075769773743462,-0.23389780045359396,2.7038936155395925,0.828528936902663,0.4727218937661468,0
-0.8374295229647712,1.3666312804749277,1.9294420962609795,-0.0038041336707993834,-1.8593674498922341,1.1191635636279018,-1.941858659379406,1.6822412472862318,2.818435621583667,-1.1593508261281846,0
-0.3456051906684785,-0.41548267996123966,-0.23281468640213498,-0.7039163254155445,-5.95426915805063,3.2772007158169716,1.4364295195588668,-0.850778269587687,3.3373940801832687,-0.06970878911417144,0
-1.702961936986418,-2.1308043369843315,-2.0609581433522433,-0.015563088870293978,-1.6902131696719418,3.4235266691933894,0.8634372801898786,0.47361914181680986,1.0273725116298584,1.385050707525103,0
-2.1782612138264676,-1.4645259928131644,-2.1516512873123594,0.31695200698411535,-1.2228334207663059,5.808684131456729,0.021888821164834777,-2.1810846539870794,0.04836537059104931,-1.9893166292822317,0
-2.881862237587762,4.730925109442218,1.7111699898543857,-0.7948936470016904,-1.9619120072508172,-5.413001921958499,-0.61836502004413,-1.161456592160155,7.81418393777233,4.362416048415566,1
-0.05060834344696663,1.173347745773202,2.459381914573891,-0.10609063534142033,-2.0448491629928958,-1.3601658869775366,0.9573048225935312,1.5166957323947323,3.420229185081886,0.5194726554553961,0
-1.8629285676225962,1.794149530346525,1.4420337043793108,0.7732399866657592,-3.310599068168042,3.241649640408995,1.4164117917002925,1.056081263756369,3.895986885153432,-1.926956689259208,0
-1.840778125949607,3.096975048147977,0.7073887638166364,2.3176367886738785,-1.6778996391843772,-1.752419502651066,-0.9560585516833945,-2.049450258641136,4.30709667163838,1.098232103532144,1
-1.5144858951994078,2.7898964978824807,1.2545398178228946,0.23513529936618852,-3.6873180548707314,-1.4262097382544916,-1.4587583925306935,-0.42479950822312307,5.601720017721255,1.7775900870403663,1
-1.1182992573062163,2.2354318852767427,-0.25992962013665677,-0.9221889054316275,0.6106774395760652,3.8260029612048383,-1.001314654197967,2.07917789982724,-1.2876059477762078,-3.7244573333486737,0
-3.31864374301688,3.201620060802235,-2.2762555522416354,0.8220660780325274,-0.08420100176078282,0.282391748014358,-1.096875079383986,2.287869612101471,2.3335703402906978,2.689921291199175,1
-3.50465476094569,2.93900150437626,-1.8539067470797663,-0.34214865112723886,1.05901833955129,0.5382783577845557,0.49888319476821275,2.584178686767341,1.8780954835605213,1.9867391093032918,1
-1.9635428348759874,2.7206642755305976,-2.1713457677651062,0.03263883669087142,1.579728646389951,-0.856335256121326,-0.5567787728433663,1.9649071098491029,0.02615231173204274,2.1203484601958915,1
-2.4245957515447687,-0.6339526239602792,-2.214209485609972,-0.7424867777695996,-2.109559047589888,5.931781962280644,-0.8385006163839522,-1.9172012238152758,0.8004978961939723,-1.8509539380454114,0
-1.9121703609420955,-0.04310821826160449,3.302062262787029,-0.6117596395045849,-1.4556284253041059,0.12231568622367472,1.5794378916948595,0.837494458361353,5.33741223519752,0.07167724534241149,0
0.12383852295924691,0.34998972450072086,-1.4010447556282402,1.25451870238119,3.4977308884267853,-2.3493993076775443,0.731898069234381,0.016032275069600255,-2.5562555071658104,1.3518058701966449,1
-0.2584536242184916,-0.7424419106266651,-0.9394922183329912,-0.993593003931448,0.1570989008157082,-0.9503320685716371,2.5299277492519523,1.0091654960413567,0.2214762079587965,2.428792598564088,1
-2.239612614374095,2.3378051039148713,3.0600984447805892,1.1277880271116458,-0.011642020821801324,-3.2791382792941173,-0.057836612377593744,-2.234938140982347,5.718381283066565,0.9282904791973544,1
-0.4212510194623129,0.9281241642629892,-3.125568064554879,1.22393634423789,3.315174198012484,-3.5008423407491924,1.6053559623618066,-0.3732239602690133,-2.2750696717560888,3.7179280717716208,1
-1.6636392659641852,0.6931212508816015,2.6715273920628295,-0.11366668908143539,-2.433241051667834,2.5054731287120817,-0.9258899038911499,1.0006861786141839,4.19459212372437,-1.9798612005738092,0
-1.2902438909752432,-1.0695683551372204,2.8646224137972864,-1.3394697749577562,-2.5725913493222223,2.6398740104368197,-1.481580771551368,1.8171567846711034,4.14887066091377,-1.2201707645055877,0
-0.883673820950017,1.55811628028481,2.732950520281671,-1.2855910007560276,-0.17804700073182267,0.8450620784879544,0.11683017417218379,2.180176144885289,2.168825708109908,-2.1421189580589077,0
-2.617537821412519,2.1221444335121937,-0.355496253648125,-1.081914368713133,-1.140891446389295,5.7899401209510435,-0.0919684662030466,1.635174024438516,0.994376386394787,-3.737054163839388,0
-1.665534320841729,1.2570839562353924,-3.9367658255871243,-2.2746210312061996,2.58362783939368,1.8097275791845275,1.1067104242873174,-3.9165293229462983,-3.0666851131158253,-1.0347634984402942,0
-3.344374368352341,0.9604185326551109,-3.9962058579594784,1.6875480552367936,1.1246415724043102,4.970742350009506,-1.0391111683677392,-4.605795382359261,-1.2701959885166094,-2.2451489626331558,0
-0.25345059320537877,1.0748329530196505,2.124330963219895,-0.05111869301537766,-2.1947977003040067,0.0118749534586934,0.7151743901280584,2.6373580322807246,2.986210420560823,-0.008091597283415686,0
-0.04212341649553619,3.6822261843495068,1.1778902109819482,1.3342291941726905,-3.8613405761097113,-1.9379051556987044,0.3590550934803667,-2.916257631590608,3.9237968042497817,0.050915747595259964,1
-0.7059762268046349,-0.3108947690478656,-1.1135556598972403,-0.5552804969053294,-0.07157249643487096,4.173479242549227,1.0595655726233972,-2.3027277242744826,-1.5259112975043672,-3.3918342204847365,0
-0.3750287681954638,2.1387408464815123,0.5080471123638707,-0.6597486412539658,-0.9896158932454344,1.8744853137970547,-0.06327395989691587,3.2165039487830915,0.302900753154211,-1.6879920715733525,0
-2.862585047660702,2.183245284151055,0.4728509232290792,0.08452698378432454,-1.5804718662526722,2.864643726441166,-0.40328779191093866,0.5458289939252923,3.429809618808884,-1.3374469857958384,0
-1.0487387054479855,2.379468338323328,0.28921105086138055,0.43841269949664524,-2.822724992401178,4.153896815693106,-0.16195481694132746,2.476836090052981,1.3314126459088016,-2.8074998948740015,0
-0.8889941216721234,1.6544037836864913,0.08089000848689976,-0.1265188969539503,-1.7084295716375368,5.257089713242035,-0.5151708990920177,3.0566848777406834,-0.21279366033012861,-3.8363448379632845,0
-1.5688301022858397,1.8835109343238423,0.34513242384959586,0.5161440395863797,1.650192557115593,-0.40714946224827886,-0.390408738280471,1.8288606337908824,0.8318064420381601,0.07741284582488817,1
-0.2348208082147556,1.2602080581258108,-1.4561988200118283,1.9853803952602933,-2.2062785739573947,-0.9789170931697756,-0.3266137806612126,-2.6640472479778694,1.3768162177890262,1.6603440226087447,1
-2.728747429403571,3.009432411694789,-0.37816149957462253,2.560502959355684,-0.6793958266884443,1.5282353710658168,-1.0884112356728457,2.940382050336046,2.571354995832148,0.31057462319388596,1
-1.4932316595278432,1.1506727736542108,-2.2801114149820316,0.960305168086668,2.2950018904824825,-0.3730487101625211,1.299987372262134,1.1132942398449113,-1.136192981691173,1.6384085448540375,1
-1.3707790675065488,-0.3986619189571363,3.4790096326277826,-1.4338058239284144,-0.1749087066382038,-2.1495249397597975,0.8800659629573423,1.20597663121266,4.88199700704329,1.5246838088526844,0
-1.1987851907098939,1.797738609109612,1.2117554687057768,0.2691809202551599,-1.1870386189518536,1.007141335098126,-0.8800119816907639,1.5151362107190756,2.3491441456776094,-0.903948082952667,0
-0.7154725703041347,1.9004950296106933,2.8820820484884204,0.9778475646543314,-2.446568924587482,-3.393194889973809,2.1209935658451093,-2.0991520241587684,5.6272933146174005,1.4521839172759317,1
1.2313364169295489,-1.1061402456449076,1.8790909017905193,-1.7378046158464995,-3.370036298751736,3.349155797795104,-0.03658003987684579,-1.510200317108007,0.6848671806361527,-3.7884113973921107,0
-4.217845634915334,0.40261442689857496,-3.8249902516795653,3.1176811292080475,0.025417085595300426,6.5958002679949574,-0.20412976887271617,-2.6696933458004475,0.09781305917498789,-1.903370242193455,0
-0.5110051472031473,2.899854096413627,3.207270286792502,-0.38045590416635117,-1.9847794919413442,-5.412241009665512,0.09131472861134962,-3.2310060758421457,5.972862459320771,1.9755168257354285,1
-1.2868408001039846,-0.1324372851696527,-0.7548420918584305,0.6675480803699957,-3.8959424171630177,5.738813213117285,1.2991498205476675,-4.049125662533233,1.5411691824748872,-3.5830854203357596,0
-1.439121518788157,2.5712413841092085,0.27519410621604856,-0.9019926494431975,-0.6750679303808385,-3.406321232669625,2.8652120230859626,-3.180947237191263,3.6415851596457918,2.217071651872602,1
-4.133902465120983,2.9052849436327763,0.9517315533827694,1.3459350078383152,0.05001149117541748,-1.4904580000485503,0.6082671663441893,-0.0760136840736223,5.963314134440384,2.2940000698674936,1
-2.956081889804766,2.1808155189023046,-0.978772240060013,-0.13698957769394238,-1.7578565951447005,1.4243257532692153,-3.1385146662340397,-0.05494576825791753,3.513590146941162,1.0530742963932993,1
-2.8889623644715225,-0.4957984191882705,-3.638059748101569,0.6308756035961556,-0.2984118267383764,5.674084526032218,-1.5138305012448536,-4.199715267934664,-0.6713475210030441,-1.9173488233802636,0
-2.1062999631214363,0.6776333925296542,2.265625975448289,0.663545618498435,-1.9746079424828848,1.5443601211845472,0.957993941480019,1.4252741880243427,4.61985792674261,-0.489516811548097,0
-1.2127034547210482,0.6096245839518156,-0.48496453252643756,1.664641821966275,-0.5673576182032399,-0.6706417372190712,0.6276804178744745,-2.2942252730671795,1.9031253748617083,1.1394299901706775,1
-1.3305666018165363,1.1251168744135387,3.1334875820836166,0.14432647172603683,-3.370884813429761,0.27878657730183004,1.6923465724632047,1.404094580799319,5.679914050296447,0.012527699567901118,0
-2.0566980649429114,-2.430441049688486,-1.746999919332051,-0.483933444951233,0.13550694205280012,6.141313241127102,0.7762285047241061,-2.6978724577145323,-0.889020292268957,-2.944179410326182,0
-2.8090676395091263,3.489406313847656,-3.223834237176858,-0.7825913625481332,2.7747679906815192,-1.4423503124275039,-2.28577724449495,0.5156796696915213,-0.24369998273810886,2.612485173638909,1
-2.3128484705045342,3.3127788546428416,0.9673255120712599,0.3314708963308953,-3.168485413160371,2.3596970342952095,-1.8037504840924963,0.6909354491826457,4.253377307821474,-1.4174968238433012,0
-2.7324627452762167,2.181573672702456,-5.346118727586443,0.0321850870368397,3.911104791913477,-2.2519644394298233,0.29137898481594593,0.3191833951023675,-1.822265459655823,4.9283903539126825,1
-2.7674735742250576,-0.8178362232630588,-2.65593985655933,0.6622629821596197,-1.8045945483440224,5.880771897609626,0.16064994035311653,-3.421489250070487,0.8135122926819212,-1.7440553098752472,0
-1.700091606222806,-1.55009766823397,-2.021070278298175,1.1214992118499283,-0.5283581669661923,4.497363091705691,-0.7155129854852287,-1.5312332389108547,-0.3952697954853253,-1.207567320136282,1
-2.4999685519890047,1.5871412387836996,-0.2409738168519726,1.3448540311806945,-2.169836442044814,-0.20747824433501447,-0.3773865174622099,0.5248239355334059,4.496849931769026,2.5528503182821582,1
-0.2661580003759665,-0.4820641388279836,-0.6672423220935706,-0.9310017116324415,-0.8865294634231892,3.179244981030402,0.7297729370341954,-1.282231757149915,-0.7444756512780074,-2.2345964668597564,0
-2.1880477243520646,2.9918588996579696,0.5131783049056453,-0.4697644643371368,1.3116746517290414,1.7383901300401048,2.14300705458491,0.5962643677627407,0.8192485765511908,-2.5552304036685562,0
0.499304219270688,1.4573856004985652,1.6406959909734593,0.18583762890275304,0.15056263114266244,-1.4322121112337332,0.11345604005655238,3.9436750389474735,0.594735140696238,0.2669663692981328,0
-0.0631989458126676,2.99882462163296,-0.939420998560839,0.7418222943901266,1.433191170584585,1.1102103546294873,-0.36234755754610226,3.9479291815725293,-2.51798584965843,-1.5936843084440062,0
-2.3297460038391473,2.3654993788874785,-1.9816707030810778,-0.258008536197609,-0.31876507605940496,0.25442451597407884,-0.5781134587156433,2.124621189049684,1.5682703881882525,2.304770617208391,1
-0.6688169083220732,0.9794947990016363,-0.2537274247289325,-0.7334820666782794,4.057613379075564,-0.9089243728020144,0.5510170602262995,0.36425902408327615,-2.074021719650165,-0.7761198710256831,1
-3.873323986993795,4.561406745580623,-3.1191928109895084,0.4136162575716805,2.861317251068494,-0.9551026382777873,-2.1239928181256356,0.7353885552594079,0.7084829014129778,2.2810794218886343,1
-0.452070663278634,1.3867641423619574,1.0890304940966007,0.12918747333171046,-1.20944238301137,2.0616465269785094,-0.3994654904728529,3.297523607193899,0.9282536335459569,-1.6560448922405597,0
-1.5734744101381608,-2.5874216903303475,-1.7937105143726457,0.39397522586440237,0.0659782343585027,3.0895247019472207,-1.3129685299472729,-0.35985814877841604,-0.07156318113667004,0.6127530898940567,0
0.3729895517598023,-0.7196084323157924,-0.7243381284508574,-0.8055266825105205,-2.124687827280555,0.5533939302910922,0.5327832093226242,-0.9673217454567816,0.5700428718540254,0.7669770125579287,0
-3.5746251548299,3.04044159623578,0.3673433832710702,-0.2811640424645573,-1.7487866235260658,4.805716670886374,-1.3453354874152414,0.8489138388778549,3.378963268309109,-2.982559728538603,0
-2.022288662049039,2.665412577405106,-2.0284966804884323,-0.6308464029471887,-0.36798342786048344,-0.8177417890545725,0.2573731064173494,2.1749579467388624,1.6291420126737204,3.047882219400032,1
-0.8191296469633713,0.22968977630640008,1.8096975694367865,0.1540318416835874,-0.646326808126413,-0.5302244710329832,-2.072355181695998,-2.1865156916237174,2.763455225916459,-0.5562968152071113,1
-0.39540340267930096,-0.04062058337189778,-2.9113146047387573,-1.934087745459577,5.966088942315599,-3.4704710718267853,1.342180131244854,-0.6828125099327398,-4.029103335152619,2.718396076817555,1
-0.9514346575953374,0.08676162246814845,0.4237257664816494,0.07567354061338613,-1.1487319877236868,5.1009714124447,0.03175945658145075,3.930370806649941,-0.04273261544881386,-2.9806459457134813,0
-1.2456160142095616,-1.476531984928832,-1.6827072176092241,-0.6274207344263732,-2.161662352492962,4.720191322874356,-0.33781509419140304,-1.5926210270072438,0.3301637319107863,-1.2875132851068254,0
-1.7964212204901395,0.47199073010492576,2.112809186270293,-2.61813319869228,-2.3724140948082812,2.176648139678847,-0.6286702470308604,2.0378695044256077,4.180335249106487,-0.7631057656210893,0
-2.72234213822661,1.2134812124941348,4.550950083485096,1.1625736681878402,0.5743942081243425,-4.056800419245069,1.1535028497815438,-1.191076947966085,7.266302659633926,1.742570278883552,1
-1.3192164768454124,1.8644521310300088,-1.741056430711023,-0.8987998102438376,2.0943815417053164,-1.0025184411345713,-1.3472539175813492,0.8197364560265218,-0.7251964027719083,1.379460073583041,1
-0.9726790201727485,-0.7939078526507809,-2.1566205986631264,0.01188043451779194,0.12994009130409423,1.6860377213764743,1.9836336524360194,-1.3394903539686915,-0.7275215305927342,0.47120599803874286,0
-3.0417038110748242,3.0105208083869166,0.715188449016208,-0.3150819279089234,-4.493395691723449,2.915032992334307,1.4488201083377155,-0.7819641952532339,5.825229573200484,-0.9055576256108215,0
-0.233426937426644,1.0537642029764198,1.7165829416358698,-1.5646221273358043,-2.091192348043616,1.3786984078841789,0.0923767916399243,3.0010270853402967,2.0317240601332887,-1.0443545612396767,0
-0.7524008561509202,3.656375515314781,-1.0361773774128027,-0.3313522990878492,-0.12563970735565388,2.2215948139110084,-1.0034389034995035,2.78915068320263,-1.1383635715857592,-2.1058910758797422,0
-2.071954224381931,2.3033040950162142,-3.2684572292195107,-0.4598592623151402,1.8151005650660537,-1.7418232188044271,1.4465632912513675,1.0823922812149132,-0.16439630141615785,3.6801047486850758,1
-1.181049783427962,1.548760202710871,1.0629515872544795,0.5413212940082783,-1.7501278373227276,-1.0466276158214791,0.36022603707742873,-1.9044839901114203,3.6494138824340396,0.6032182061656479,1
-0.9674354894880515,-2.2729770881959075,-1.1234315068230947,-0.22580674907604184,-0.9927101995775587,3.637468617711993,0.9049620414941998,0.8410125423277424,0.030146900351780824,-0.15290368125331777,0
-1.6887946391898634,0.9081041422031894,-1.8331649014599325,-0.09287450139305273,2.2745782650908604,-0.5195097237076515,0.012169682282905197,2.4545025894176584,-0.5191108332686623,2.1874775416001606,1
-1.7013679582993129,2.296787704472561,1.5603328994476249,1.1247767199858125,-0.2952196757396499,3.8733512036221636,0.8983595683469856,1.655268665287767,1.134121079705958,-4.289343671036438,0
-0.359493297585195,0.32091339402118924,-0.8995531697895459,-0.9487486952680001,0.7720908664110142,0.6225496332137997,1.3140749815246042,1.8913412844509878,-0.9740742111093679,0.28300985376242993,1
0.004420939196761342,0.59532746924755,3.4893089922140867,-1.1774165052492886,-3.3663701733249405,-4.386891063293372,-1.0804073292785017,-0.9227992781580372,6.401479422592189,3.024005531107924,1
-0.8400693949645801,-0.1638059352700918,-2.1797690970274073,-0.7750449630162398,-0.38264556942866323,1.410258353024156,1.167741925527779,-1.6800171208951755,-0.4978376673775623,0.44757591622113346,0
-1.4326411650901347,-0.3625430003316412,-1.6799803199709094,2.4523699128687237,0.16748707974183352,4.6096753064372455,-0.5844009765960311,-3.2339621066221937,-1.2926837792042392,-3.267662063122714,0
-1.8540931553074596,3.193763882851637,-0.7056021317903021,0.7072313738042767,-1.9332236719186158,5.626932381203804,-0.02185674744212368,1.9446452966374794,0.32474131219819385,-4.047651686862855,0
-1.7411750589079864,2.5348791026584965,0.6594254039924166,0.28802836830548917,-2.1536385008852896,-2.012825854907058,-1.972089026643818,-1.5169050332248366,4.714502565227721,2.019812808506587,1
-2.5524783999344143,0.5046121249533283,2.0935876023315148,-0.9240628073410654,-2.3501622144843473,3.9084358405446706,-0.7199895332219391,-0.01164600544439831,4.325538650217888,-2.5675690778086717,0
-1.334778699480725,-2.3617555997363517,-0.22717747117389409,0.7642132033388553,-4.410159348451382,5.638279958985478,1.0380125273159622,-0.1379166039211277,2.668971438481584,-1.1111311110260993,0
-1.5545037691935564,-0.6871435291201755,1.9834954551517796,-0.3266475631886115,-1.280791766044734,-1.2801691291774842,-0.650656621336195,-0.12438879724213803,4.746768813672937,2.077994370286685,1
0.8731212674383246,1.916418880532265,0.17619348251377942,1.7230747176462498,-3.5603498246014778,-3.4978261192071582,0.427962626552635,-3.300115127312715,2.9584634215851806,2.328162433701776,1
-1.2091481507616584,-0.5026531771991539,-2.5319548325003276,-1.4289046065117268,1.0931639395674586,2.4443401494264596,-0.5619301138579263,-2.811693694245381,-1.747142064735961,-0.9264786999487526,0
-1.0644922077887102,-1.0098664826658434,2.0311870462679398,1.0599501697623763,0.3367032081660275,-1.5056438314074923,0.16663789531183854,-1.887322482304091,3.102841818117462,0.7793306655600017,1
-1.3415281332122115,-2.4846681856114574,-1.4709711803937298,-0.05796399966830253,-0.6667856563544295,4.3480233740662255,-0.7725421118422359,0.7082750215257168,-0.22654215134820624,-0.4244065226327174,0
-2.0591839539932923,3.11444546631648,5.650908403359671,0.08387250176093364,-2.5877185705089807,-3.965144329318736,-1.2931222504049704,-0.580081974033211,9.073194341342303,1.0267080870913512,1
-1.5411601000168584,-2.359186373734892,-1.206921959051819,-0.48401712362208477,-1.3005773940605507,5.4537950401997435,-1.0296962396330605,-1.8776512227344662,0.13741117567942762,-2.11737756286815,0
-2.00555821446388,-0.8190463068136872,-2.3672722234189525,0.14237791251046628,-1.1483280153541626,4.1505603095266155,1.388664520102482,-1.1594617564188112,0.30005370802416426,-0.400923033352409,0
0.021561904007881605,-0.4133241607808298,-1.6335187810169243,-1.321555786511051,0.3985425976927095,-0.7589465012663333,-2.0323537642983847,2.118455941342855,-0.8515395063972045,2.530948628605476,1
-1.7829373765727525,-0.44143395492496906,4.009534980182658,1.3369690735559603,-2.163166765197423,0.4542010326872307,0.521449399059529,0.3200112832014059,6.018753086778976,-0.4323182745956191,0
-2.3468834582537594,-0.6985602724060544,-4.002453037344305,0.12184446413245396,2.0182915126915937,2.6037656634514,1.7256937928147706,-3.1420647313986336,-1.8737015181105383,0.33199611507388194,0
-1.774104469653028,0.18310195149899955,1.799157230415989,0.5817817706283626,0.5534690639779667,0.9832011297278318,0.3912093272373939,1.0277564081514694,2.3772220245798654,-0.9057787496503746,0
-3.030997530938926,3.3739357286450637,4.342970904275658,-1.655224712189433,-1.5824988663888224,-2.760296891330601,1.1706616293176602,-0.7049811085948242,8.2207965776789,0.772477136384305,1
-0.578602920133847,1.526475609333415,0.8284384152284732,1.879874549421008,-0.3151545380446106,0.6060980456838764,-0.08708472614314992,3.1214691311926868,0.9123018115743242,-0.48366684145829697,0
-1.661254196120458,-0.27708381809184446,-1.6570195474349354,1.2863821369955335,-0.8195882426565281,5.844167293305583,-0.6281493997556425,-4.136300612589567,-0.8232541369614083,-4.202370877938847,0
0.9333582728996395,-0.24108013131587636,0.2681929977874382,-1.1251861017311617,-2.3835881318025467,-3.0073474117441767,-1.487861703490623,-2.8736981618680906,2.1692797939729123,2.515129403118056,1
-0.25493502641122023,-2.3033030035973243,0.36960410227018614,1.368094236814898,-4.475959258180297,4.049427753697904,-0.7749628240639848,1.2472178480340355,2.3974198489236374,-0.3155117332166215,0
-3.253913679621993,4.368061314824468,1.8124619202734644,-0.485678744575047,-2.542217798199474,-1.1326723897313895,-1.3401248956547858,-0.44287349873562265,6.884681148657838,0.9868141814649355,1
-3.5072391594056005,3.2816623680374155,1.9803488671203484,1.5019529651885957,-1.668216500950383,-2.018233303847663,-0.4149162781203273,0.3559050018804901,7.218399870040299,2.3923891133325825,1
-0.8588311287993655,1.2960899395225869,-0.17566704530619637,-0.7474556539582122,-0.43999563669837394,4.683361801614993,0.3973970234592343,5.140563835485507,-1.0359623341154491,-2.876137576457131,0
-1.8456385455582325,-0.4293461017035898,-3.0222680072711947,-2.1357998487348056,1.9164412015917738,4.066116393041595,1.5199520059142992,-2.2137874601260537,-2.5866060941579803,-1.9894825983373328,0
-2.40857545400245,0.18271231905568586,1.5739408391912888,-1.0126444414430895,0.497600660348787,-2.3539669320313608,-1.1941866514118442,-1.0028144121956364,4.620741147520142,2.473950389818824,1
-2.297975890486641,-1.4957994204544962,-1.7548784632410726,-0.048829835933703165,-3.258010307771399,6.7730117545017,-0.3754074464839619,-2.8500191253532496,1.5167376556126682,-2.3535353890492527,0
-1.9856372019332358,1.5615642167680157,0.32673572122783323,0.28475459338556824,-0.6172343763245667,6.638869792566451,1.434309669352076,1.8603943293208496,-0.10904850521849063,-5.386924364255613,0
-0.13096800059563463,1.0539001981363658,5.262638805668462,0.32093006192565754,-4.548619494554963,-3.4762227094871587,0.07991526374003749,-0.0883611072363868,7.9759501892398985,1.5794734502817696,1
0.24490261825561088,-1.5373633422382227,1.1585281422783988,0.8852563208659603,-1.0655387313672315,-2.068782657804969,-0.33348628096969524,-2.23374837378771,2.336803655611403,1.7962438359840578,1
-1.5139654841424197,3.30090354430627,-0.6649093931982155,0.03239621368357873,-1.0205955119964334,5.978513509222289,-0.41342377063644137,3.5161266618690945,-0.9484705829231792,-4.697192969456296,0
-2.8194525221606463,-2.1559883912339037,-3.0241969590015714,0.8444558720716657,-0.9282269071022426,6.446488252914374,2.721912147906493,-1.9649779753942866,-0.03747989331210612,-1.2426201391077838,0
-0.8089248713727313,1.4465973515318746,-1.6532458772171355,-0.754866196571921,1.6031906462140406,-0.43918064924620676,-1.1204179189363892,0.8691409344679276,-1.1451884856770755,0.8537164657525615,1
-2.335918078136827,2.4851748246402776,-0.840932182262095,1.5723982102703271,0.02145432387501711,0.31613944238051683,1.5391423458106503,2.485874889848553,1.921827044533789,1.3628698252409182,1
-1.5750210572657573,-2.1121132411414645,-1.2651978286445884,-2.049474485669681,-2.246758725634351,4.970118169540062,-1.485186162699932,-0.07661671038183338,1.0294433580884927,-0.7096919815777701,0
-0.6265236649618254,2.0192188609681803,0.34164765758517834,-0.18352817215715306,0.1717367148028397,1.90737198822605,0.9102157836647453,2.585989891324753,-0.3355142649510563,-2.0945109423429797,0
-1.9940107806594625,2.1559566650611375,0.9704363283898818,1.006606541032628,-1.6098342088701334,3.56311823530325,-1.6942558959950778,1.6124416318842199,2.316497585573467,-2.6724824753266536,0
-1.248890479385325,0.5914615351307622,1.8350345406611597,-0.8140106692915557,-2.681947662924232,3.9445136396315563,0.33011379047094364,2.284894365559301,2.7361157217226153,-2.6054352829298697,0
-2.428914981587571,0.576201613968466,2.3719086630636435,-0.5587995720623407,-0.2289773060197322,-0.31331407402994504,0.2637555848225758,-0.8800731196427624,4.652903649968517,0.06998818828707432,1
-1.156337846103187,1.0180459363065184,1.8516705631453945,1.1121006192213385,-3.433840050832946,1.5571184901959259,-0.10813899039141675,0.6692101213967779,4.215558290541087,-0.6720082659658024,0
-0.2701866930791643,0.5658842958004803,-4.057927880134269,-0.12740687238995974,2.8260310634227976,-2.5732492873344355,-0.22001802765967404,0.2906341359050839,-2.998019701545963,3.939232424521001,1
-2.095326087357971,4.047928783339387,-0.23888825302994143,-0.663436157219488,-2.077785239483235,1.079403667319367,0.5306831230100478,-0.04016128878969183,2.9454435595702546,-0.6420543829165433,0
-2.5518374780860094,1.4491835361883993,4.361474770512005,0.8495845310466172,0.800817991883005,-2.6717459710242997,-0.18969349345240752,-1.6989107014429619,6.107800577118753,-0.04052879390496078,1
-2.5556738541470922,0.9699828034312744,-0.9100522201026138,0.1918895450216474,-1.8364710426745838,0.5486477580688676,-0.7959703738504983,0.5188104321709903,3.6909723625653275,2.4744422933232575,1
-2.748297662775014,-2.3134122620561555,-1.275797027430345,-1.0525471918701104,-3.6672507667615064,7.852385964160054,-1.572989257072861,-0.5839712142605771,2.295306806607022,-2.071807316085063,0
-0.7924782199889782,4.379730295407944,-0.6271208654930112,0.9784578056665502,-1.7990130738643761,1.2537027820467264,-1.9473424741408143,2.3890602704261603,0.7245678544791061,-1.117129571058856,0
-1.2935916870874808,1.8505064382843655,-1.9019153364440107,-0.04460653218300141,0.49780257823178853,-1.5530701741462858,-0.47783985070379115,1.7692274430535984,0.5943310710420685,3.0732918127749604,1
-2.6585804411927656,1.7307055267609646,2.65588120988104,0.8822864925992157,-4.402987053027255,3.617522191935871,1.5512452664277294,0.0348478366483731,6.254301255197206,-2.2765437396185417,0
-1.7041589663449972,0.9306886174060084,1.9688630725332041,-0.46126705049830724,0.4079088156737112,1.0532150405029799,-0.7660452024003999,1.4378501785056694,2.342825234361929,-1.3689742605108135,0
-2.0684629549469298,-0.35600967548946594,-2.4981681599695698,-0.24788011907866303,-0.26260614799988,4.938991627586542,-0.019918396299731203,-4.213010159800384,-0.7775209272363736,-2.666168304191649,0
-0.00022787628723897058,0.8936178268059399,2.951432327921232,0.421716933003097,-0.631079802203474,-2.276344737959671,0.9126203225404405,3.1156586029908246,3.0334905000010814,1.0434502195473412,0
-0.7203472154644365,1.850032685362421,0.8048533712202347,0.504270748038384,-1.5120359648581918,2.583808892029827,-0.3656770825305199,3.1914417304992813,1.0229320624923426,-1.9349082123028416,0
-0.8204513160584438,-2.533331595526079,-0.12565504140896722,0.8085710068901167,-3.032248657621169,5.488279794166346,0.25062823210330204,-0.25367484236850313,1.1398280754938896,-2.009044727735141,0
-0.74687882779647,0.7457883274571944,1.8555966924442926,0.7831598877770107,-1.1397504322944791,-2.0469702131860754,0.7728478385437232,-2.3547925518927277,3.6764054354851625,0.7695381245077704,1
-0.25678620992484325,2.037173012802521,0.36868369814380175,-0.6951493580768724,1.0913255123719048,4.052603338426302,-1.7554378973107099,4.71494961685686,-2.4631896669856195,-4.336605325586872,0
-1.384220977926091,-0.7182608988911207,-1.9346902061087372,-0.24734038702515676,-1.152536042838985,3.905861824813765,1.782905600065144,-3.277611785631815,-0.13505461519982234,-1.616253287327051,0
-3.659945408128309,4.078830654966042,-0.9070177856345991,0.6872384503952884,-0.6018737352120631,0.4622483932114872,-0.8404929855066914,3.2091751336872885,3.7083489254747346,1.8805408385810027,1
-1.0543227436606906,2.9866964422218985,-0.25868823396446006,0.05844948070564989,0.5243459292517145,4.499516355626217,-1.2894805872096875,2.7110063056857476,-1.7304509435879238,-4.636823763688287,0
-3.6192031149080366,-0.0348225920841454,-4.270165257858727,0.6628410930216325,1.2660490320276754,4.847976689750592,-0.6729053320094016,-2.3003449876422954,-0.9793251631597291,-0.535057688601992,0
-2.703270460674644,1.5070485163625724,0.5466103928672655,0.9778722722111376,-0.26314619415669993,-0.31209469800003037,-1.4155240669137066,-1.1163430745819016,3.842213112892632,0.9231834073878512,1
-0.317015797118962,-0.9943667657943775,2.4509386342325974,0.0105457117410256,-1.0148929041957282,-1.309839241778253,-0.23227350279947281,-1.751164812983263,3.313199809223938,0.40998489006134475,1
-0.4010025790054381,-0.601343373057313,0.4428914981932983,-0.8024300398648369,2.284553789720195,5.931340673156069,0.019599616577628293,5.566044802840596,-3.5730414914995836,-4.981455332846707,0
-2.462071077420602,-1.342297024176728,-4.207693872178513,-0.10198665459367798,2.041148728254771,2.0981766186871944,-0.7554988831339492,-1.0195394571899907,-1.5379381411270039,2.061533741673296,0
-3.5117252107894608,-0.5467585152986363,-4.005309678588256,0.1664931271151245,2.1285486686744877,5.846045977692998,0.3726481864800551,-3.097873256637927,-1.9806105754023138,-2.157683045268559,0
-2.545391148532594,-2.349061126728639,-2.5436086077083706,0.6166639764711183,-1.926582378864733,4.8500090436587815,1.2608495199993097,-0.5513885121925544,1.3866652124900538,0.8389152058057299,0
-3.174900879938156,0.5404782424007046,4.1972296428335945,0.28384456730273677,1.0805260160152836,-2.4765345852582628,-0.49419002306691273,-0.5255173430651513,6.644808006152135,1.0809171261785782,1
-1.6496314930303324,-1.408043425630678,-2.3676825308893834,-0.8098900990894081,-2.5058062828823653,3.5602221066781845,0.38571084053145244,-1.1584945313897377,1.22551350277138,0.8963115005616951,0
2.718202145260854,2.6660567111774567,3.5360637486593864,-1.2981039036871578,-7.947861768902648,-5.230486959798881,-1.4072934434924025,-2.327316527077075,6.478761359786224,2.366531691818565,1
-1.7667144071099559,1.87751523097491,1.5625306582961553,-0.1934276285812056,-2.845140177138326,0.8428788517350007,1.4751123643098556,1.3366331332181058,4.571442285158052,0.13984554620712308,0
-1.0005559345914312,3.148005498553441,-0.7126720677429037,0.11112937529651211,0.46329837649451,3.96908190503234,1.3920387515870913,3.7862628727086314,-1.7990797795403561,-3.575029296919904,0
1.7833202825308412,-4.108615095251222,3.194288434010536,-0.3059544315315921,-6.1812206237473974,3.5069061216137576,0.9481429504720496,3.0113236532217,3.2203217672035347,-0.8482784364635279,0
0.26937845505436964,0.7480997143158237,-0.4862570197095333,-0.8148681489093441,1.8183932408439203,-0.1697417666569393,0.1802948805034444,1.5357398856010833,-2.0243237190316505,-0.5203071111165247,1
-1.5206718180700909,2.0668292697632222,1.1265581770029673,0.509683077242329,-2.424442395461914,1.5393305498260306,0.6149446390313781,0.2669223163457246,3.354391745576053,-1.0823760021420998,0
-2.8414045446285554,1.2318145095477995,2.046634601901453,1.0189232400898984,0.8093394403657168,4.460956097798898,0.9198715159544302,1.5123835099013798,1.9300680788746942,-4.311991217647238,0
-1.657909231466513,2.6886347188813495,-2.8846914768023257,-1.8861287039510262,1.2598767823172035,-2.0983507236506806,0.13807840841754684,1.2586618805958767,0.04521681232807279,3.566856257046363,1
-0.4938621367034062,-0.1693073454062226,-2.1565510158630206,1.846395920599248,2.8729982603770865,-0.7856819661505156,-0.8258327732380476,0.7339410571090429,-2.3678160711468372,1.5666520561639898,1
-2.2260674163336147,1.9748537178839545,0.8201241621495549,1.3701018536103708,-1.7509270642038701,2.9213129457190017,-0.26556051251854124,0.3937382869366377,2.9556695377327693,-1.9565735143546419,0
-0.36878086191087767,-0.2363029064576152,-1.445393084740124,0.7882041407971867,-1.5601645920445468,2.279696754834404,0.09116814666643917,-1.8513108007939623,-0.18027082921574303,-0.7260143924810248,0
-1.0196457307724835,0.5577526663946281,2.26575384730625,-0.3930902007014615,-2.2198238673949424,1.5611821987554382,-1.7106033544365142,1.6318126537946018,3.436691990414476,-1.0803026630122448,0
-1.7978520911233684,-1.9938307318991013,-1.8703897571320676,-0.35895838517941375,-1.8303267494813915,4.463779744959902,0.31444459087485255,-1.5145806250737501,0.8733113370929759,-0.3300585336382498,0
1.0978967167319977,-0.427915218709944,-0.8764764558027931,-0.8508840890388987,1.218209995577823,-0.9149783368182862,1.871074482308114,1.2144534476829432,-2.321759157913416,0.710139241678393,1
-2.631379669422884,1.1062198985898055,1.4165282751188333,0.1376619408680461,-1.6664680440751583,4.313948926833326,1.3025903967862316,0.6792097970363689,3.247426077147371,-2.9105749199438424,0
-2.332697534882401,1.526616743491103,-2.9585590199596936,0.39559883476294233,2.312850614728207,-0.6909268193571981,-3.2210163559857135,1.3198561772809076,-0.38672799632735944,2.8895750429803386,1
-2.6655979091032567,-0.1600551897635787,-4.447618411207616,0.5430322792896524,2.029448473053176,2.1889642797708384,-0.4998724304108518,-4.053461750359602,-1.6239578264229306,0.7011690972963605,0
-5.36514000958004,3.869010822493809,2.262763851118541,-0.024286495670025846,1.0224801643223613,-1.5986611182353425,1.209230647223938,0.010901330518207297,7.438648993804522,1.4750600128805897,1
-0.3330261085165598,1.1394002317742018,1.5406536440037626,-0.7624179506029144,-0.0637717238233606,1.7881527547263012,-0.39338229774465705,3.104032504724591,0.34121263137971986,-2.2381756524657925,0
-1.6825973875516795,-0.8144661303867168,-1.5743588021557122,-0.04779925038478981,-1.6097988175827052,5.039200466369889,1.5758758095019694,-2.7337854667138974,0.2875483804327529,-2.331511169405527,0
-1.2789986291294955,-1.4620461774566917,-0.26134238201539794,2.404837542253973,-2.7811924611823082,5.992942872611091,1.7448614066234935,-0.3657892816260093,1.058119807708455,-2.832432944407408,0
0.5875506093507794,-0.1395206204439179,0.15311869251410415,0.05821272708505647,-3.1153612446368486,3.79156053282056,0.20885354253433172,-3.0514384692887715,-0.018758361286638138,-3.719776408374054,0
-2.0290660489819334,5.3611125009755884,2.9256535253122045,-0.07782143613647309,-3.380709034638059,-3.7901622401759125,0.7034921482250248,-1.766103174171861,7.649866569249491,1.4108414288550113,1
-2.3923758924758247,1.2879513753294902,-4.169592722298773,-0.0412596526500604,2.4776003250275034,2.9529221558817205,-0.004072837121435025,-4.435740985931674,-2.7215924689625655,-1.5998760398808516,0
-0.4684364327895465,1.5222443449148457,0.8559742849374334,0.7163400805404107,-0.4655811778409251,2.4565002194784182,1.1013301648895504,3.6059370504671278,0.057967667733879596,-2.2170142627661913,0
-0.5733813545045986,0.6497106220516558,-1.0423843785320188,-0.21359324220504247,-1.0398477143884186,4.146260669245419,-0.8679754225283319,-3.6023704334437485,-1.0633065983474441,-3.9901651940921576,0
-1.6797557321923686,1.9039429926531752,-1.9694035708108437,-0.09676010318688932,1.0572093837725698,-0.739737914805759,-0.6332727047102726,1.0480440163887765,0.25114886304812706,2.0806982841383177,1
-4.332433344554512,4.78823784395928,-2.704562042637792,0.3246582355025183,-0.572640464941879,-0.047256924868618044,1.0500490415534267,2.86961715160625,3.638164546648238,3.59007787227122,1
-0.3108072881160264,-0.26876194932992825,-1.647188140463354,1.17841931756372,0.27909999327666557,0.5937735163572748,-0.7140651179821788,-1.7345782848720366,-0.9726655614246964,0.23667695824342538,0
-2.052481470482526,-0.31734549104554044,-0.48200409149420587,-1.9320651585199595,1.4598085331707495,-2.3712411281239723,-0.963396341198569,-2.039276432563677,2.371366310506527,3.1130227204565184,1
-0.5262541295748969,-0.8884860108156025,-3.082915418983725,0.6604599523515503,2.721651493896287,-1.1106421204562853,-0.8766970856192929,0.6658287419150846,-2.478818631122811,2.9941931020673547,1
-1.0537818115100908,-0.8299644095714332,-1.51992657646493,-0.8776173568629051,0.6249860177597863,3.123349494476682,-0.726774137833843,-1.8134951226999454,-1.2795279055225137,-1.6935458118911284,0
-3.072657185381596,4.263537748600184,-2.508811102133557,0.9623451692665695,1.9933184168146252,-0.8405910607174897,0.5880766751678318,1.7184580545833055,0.6812652988928384,2.0302470155474217,1
-2.1585944165825834,-2.132113251605684,-2.656044500795991,-0.29969605666431426,1.8708361833280036,4.512677517932611,-0.7617603706826457,-1.4443901613094623,-1.8854775031673712,-1.2329998012476278,0
-4.006214349383036,1.2549331663549343,2.069794366083637,0.15060249284463378,0.23537146754838378,-0.6404482825146642,0.10527862390967795,0.7507118178736834,6.16864146668147,1.687209556465585,1
0.919085089500022,2.089047400792376,2.068451838715285,0.28121168258406537,-4.679586469100338,-2.3826440230115593,-0.1821605838579241,-2.745474610104793,4.276609662656006,0.5075641894572327,1
-1.6478173559356566,1.4824094096878357,1.7889335716100818,-0.2352739099724389,-2.0170069785204174,2.726200088347497,-2.077119853773874,-0.08704399277115105,3.1407285477299736,-2.592438122951651,0
-1.368694050534911,1.836441211147424,1.7776307853164155,0.491412756355527,-1.0567243501372157,1.3494082532325813,1.2685832356474693,1.7185034515123871,2.62613404315693,-1.5201190806732456,0
-1.3445553418967557,3.861471042401587,0.4782376866570994,0.6988156702804763,-0.869490135082491,-0.2611958620488716,-1.0401987109554731,0.7929611784029748,2.1339526222535934,-0.5617065077025241,0
-2.0768139134731536,0.26760281716048606,2.733833783099594,-0.12826348048383082,-0.5347479557454917,3.0204470815923314,-1.8996702808588812,1.8110834340774706,3.163252247385997,-2.6385240136818804,0
-0.8989384761113942,-2.1317717282273163,-0.4184482489143033,1.2106745525421971,-3.86443404160568,5.941395933371484,0.01804725246822428,-2.401352186056376,1.4339045605778586,-2.693300729262061,0
-0.1146603633046539,-0.3104724160598795,-2.4313737001349036,1.8055744326868153,1.3123545406829973,0.34553605532097537,-1.4762625440017794,1.0923530881033918,-2.3308926344346745,1.2601662666414375,1
0.3567282395882181,0.18954045086003135,2.5963060003778713,0.43102295801089313,-2.0288757479198347,-3.173334895641868,-0.2880627983512786,-2.6240838875586774,3.964969697035338,1.2184149311807306,1
-0.10310938265788216,-2.170725806783818,-0.18050983561266576,-0.47364545765119104,-1.7935232085031034,3.4682800214080034,-1.3756340887863618,-0.4667369601453015,0.13553163884050817,-1.3465097227601386,0
0.08038789376846833,-0.34505863767321676,0.7198210251487691,0.995693754370362,-1.206381374864696,-2.4835814182606235,-1.5030468593574806,-2.65521128406317,2.4037136456716435,1.8985339931406482,1
-1.035836087677928,0.9873502898548202,2.472996082722992,1.465210503481381,-2.0361441383194663,-2.9923942292032253,1.5929640960273812,-1.2732465143427125,5.452171207194058,2.138324447583717,1
-1.6125858812795322,-2.1464696727243378,-1.3906261780797478,-0.36723700079928584,-2.7081091799075994,5.3132381378306155,-0.3230423687730068,-1.4706037341231057,1.2053198673969305,-1.1279140747685412,0
-0.11297270566472895,0.35277202167681043,-0.3362027904456888,-0.6290378612036109,-3.1898993016136945,3.638516095865492,0.6989530717174212,-2.4886543537212678,0.6366203077828122,-2.778660255464956,0
-1.257599056253542,0.03839115206364263,2.524647091002608,0.8715243860879341,0.30752748104208916,1.6369993077072185,0.14342656685749322,1.776482100050023,2.0416541118251255,-2.0117345598296192,0
-2.9801983867389783,-0.7070874067847237,3.3730219488062128,-1.7240618108680354,1.7649853030665108,-1.7447888434413619,2.598822900074582,-0.8715047584844592,5.282402686503838,1.0264935105774946,1
-1.427952423647536,1.6832508267688366,-3.2386019693877914,1.1912606816318325,1.7904300078996658,-0.8209665800203895,-1.4605008994184878,0.77748119097194,-1.2652486036713766,2.5189308486940103,1
-1.5092261397447946,1.8267874392651888,3.352176743654417,0.4676901038588855,-1.4433363888544783,-3.9230545384410447,-0.6891117977217902,-1.4535640983730584,6.4002834080518,2.0292624641095074,1
-0.10285200824794916,-0.12942752019118653,3.5260573104536155,-0.3617238360933866,-1.8343294307317772,-3.8299829437579387,-0.27595145169613816,-1.746052859308053,5.276140336442879,1.9531859888262755,1
-0.8711868806232782,0.5111170774804052,1.3013331068949416,-0.3262337044413596,0.2225137541616804,1.5211151212761174,0.1351903409873859,3.4963558149008236,0.892020879255094,-1.066431282453261,0
-1.1947984965974885,-4.131724995035541,-1.1177473143981567,1.3592975993648058,-0.01450614922105875,3.5143008893774064,0.3865862299051922,1.7348273299331152,-0.06471947620877466,0.9923746601850598,0
-1.7176164731420294,-0.40514825358726747,-1.6163159441449655,-0.11766730219285336,-3.7125265560803538,4.812045501640434,0.6353291952162062,-3.6747181555554516,1.923336052501633,-1.5703258496311168,0
-2.1236949614447362,-0.7081882411226822,-1.405224773229821,0.7075918219746196,-2.0951248975324988,5.231716336382674,0.47463348556679213,-1.3064127314559968,1.1961653236885317,-1.6994596979560388,0
-0.8590104111647487,1.2457777889395913,-1.5583702131419765,-1.0588001482478198,-0.570031648436284,2.2866181203140066,-0.8246120097650219,-2.433129636064904,-0.5983135874836596,-1.7665889826337127,0
-0.19913811984656649,-1.32749177624277,-1.3034468554152914,-0.14055348550243169,-0.16588502302140973,2.0012548145395646,0.709410980586605,-1.783787845317311,-1.0592558869507998,-0.6971194292242467,0
-1.5784705222581374,-1.8080483663160334,-1.3629528385150858,-0.3777648875224771,-0.07500503355626953,5.276617712772897,2.3674143640271215,-0.5508778798587846,-0.8318836871393018,-2.292742243841666,0
0.3955275529736293,-1.2736372026808227,-0.899601144832947,0.741073780682286,1.2424190462723819,0.20100227302891074,0.6865677467531761,1.4855957037058345,-1.8383602121143992,0.6850233047987623,1
-1.8549030054474516,-0.1791997298638197,-1.5361534684555027,0.4512260161360988,-3.0310578580775145,5.04989202326315,0.17648418366295282,-2.08679669371956,1.4834794291952453,-1.7243209786644378,0
-2.940874390755955,1.0516091120755537,0.19177077468302772,0.008857703668895378,-0.9012768801584131,-1.240411019755959,0.9758233372885634,0.5193764499837257,4.9069603324132265,3.327812477067153,1
-3.5397391865713557,2.703010809717985,-2.0604888820964944,-0.7402322525487084,-1.0831347397244608,0.5247951260996694,-0.7329260381085351,-0.0653547458089474,3.4606147173451474,2.5049920699935546,1
-1.7993677578092,1.637416783353137,-0.5901944068487982,-0.4357644969706192,-0.13547652585292602,0.4080529321912006,-0.17284567481411092,2.758599900864832,1.592484529169911,1.3313616357481477,1
-1.1352928014281949,1.1563278532246595,2.3694430568984455,0.18198988262279764,-1.551999494089076,-0.16693976136295133,-0.4377373224043246,1.5797583923250464,3.8347023288774533,-0.0008014288567816941,0
-0.3470790088713833,0.08611967244511032,-1.087959419845619,0.43712677973105185,-0.20935661521388216,0.9189411486759119,2.441221722471914,2.415274080692832,-0.46253807311090456,0.8601303296580431,1
0.13443649044310413,0.016206468718169775,1.3634155923003997,0.7025333139338557,1.0564016603342883,-0.4232483551831183,-0.3677845265710552,1.6101202944267137,-0.0014782373234690591,-0.612268247313172,1
-1.7167536794445948,0.9121194462973912,-0.3823678378401576,0.5374787046064285,1.1801051035240198,0.7434593090146708,0.19507692542260213,2.19626797700427,0.5855595483714587,0.4064722733786983,1
-2.351639807993969,1.6666423587936126,-1.4714815040988316,-0.9823242722767759,1.2164370463623981,0.6187080350984276,0.5009173290858575,2.1403366789479312,0.6819588115014469,1.2840817881820943,1
-2.2413283707075453,2.3383932148546815,-2.3846784835338415,0.4498272137265099,0.9960200919347811,0.9153804452171862,-1.2444864498888657,2.082682054683998,-0.05264911779529914,1.226490273112994,1
-1.0345505379238031,0.8283422885178664,-1.5714691059617114,0.4762403533876659,1.793833191952677,-1.3394578975318197,0.09205513731199198,1.3633912671105937,-0.4502646494438001,2.278659035335772,1
-3.866689977212521,1.7329642252752777,4.162514631785543,-0.2846255042536789,-0.9257710836845144,-2.9331805950242016,1.495458245242957,1.4786854209111868,9.01509073194697,2.975115743052331,1
-0.27859270154291105,0.23741331669271304,1.8711448904611345,-1.5449359221534005,-1.997448372583853,1.3772062266154457,2.1458249250764885,3.055526837964539,2.235762496759588,-0.6814781636938633,0
-0.9244935964851205,1.4982953462245352,0.5828939687380901,0.6869566320986773,-0.26545442537149566,-0.899517478834955,1.953107198272574,1.5029662917454478,1.8692288115763498,0.9489450241310259,1
0.12628444521550963,2.8206396109358183,3.8686485578681657,-0.20435572664564833,-3.9770574351125845,-4.129374542218152,0.8913439016052467,-2.366019522111286,6.457184590715376,1.017409217050539,1
-1.5377698984438415,-1.3303552728836934,-1.5953789199849011,0.5637878750069146,0.5222619527406382,4.5304663564631555,0.014004967371380734,-0.048328498580910484,-1.200031729158466,-1.8183046514711705,0
-1.972992407933483,1.1053832353141384,1.207785597547526,-0.9915270411046322,-0.28743389739415925,-2.627026579918951,0.18301292831148205,-1.4853347292536934,4.428475854809762,2.3706215514744637,1
-0.5977113809980927,2.5580136390647983,0.2644496756918371,-0.8351245039722351,-3.202544943312195,-2.321511756630226,0.32699451327009765,-2.1213824596536806,3.9644686174630475,2.0305917842253898,1
-0.02081864455187854,-0.3143265753185176,0.4116289249644809,0.059905256796438384,-1.868994421363464,-1.4455589333816248,-1.1419418191613115,-2.0346582838912193,2.37308998417289,1.6283798300157966,1
-3.739710910013838,1.6338185235748681,1.8595962814240516,-1.2689825772544985,0.12137241447759384,0.3159243878617179,-1.756868699401502,0.01761970940633173,5.304639969532439,0.28693547005521136,1
-2.0861100507938217,-1.2500725465857614,2.06040651255699,-0.1539976651978317,0.6240735207691439,4.276123317627782,1.135947845943822,1.979682131108041,1.592553975254241,-3.0808706571505033,0
-0.33865351915473263,-0.7609980301201507,1.6198051499296862,-0.36249900288206854,-1.764572738545532,-1.3860544395755559,0.03433338856883548,-1.2642543860647872,3.4250434126779385,1.4335411114390353,1
-1.4727436835691756,1.8947058379453454,-1.978681332831909,2.4187777793134635,-2.082995270595856,-0.12515076094800046,-2.2185699659510996,-1.6198514653285,2.06423379288495,1.9943667867995305,1
-5.18039982681558,5.389600406463469,-1.450937175359079,1.8338965460243755,-1.4140959935808337,1.9336825714049821,1.992036635959309,3.8460021352281433,5.055431826955673,1.762487111731565,1
-0.7392205665023381,-1.7062083318802213,-0.1719693409014611,1.9435288811221971,-2.984451420560662,5.495815128367209,-1.1918747041912499,-1.696157944483896,0.8464195843949743,-2.974329374101398,0
-0.7815714002274954,-1.9839864115676158,-0.41934711185753937,-1.1709248938074537,-1.4987674602891268,5.395802666043947,-0.3265358525345711,-2.554121409027668,-0.25947088322414746,-3.485291486236128,0
-2.747952721963339,2.7048280935925426,0.013498735666957362,2.159121154603292,-1.224071299116354,-1.9122923070328932,-0.041248128979203026,-0.8470890048255013,4.852886307640416,2.7816015314547777,1
-2.6479008565100832,3.438457997161314,0.8533796291169067,-1.0188699570667352,-2.4150838268036354,-1.999829450368511,1.0400578907933893,-0.47028982921199747,6.017349160043591,2.4961114147459744,1
-0.11178483202277434,1.7059800739408995,1.3697093494541401,-0.47655380143352466,0.10460896299626143,0.9742009445802158,-1.4308312016246718,3.773006511540126,0.11626571062307536,-1.669492912150589,0
-0.8746904796833789,-0.7653044003251033,2.80345601976152,-0.2209317249396126,-0.583644655364994,-2.309390920759366,-0.05883285413152221,-1.4356183985444098,4.315228210445926,1.3583066236739993,1
-1.8129933519891264,-4.121764737713374,-0.48671439226028856,1.2744402278489033,-2.038949886869269,5.52493214459448,-1.236478286592349,3.442170438873058,1.6692856431982321,0.4957066539918573,0
-0.8249393770030921,2.323126723040957,-0.3528180027120489,-0.33257937984987496,0.6963499681682008,4.206918817483831,-0.8860402469783771,4.34921173425162,-1.9717529361435513,-3.662590936615936,0
0.6503778565388134,2.1007903208918544,2.2542850555968124,0.7775960617922721,-4.633118661642921,-3.3759718677311397,-0.5289163791046552,-2.0711134013790122,5.135571138315006,1.7573646192514816,1
-2.3059086585380246,-0.9199290433664884,-3.463204136974612,-1.556951086706478,1.834513508622039,3.777373982773752,0.2023833705986952,-2.724650912543014,-1.98216869674378,-0.8977563451759748,0
-2.4820634010373497,2.7766629586016003,-4.406654425269286,-0.7377367046848409,0.906725773907392,-2.8990941881766155,1.3663894118544384,0.43364781634814875,0.8420936111329748,5.879805900156694,1
-1.7268190173886362,1.1122066061107647,-2.0321303422059183,-0.06374528550396617,0.5205209541066479,0.22198059840680262,2.7107942990405327,2.0412879516522966,0.3601342743836823,2.1975157791522637,1
-1.6456112374072365,0.2749648120435102,-1.884860742705536,0.7043362098540789,-2.526567503751191,4.7979347640894465,0.9653266671611266,-2.992904184802156,0.6890584160929872,-2.1663520422112867,0
-2.5079403844154617,-0.2957171977612987,-3.269206295808959,-3.688365291428444,0.3132271736250687,4.360185152907349,0.23545579511111434,-3.0878424638730078,-0.8399716878358037,-1.200212831378366,0
-2.720848657298236,-1.4298461955047068,-2.0329087909606596,0.6672451474292419,-1.2079439352256256,6.254582361726979,1.1892264612557852,-0.7737693245908543,0.5788591316925198,-1.7033651074492864,0
-1.5885144986908217,1.358146107384763,-2.3178332416974916,0.5975377058947282,2.0111321424840827,-1.1007795815429475,1.5360611817095284,1.3437386874243507,-0.5270115095072778,2.552588042662695,1
-1.7022571119834464,-0.08838678365063113,2.6156990539412837,0.7344767450012178,-1.25917662287873,-0.9253656435589598,-1.3537546747097586,0.5714521088029101,5.018965826053193,1.2748137653508511,0
-0.18250343824291138,3.091441291126648,0.1507587908304464,-0.31469082878809246,-0.7339983480436657,0.8320441340493478,0.03757485933586561,3.564590468343341,-0.012532265727291525,-1.0998551006853645,0
-1.6135372364810987,1.1076507836962672,2.139845727776669,1.1711019716695594,-0.3927522584996743,-3.45584292740169,1.3106059128134633,-1.9949849656336331,4.960138212248054,2.196176512519912,1
-1.6231784427878448,3.8054797765354347,0.028251838190223255,-0.3444772087524527,0.2965327703994356,0.6908670912844799,0.2572534211115017,2.111476976579721,0.9298634560036037,-1.1212357790226717,0
-2.2117300194939444,1.9295735662549358,0.7694930280134473,-1.7260106186667665,0.6138835948000835,0.4586316522126189,0.14299063480921648,1.8481267021632384,2.261822173545679,-0.11845545115369882,1
-1.2386203891094822,-3.738884015214337,0.5393333949601873,-0.31207193205273287,-2.5147512805939325,7.865236650427256,-0.5587958188849573,-1.6764796697660138,0.7745277935834715,-4.521861590602208,0
-3.1544506313108744,0.4768493956364277,3.4982103753346987,0.2680504275897533,-0.6677959243100104,-0.38063014010047375,-0.31526633391625575,-1.213010587455087,6.58842387582013,0.0905887474923468,0
-2.1341498784261637,-0.5981663101562724,-3.2988856851764434,-0.9243573336303755,2.224807981681559,2.4942353627940865,0.4612720843178312,-1.2194000011232562,-1.8709012139594599,0.24041311445578128,0
-2.9932314257542076,-1.883189549709626,-2.6752700154578912,0.19540322128332027,-0.13159597805040102,6.334263108069571,-2.245585897565163,-1.8685316464454864,-0.2070685540230245,-1.7348180298698779,0
-2.639347529170295,0.15102090497059795,-2.958408993132673,-1.471126405373518,-2.1992741288459405,4.364509820377644,-1.917348886010299,-3.373186566575828,1.311414028031715,-0.4620704052817848,0
-2.554781860752706,2.371200461752266,-4.06260557596538,0.49201428056689855,2.8594425221235955,-2.167373928023957,0.3461173287977227,0.2762219051469572,-0.5992961054188266,4.22562760865453,1
-1.5489064867477933,0.6865893941790837,1.2406735493047791,-0.4572185393191959,-1.6063571712568716,-0.22033839441948325,-0.27464374936629743,-0.7318390200638318,3.864668599916887,0.7082423420228179,1
-2.9070187493038135,3.1149991603305405,-1.9988837386503624,-0.7171819007224715,1.0592388429750068,-0.7048854189594326,0.43235271420033994,1.8270126226924304,1.578726263572902,2.5479439599092846,1
-1.9211514210247742,1.8392568679170314,0.7170898450235623,0.43623570480105506,-0.4384805409782697,3.1616117004382667,0.5055578532150077,1.051017320013081,1.4385269882515568,-2.70326538130835,0
0.693996181800419,-2.87381068072721,1.1948469547884817,0.33899351380941967,-1.4444384334696878,4.096399810329863,-0.45669761502324635,0.4777640764791824,-0.5324044858424646,-2.9835311059364944,0
-0.741548139824605,-1.374291905330027,-0.5357206253561274,-0.8395275580176573,-3.37708080145353,5.301870324750442,0.7597872369530771,-1.9975098154763877,0.9733468099366681,-2.6264322591617484,0
-1.7152879186920937,2.3720370997152918,0.41617871818221563,0.624903594654043,0.11921031150287198,1.6532567924056578,0.023080658950420673,2.2304819731120356,1.1872995724458992,-1.349992234547956,1
-2.5794598967914606,0.3243950007485019,-3.8270747340446842,0.31412949645066596,1.9440490336362761,2.768761465147759,-0.24897365528067522,-3.7791327185964594,-1.6575462745383114,-0.5096677108317147,0
-1.5834068073856318,-2.0089293593668156,-0.9752242411049998,-0.5054897554445111,-1.6743943207453253,5.4507699281486905,-1.2858640172797149,-1.80996140751488,0.5482553946789916,-2.2373034811873254,0
-2.083073779470362,-1.0923697563089991,-2.1620478752024472,0.4000000056135664,-0.047256100165894876,4.427197656882228,-0.22694246613792435,-0.6075086064747489,-0.3935201959441337,-0.9569617159919053,0
-1.5234435331713931,-2.8510550208637486,-1.1754335126200566,-2.1200872151201744,-1.5928482896061023,5.027332956670555,-0.43145564455988483,0.39256636028961944,0.614585677082587,-0.6175292229666883,0
-2.848765741498684,-1.8543891682623102,-3.114965348580055,0.25473113738020947,1.2006264462145055,4.692173729018318,0.9942988266876233,-1.1659135422613391,-0.8967834139067464,-0.33703585948729753,0
-2.6689020761453373,2.4931410639854263,-1.0151583549790284,1.889278795503996,-1.590090715352933,-1.4326133554129719,-0.07285768884105508,-0.42157754033452766,4.255285496505553,3.3548845123851008,1
-1.2831981401794228,3.929003225727016,4.3153281884052594,-0.5552861026010363,-2.688921036260897,-3.903349954789916,-0.1605596095017974,-2.5832437184130947,7.257208267570055,0.25549794368608136,1
0.09096438203281454,-3.3870373081038823,1.3428093732853483,-0.7248610838000522,-5.1350203234469864,5.692908087839253,0.8100272385061165,0.18908313850679215,2.4322642055733263,-2.2776452131291394,0
0.38824335754188954,1.4044814976287952,0.28790768579689474,0.7026599984993058,0.3885745340993927,0.6014526439121008,0.3857499681816948,4.4398997602883465,-1.1302361321814538,-0.7084960435176155,0
-0.9394556448751012,0.4779765211293727,0.378068206889842,0.05519924253008922,1.8917219405916321,0.4612754470669077,1.2904607413763498,1.6304725835768317,-0.3007084304649854,-0.6743320966106623,1
-0.7757749850172149,0.6316855806225574,0.3856982457383056,0.7320809514330224,2.337257685243038,0.20888100270677795,0.8728170831783344,1.886430201704226,-0.747420753512557,-0.7696936957307856,1
-2.0957687236738907,1.2131571846412414,-3.6567893194213736,0.16336035491580048,1.8683730249110213,-0.1698358765328096,-0.9793002302826354,1.4797221905465368,-0.939707908164358,3.0935425980812745,1
-1.537126033924474,2.620833659014146,1.2284795050825899,0.3463127102248866,-1.8665639964547025,-2.3363914981357974,-1.6171718900455445,-1.8844911711892203,4.699675268156477,1.5110177214542981,1
-0.8562294134350795,0.4192721370062984,-3.4305886865372917,-0.2655926332624114,2.4584708384087146,-0.6765195643898291,0.05786404742675647,0.2695316630977802,-2.463417055516008,2.3108216706301077,1
-1.226160482234833,1.5651954294406494,1.614819074452495,0.678728069279419,-3.2847303391385303,1.9964872674755318,-1.1909165059737268,0.5718894113218792,3.7721650823433532,-1.3080557322246513,0
-0.6445593088060149,-1.4189015182057045,-0.5766763349095109,0.6091355190535136,-0.8481379319951396,4.1230983090406434,0.46425123812300356,-0.21130508254079894,-0.5279224100762894,-2.11990718785833,0
-2.373719678872454,-0.4555334879332418,-2.7215633836481086,0.012521864329786338,-0.17574035471120064,5.627356072514002,0.1652400500649252,-3.8582413847915706,-0.8814196492668589,-2.8519670216639312,0
-1.4075374376034349,-0.05874325505866973,-1.3255304349586874,-0.4661886119462229,2.1825777299277314,-0.16101634145087848,0.42243497290143983,1.5637383639942841,-0.5256644834670597,1.59049984470881,1
-0.7847890633824421,0.3085340717276015,0.49473442531840806,0.25675079866178757,0.8908705198886843,0.8767381515648133,1.9333597477143571,1.7003269612531378,0.1557075396040629,-0.6948572516247706,1
-3.9053814743662687,1.0781038090740436,2.9505065335695613,0.4752586047173115,-0.13325389081690964,0.4851924964303847,0.14159578673988282,0.8031348801890754,6.332856783608867,0.18208865917183936,1
-0.8333465415184774,1.6832915613113077,0.9970941734774966,1.1971680272478535,1.192970869852263,1.93578750827203,-0.49913895147036563,3.2130747670588584,-0.4270468378117103,-2.510929153674036,0
-0.5638170747576905,1.110615322118339,0.2514523918515055,0.7132662507965424,-2.0144117800910015,0.7136108600928811,1.3142265757035791,-2.4588632144784945,1.8738534940887028,-0.8778450364680936,1
-2.641252408688856,1.1750379219250993,-1.879523085318986,-0.4551989048161591,-0.05120214472768203,0.39793022302409736,-1.349925637861273,2.7798803615013004,1.9407727653238567,3.06991918939169,1
-1.502537013770863,4.204734248321567,0.5951659346449925,-0.8838688951407293,-3.0973841911024103,0.6374773835930851,1.6814924574180155,0.8624043960885114,3.6040447310474266,-0.5373303582394212,0
-0.26049084386909827,-2.0924107553405404,0.031082940937222414,-1.0500547898231862,-1.7256174279567786,4.5089241788085355,-1.0559898119268434,-1.9536519593979929,-0.07577661195060018,-2.941652848877103,0
-2.352189929337608,2.5551841265514117,4.678751837558066,-0.38003684628935364,-1.720324519261653,-2.8963243806804098,1.030249693969567,-0.836741308799058,7.84584089600505,0.6559833957902396,1
-0.512718411510882,1.4706878040390212,0.7516458093720896,-0.3952835480161807,-2.1167025723108184,-1.4787105059798462,0.6581430360025633,-2.356828487531301,3.1101927528394895,0.820114668116935,1
-0.4786715214866104,-0.6069641411404603,3.9499775515682503,-0.4268041949352576,0.70909627327545,-2.4739515071911704,-0.8208789224096867,1.9999950631334005,3.535345275594299,0.8000717418967418,0
-2.5517695191217964,1.4100066600455725,2.1694859915675737,-0.44480683817049027,0.2907371904830991,1.516454117564419,0.6909109573921928,0.459882958773173,3.3360968046092623,-1.8399459836337382,0
-0.3014266616329728,0.4397485914975392,2.0969111164570315,-1.1630426502846019,-0.30297788862063335,-0.9638813239791851,-0.24936962517248124,2.521312004570599,2.160614083489736,0.4491264201966336,0
-1.2389872721700728,-1.094362366862023,-1.9899573541686375,0.6636463470328414,-1.1569574885005542,2.371483339119151,-0.7596730177525534,-1.472983771278928,0.4033656583227452,0.6116891944821625,0
-3.0779613360977436,0.38482228026624643,-3.1605205398312664,-0.5969935884209324,0.6790755428760682,5.433601751172702,0.4096853437465497,-3.5768029185678247,-0.9231533186577974,-2.622850301110957,0
-2.497063250986733,2.660529101642266,-0.7700026455894785,0.6874267551265042,0.9000040564798064,0.13197225576423904,-1.0989162547281939,2.445784518440623,1.5654919508725669,1.0943024443127776,1
-0.9876799975607226,-1.487702706471179,1.7831373945838156,1.6370824079927424,-1.1676428695369108,0.9537993075032324,-0.6304584541854775,-0.4859512260914982,2.9410452657658266,-0.16631778577846634,1
-2.061719404157568,0.7109089677715473,1.7478924446642659,0.2450386643154059,-3.720244805845393,4.759573306979052,-0.28790607686792025,1.1872652653745561,4.107830327444323,-2.6594582368526005,0
-1.750253255327678,0.7909570228168921,2.2913199328466742,-0.2580455156111615,-1.0719116762415344,2.6369989046279962,1.0653762722596027,1.5121816568949218,2.992761884164004,-2.334635194066324,0
-1.5886759707776474,-0.44140740071367457,2.8738957641242973,-1.5325182768296637,-2.851200099384836,1.6153631900487069,-1.2511991366336779,0.6095049563584806,5.112344107329702,-0.5645462381940204,0
-1.3745044210127335,1.649593060791318,-2.028165665719927,2.091094272732477,3.3928458838515345,-1.775137547919789,-1.4023692834238248,0.4069050535824743,-1.4028051309906964,1.7676045390873771,1
-3.2794373349101167,-1.1494008251555625,-2.5755557151717463,0.08939527893161327,-1.9447622634218906,7.122308628508138,-2.0683757154310323,-2.664305840848455,1.0975162095145707,-2.1711535835703675,0
-1.5430873799963984,3.1766029183465108,0.8570495493706002,0.45721306369251385,-1.1708346594523769,-0.05630745098348516,-1.5681443134200506,1.2386066110350404,2.839339675935882,-0.20785817489518954,0
-0.024467517410264206,0.5710911984156514,0.6735333992300041,-0.39828303354254857,-2.108517759990491,-0.9258547129823463,0.1551553428653563,-2.390060814966964,2.331207425837054,0.44204081524826555,1
-1.4654256072492196,-2.285126548138355,-1.8241099712868276,-0.44027463685080354,-0.8172643240876208,2.9550796413537923,0.08797354712916895,1.0504753500808786,0.4432644916792793,1.3648259057450876,0
-1.581006335570448,1.3219722329824382,1.309010025457357,0.9459295852703784,-0.6993633056233373,-2.3869964543148683,-1.4419103561118092,-1.9598089744491722,4.15583205533192,1.6949792186335704,1
-2.229298313112726,-1.599889329223329,-3.065621711075492,-0.23105953684089858,1.0041929534795573,3.4167699219272456,0.30613455310275534,-1.159430901659518,-0.9667641181554134,0.39132306297221797,0
-2.2008471205783082,-1.2939570972782073,-1.7351099378465848,-0.4030658680367221,-1.6114836960846,4.608341513582489,-0.8544934627380543,-0.820312355154561,1.1186757900386486,-0.5468615420797222,0
1.488950003269696,-1.5745035786596664,-1.2170468722444505,1.67286820189853,2.574410432819095,-1.296368774385956,-2.350455852624361,0.34468591630333445,-3.6681413380991352,0.7625213476153029,1
-1.3571623091263698,-3.2418196669445467,-0.9104667801895169,0.8331794312701818,-1.077098960421865,5.662172499167847,0.43915013370041756,-0.3248814884748421,-0.055918861083939786,-1.8003029313746335,0
-2.8895062995613103,2.6115958519628126,-1.7782134684016864,-0.05154220860765155,2.6411084644174845,0.05721976220892635,-1.0660321716276806,0.9492233806173834,0.23451692712135033,0.8891697730059401,1
-2.095759473784441,1.1856954051244009,1.8777975657722128,0.5991033318635947,0.1769626096841228,2.236702042903653,-0.1683004231716427,1.7122428660681845,2.380531722379555,-2.14759161231431,0
-1.838799451248519,0.43965082114844134,-2.76591835716674,0.24495709317200393,-1.3394029830399037,3.203712881109536,-0.4554670562497405,-3.2144940362841057,0.245093387820364,-0.5545507573356027,0
-2.1455064142107227,2.6169734225641745,0.06518878292169816,0.6446898032842333,-1.9845322291938319,-2.261271710904887,1.5973972932216232,-1.1735501703200273,4.861432132574112,2.951601420600828,1
-2.9324468723880566,-0.5397336844717903,-3.243912540246277,1.438169201145702,0.3989952316809007,5.4289623929406545,-0.1720413592654725,-3.298459269836977,-0.7987568079578911,-1.9347109868344858,0
-0.7520627839374046,2.024232865450398,0.6242589621038718,0.12417568474461345,-0.03941926642501081,1.3577460615142347,-0.6982618487513923,2.1589524368329,0.39301517798233754,-1.6722255446055043,0
-1.6576661509888773,1.927872165941026,-1.5445455072219225,1.3098651694335341,3.8254492473454906,-1.2533047145153955,0.1934485749917961,0.7891372017987676,-1.3752540745879618,0.889043432875088,1
-0.8248670300756706,0.9563292438714694,-2.6240597127728984,-1.3048168904329494,3.3486505326247284,-1.855561033303679,-0.37563366071734017,0.1347468724080998,-2.2582826738923996,2.161234729796292,1
-2.1059857270329165,1.7252091187379321,1.8065288469335397,-2.205294372755906,-3.5738576026508673,1.6345179645178647,-0.3863224754471755,0.2582917472537054,5.353064688146218,-0.4587516596234562,0
-1.6468033573011058,1.8326755681284697,1.865937207673182,0.38142561753434195,-0.7690400942126963,0.05720535327134504,-1.0260808441956244,0.6034504696424952,3.4061394911547715,-0.5496494255273747,0
-1.7730390203041244,2.107598729163043,3.565850206343494,-1.1497074728974057,-2.031538568955164,-2.690265270184243,0.19112423383639218,-1.0147448523636011,6.689422495940802,1.1049189299611848,1
-1.0929708307858594,0.5397391590491212,-0.5966291311138963,-1.4035586295636626,-1.3841461705043214,-2.1938684883424315,-1.5530352778398206,-1.4501344064936477,2.9997255224235975,3.3331217411947573,1
-1.9633528236748234,-2.134897661634307,-2.6264849482443116,0.29787619102384516,-1.950481073848167,4.41401984589542,0.7474449714270559,-0.9351173642785099,0.7858232607657891,0.6656921851855402,0
-0.4258911488630708,-0.3735263847769328,-1.0091280475598299,0.6079475670057539,-0.7856380208359524,1.8314179906103478,-0.8464978028689073,-0.38826837811112047,-0.21911817501410635,-0.37070585546527113,0
-0.5329330719570945,3.1523964022308095,3.8713912396235584,0.6746949778086199,-2.590237369555835,-3.85756953675843,0.9475119085755672,-3.2226070060916943,6.084047957803506,0.13635295923749347,1
-1.648656536557097,-0.10632995522883326,3.9716791506938813,-0.6161434580489434,-2.9890165323111146,-2.3356713332405756,-0.5942108723816666,-0.11675828383498899,7.662808203437044,2.355264802661839,0
-0.9441300379300265,2.399664385356342,1.9864316860456968,-0.8218148284213459,-1.637598582543576,-1.570072992000334,-1.1370328831474874,0.7708653423597132,3.8841935992001524,0.6122791090936239,0
-2.086271877461084,1.7956303925005817,0.11423701279958087,-1.3700266273644293,-1.0629820412391773,5.331094361297324,0.4385792909210054,3.0779663141108875,0.7846875544520894,-3.407615364773751,0
-1.435220425297306,1.628455180032157,0.2570255067490048,0.3064508629633407,-1.690536121914805,5.553157963281699,-0.08225369967145317,2.8638321538795593,0.4363067196245244,-3.8914995765806712,0
-1.762016424080496,2.5270229571150975,0.7632208795667175,-0.9464907959884281,-2.0614519742425195,-1.5122050119161936,0.8790141545570074,-1.5617003879912148,4.504625052895076,1.4115501646557285,1
-1.6255095731911777,2.7427808012149884,-0.38014120998163814,-0.8980272263244584,0.0703472574960311,2.1812127444102365,0.7841464163534985,2.784953695973776,0.3567640176885462,-1.427606109346234,0
-0.754715164567306,0.7503814284406721,-1.1662620311016032,-0.5974788580244034,0.7761744995396854,0.15253090475804754,0.7492825568794513,2.0935765867907437,-0.4824480179864688,1.0496005634852825,1
0.007374786022365187,2.711831669036491,4.154734240804112,-0.5491589417637764,-5.428518737791757,-4.1748160991890435,-1.9354299597138063,-0.7141740508325405,7.887976716901951,2.2129932523447042,1
-0.01636225223637955,1.277095373099091,0.9542266418402271,-1.4028661572078547,1.8634796340737654,2.4300259150709467,-0.2805020534116174,5.312855977972513,-2.1569692997404237,-3.042811267941617,0
1.9861050840307377,-1.1619181536790606,-1.1642321725635605,0.8985117045515645,1.869983957853134,-2.603946715676836,-0.6181604486836274,-0.13186829844532877,-3.2096221895495596,1.617584523675719,1
-1.974604706206284,0.7022351395500186,1.9222735369048034,-0.6694369136334904,-2.1279387030014756,4.3700835007756,-0.8534954800613416,1.6192984891146094,3.0824117352988636,-3.0700433583106124,0
-1.7944168828216485,0.8164262203694254,-4.310463300668385,-1.074661039432863,3.1426549687216987,-0.6360036004301237,-0.06727746491353453,0.7852501239637599,-2.36931271583401,3.1796473129972336,1
-0.2759783237296747,-0.8831625331654042,-0.5504422091906719,-0.6417271436521294,-0.40003672610513497,3.7594759916682925,-2.954248941242031,-2.559139368714601,-1.2256138466126991,-3.2811221134586788,0
-0.9613604862423539,0.4355307330760081,-2.2294775818611217,-2.3849055089505824,1.4264475794265559,-0.35522506878435106,-1.9415678006202213,1.4173273466642122,-1.028338488917037,2.091196398562122,1
-1.895796090249542,1.7196558441407581,-1.984349421469199,-0.04427331984464883,2.5073537744975525,-0.46343904270131364,0.1869902097246643,0.9075272708733644,-0.6644662706852799,1.3509176172234365,1
-2.6342339978796225,2.4375351511066436,4.119739517388288,-0.5041286736516637,-0.6389485059504387,-2.645555612216033,-0.9289264824607304,-1.1500730043807752,6.982190029581178,0.45169923828625946,1
-3.9030916786131384,3.117594707682061,-3.499647886448797,1.3094441014026479,2.7871892072627626,-0.5461760636790516,-1.3154413070498456,1.7072492725822794,0.6231712227542989,3.292833683480252,1
-1.278606163481244,1.3582077925729323,-0.14407869492198144,-0.19547264358597383,-0.40603912754647586,-0.24885835581430757,0.8197397172580948,2.939210124128776,1.7306628376809958,1.636517359019052,1
-1.4729282800593455,0.9413932718285851,2.1929863715135878,0.3018733807210118,-3.024528805154337,1.9513565623093891,2.6378817522602,1.2940926653239613,4.335052847418649,-1.0173729374668123,0
-0.16147975063789133,1.699420543283009,2.8279469605538914,0.7890752013999099,-4.9141200216562435,-1.22637085633468,0.9531762543293538,-0.36220550894424974,5.779794723985183,0.7120744373391227,1
-1.7552712665980907,-3.0149618242122482,-1.4847559339545295,-1.3992282592246312,-1.8851038587554734,3.817219509145082,-0.7348108975341908,1.589871504625298,1.5230544371494712,1.5729142456616945,0
-3.3811480771286444,0.5795424802290302,0.035039431148589095,-0.12058718847346953,0.7845604844562328,0.8414168080841378,1.3304323443788164,-0.3874324649270753,3.2454039375373718,0.8709009965935162,1
-2.0361783869462933,-1.6105593695462375,-2.0310484235217756,0.03344346797315094,-1.1890201139061258,4.608266804381442,0.15809389857678602,-1.695972519819176,0.4788661475624261,-0.7614610225929563,0
-1.22697024815969,3.0851521016331036,1.494840111843866,1.32099578954071,-0.525445459480729,-1.3242238870927383,0.40226807720129804,0.6982982865094607,2.9117077308861905,-0.024428849024112242,0
-1.5450898525502437,-1.1324611320327946,-0.9143861628277672,-0.8438538774248993,-1.7447529265266315,5.057428800473216,0.813280406064593,-1.599647342403289,0.6270237565968555,-2.3084542359032736,0
-0.5993444391248732,-0.24361755193514,-2.553101521106429,-0.9969316264021268,0.018389218013435293,0.7933859204071139,-0.9331060771871093,-2.4214697825737193,-1.019203119768845,0.7632055899330847,0
-3.1044023363622686,2.082185248403574,-1.5669296297963136,1.3992279500711593,-2.7352702500423014,2.704295521686157,-0.20020125430036984,3.792534808363311,3.5174019461106747,1.9702626222865167,1
-3.9492205722762894,3.1592434731059287,-2.4796747031417126,1.667256841749534,1.0542253383290863,0.3171382899381207,0.29722722158508635,2.6248151801912227,2.1551096332201376,2.855146488840382,1
-0.5572909716898257,-2.749408666339616,-0.2703385842597956,-0.010465129052729338,-4.137625179309549,4.186309635567841,-0.4283182577977557,1.090701707982178,2.1722903812058005,0.24844084559235657,0
-0.412338204211498,0.281783391373015,-0.731106594737846,0.02443184017803416,-0.10349324294759787,-0.1864468341668984,1.3491790488887052,2.2322838796458107,0.21655519391354144,1.5606488834108805,1
-1.653852978096998,2.866892015801505,1.0754821645425552,0.0022316221624020006,-2.70008085256483,-3.1509585421097768,-0.33787777547380676,-1.1844688716451155,5.713350556846537,2.9877023302995225,1
-1.0355803788089286,0.7981067731682551,-3.383934761930221,-0.52738906163962,2.0768431816242816,-0.846323947239587,0.7690316554422755,0.965772045403122,-1.9091202589674179,2.7650793871928494,1
-2.3155975207982236,0.1563736187408058,-1.6060788036295262,-0.38448912104151794,-0.5828091282127735,6.36515118560961,1.1037200137225964,-3.227199066190008,-0.45078445270286654,-4.342915801240189,0
0.68252491589688,0.6004764614451783,-0.07734555132119492,-0.8550954744092049,-2.8500780010747464,-2.1640834377334657,-1.0006293724832407,-2.7113235639980866,2.122922813937336,1.8896162172803161,1
-1.814334249822049,-0.39136132987450045,-2.130050804768561,-0.4693464664267112,-0.6604842578918269,3.8296917023046517,1.7279638353817652,-0.7370236143876473,-0.09531137999613365,-0.72606370884062,0
-5.2244330025882935,4.71309949674517,4.592155360304831,0.5704873308635735,-0.5157537156461008,-3.224787335239706,1.277856655030514,0.8058785500777699,10.339069262573883,1.9287770287153978,1
-1.6224458481493216,1.4225363576784318,0.5062692536133191,1.1381503309676184,-2.6187376679414873,-2.08854014678197,-0.6973642279161708,-0.3767103596639134,5.030315410240054,3.302278005013374,1
-2.463578832226044,1.559949757348267,1.2134204853472377,-1.3996815047326863,-2.0824306127352674,4.862648933122442,-2.219777947451851,0.9479294897716399,2.908393271537414,-3.426344081142034,0
-1.9550736934386033,2.2523819088231427,4.815612122166347,0.7230379395798638,-1.5058385608125484,-3.820732347094872,-0.9878659101397719,-1.1812453556194238,7.729418608556858,1.153500539656079,1
-1.213498164298935,2.5984774784192024,2.5264569922354116,0.7445863984731299,-3.6247361582113484,-1.6541105902230404,-0.19360951103550808,-0.7037424152703149,6.0313760814181965,0.9168559741762914,1
-1.6269042892255736,1.7176195389041775,1.2156303490667344,-1.7930763979123896,0.14237757881681712,3.1834566053357256,0.25373729677483314,2.332037465173881,0.9190227227278687,-3.0983918165089763,0
1.005638997523723,-0.6383924664862404,-1.585889184999086,0.39946937260218507,2.2121650772106154,-2.2966089271154075,1.137381097628914,0.084093175773168,-2.6857966093033814,1.9428032001383362,1
-1.7727027355440244,0.4353860568180663,-2.7526115199364676,-0.6566240707997048,1.0055067662481383,4.101684737174015,-0.14713950481410695,-3.4387008438499453,-1.9921901079579152,-2.6894917963108944,0
-1.8146503352332934,2.535462442773187,1.068949337795649,-0.26330780687791616,-1.6445765454297352,2.268777838200286,0.3374820747263991,0.5716435026934621,2.7040639669088717,-2.0921826742154046,0
-1.6445145081839627,-0.9174216675129364,-2.0949291025556747,0.001783041104608902,-0.8567334649414443,4.281735415204624,-0.6026243046145574,-1.5802996715971596,-0.2634305483827163,-1.1990328624623894,0
-1.621206741423495,1.8865891777132509,1.4986206527961807,-0.09830984745437601,-2.664219208007887,1.5218915006554328,0.4394860480085117,0.74991080562699,3.907213925263368,-0.8767942717675277,0
-1.783441570417585,0.08546446497422111,0.8187160258538551,1.7873464144298254,0.9917825883463389,4.348967661234045,1.3902553275119895,1.9410357888612004,-0.015312201579128479,-3.484794083812335,0
-1.6874248958544564,2.3807073261151706,0.14317186258388093,-1.7157083186381294,-3.677892872711305,-0.9026994832047687,0.08551332963959903,0.1598176690544606,5.006184675346181,2.5344902930358923,1
-0.7552141537690363,0.6898658280274371,-1.081161698725229,-0.36515261319821335,0.6753968592510425,-0.06967413090189471,1.7531948020655854,1.9485852733210174,-0.24690111527549694,1.2528654532447543,1
-1.1726657518339794,1.6511414273684504,-0.6055784528512153,-1.127263792554147,-0.6359936778806721,1.1552481753222297,0.31047275418075143,2.8224888278441016,0.8216065414165407,0.36916351347738696,1
-1.3684297695489227,1.73110041676918,1.3469731804135332,-0.7037103993314333,0.7486918994394678,4.163035724996485,0.1454272174057594,3.3484536462054324,-0.23892634724293452,-4.347608467388814,0
-1.1529856445402256,3.7086740643533385,-0.06214676907520755,-0.14685352125530088,0.4689180514913689,3.3877333751653573,1.1910906831461916,3.3251515945696277,-1.0624370295159653,-3.773334596240456,0
-0.31533212537933664,0.5115938629210082,1.9983724004429186,-0.30601395435740886,0.38156526018690173,-0.6818176667784671,-0.7615878650362199,3.4860347068709068,1.466963403884364,0.1728932890401338,0
-2.4630132791582655,-0.21416397436300305,-2.126240540552157,-0.9647897376296856,-0.9860889956979372,6.338838152383365,1.1870776787417554,-4.203244637233787,-0.18406154668205088,-3.754076030445493,0
-5.072013270433864,4.0801134011979086,-4.389227341625431,1.2307029049844702,1.5881684207010374,-0.2076640566486103,-0.2821257769339113,2.5251045721688485,2.1871547597325622,4.710403404523925,1
-1.5969321211098557,3.1496072284931294,1.1737916783154252,0.4600423238604662,1.8976772169342788,-0.3871673933341675,0.5789286485712348,1.2044261737690993,0.9471683132597535,-1.4975956292150086,0
-0.33270186991036144,0.9859737908229866,2.365343128171845,0.14197991387400533,-2.5279812462958837,-1.67321312311168,-0.906215332047211,-1.9926339978455159,4.270547845709996,0.3731164444041757,1
0.7003557033973564,2.522223512665602,0.8740178190381326,1.3460997945142577,0.5780256032526845,-0.3143979841945701,-0.3028852437989931,4.411756057579733,-1.0936178340537186,-1.1474708342123503,0
-2.549219573482743,-2.7151795315327347,-2.0782933419345464,0.0780074184788575,0.40931490590852593,5.40828530252583,1.2827949688389804,0.4347191785468727,-0.29124120131111436,-0.6299658345417001,0
-1.210858179476238,2.218153541191912,1.287296872921925,-0.04512289032405165,-2.063853581838516,2.5237051302555775,0.1390286869531256,1.4268489397093098,2.3074804168442604,-2.312223312939233,0
-0.547970275104075,-0.8830830568376776,-1.4851156851105145,-0.8758148246462933,-0.01692180374797192,2.555308873399521,-0.70128957079155,-2.8744445223871447,-1.1498988677781787,-1.5195549274918503,0
-2.194895461015452,-0.8561928490418282,-3.7603411352440674,0.1697477679706617,1.4544764507226633,3.654674369926395,0.396366956467351,-2.121530410421358,-1.963939699300975,-0.33090666033427407,0
-0.5901332908562438,0.42701546857921646,0.3533012636205899,-0.35799043441333583,3.0713040755924967,0.39705455163943476,-1.1640506324058255,1.2349457414312937,-1.6011611090640958,-1.507888105011698,1
-2.022638782279018,2.3781804672700813,-2.328973909613738,-0.15647737612315848,2.5361800896468756,-1.6374281298779318,0.5587238369444854,0.9962454115882312,-0.2911762084564335,2.497113663070593,1
-0.9609136751963742,-1.9725253601803174,-0.6913251512007921,0.6994642468957021,-2.46274536097694,4.4370909249030905,-0.3755000400755709,-0.786878404339402,0.9620942131724044,-1.2178861095082985,0
-2.4847028266716267,-1.852477896840691,-3.2199779307171923,0.06502463118878012,2.483873860578546,4.428263445709489,0.13965167421589658,-1.7601175157181894,-2.255833610511259,-1.0672487094986367,0
-2.4616119924287094,0.04993724722388326,-2.231172460501747,-3.601085104459518,-0.6430459083821856,5.64113274145241,-0.2145376645179636,-3.971312381679584,-0.22715562032586986,-3.2261695613881805,0
-1.2395468587725151,-0.5664099581519466,-1.432570033681073,-0.5525693461188524,-1.8543035222794404,4.63125355623911,0.9453117712358652,-2.9156788645970035,0.1367478487884841,-2.4318316089781407,0
-1.0354428218302838,2.463165915437712,1.6708888368923134,-0.8246503402906875,-2.792196439866956,-1.482124990535498,0.2177182010871666,-1.877274354583117,4.643981717911672,0.508842588999023,1
-3.0245954476033594,3.772503380290408,2.968133636273938,0.8102600443753338,-2.6467552384266675,-2.2027529786459987,0.8601826383951566,0.13584762908506343,7.907701776691269,1.6696050610666402,1
-0.7434850168288545,-3.158316005237821,0.45167441095426253,1.6656032136865273,-3.9697631250282996,6.418469055488874,-0.7721923878043793,-0.012351685006064539,1.7461762682633513,-2.5175217924113045,0
-1.9743285294126123,-2.351431021418159,-1.5284942372225105,-1.4791960183577666,-0.8142986810714287,5.936332356973353,1.7754908492400483,-1.1072942517238482,-0.08376784187252904,-2.057300144246816,0
-2.141390172832723,1.855263339888251,1.5976038221232498,0.18780033804252202,-0.8177552137002034,4.585422237282583,-0.8097248357672839,1.4397870676340976,1.850239660171921,-4.26523551847152,0
-0.2870504699184324,0.029696686923367244,-1.1055890579947794,1.0306598082415594,4.122721708391927,-1.5516251090798436,-0.0115150880766451,-0.3329035997762224,-2.6462673837437922,0.4421440039582174,1
-2.0198682951603804,0.30893221040888097,2.2577828484456415,-0.6804940477640476,0.06339076613645767,1.6123260409608466,0.147298000389084,1.1329113944837164,3.009595402597218,-1.4649197957175613,0
-1.8910342875485684,1.7674213445888771,-2.360246655527553,1.677115870186871,4.733286287804705,-1.8460202995547705,-0.47687646064383565,-0.03443921410492057,-1.9243639907433872,1.6158436906784654,1
-1.2364593865787137,3.258388933642337,1.2466440528155696,1.2727147339712648,-2.5640135357582308,0.6918620697844456,-0.43229517910733023,2.0737546661498367,3.3580552513121815,-0.5816650697467264,0
0.7094145774235372,-1.573246552480828,1.8412788377906808,-0.07749429989298792,1.6877249756113246,1.225513365581881,-0.5784597288763313,2.1699302574859747,-1.4325197536483463,-2.2533959770552636,1
-2.2870939951533686,2.9326041725186904,-0.7095252056888252,0.3240364427065333,1.1600319120789917,-0.19518872416796343,0.872153105684055,1.749822205698973,1.2478095354234697,0.7343963488219296,1
-0.9897919609606475,-2.681940654837537,-1.2466712207800055,-0.9782549380604774,-0.8408594053706837,4.044654593836344,-0.625916017684602,-0.6355555672702612,-0.24054108242416006,-0.7533228270477129,0
-1.932334884186605,0.23124571444908582,-2.1966287982979273,-2.0149012325066082,-1.7661528693537925,5.05349104949871,0.7497454754383477,-2.7384794156566823,0.19606551355351914,-2.2543891837329175,0
-0.20364309770125932,-0.8305762391928253,0.8914586552842416,0.8981173241223475,1.2340432373378287,0.8034584368460873,-1.8385186232720707,2.1549602175444096,-0.40089058381322784,-0.7103453533971318,1
-1.496466910969355,0.6063969994155662,1.6259075597963062,-0.7209701084698963,-0.46144699570940007,3.1621892605815023,-1.1694806292030167,2.2661221688054924,1.623577793696875,-2.5606017762789937,0
-0.8949053049807634,0.7814684531000359,1.2603427429155012,-0.4333895666861532,-0.4176167953857777,1.9882594413509689,1.061256258512118,2.912554878610579,1.124681438124479,-1.515568087584036,1
-1.7188416394826842,0.6611408274733582,0.24395982696351726,2.0994075205025093,-1.2168417711322146,0.07416947556180692,1.352039365974326,-1.040885423684687,3.0932171442948477,0.9468453100684344,1
-2.027941444881947,1.9367398262207625,3.1705320316535293,0.4441451710872574,-1.0516312735593818,-3.981576432067814,-0.2904414820111494,-1.300796870508651,6.670129060814357,2.4007504101896195,1
-2.7334928766017774,1.1216517123771572,0.4189910200039346,-2.7075438553811773,-2.7724653286854095,7.8253497200902835,0.8642483846986365,1.2861649638613408,2.0350233170332057,-4.979294567761061,0
-1.7060538203108604,-2.356305273943547,-2.128382657758225,0.6151639842785803,-0.6266546832914179,3.2892285131834758,0.21000830802258905,1.2538840161046378,0.2911111570382248,1.4280597996132531,0
-0.8702432768101257,-0.9284132807702524,-0.11458822285179271,-1.909197458977243,-4.746271104440641,5.447688709553359,-0.39343789627455045,-1.1650915993836037,2.2604214014164055,-2.306431280999216,0
-1.2565495021944817,1.1779698115284811,-1.1235459255510363,0.11712421614985134,0.6807775631820617,-0.7262202322623231,-0.7113032269494793,2.3171645064816193,0.5807634950176338,2.152789728911439,1
-2.2099268423516305,-3.7866759220543798,-1.9079202883299669,-1.2249998886600506,0.47757782783295566,5.062931025510086,-0.35840357551288854,1.124190230268281,-0.35211369145921695,0.12553420886065436,0
-3.2180956108943612,-1.1458324187817934,-3.4091917027578775,-1.8357687561770901,-2.3502684853288267,5.236962452138618,0.044062567406599355,-2.135131159624027,1.7043598684084342,0.5821936291378025,0
-1.3315222505996431,2.039417571859012,1.549999822158884,0.36575998609291555,-0.5560034023159108,1.2620885726236273,-0.26454589870472217,2.0524168429489533,2.0815838231513,-1.5572717700771763,0
-3.081493990581037,3.7274005007367754,-1.1688065596001938,0.3270723748778453,-1.1463036109926588,0.18688499352828591,-0.5924654553805143,-1.481800159421734,3.4316318874268767,0.920371958153184,1
-1.2352870932562954,-2.8091971093834163,-1.1831510784705053,-0.7243025342076668,0.4904553261973592,5.338624037748321,-0.4146305088140306,-2.0321235709894188,-1.4526319468592732,-2.8915389920442665,0
-2.298761686735377,2.6387753580253053,3.2958731553999496,-0.5036502603755963,-1.9650880257106902,-4.3373734526523,-0.03302526371956056,-0.4642812871936295,7.816094231592722,3.17048559087503,1
-2.375033680971025,2.9353762840666002,-2.328168078531376,-0.18455144218594516,1.5911453168585967,-1.6941718211106176,-0.07434532975852426,1.3554597223847515,0.7995264252705243,3.0634531310471935,1
-0.3025470873201035,1.549070415181394,0.9214280473101927,0.8055747028061735,-3.5152243677307813,-2.0877711614728858,1.1209670236143776,-1.4908060379829717,4.248032871436438,2.0398639425208422,1
-0.8219312118355421,-0.26500007357308375,2.7735227946738403,-1.0763811874020583,-0.5195034855350812,0.09873683182315378,1.0829999385168685,0.9262529275122299,3.0003583297335332,-0.6643489942922093,0
-1.5365068686722205,2.5242425239324904,-0.34401193115187767,-0.44787764493195836,-0.19700210145209973,-3.238270133011671,-0.0628938668998582,-3.3904658854099106,2.9871113507622122,2.2744054024162397,1
-1.5009985722870554,1.4968573771488003,1.1062158778609064,0.1258865305766578,-2.9643451056665664,1.9812226657565588,0.9838523436061467,2.074893316820446,3.603840413924734,-0.3985311697948575,0
-1.4753369197320259,0.506998521750692,-3.0452946168975625,0.6666278834568907,1.5265496825626426,1.2511546809076302,0.4090649383340571,1.6969997896574802,-1.6586790358455616,1.4164010468042831,1
-2.035218726723311,0.1931082823518493,0.7805110799381171,-0.013973228476073308,1.4012270937558302,-2.266107134264681,0.41870457829236835,-2.637055801808751,2.9850076130036656,1.7048955955708778,1
-1.437051767889416,2.1282707841319617,1.9965759019702445,1.5008430302803784,-1.128637200990225,-1.7225283759579448,-0.8143981874463238,0.4599344183117129,4.247174310638997,0.9469159666792772,0
-1.9685139557132492,0.9003814365049818,1.6954812700874522,0.9575371632797675,-1.242529137145942,3.247911267637518,-0.6737901056594764,1.4219672771353102,2.7634572804627955,-2.3894909692324253,0
-1.8297927923562831,-2.092302032111475,-0.8111075027751167,-0.7742038183529005,-3.050477500064794,8.556991125644503,-0.2643558332034669,-3.076906907518932,0.5879069959411658,-4.959850649621844,0
-0.9085021832044524,2.550339634063965,0.3889438270000054,-0.4502018916658434,-2.3833866041211182,-1.2592831970311635,-0.9250846204786352,-2.5405904687744982,3.3358832547313235,0.6062376038398775,1
-2.4453447258132632,-0.06661903668666991,-4.169663578530041,-0.36162810937254564,1.949800382335558,2.557635856276552,-1.0976109822757267,-3.086128237421189,-1.8714975734956312,0.2591289172119924,0
-2.244438109723888,0.7818975567118327,1.4495417020741852,-1.027923765010739,-0.35442805635044916,3.8361018202140817,2.935406206388468,0.5865309184307056,2.0631642463037325,-3.21385314113507,0
-2.077897332167039,2.5983926020691763,1.0247576878708085,1.1273500893554853,-4.282405914023434,0.8183505510903134,0.9970593564536414,0.44107330190486027,5.636146431108082,0.7631942394497537,0
0.36345491761386306,-2.2254395692253137,0.5926793904642325,-0.8605654038138869,-3.5167731617463365,5.4943153650943515,2.1112963340995843,-1.8564891343455279,0.364921025375817,-3.8239242040432644,0
-0.997333332534137,-0.6643234826789277,-2.0079216591158624,-0.6431833420270304,0.773939189712018,3.5259040004322846,-0.8538230875043771,-3.555154289931939,-1.9426942263117473,-2.506232634815227,0
-2.295553986575669,1.8723361700056824,0.04600776272635443,-1.389780143192669,-2.069585906158687,-1.4763187351749665,-0.27037139913579117,-0.024916952350422683,4.86026777948569,3.10088706416448,1
-0.311605628291719,-2.417838836255934,0.6047659999081034,-0.31093751635109385,-4.570658104364901,4.304930114118146,-0.7360636534685142,1.5610724582274242,2.5744130634112996,-0.4816394006253355,0
-1.7058803246060568,0.6988900289441582,2.396062386011159,1.255349780288475,-1.0603027845462571,2.0804731532863254,1.5404412397766734,1.7218041459479785,3.2542866628945046,-1.7710038382484332,0
-0.005283417015185421,-1.373165062448336,-0.16563248772065498,0.9668071042505444,-2.2421101219515487,5.1408269203374335,1.0567249112804185,-3.3627922233172356,-0.5202245945440487,-4.224357745192828,0
0.14519378655211268,-1.2521486527628376,0.8429212589198696,0.6213467399691023,-3.5477294732734035,5.883553123470109,-0.4213568077704419,-1.8562995122739676,0.4765725497966194,-4.749506524703303,0
-0.25910818642899747,-0.9511434671364065,2.160504982980491,1.8674620041613508,-0.00047680392372528857,2.651645408050873,2.291911266818686,4.234412437406114,0.48484709519618224,-2.085227795253495,0
-2.5830661934242274,3.6428005955722536,0.7866324137399485,1.1818900425588936,-5.037569601854646,5.627293962981794,0.9972655676588726,-0.7258391874199575,4.358025421794028,-4.096515031519488,0
-3.0641380834420877,-0.9836694656042727,-3.3112375648406833,-1.1541633847795414,-0.16269867317291897,4.771568543592591,-1.5255717080610838,-0.49331514518346475,0.10865995715304491,0.23941651176370926,0
-2.019328762317145,2.997647521070943,-1.9102448132444294,-1.3223474346832955,0.3527819197908233,-0.9238023521995344,-0.526555133136702,2.343751260451395,1.148751851974729,2.595660829346689,1
0.418300925033559,-3.4267246198068966,0.9207604843394837,0.4685401615460691,-2.555226442694683,3.3070964106027745,-1.1772264174512104,1.469621314456826,0.9345790670050906,-0.6612612724482139,0
-3.654204039984483,0.3612837024393689,-3.56183042624311,-0.11381253841375806,0.5341572854496848,7.276574319514674,1.8978872926587056,-4.173628791592387,-1.1450886829781202,-3.863899253719306,0
-1.4787316109077726,0.0024133343980345945,2.2060884056105916,-1.0175847772133757,-0.0309179647061546,-2.663426490276622,-0.4588768450249969,-1.7359518017597952,4.3689316907842874,1.7852472796624017,1
-2.2430430168260043,1.5819768603758586,1.1752118244252383,-0.14945569316498877,-0.13878708080552205,5.604807826005182,-2.712612563810438,1.6620327140482973,0.8095403088962856,-5.025768334937388,0
-2.0360686485984787,1.8921923015841497,1.0298604035839216,-0.007688995721369474,-2.6613703912667734,2.8757409646290837,1.2334060763526695,0.11362001488193307,3.5499430110171213,-1.8029559962474289,0
-1.5290382728776735,1.5496208097102375,0.5876408344863346,-1.7257711248125733,0.39424424871462604,0.6584455520590957,0.032143146964560894,2.416376299506249,1.4244025207108981,-0.2208419887094042,1
-3.231690780912332,-0.543077445847011,-5.096092127175432,-0.3532641354381582,2.1936312509945335,3.485376862866659,1.9186063338762078,-4.156249952067293,-1.927048469988506,0.37219683558527006,0
-2.6028803858592493,0.2361213360525174,-2.9504460634254994,1.021624764399948,-1.5699484279135982,5.7719487621176695,-1.0633544998303186,-4.24744764562478,0.14852435254141166,-2.517004064542702,0
-2.067110143420291,0.9215509248870214,-2.39152580053423,-0.05795054176271757,3.233394377030982,0.3797165111962882,-0.02243605198057349,1.4309026113455485,-1.4817249595324717,1.1738059856062693,1
-1.2295119714404792,-2.562716222487618,-0.16094607415471196,1.436368034243754,-3.657312297616585,7.203379448088308,1.0216352138276081,-1.2828713765276607,1.333949944416806,-3.3952998426764003,0
-2.3138169891327185,-0.43294661847328353,-2.5665019697573275,0.7244910603817276,-0.026666713311024548,6.601574969062723,2.9430483352686214,-4.9474633540316155,-1.4234222394101557,-4.392491015016297,0
-1.727234927251248,1.4350353147502557,-3.5415092618248876,-0.012298449308057612,4.518549285019376,-1.4942155747311767,-1.4955415364982039,-0.1206335732414976,-2.750215613834642,2.1958715506369213,1
-0.7976381080782163,5.104960150894145,-1.2489702096769815,-0.041337204809170254,-1.9786534405875416,1.8279728487430382,-0.33931118713815905,2.296594912250792,0.13684434651921956,-1.6212964059920218,0
-2.2983027677498753,0.8649226398358407,-2.3027934900036726,0.8533489773401466,0.7993195229344026,1.9561452867078934,0.5989963416842641,-2.501741583543347,-0.011213657221792888,-0.3043466162773194,1
-0.8784551642410343,-1.2791921044744323,3.8704002631198624,-0.305444702441682,-1.3929179640684746,-0.9870964652012005,0.9641558841719786,1.7231299281245136,4.999655662597907,0.9556397835364057,0
-2.4222934910242144,2.980532760063867,0.10531655944742235,0.9017286971402739,-1.8528181367671026,5.351325637124699,-1.3833407769716104,1.7378782662940737,1.6054040215221121,-3.8688132000498303,0
-2.133572165797418,0.5222600266735444,2.3026105117562734,0.8070464166066873,-0.7478236529687756,1.3374978392034014,-0.3686193657856996,0.9809511148062708,3.877981159225573,-0.9159429293326719,0
-1.986445318736972,3.2006627842872684,0.6163738956643083,-0.21495483807895113,-3.5802885268642743,3.9576610263511838,-1.2535060123717616,0.9517368346527059,3.2380144522040926,-2.6907260331886587,0
-1.016457986772429,1.3113089692044237,2.3594860077871243,1.471585082569894,-1.3409632208900744,0.023021844391383963,-0.19330422644796988,1.2234514222759323,3.4110657119922023,-0.5698241329246031,0
-1.03842570944651,-1.526590306032103,-0.44351982686524893,0.23614240987910107,-1.3702476207493757,5.516839575898637,-1.7176721483633963,-2.1488785673889335,-0.17243383286574923,-3.5907720109063934,0
-1.3805310295830564,-1.86284542937737,-1.8981907731574237,0.3143386831314305,-1.802835269896204,3.150549316984526,-0.31608296112297335,0.9392201284920101,0.8757839162656249,1.3503339282652056,0
-2.1842159595136783,-0.37636368514381235,-2.8114504052524207,-0.7370293611526971,-0.11600786278134745,4.858686054094174,0.3362778892475625,-4.44959288671213,-0.8779702880993621,-2.4180136909319114,0
-2.9529249603438714,-1.9944752786950741,-3.7170902037720834,-0.030786502413415195,0.7318120497002876,3.3522169655187253,-2.1529135157575157,-0.6372084625266324,-0.1267080734727565,1.950138722863429,0
-1.3985494331445438,2.84309112697463,-0.666245969593001,-0.5209685512310958,-0.943653877264619,-4.194896149848196,0.4403539938779136,-3.0911915223922577,3.5714730915496142,3.610498937627762,1
-1.993617662165284,2.603529058811525,1.3909621369137317,-2.0495145161883253,-1.920220827396275,0.5904368272420057,-0.6545335709983099,0.6137324316337948,4.0727490377010405,-0.3875273880131016,0
-0.7710826529779206,-1.4141575427125421,-0.7865120271969464,-1.828405880841963,-2.6919023118869294,3.875071674449924,1.4355709931636234,-1.7764271138013101,1.010201107067084,-1.2415348055874353,0
-0.97386278132592,0.7406657800397058,-2.583089171626141,-1.4745026870482356,0.6410859337258153,-0.879010084853058,-0.04129136178466144,1.7915892930665056,-0.4372000734898238,3.177420261880692,1
-2.797704961943173,0.7501203032201715,2.018578950153067,0.14330630500000371,-1.1849151368844346,2.7708530079008247,0.016124787900472438,1.1545845755914612,4.1965583424446065,-1.5271845108694277,0
-1.442883302603744,3.328498331431196,-0.9650988693752063,1.7409414865969908,-1.291422423020817,4.713647618327118,-1.765387587029974,2.7707576424176317,-0.43280717044123984,-3.397000440208409,0
-1.4359494635972365,-1.0509252834231737,-1.3234439377936882,0.029796165121424436,-0.9553519150588994,4.299921921424273,-1.0857477107815494,-0.392367209754547,-0.007033107810411743,-1.4090301855501506,0
-2.0735289217172297,-1.398740862872648,-2.141882414405252,-2.0713771793381572,-0.06623719976121833,4.66293308787378,-0.3854932409123582,-1.3025595852621368,-0.43637328938427394,-1.2445344596786596,0
-2.8520037936652693,0.026324592229440835,-3.079876852430824,0.7699687313352226,-0.7136033228411202,4.287971664507371,-0.08259257535129046,-1.8241989951764046,0.4492682524955183,-0.3045786919951097,0
-1.4598560946859866,1.9590459079400855,4.170960946084388,2.6068591631497697,-1.0128407938404442,-1.7112739193839643,0.10798392072522883,-2.4169293089351767,5.457706045704735,-1.3452021813654316,1
-1.5076149531103822,-3.2784146293620107,-0.46270590035461434,0.14204447883054525,-2.805047499675524,5.67230806584791,1.3722713166079914,0.7925138123626136,1.678896481335531,-0.8177965648973321,0
-2.208120859404644,0.26026792320914405,3.490085573797871,0.440059929023145,-1.8396285463030497,1.7451398601648613,-0.591018455733432,0.19882544934783764,5.3229375968302035,-1.6397820942689887,0
-1.9574470176541328,-1.3922951513439783,-2.189505124489699,2.1245562298290137,-0.02657775756285563,3.7359257508145665,-0.5161166418714347,-0.28741388175763416,-0.2232782444555758,-0.08466450846820628,0
-0.7313016866077856,-0.4603582254767413,-2.198431627374769,-2.106889114626081,3.7969756887583115,-0.21387224486552145,-0.8374057253154913,0.8511083109639617,-2.9965981455638286,0.9630557863043149,1
0.7027290262308412,-0.3090540702013287,-0.48761565088489256,-0.16414941272177394,-1.3363742677002426,-1.2621226523382585,0.8241028968557058,1.1129025522586207,0.4506048119951418,2.2072444948646033,1
-1.5624844358009617,-1.0598855428079343,-1.517909088119984,-1.2876052836530612,-2.2090157831454102,5.149679221038532,-0.8221656066894069,-1.6861742780276867,0.6001846197251521,-1.8294407895596763,0
-1.3017261824397428,0.96734982432824,1.8905649038151837,-1.4384111667945592,0.07210691311164319,0.4535908006401058,2.0578111770977623,1.7279621006387698,2.305429104304766,-0.7927629299682127,0
-1.2308055609008952,2.0954207883879596,4.8157539408920975,-0.35208774745388094,-3.283611306884577,-1.2958562000837244,0.22063080430716323,-0.6950397187129669,7.015787287098041,-0.8432004059310656,1
-0.10559438304793045,-2.174715909097891,-1.2550991353628849,-0.5149387064332724,-1.2238152200729873,1.5512535250176336,-0.6610250546274942,-0.4943809076900174,-0.025553316467431184,1.0210989663225098,0
-0.12587558358593087,-5.946468288226253,1.3337621712646182,0.4610780322964351,-3.4002802460472625,5.849153149741098,1.2288565502005595,3.470736406518334,1.7242088136214493,-0.6465154729209461,0
0.21951595965062842,0.7507553554138277,1.9719454588450838,-1.4409816345249187,1.4098231521145723,0.37726264964604,-0.22159969438503932,4.201408090618173,-0.5171590030009876,-1.6771528951776722,0
-1.253590424759755,0.7398414606839707,1.700834882773425,0.8202983745089647,-2.990827097912355,0.5127218222360981,-0.6856749175901302,0.19189426094706774,4.442362090872447,0.34962246180161394,0
-2.6764423945625477,0.9260770848660417,3.5010944596451856,-0.07492655611844788,-3.1371159871058873,-0.1779497923304828,-0.34815739681731317,-0.6780256256716384,7.666487388069455,0.605202099639599,0
-0.8271068938357559,0.5944706545284884,0.8854064542426128,-0.3198262778887562,-2.4504092510265254,-1.4216492658674098,-1.3404886413664368,-0.9064232545478742,3.940986400095311,2.0034420813450096,1
-1.8474050347507984,-2.4077829381861386,-1.2375705137861204,-0.8491048509902235,-2.267423285142617,5.507414566939003,0.4853599075531901,-0.5398294263646484,1.2096592421973462,-1.02593809859225,0
-1.1998256781270331,1.7393891089559164,-3.8699154085150145,-0.38762983266324635,-0.5556165106383735,-1.037600755705278,0.6332253101150935,1.5256489785797211,-0.07136991757279514,4.2958370093398806,1
-1.7877828322647367,-1.7345025479289147,-2.2165060751439034,-1.339489366528659,-0.5298098842152985,4.649227405452036,0.5480669247071704,-2.550901361813139,-0.430430006835834,-1.3687385542792523,0
-1.7094059028763822,1.732566681271151,-2.342563437878348,1.179942130038464,2.4014233081777787,-1.0167185430318015,-1.372079187269614,1.4522907399310137,-0.7774294600842765,2.214018071993312,1
-3.0022845747999876,-0.15970875719023336,-3.4557033819270844,-0.795988910008754,0.5248140770598595,3.9612975293360457,-0.31267716965327597,-3.2355186860215888,-0.31719294568145057,-0.5239545557572433,0
-0.5410538421420452,2.8523174449962694,0.2323002805227219,-0.9414031690020248,-3.762561571513254,-2.575210600617307,0.4115657191642819,-1.9900474880794299,4.361874920836303,2.4033844787138836,1
-1.0007771606829468,1.3085094378458244,0.5557306893650373,2.209855665748464,-3.10475407849976,-0.30253634008639935,-0.7074395448121878,-0.7396958439409507,3.840960558687529,1.1947755248923462,1
-1.0164408500916184,-1.2255780189801058,-2.3917378714272295,1.029180436127967,-0.0755348600577519,2.5351423036033736,-1.1341711452777905,-2.196513981440488,-0.9671348144238774,-0.10945258649364176,0
-3.611567311005121,4.289142781884628,0.30998179485703226,1.2434691283459636,0.5562508143479413,0.599899582224767,0.34292637732134257,2.4967683229544635,3.3794446576175705,0.004319779822150149,1
-2.3556217535853197,-0.23732277991170303,3.2358447752846873,0.5096892312246561,0.06587099012403841,0.6563572172798402,-0.5505870670007066,0.12534198878555114,4.513898470177446,-0.9126270779996549,0
-0.5545928554759268,2.8398914620567233,-0.23877698549827464,1.2785751679393744,-0.27843789487882087,3.6885699421312563,-0.023050556085466193,3.790691634515306,-1.3638867132955328,-3.423277008599933,0
-2.84969163113087,-0.9991027136194331,-3.5592170430399697,0.599450686321704,2.1832920303628733,5.092173862881103,-0.6312411362407006,-4.029234367629462,-2.1893402895980554,-2.2579590120666486,0
-1.4217312229544514,1.456408259247416,-0.8170584766692625,-0.6684549108531777,3.0802333202819963,-0.9979651571357703,-1.464974746104889,0.9304834347198853,-0.7456666749487093,0.627582992126593,1
-1.2210019903259077,0.6753254762939365,-1.893779945603126,1.0022361667029254,3.4358293642074034,-0.15099974880924072,0.32099756368602317,1.2273671064434444,-2.1415186895255447,0.7124974634682695,1
-1.1939842476684768,1.488682791176475,2.284621056411892,1.783922595201769,1.6087292472627315,0.12409147096103057,-1.0448363139030712,2.9420414720220993,1.3067482304150848,-1.4596754841858854,0
-2.2237845619462324,2.1490944772752556,0.5769856834789571,-2.1045827987653323,-0.37341728089169157,1.1190245227179942,-0.3089600145979074,3.603647168654325,2.564723033164952,0.23833456560473887,1
-0.22715586864974946,-2.2603938345217047,0.21035862214211276,-0.8342713430679655,-4.936995885527234,5.6465361734489345,0.1829944496452604,-1.4895649102034614,1.893354259860334,-2.469224580649607,0
-2.1738412676850873,2.0829156839752034,-1.1872636565829802,-0.9323712431819872,0.9380420303627568,0.10166155548237152,-1.5714199983383004,1.664019616996812,0.9978590740308052,1.2292772561204421,1
-2.101771114596789,-1.5960811060260216,-2.136423699361776,0.24347507713677022,0.006288396221945547,4.262251832007367,1.542736367279776,-0.16778567821403634,-0.24256057265794836,-0.40297675564073976,0
0.8038943257323159,-2.327149174903655,2.2114357389861845,1.0736219439075716,1.2170718084845011,0.9233258858183911,0.9458881565546393,2.3067101224362565,-0.7340531650803477,-1.5823233315997252,1
-1.5599023249707444,-0.32153770726190745,-1.391784451983583,-0.05080078861953355,-2.497228515589396,4.859234077977893,-0.057397463786793744,-2.3020682236388064,0.9023130572652415,-2.091636812832637,0
-0.012372116609864925,-1.4420906741626687,-0.008124222751374921,-0.8533994740391114,-1.9565146158756344,4.052970231753814,1.0729296145073466,-0.6313523135511285,-0.13967996398666266,-2.4989731057200855,0
-0.5098511124435751,2.351129708064449,1.33745300951069,-2.4878220575623313,-1.2813122950740519,1.8323065831252099,-0.18403239919900272,3.047092710648216,1.14982660906846,-2.1341292706168136,0
-4.812426100011078,5.100061448772898,-3.104046076990964,-0.6717207892580773,-1.1150602388179296,0.6634590958261387,-0.2768893557688036,2.7182106530178816,4.0532487435603715,3.5446355067268094,1
-2.0294676107948932,-1.3282514486480754,3.8810354963175713,0.7549587661419644,-0.8003560527219806,2.8817609377636844,0.8425138964550043,0.5675507762630131,4.273134003153503,-2.662476844959264,0
-0.6117536641456351,-2.600035037661833,0.2938207071107908,1.391920887679919,-3.899622538288684,4.83820334329519,0.7298193622676307,0.12789996009154048,2.0674619334632847,-1.2326796859234421,0
-1.940404216941096,-2.1801247552476632,-1.773475071836778,0.29551169159033874,-0.6097345205124612,5.937200050473361,-0.22549342333463607,-1.788207094637991,-0.44391295020424726,-2.3200413154042643,0
-0.6098210696664671,-3.052694902329156,-1.4610845214445196,-0.03992646337336377,-2.5661175890204326,1.342805352908843,0.6098800471904189,2.5527849621151573,1.7223220461407722,3.8076716507699926,1
0.05893569849455105,2.0385199363271287,1.264414379250315,-1.4127257589005562,-0.0755802525351652,-0.5235273161759642,-0.49156193901893,2.223262052734457,0.6095201389686865,-0.8019545883728744,0
-1.3224708607672298,0.9498846736319522,2.4272900443758205,-0.071120290830336,-1.8667176446833884,-1.5845394295320028,1.1126343052033019,-1.2622792232648754,5.028114920629101,0.9197054491761704,1
-2.625434358189451,-0.4594895205107383,-1.5870921382015664,-1.18023173420037,0.14950019903468936,2.356798897405728,1.1402505526712048,-0.025341955017747386,1.3135178867157173,0.8681076230965976,1
-4.016907227745808,3.3114665250818733,-0.27969626654035395,-0.5550167015441094,-0.25052222696886006,0.9641439155490975,-1.2541609869956039,3.4448011415295983,4.146204690185346,1.562714445449743,1
0.11514938944121766,-0.16260639233754826,-0.4923042390930441,-0.009664421313347188,0.4624681809200053,-0.05225902953359516,0.24748054764010466,2.0746624163540432,-0.7300134004841707,0.8012096690016639,1
0.19406251011519315,1.1512081239976713,-0.38899004380883273,-0.26813913924176325,-1.7529067494907835,-2.5276912257931063,0.5845240518374347,-3.5095820541882117,1.8256834772304895,1.7591136483888152,1
0.7147947546298394,2.208252069457803,2.257498364279633,-0.3542063885087883,-4.491076510243416,-3.399591450489305,2.824220426395203,-2.2474786538095275,4.943978272264497,1.5487392172824308,1
-1.428754579091543,3.6497781400208096,-1.8517793749571365,-0.04147177799914767,1.2597427548940745,3.1641274611302244,-0.39711533156785284,2.5643719498031317,-2.208085336789997,-2.7122727550189527,0
-1.1117941338074,2.296204490700907,-0.03967673321374954,-0.8178918421385055,0.6106077404225596,1.7672030613058622,-1.5794362987175987,2.3337558464711132,-0.24452149324556305,-1.772097169755941,0
-1.675613229935046,-0.2363480692828075,3.686249937289542,-0.5857927234486902,-4.443868445786839,0.1461180316611888,-0.34677157676671216,-0.46289273193060665,7.515747700367563,0.738790374113437,0
-0.5009895447149594,1.0603502429291494,1.1377921619484244,-0.8407718898986251,-2.392839184541633,-1.5641333148563665,0.23817130613962828,-1.702689021415066,3.6224826730709716,1.1983306192322833,1
-1.39666515798241,1.428949509338822,0.7308344753708341,-0.7029114380395675,-0.652785030317293,1.8705596810679221,0.47314545326778695,2.230511064802936,1.58954829532712,-1.1236825024960124,0
-1.6208677071768887,1.4942054102424676,-0.9396572576960214,-0.7341618661210141,-0.13249812339814948,-1.1237238539481942,-0.6300484313483411,-2.626297548945282,1.9046361391586275,1.4022734632051137,1
-1.2236291302860027,1.4277283051680194,2.4686844868746483,-0.3075714171157992,-1.695418343513634,-2.5366978317058932,2.002427467644797,-1.5083034598358678,5.157040502232621,1.345988233097524,1
-5.431075372338283,6.306372692331722,-1.411618835249577,1.3393265894799997,-2.7032610678446485,1.7315550731614724,-2.1098382406256415,4.290656004825751,6.305726503224084,2.3586865596232562,1
-3.229831142861027,2.2803317697741745,1.068290942643364,-2.301471717669987,-4.659462883478073,5.420740635509311,-0.24633528117984818,-1.3701526174169194,5.365900437187938,-3.2003036615503495,0
-1.4954348298037885,2.5293674468553955,1.2654133342870821,1.0984848760518187,-3.0175702210776887,2.416734858914737,-0.17167365392478334,1.5422451710577454,3.368323834926209,-1.6635018689046972,0
-1.0084273173352758,-0.3427924299871645,2.7137147498552125,-0.7487997960200538,-2.4621087051378363,0.2634668945849927,-0.061097508005868134,2.0308310493595565,4.589088436694497,0.652535640492911,0
-2.0348961292564667,2.368588569498722,-0.5173226979307878,-0.12653257974705998,1.3894112462144628,0.5930476694940919,-0.8639798490760783,1.9486683340475195,0.5953952952783412,-0.10547225307415564,1
-0.37986338244160667,1.714685361670646,5.835092172550241,0.6007330151455916,-2.0748748791844296,-6.708779464293018,-0.31815850161792886,-2.2783244201263333,8.140897565738884,2.4087175347194334,1
-1.0167766403927492,0.7198589222465046,1.8895427497773845,-0.12243598974739747,-1.8192378885578937,-0.1951447795383672,-1.5302791359297876,-1.3752608432119113,3.7040780973748855,-0.26879304251167757,1
0.5047767548512265,0.3541542043228172,0.5295947630923549,0.4664445968402613,-3.054390878306857,-1.0937366931371264,-0.5379785288219551,-2.2155184279660514,2.396105568733119,0.9305845827654833,1
-4.37650813198736,-1.4389844954191189,-4.0006694084600305,0.40813591277835637,-0.8651666695382295,6.279654551936649,1.1782528475480023,-1.8776408989461715,1.2961666058619568,0.34978671038329123,0
-2.8071626964134238,0.3019500354151301,-4.167199966563665,0.6868579110122561,1.3861572808236002,3.055900068829076,0.04303097332128144,-1.728581747312845,-1.2796621226927138,0.5054823950745346,0
-3.0008857592654863,0.33908564455868717,0.6454825771937965,0.3990441406465261,0.32695708788544664,-0.7722376091668426,-0.5820613340930124,-0.2511066816835681,4.224266532462727,2.1831506737964674,1
-0.7927612221935694,0.6058766645361442,-2.6277574241057544,1.5391972001749075,0.03378741658861051,0.778374113042425,-1.1179276080367397,-2.3252310281392217,-0.955367643356274,0.5189254215074697,0
-2.34276004078714,1.404063608037318,0.8874370037120658,-1.079532852166039,0.11582071084678258,4.076181078378247,0.5206894964226687,1.5097757255881044,1.3058412441060585,-3.293335510466525,0
-1.7203535908401046,1.8631386936016723,-1.6773626044642,0.7352693099749874,-1.0485497562738537,-0.7250613155561049,-0.7801438813877718,-2.013855596834762,2.0548584605826394,1.987157031458361,1
0.13209770124135511,-1.765159531569089,0.5936488610353509,-0.7934597298834714,-1.2758511022472447,0.22191145852542923,0.11397066812777235,-1.648246979169802,1.3076090257276427,0.3732239747082331,1
-1.06933564925032,2.2657526252265994,1.5196891655461706,-1.7776809623702012,-0.356942154947093,-0.8233315174564461,0.7851850823103762,2.51471746919457,2.4945063811580863,0.27300965842473746,1
0.05921971088187172,-0.3232932035840024,-2.33130232533772,0.41478446207924113,-0.38719863592156334,-1.6070667078416292,1.1067745186243287,-3.512925322694238,-0.31575050312828795,2.424948436278343,1
-0.8515662625622691,0.7002938700690964,2.433583634912016,0.3319184477078873,-1.8777347273084146,-2.3160822996308967,0.8117055716132655,0.18042784830781233,4.809924648077404,1.8780531372270133,0
-3.0387502816599916,-2.370018613218956,-2.955539472239468,-0.24672442411444054,-1.1746028348149944,6.828930615603278,-0.4836586374375685,-2.234016714157939,0.32449448302906275,-1.3511892994848838,0
-0.9139557950609317,1.261439291083492,2.5034625073108754,0.05674168329681941,-1.1587557380269968,-1.2297141757969394,-1.209198711239606,0.8986405288789506,3.805654337477008,0.35324538670476424,0
-0.03847426734020498,-1.7380340405934964,-0.40871033464646134,-1.3479957843671688,-1.4133370139918933,3.095495220872438,-0.6167753615197077,-0.8159944782794817,-0.25778020244428684,-1.3985191345446726,0
-2.2492058653587437,2.8548966141753684,-2.6278796055548206,-0.03151851332810415,0.47989232900220546,-0.7015743997676883,1.7509259419271435,1.8039871365726445,0.860414702328733,2.8842778380168443,1
-1.9470727684285674,-2.4116398990757846,-1.632143697305083,-0.49898725597911187,-0.911264102261246,4.478171121140622,-0.8003354061653037,-0.10047624106687891,0.564407398175839,-0.16115195384694303,0
-1.9176769376653917,2.4599314403918195,0.8887547079178344,-1.3121632011955178,-0.7920350833627836,4.847979599240495,0.3824333156925354,2.397528218081338,0.9263014782223227,-4.28081386684608,0
-1.529492291078297,1.8975166890663533,1.9315414649542706,0.29471925290230155,-1.5855120907908815,2.0062737507669905,-0.24402835217113436,2.242130361798255,3.002595209718362,-1.7840857118330682,0
-0.2836140937591012,1.1141459070979982,1.8763958080824188,1.466782556898976,-0.807451391370457,-2.6038659335370773,-0.2414305647249931,1.1863421860931447,3.034805103823169,1.6789278982024847,0
-1.371716938854238,0.8717713313310353,-3.3492094500903833,0.8507193944606469,2.077089996312081,1.7173200723475397,0.44489589500988425,-3.5183657000598587,-2.62486349192044,-0.980836801163495,0
-0.7907904812598149,1.334054958797065,1.8431903042729523,-0.28857511715410117,1.0222935006548233,-1.3135698973631942,-0.4432634648179029,1.497801401788728,1.667202597636364,-0.10345265769621137,0
-2.4997266783646426,-1.6829924322689969,-1.6530870190611975,-0.4177830125136188,-1.2203707943963789,6.1647945193290745,1.85204004481367,-0.26233209264547086,0.6026750314693937,-1.7314300618581067,0
-0.18129053487988744,-0.2320054538728693,-0.8745245362362948,1.455600479257298,0.1727864180351837,2.803849028076731,0.618360566259665,-1.953407689664329,-1.6284096616196704,-2.630550861022871,0
-2.5372168640787494,0.06278357711960991,-3.002429424850375,0.15682301609819319,-0.3490638468067846,5.734578521384793,-1.743672602396536,-2.6389553046681757,-0.8391466303237289,-2.4846201733722135,0
-1.5906463109944349,-2.3628678654197475,-0.5284464837877284,-1.235703022049409,-2.622952674929233,6.1627159803745375,-0.29951503754747755,-1.6414685227711132,1.2522236623830916,-2.545282543748586,0
-0.7371732330407783,1.262803396796956,1.1030644364441262,-1.3452096708086025,-0.7446441324602274,2.2572990024017385,1.3897641339463556,2.5985258153054778,0.882959818347948,-2.0098352102244146,0
-1.2794615147988746,0.5227696557090762,-2.4429977947262773,1.917259148426123,-0.7723327178085965,3.312981217416021,0.3421060396504182,-2.278403460844024,-0.7706354951415771,-1.3331292328592739,0
-0.20312786303083818,-1.0319950763398071,1.7260325210866254,-1.9516029128828867,3.213886127294357,0.9872904463295732,1.5602555295309308,1.2875251082987589,-1.4568023444352516,-2.544813424729762,1
-0.8006717576519312,-0.05079373541821308,2.1679523964887752,1.5361567728549452,0.2634148809999679,3.2841499188185983,-1.2692911052431042,3.661478305378082,0.5505821568047032,-3.120660060605517,0
-1.39435154684769,2.7710890543763886,-1.749910078420942,-1.8337057676294346,-1.1069533665447266,-1.146659078554226,0.14431001943507885,-3.2703824834146094,1.6975779501856185,1.3460338109488688,1
-1.4381374815098618,1.9318944955980228,1.3038200076121036,1.156006669451127,-1.0264301172523211,2.8303930761019735,0.15875605093754283,2.111693418726071,1.7319194284874002,-2.5805451599862606,0
-2.713850016535407,1.4735181289466805,2.111646496769878,0.2006986942888783,-1.1630311662925603,0.337137520766622,1.1062315588599687,0.5604676462917638,5.122211134390847,0.18596210551240144,0
-0.007767779588161217,2.9895263180806784,1.7661619176186,-0.5106084992975795,-4.776407101164832,-2.4454547024312543,-0.6547697756239492,-1.8535744435283223,5.235257211909938,1.2849788638068684,1
-2.563466540599566,1.013576033320521,3.242248946493537,2.0777775851984446,0.39732632667435674,-2.4892978472148033,1.6529130512304218,-1.2346991104621234,5.772004236044551,1.1151615472231542,1
-1.6439106543151212,2.1112976199967446,4.341368449596759,1.9025582052295598,-1.3936249364831765,-3.953771211973966,1.5268126635772652,-1.4881075923448677,7.065412427992229,1.303030546055594,1
-1.0256258572919785,1.000866741882122,2.58476482464676,0.642301235011176,0.2883340674503647,-0.5234753871438131,0.5374120028203807,2.369340174891951,2.6252517629350134,-0.41486309058596027,0
-2.0924501018615986,1.790637448759707,-1.8727201065871437,-0.5318777502893286,3.2357343668960246,-1.8949957090716802,-1.3641059938183584,0.8919820588710395,-0.2565266931786086,2.4682924692211046,1
-2.3297615263964278,2.3186635098633874,-2.1944317563586235,-0.6111771520193271,2.598044989428004,0.4526374750284966,-0.6525282932166452,1.9901625496861295,-0.8168420995682126,0.8527787397569402,1
-0.7486813238326823,1.3954315439293943,3.6263987540344096,0.05252636821531626,-2.980652273990592,-1.1206990325264303,-0.6314025555665582,1.2953495837627527,5.525254711804142,0.27352804714554946,0
-1.786423624023445,2.029743230289443,0.019989472476293457,-0.7663225247814263,0.029032367697760186,4.676975315757532,0.8942327745009349,2.2575825191260415,-0.20203951848744536,-3.8147310675096024,0
0.15514554897787503,2.9704735190374505,-0.7782979221768809,0.12428569485085071,-2.7115650472071033,2.65700592565873,0.36901643782516713,3.9391232344679947,-0.30182933601779577,-1.4390492639836174,0
-0.0807132506836421,-1.4208752490340955,-0.6387828812562591,-2.025039913676173,-2.7480204216210073,2.0088316461271853,-0.2831518848798757,-1.051498345892131,1.108605759503643,0.25834932095764795,0
-0.8877907632623527,-0.01748222908808761,-2.514516203629587,0.055002936033374625,2.469495445066892,-1.3902291058554725,0.9468075665118705,1.0920556847754497,-1.5204624338120054,2.9250100632373766,1
-2.314606008526428,2.9016490701600484,-0.14619112428443404,1.3281660539573328,-2.0323604176228947,4.408804916212122,-1.8402663847955685,-0.11364236962461582,1.90828135283638,-3.2724985543248226,0
-1.554114361815649,1.5225833314564183,1.596533131819005,0.6832124040010689,-2.933183241048176,1.7271331225064097,-0.5125887969785088,0.8621630844290354,4.042594528325688,-0.8324910752674777,0
-1.4142863250821711,2.367036653005617,0.5046936663972779,0.9701750825678591,-2.0722301758749055,5.257821513787995,-0.2728445463401307,2.283026232995452,0.856259079715953,-4.189464838197158,0
-2.0210561504201303,1.5835933367863344,-0.2970426075129349,-0.4895706470306716,-0.8557402235829037,-1.4455870878217212,-0.10346278984692345,-1.3423243920972012,3.445731837720063,2.2788910475581345,1
-0.5407611181948003,1.1039846379472193,-0.17670809942749055,-0.2926854589752769,0.6663002322536918,-0.04311697798430146,0.15140739062477757,1.4386216559299365,-0.07313584672753638,0.07263405880367158,1
-2.9720445601624297,1.3275906192614673,1.9822542858863743,-1.1340201859349581,-3.5930950048324024,3.1929318939072746,-0.9291363405097582,-0.16971491080207768,5.920185205559619,-1.3815062366584199,0
-2.364405010482446,-0.020770357970586906,-4.293215467463159,0.09743411029730303,2.126572154342333,2.0794866293545815,1.0522111559570586,-3.108486706380537,-1.9661647892432517,0.643537423683366,0
-1.2241411921192575,-2.799171868358356,-0.4047066824857313,-1.4228769078115544,-2.964218772781793,6.438101264360737,0.03971382171963468,-0.25013085180885275,1.0516772015970162,-2.349655585744233,0
-1.3774430311473764,-2.5403821905523447,-0.6317875867878561,-1.0590371220120975,-1.740512587729967,6.466099857511423,-0.9972282874387761,-1.3373514850115324,0.15200436191624983,-3.166132525797352,0
-1.9009072395279236,3.9207811480700006,0.9479557689719071,-0.17802329006383844,-2.2704050749775306,-2.9015399592025317,0.5770721838351396,-1.823483658106598,5.355437684239705,2.019244428575111,1
0.08984311316000437,-0.9454814790525174,-0.42406385640823685,0.9945582357416216,-2.5100387477932298,2.7806974635100765,-0.6570352370173239,-1.154646779531974,0.4108718223121088,-1.199109592040668,0
-1.0202108885648764,4.098076554269045,-0.3219649750274167,1.1665283362210033,-3.278498436963586,-2.322272337421118,0.6938234538591022,-2.6890976539831812,3.983232662575202,1.7414292196186467,1
0.016862429130970247,0.1849877044573045,-0.10824711085502714,1.0472764085594626,-3.400120749907515,4.5255192040361365,1.075221541181916,-2.949454866828119,0.3835373168768368,-3.8647428341136143,0
-3.4452619173658654,-2.0819699468314408,-4.381429845164698,0.5740419308840301,2.2908126994285665,3.5803267902473874,-0.6301428301423468,-0.38651859327516536,-1.1375323640457764,1.926872389742726,0
-1.665717519078314,0.5824305031706872,0.39062164960688084,-0.7067067683730057,-1.177819694744301,-0.027692436104581164,-0.6292206728473624,-0.9276127192249537,3.1383943434032777,0.9705084199735068,1
-3.1263616685335496,-1.2636428261521604,-2.729073079777538,0.07843924608367009,-1.414157977605131,5.383834210748181,0.8739897510068825,-2.471995465322948,1.2274780188480747,-0.5710951800271672,0
-2.463781284871178,-0.601212718714148,-0.5388579667406055,1.8325612403560125,1.152178077803537,0.3931730161112956,0.2811920179102754,-1.010629220917495,1.873754376617904,1.3123791232507327,1
-0.3983592855898601,-0.6436146467568171,-0.9241931675311575,-0.4033797459686826,-1.1776004426847484,3.759654778232298,1.0159372235635562,-2.4620036134022434,-0.7395118588613182,-2.674463626254248,0
-1.9973653204061341,2.4456326207536963,0.9256683473384021,0.33935581275622034,-1.4964258518150249,2.5069328545395506,-2.703348047107357,1.114326186879178,2.647152414688967,-1.9506467133002645,0
-2.3091680491142026,-1.8535118118361436,-1.7592440360404902,-0.9116173021539026,-1.226651268419298,6.486169809266467,0.7820273875741276,-1.5095808971953506,0.19078919995813443,-2.4073383620054694,0
-2.162046685021573,2.2154578895278543,-1.0578914862982396,2.6366691419455885,-2.6362550987036903,-2.3544936885400225,0.04189592115427648,0.023437235274331503,4.832687107674664,4.711556348051194,1
-4.237611956440797,4.676392655470055,-2.8705835597236184,3.529055187570484,4.2148095884429075,-1.3464863329767531,1.0108397350203135,0.6713236097099741,0.4591896584710382,2.055639133627748,1
-2.2240397771243403,1.5639109821809027,0.8575297178408148,-0.08106710543541713,-0.2667550969542172,4.875628215476567,1.048399887813541,1.8609792927678201,1.034411097342408,-3.9649838272632287,0
-3.3234234692883984,2.076825222468205,-1.5254167450778802,0.5445824007936281,0.7741669669252174,0.5453360235679531,-2.8500301093171823,-1.5825892294557606,2.1962041074101895,0.9710384561310178,1
-1.4260912398857222,1.8036151582816866,-0.5372336181926523,-0.36931877015818887,-0.9246045807588298,5.3871381352295336,0.08244176663484246,3.0452931761227267,-0.5524644503480829,-3.6044370648154453,0
-0.7013753189258781,1.0885673291901172,-2.884250606816961,-0.7507296070055988,4.536054500359251,-1.2946525413749201,0.44231686816448523,-0.04517694546200368,-3.7262526181664666,0.9893911091651139,1
-2.9666164134489414,0.9084752729144964,2.060100032613665,-0.2290810309217097,-4.371509781590949,4.4417678175676345,0.491445510894402,-0.7867413505052143,6.040020321350888,-2.2723382146909663,0
-2.8927994860897304,1.3071679276848858,2.1961924095178933,1.2888634252063023,-3.5654428845330353,3.9571270516132397,0.21838898754417418,0.4217329411662072,5.574081861871066,-2.1716223643193038,0
-1.1533718507795774,2.5524483321656417,3.1379795040805076,-0.9400159321237541,-3.646674692648008,-2.8038868337014837,-0.22777097912363464,-0.6191674739747426,6.849215168024944,1.674060704245311,1
-2.0955562460754975,0.5622788511125169,1.8874289664681694,-0.46507594620100606,-1.5077274305007193,-2.115707881006888,-1.4464982035406873,0.16823511588243512,5.729826605720605,2.8821289825372274,1
-4.432594746041692,-0.23163535817351777,0.7518136934106916,-0.5442961463142919,2.5714116886454255,0.8063515439794279,0.4672522151827898,0.07296801683824317,3.7907794982590395,0.9681591891232516,1
1.70671186500405,-1.9187789869941794,-0.48072189212452576,-1.6808704592381203,2.453038437257653,-0.8848084622521846,0.034271814200222225,-0.14367302058819043,-3.5659333857148288,-0.20667636922870192,1
-3.6497515015422657,-2.563985944906439,-2.092282526035465,-0.5090938053115694,-0.9476700920569657,9.11395593704077,-0.12887737868875357,-2.142236741975961,0.41053998094131167,-3.728710015526281,0
-2.0448970186795883,2.60729423484145,0.9612876825550183,0.6951652483301405,-0.4012550792730776,1.167238407915718,-0.9103243419282839,2.831671003246132,2.486055354555466,-0.683044273690018,1
-1.1285668127086685,1.6577405293263943,1.938352497885699,0.4608248654038653,-1.1114150189181362,0.2780283674208737,-1.9632891478389742,1.4564736716251592,2.970594445608675,-0.690024637774702,0
-2.6572006150025267,2.1040999456416154,0.3556648601779635,-0.48915617518421617,-0.468198114941885,-1.1138591766569683,-0.42369071691067595,-1.327611113408614,4.100140726262686,1.516684802751856,1
-2.4836748579211974,1.896390402102954,1.4925208806611254,0.308292063638821,-0.360475153117807,2.662437611297068,-0.15783750984025996,0.6152382891064457,2.753581964792582,-2.501673159807944,0
-0.7574585169621583,2.7009509198408215,1.583091340454114,0.9080226625361912,-2.337348309577449,-3.638098825127027,1.6389605275998331,-2.764981952123864,4.848140269928775,1.8971614074458298,1
-1.5018270286533755,1.6899112777533374,0.7473865147108275,-1.097143649628814,0.7534992052668037,2.730395504576313,-0.5522612521126086,2.8223313358603983,0.24583831952723018,-2.548900744636951,0
2.0381760759398544,3.5720579605412164,4.796351484628749,0.785345603010283,-5.598581522717234,-4.582060857240603,1.411356861745625,-4.169056395673564,5.8687901308620045,-0.8001427177234062,1
-2.3999622781429726,2.300220184289793,-2.433957071464855,0.39876376442481426,1.400505607389566,-0.5753623660137007,-0.005106632027225022,2.33590412018417,0.5010445103131279,2.779315120811935,1
-0.6212458065797785,-1.8911966668345648,-0.6066643146381944,-0.3451040968191901,-4.1309507011977065,3.301555122200189,-1.3077765651476607,0.5348578483151631,2.3265197708307945,0.7535997833112682,0
2.195232358999158,-1.951982947910159,-2.1029725228206253,0.09931381495134962,1.3038638384393288,-0.9855976454436656,0.5923295470133433,0.10416266798550566,-4.197473135252345,1.254094347906658,1
-4.179720503249657,4.063307285095661,-0.6967537653763358,-0.6798885397361863,-1.5947744960711516,-1.614809911701384,-0.8335982829664064,0.6082284674866649,6.186256993175108,3.897618672589229,1
-2.5063181714313254,-3.6901842539173217,-1.3458410713617224,0.9911911129266663,-0.7494181796162732,6.401646221578532,-0.081894379572493,-0.31665873910697595,0.6419988773277436,-1.2813876653220435,0
-2.9212072525469943,-2.0976056298571306,-3.2197520584114923,1.2434282781029249,-1.7699065499033821,3.581010980402579,-0.9282199673480178,0.3786025913553084,1.8956163459051598,2.9158105573694666,0
-1.7729287835208334,0.44184515909439637,-2.570051392853472,1.555198534147342,-0.2422473202838189,4.1447437836536185,-0.5913947298380474,-4.887955823037141,-0.9700105784824189,-2.7096085137503727,0
-0.7069551624458645,-1.1211852092255703,-0.39514305896872615,-1.5858456403858474,-1.6594373830698383,4.5788294911997,0.9853997114500495,-0.9393538637063179,0.009710592052271946,-2.6562162417371287,0
-1.0782640106472412,-1.23427178196349,-1.0373659939133995,1.489599409447649,-0.07981015116058465,4.316127366492663,0.28123049221860413,-3.689134090667019,-0.9189684886826405,-3.204623705252472,0
-0.9683843113283995,-3.047053820228844,0.13408756405921474,-0.05727041082210227,-3.2899284690110773,6.405256942275197,0.2722367253273881,-1.6742385061604284,1.336730433811158,-3.012531139289429,0
0.30675287696779074,-4.321155529760087,0.8074459996874981,0.4705098473785568,-1.7517851472758812,4.170065356218917,1.0581700938241017,0.34235063413803735,0.16298529266064485,-1.5866920391372652,0
-4.210257748319545,3.2553668940489167,-2.680599887089711,1.3534536476212031,2.7473715258640308,-0.4837376606515311,1.6079150611191575,1.8429341142181275,1.457242852595523,2.894672008375636,1
-4.839099442238846,2.8206903979155813,1.7271502563141703,-0.27837296760789404,1.3231755805704313,-1.9055600103240828,0.08559470394452544,-0.35557765394765406,6.548651580188176,2.0802526676096966,1
-1.2035641242346116,1.0498124450677457,0.5128925864929131,-0.23875260206343432,-0.9646131776510052,-1.4035937703023011,-1.3200771877373016,-2.159789507878956,3.019571616671027,1.1777943627795855,1
-1.8371332286537125,1.506139665125852,1.6778169018750588,-0.9104867035315213,-2.3750498020342716,2.7214463377123987,1.0371814056490503,1.9947044010213872,3.5760550876369814,-1.578950465089117,0
-1.0171716719985167,0.7250245657644179,1.4474433756971397,-1.6413801156020968,-1.4525770774538578,1.5022531806647639,-0.8935950137191204,2.065181977473527,2.3932938364164085,-0.7986652370903864,0
-1.4097307732106923,1.3972734106875853,-1.2774183344648506,0.475751991831532,2.919094899756061,-2.2047222961285184,0.3097267791360022,0.5922072502027051,-0.34250975723715654,2.14275181861771,1
-2.0275074175279615,2.8909795586787475,-1.7911012888025373,-1.5198927996189848,-1.8767444976804963,-2.6652749254652868,-0.5044226832971694,-1.406991749411119,3.7174837570507764,4.238071882777837,1
-1.6685330829376244,1.149521317419606,-0.46317519145325203,-1.716033248310689,1.575565267238086,-0.3409600018746648,0.6751370564069208,1.3368295013195248,0.641790183738561,0.9274383592408258,1
-2.257408004846948,4.838571525872956,-1.0683228776933347,0.5805676870356148,-3.0597553922690675,-1.4410972030167928,0.32475823953354177,-1.7410004507056123,4.4422446718339135,2.0637635679054256,1
-0.5120546001794244,-0.3570600484326534,2.400429113830251,0.07225204823791581,0.37909696004928506,-3.1039124377798024,0.9065441571099638,1.9523811000194076,3.1910063912413897,2.4986251039618534,0
0.7907233379466021,-1.6522198500938186,-1.4952522345012234,-0.29786680495686124,0.8124199583896125,-0.16882967270539406,-0.6308455507908564,1.0288154079155565,-2.1266036464676352,1.4344758458943083,1
1.7336174505993762,0.6213281031663366,6.0262125993381686,-0.9506906934152551,-4.9498834489085635,-4.956298597606101,-1.8119893375620542,-1.987665211810439,7.095617163133524,0.9949451515837437,1
-0.08303031020131102,-1.0711168268863667,0.2104441874043932,-2.241915934508913,-4.145327986036216,3.910467054819883,-0.6673333812164803,-1.3074325119599957,1.7203257689333238,-1.8275967357511864,0
-0.3347679332244067,-1.575773948072369,3.643312088081079,0.3389758936682615,-0.9985618738068955,-1.970708891062298,-1.0141642181269683,-1.2421385785476642,4.391659611139107,0.7583807916206733,1
-2.7179778065618496,2.5457197891727557,-0.5690645087218535,1.1633760551635501,-0.6765422899685376,1.74400515048301,-0.6865387531537689,2.9352739066240954,2.421946230632567,0.47240782416110094,1
-2.348199633013743,0.5516110213477792,1.604725676559983,1.2744284266875814,-0.7556183582878746,3.3161007492000003,1.1188945979306693,1.172138475488733,2.8536540250542397,-2.2209320129191217,0
-2.5736441703782837,0.9630084087003152,3.0413876058115115,2.498430483721495,-3.552446725955276,1.5453242292312368,0.7031401972360493,-0.1813457299051544,6.793964697233361,-0.5618095602693798,0
-1.0777306388983292,1.4222110123738199,0.8399150454360834,-2.6745671281541408,-0.9228705332025745,0.4837072246348869,0.28004534269740444,1.9220736016561424,2.0825006319950465,-0.011246377091145066,0
-2.1410666168057313,0.3097194412161004,2.138886538959431,-0.918019061638965,-3.027385975545523,3.737820864590558,-0.1585376924164567,0.4148758252526237,4.443227466611976,-2.177293990337475,0
-2.4783227263591527,-1.5667625800182396,-3.6688277141107046,1.3491351051134295,2.9127340488166977,4.675898055421324,0.794923113875559,-4.29487803726458,-2.9881848208993667,-2.155265879460626,0
-2.852990595497863,-4.225581074033336,-2.804000416069192,0.0077278931756846435,0.8548859094320376,6.271105263131504,-0.44258929277415615,-0.5064605732965998,-0.8032614568930072,-0.4260857335395791,0
-1.2769579108999587,1.9314753421743676,0.5258431059325301,1.4287601620367705,0.17214603754049418,3.34480661303264,1.0725417995727589,3.8847780900119964,-0.05168525985779102,-2.721491275233612,0
-0.8006509498934746,2.4989026969970634,-0.8709057873603041,0.7147317275176998,-1.987512063344933,-0.1942696473390602,-0.17237495745366196,-2.9539790906785006,1.7120073075881477,0.02008675359243739,1
-2.0259403798925955,0.06834716504422578,-3.158845686448278,-0.17961972140563326,-0.08184787615681732,2.8595585997955513,-2.7738149399339167,-1.7471696342401846,-0.47218323071793533,0.25587024172933526,0
-3.1042814732173425,0.5577492136283162,-3.698085891490115,-1.05649707062526,0.1477929329484151,6.1039808433713825,1.2497104201843185,-4.798205236113217,-1.125668275409165,-3.13113687455884,0
-2.100420328417462,1.6388302385098916,1.2115160818149668,-1.210160502980885,-2.362994891104451,5.198251918840928,1.2272738220812627,0.5669243880769708,2.493257527809153,-4.062950882305973,0
-0.7216384057028743,2.3804676222142658,1.4996504683366678,0.28305316225865373,-3.707829617148522,-0.7458092647655764,1.1196877785533812,1.3511171660169357,4.500023104137955,1.1144137401950562,0
-2.7959102674320087,4.402743024550016,0.8888050913509888,0.6024734362823633,-2.059680973753439,-3.817625855347136,0.8157544866520694,-1.2039246148928393,6.636977846474688,3.4702724337198028,1
-1.0735397333677277,-3.1238325249056076,-0.931739030940443,-0.7312545688129569,-1.5120923309002618,5.236185906908667,0.3056655686425959,-0.3390340359763637,0.0731959407705838,-1.4381143659350373,0
-1.9613631400939364,1.9467904572960255,-3.11610870380115,0.3225046602899047,1.5667698886980692,-0.09949828191980918,-1.1569413972294713,1.9569265748947677,-0.7263747597608482,2.43432743856858,1
-1.2986037636975092,2.392654251061122,-0.06570956196098732,0.15809487586680993,1.4800829881525654,-0.34876875438668814,2.0642201348524107,0.904004895974325,0.27969825270579834,-0.39670187559274783,1
-0.26214738068280563,3.1130346542057348,0.47933675622485783,-0.3278064598765229,-0.9498513389948424,-0.6042859317358711,0.5207561203587112,2.7595692164211965,1.089636598174654,0.022504975092900947,0
-2.487154059095252,-0.26802706920820474,-2.3134216045361287,-1.1516811090343435,-2.0515688647142127,4.977821317822644,-1.1809724836643856,-0.8961758818548936,1.152566848001704,-0.7035367765481664,0
-0.31400270688959675,-3.2843563794742376,0.9482986489578153,-1.1132948341146311,-5.046498703980211,6.302993203443588,0.8918630221607488,-0.21928338539156922,2.3627941857471515,-2.541985028912859,0
-0.6659149055296281,-0.30098274214097054,0.788170343486523,-0.05706129143115594,-1.5624361761816172,-0.3778587303362572,1.2855822343616794,-1.1949473262067016,2.6844585230130886,0.8965320051608828,1
1.6981258585030208,-2.15481638384419,-0.07788048696347394,-2.651828063044949,2.439718530541655,-0.2487101412527722,0.5896392313574,0.8244512311785761,-3.5718466954481394,-0.6736336212760747,1
-1.4782106270700366,-1.0031996577831146,-2.6382589785408657,2.044481557199944,1.6793428011745744,3.404164815719055,-1.8730058309306206,-2.672543561408265,-2.2633834468536955,-1.566984173035866,0
-2.638110730288239,1.7318178834305669,-3.183847491118758,-0.6072614140860845,2.7042318515857913,0.39827915426993,0.8900577324754597,1.0212908624018202,-0.947226913881707,1.7889407538462998,1
-0.9966905252977533,2.4075896195114472,0.7496458572971583,-0.29045391622778904,-0.07810586357876614,1.6663407026616508,1.4622546040347288,2.240510391079913,0.6021895499750257,-2.053134072792675,0
-2.14739361333294,0.34186901443822904,-2.596272135016092,1.3954340821991853,-0.7754076606792617,4.3885748403080544,2.369287300811497,-2.5490311261682024,-0.21533471935450374,-1.6313897044759333,0
-1.6165734578833593,0.7319556111911861,-0.3019202778880685,1.8060891178369614,1.7976151562614353,1.7029878091409554,0.09452756758846836,1.9661262787066454,-0.3648658786703892,-0.945559349988458,1
-1.8956323561561526,-0.1401733625868462,0.226243721980524,0.09030979920643496,0.2123464636457011,-0.6699394992099269,-0.8814337052269955,-1.2661114378421436,2.7036576124027247,1.5421316582939915,1
-0.8879521138147312,1.2431304597918058,-0.4383706723330285,0.2820342192093425,-1.5442081232648959,-0.09199183189933277,2.135586730077366,2.2144839947954806,1.8691130674897947,1.7650924230177378,1
-4.0696332754233175,-2.069791832162065,-4.065495870603833,0.2775525134935317,1.244431474504089,6.395239722902704,-0.2570524088130647,-0.21525547753434937,-0.6670149417866259,-0.09188761347767782,0
0.11035720572176522,0.8687424960709291,-2.2528889470480133,-1.4811457246217157,4.866084657672166,-1.60717431973423,-1.9645360381029247,-0.088248553752857,-4.4659796641033385,0.21939798565820756,1
-3.1398034442111125,3.1631974153634843,0.44668872954182026,-0.2252626424913536,-3.340123175044452,5.133364616654584,-1.4387201010568695,0.4339240901009298,3.8965375335914665,-3.133971106017545,0
-1.0123500906539697,0.27211792979532734,3.060951966809677,-0.4665740712027766,-1.7405074159070912,-1.6518852176922567,1.3528005348967251,0.4709304624160051,5.031900271480251,1.17704381563733,0
-3.2126094343856644,1.2978993428760295,-4.429292921277498,0.6700496718155238,2.039681459918715,4.2327663546434025,-2.3789960407532242,-3.991350391951267,-2.087577728772501,-1.7504159502171461,0
-0.5386711535923733,0.4855174947629022,0.5934311116990707,0.06450597286257172,-1.5599306270491677,3.7076471393424635,0.3576613666310894,3.2674639024565026,0.4117155087864212,-2.2425079223511073,0
-1.4791892675087432,0.2456854170192584,-2.747207162411005,-1.7392051521728,1.5519094528616297,2.765763429289181,-1.1145323150080617,-4.25113032961161,-2.1292150235829506,-1.9768481921021226,0
-2.3585900872992864,2.161176692168142,3.500556127284352,1.4246277320772434,-4.164798033891407,-0.4514221939090428,-1.22322023006193,-2.258050714108226,7.967809928605931,-0.04987924758959461,0
-0.2709361382386679,-3.5926575264974776,0.6409686093516371,-0.9807880084135592,-3.202116021448635,5.9815281757389185,0.011862679180784205,-0.6872145714732872,0.9503606627507826,-2.8892040879698078,0
-2.2001635804578794,1.6367356489768605,1.8688542118102531,-1.0042905634942532,-2.6206949839859854,0.7707190196290883,-1.5065252580391153,-0.17772085696580708,5.203346158906512,-0.09926337886639813,0
-1.7970478250282425,1.0493951619630582,2.793835219803853,-0.48298392607284074,-3.590539230325274,2.083792995310643,-0.8497209214776963,-0.2833629508263962,5.4393485733125555,-1.5826608583784352,0
-1.7617614520910636,-1.071797622132045,-1.4750130663796184,-0.11599707232153356,-1.8297604011262596,6.617807152905047,-0.7423863704307346,-4.3372660045668185,-0.06279155225605633,-4.159509013380987,0
-3.309938984321124,3.4436208695503137,0.21664908420299334,0.10908297034983186,0.14493112002498099,1.6992061982238935,-1.151997547579143,3.0654058901490258,2.8827952938700747,-0.41798347132115365,1
-0.2822768144922567,0.6068231315099071,1.441705719934201,-0.35807944617931886,0.5228462839008046,-0.024352386730297874,-0.06644897530945597,3.151764851052647,0.6900771964956643,-0.3588453055692771,0
-0.8091340725398262,1.8434755239344067,1.6526507264315957,-0.6078238926156243,-1.9883062244833112,0.6569752941580684,-0.5042980158126232,2.3377112479065185,2.8544077612626646,-0.5389689984878869,0
-1.1294455233315606,1.8319688832950243,1.5541462074281247,0.16648527257714707,-2.799781896082065,-2.792921610258253,0.435546318992364,-0.983631501939059,5.394840292977222,2.6018925329519154,1
-1.9746331420336658,4.205940332312045,3.6462781245321287,0.14782073903652695,-3.9376846423677923,-2.7793056091729698,2.05419384125607,-0.6483269385158691,8.125150791065467,1.1273788562297995,1
-2.4533494664128987,0.40287763207355565,3.3809236853763105,-1.7016658582874162,-0.781602245771551,1.4950571414313725,-0.0596543119921916,0.22095266519279244,4.871442642187495,-1.7054942403009317,0
-0.5243023150505631,0.7639811091344716,1.2147436090882318,1.4758791505039655,1.816888615597025,4.156696700201153,-1.2843870360725143,4.802302634377082,-2.0330817167864965,-4.408696512714187,0
-3.8808007864111507,3.905923585641168,-4.714180002455043,1.693547133413672,2.1441305105509567,-0.544778558501583,0.02233923931860801,1.4435000365440287,0.2616855455323396,3.8716967327010057,1
-2.157323189928809,1.515911356152911,2.1785788708100067,0.13965368956535082,-2.803169006062951,2.1155375506939564,-0.6003856928711058,0.18723713756881244,4.867530079051361,-1.4207976704535223,0
-1.0672217791138172,0.26503734327692574,-1.415790376266262,0.17852916972047786,3.986820342464728,-1.627881622330867,-1.4239581121976068,0.7042318215651986,-1.73843206129262,1.564321291789974,1
-1.0657900320598666,-2.589350286804749,-0.30897240170048823,-1.615846470966832,-2.5720181221324827,5.057875769734881,-1.2855991140527723,0.4714331232399849,1.2042117110736756,-1.2350257071397786,0
-1.7902239354352407,-0.5601526971721272,-2.385780370125607,0.48279012406031796,-1.5438254357669814,3.6433757107922267,-0.06338985203481078,-2.310296367341471,0.5066783649883244,-0.3522926844553569,0
-1.6290100350031789,1.1721380021743877,3.262357249002318,1.9529173824895107,-3.564792820294009,0.5589660497729279,-1.7291828895034203,0.7835315565475957,6.143874029951788,-0.2531482285535491,0
-0.12696837009370454,-0.35279152154883997,-0.44891102336219624,-1.333148008477209,-2.725756373342177,3.458903574430445,0.33271932958518796,-2.3254431875098853,0.4353242034820329,-2.285955856881528,0
-3.849028224715927,3.6675135832157824,-4.418077457003485,-0.6518885825313808,2.781213967579677,-1.6292560342847016,-0.779375325260117,0.6307833571804732,0.4470812515171883,4.31915710181957,1
-0.2793424884761968,-0.8511827750564969,-0.26938480080351423,0.03855516878431771,-2.9254550822471908,4.124776700344352,1.0852222636616315,-1.6006136526484034,0.6527789824536867,-2.3625420640125614,0
-3.047577535974801,0.3668442804268075,1.8855893057655484,0.8767141863861161,-3.041135280765178,6.156441559965096,1.5914003677628041,0.3242474198154923,4.349426152587432,-3.7980363408909636,0
0.058877574919518505,-2.716817489184681,1.3384726810835446,0.39537368118566585,-8.344223258027899,6.887881303171752,0.9316659668680948,-0.864897837059383,4.225784572239007,-2.625094130451517,0
-3.4554142916716035,1.207603320004663,-6.058614729022356,-1.671761273328167,4.826184304879938,1.7153285390583957,0.1177074184609581,-5.596543585849094,-3.625151073526165,0.28988726564373124,0
-0.7603441988940017,-0.8027070580583134,-1.2361150767441105,-1.809267714588258,-0.5837810035100324,4.834905919479473,0.35533819559013685,-1.246983179885853,-1.3708574514036562,-3.0897198524734213,0
-0.7055493499198267,0.0820690113711382,2.2944056830319863,0.05969188057973627,-2.2310494996837544,-2.097413101045409,0.19340636718971696,-0.8827310423596784,4.811869425737297,1.8330404146888997,1
-0.3093443712692401,0.9039498755774761,1.3674844566247732,-1.125654967800585,0.804534194051455,-0.30602998531916625,-0.7202120210067899,1.891567036768067,0.5574651233047216,-0.6912531756530069,1
-0.8665358748782171,-1.8461166303452854,-0.5875606524754367,0.8179815444538614,-3.586834762601888,4.23136698148436,-1.039220163990766,-1.0626687119416318,1.8170319659469298,-0.7754922256546583,0
0.3040262257904789,-1.06808259359783,0.5640144283555526,-0.4211988166129132,1.9091269918569962,-0.23049815974693755,0.6844504776364279,0.13148065783734353,-1.2201645186520143,-0.6415517123313776,1
-1.592451684737272,3.1077305970953297,-0.5226812300292338,-1.4846047919196528,-3.137752524545598,-2.9845686922369086,0.3137231828969071,-1.0313300553426497,4.940211308267616,3.9671932100870513,1
-1.1079173530985431,0.6728318578852742,2.305123921765502,0.2990857340211059,0.639022224722976,0.38933069042394575,-0.11131884879780068,1.7574803671210641,1.9469190995450132,-1.247275722449458,0
0.08471267636846957,2.890047234249057,-0.4918611073373853,-0.622270222893996,-1.7316441008474812,1.2909187077349207,1.4697842587874956,3.420479789847368,-0.14671738790464806,-0.7874614495731497,0
-1.922969246020279,0.882799949045359,2.2417735618971584,1.267960487103089,-2.1577818279663608,1.8952697813428725,0.43945269045799057,0.34355537709309725,4.323024685815355,-1.3217630039462258,0
-1.1927451719121387,3.1849508279015377,-0.1530392695192926,1.402009325919122,-2.1456467435099538,4.02697686916081,0.6852900847109679,2.5730040718035454,0.6865378834572385,-3.0187625829469376,0
-1.4005853144285958,1.712305849631697,-1.3268141662038353,0.15140739607201872,-2.529652007675357,-0.6236861517962298,0.11758862988720224,-1.2464926434534582,2.9316192733349666,2.4291383279860543,1
0.9679351154102998,-2.525403813622115,1.7868192297412482,1.5027343263055881,-4.599354711431209,3.9619153414202795,-1.7806256729074892,-0.3036921348626562,1.8261377176954514,-2.3930185174779752,0
-1.8911236828150857,1.631046148061793,1.9315401040427571,0.6078403387350085,-2.590623772099234,2.101622064820983,-1.2395880125250283,0.17839116744706685,4.218970280331264,-1.6099605957453906,0
-1.5002032710064779,1.5593271717156272,-0.937705194366508,0.725081044447508,-2.5263858896002915,-0.8286246624082013,-1.1554517938176596,-0.576083289632771,3.391475343452409,2.737036825795654,1
-2.6173223248466444,1.7275056630013952,0.2973728694286606,-0.5436068960930526,1.950854005011646,0.9889090945893328,-0.0023689161328080566,2.6275861668705223,1.2950590398664035,-0.3081199251461575,1
-1.0507958915331992,0.7505215904442334,4.705145298878528,-0.28815603051111766,-2.7757455840031144,-3.5587414999794595,0.07904780215027922,-0.07619217960754066,7.583840394307154,2.065539952802422,1
-0.5841031879799353,1.586987532149875,-0.2608727922635006,1.1671207880032974,0.9412443494886542,2.093419612439768,0.4168015744831139,3.2872987980052804,-1.3265629969868649,-1.8156915283649608,0
-2.763838542068588,3.2042219756919126,-1.3587590462179353,1.1328046971748071,-0.9453496005151326,-0.19008416891880456,-0.4047953794202932,-1.781260216999944,3.0257531397343715,1.2932803334505851,1
-0.9353474773541597,3.0395964094065326,0.34512760634691886,0.33776609905460137,-2.9177138401361917,2.8504099552106417,-0.7494159869569733,1.8235891507124666,1.7819652527839955,-2.150639805453321,0
-1.6089821789645544,-0.9489582478203515,4.018891033042699,0.8091127907313788,-1.0933754996096612,-1.9810841992610715,-1.2077593925433523,0.12454379793929427,6.191877013791873,1.5877516668302398,0
-1.2577773768600813,-2.7704844802400252,-1.0699031699372037,0.4753349254274913,-3.3835032086603665,5.133245851473357,-0.4580251830145565,-0.5222014695769384,1.6198767614902134,-0.471048764612487,0
0.5135893455179099,-1.210436459425502,-0.3156692210837071,-0.44360683020738595,-2.0966911090454863,1.762249942379368,0.6882053064528827,0.01587034920430086,0.12698961041174003,-0.2618513082524525,0
-2.4728127616073863,0.2623438994448155,2.41621883600108,-1.3581749214775936,-2.9755623982596875,5.436709603667504,1.3181970672340253,0.11041676819814583,4.2182841061080545,-3.9052709682309055,0
-3.191599556129349,1.5446301113867187,1.527378991307178,-0.15974849799158664,0.16807007307064947,-1.7579936086764394,-0.8888596980356747,-0.36952641996649693,5.345149559289196,2.083190331923879,1
-1.3066862830659363,1.0810478510121926,1.80898866449128,1.086380711205838,-3.340769897632745,3.8327576722639622,0.5682733771527843,1.1476979523392663,3.265302944941708,-2.7423121242497213,0
-2.068798969605015,3.2379838246957693,-0.4787160503963721,-1.4069774621039888,0.06068996177913677,4.734796227060581,-0.22800572680971787,1.8411362435379324,-0.36643749557449334,-4.1455909156711,0
-1.9747779209371363,-0.9438811886631914,-2.532965571818786,-0.7318573084158859,-0.43234059396657787,4.528939063056406,-0.8031108339533145,-1.3457080734972506,-0.520514598815569,-1.0175592598064442,0
-0.451937364515993,1.5690156620326006,1.5384012432327219,0.8569755369827861,-0.9235940629113214,0.29764304010985587,-0.8105286298216263,3.522376651953096,1.7426540595464313,-0.36084587136829027,0
-2.749490307388412,-2.108410554762532,-2.8839969949939572,0.39495797032330715,-2.251089243805041,6.14163368431619,-1.606256788401958,-0.8071422173623712,1.0700236757667834,-0.1313142438777477,0
-1.55309456827589,-0.86634857496552,3.6226363994626616,0.46643128741231693,-1.1338294313705388,1.0212331416742377,-0.2378070374259397,2.121004182254755,4.539868766406462,-0.6132466946829512,0
-0.48296578632905307,-1.6176019688118566,-0.34971763336077166,0.7267940464018038,-2.287224575281343,4.8492479306488585,0.24511428437261784,-1.193830841118204,0.17738729880464188,-2.627787288265731,0
-0.7573119218747637,0.6575985966395228,0.9604735579235906,0.6959321009408497,-0.9181308342851975,4.91551805531576,-0.9509533830944716,3.974923497956864,-0.16182358747097167,-3.718693212437908,0
0.7075351454100165,-1.166539297530933,0.1904951770240455,-1.9465252863588642,-3.47264852678827,2.4057274302728966,0.22392687394660638,-2.2432349989600064,0.9069091601745065,-1.4545663553368209,0
-1.5320727985155436,-0.6879681380005311,3.4280377563290663,2.3654077719999735,-4.079576731132283,1.398315980906272,1.0895365830766406,0.16113067187294616,6.413729563509638,-0.17846555417295829,0
-1.277822344451853,2.3981970808399162,1.6735113264465353,1.796665201675017,2.538140264797633,-0.3266864096580931,-1.0990392245318592,2.8754665958180876,0.43241576188196534,-1.5062344502491614,0
-2.0563024807402264,-0.4344801050631881,-2.706788495730934,0.3970466698823999,1.772707821767177,3.859018964588581,0.5724453061551018,-3.1675553729181325,-1.934224861463398,-2.0549045679397775,0
-3.2457042440530275,3.898571768308831,-4.392719598055519,-1.3011092663913453,2.8618798935661935,-1.1663634948275814,-0.4296349785275087,0.8504978409544447,-0.6112281667280436,3.281963607319865,1
-1.209601728890775,-3.459652443565396,-0.0373839150757489,1.8197717873125976,-4.619412195595956,5.9720196334996265,0.7191686663554372,2.276758358787393,2.7869451210855676,-0.21465936312155054,0
-1.6652100086729573,1.4859324876266775,2.20546126136645,0.6190329465885325,-1.1522000805606551,1.863376180742203,-0.5168468831738285,1.2285138244220444,3.1397515379236274,-2.0055826236282783,0
-3.2640335161710468,3.8775394578587803,-0.4749777844792833,-1.1966655922843958,-4.1669961866403025,8.47546636404228,0.012223548415169466,0.8128731491385515,2.5142754897084165,-5.662096509710068,0
-1.6973906128057852,2.498632089194446,1.38271603482167,-0.8859707338977769,-1.070130119957751,-2.0966832937530144,-1.2060223714081189,-2.3062193867545377,4.306456644976346,0.8511167051368255,1
-2.5344510603116346,3.4971392211772363,0.162229332580071,-1.6254922701998327,-0.7494950762983708,0.7589035506058268,2.0487082576988507,2.8471174586680292,2.9582672464544437,0.30182014243204525,1
0.6870522636220993,1.2323664924805855,1.0931405323934116,-0.1493614956496412,-0.47460839773615593,-1.44920872965846,-1.934964117240471,0.28948434241116594,0.5698357313318815,-0.18158842253892504,1
-0.37199307454405606,0.1029505466706444,4.714116372245599,-0.6789803464631321,-2.7756616763069686,-2.6749317699456165,-2.3960822883304163,-0.6032140561983169,6.4305017407564815,0.8652309675622997,1
-1.5279559822717284,-1.0585776047551332,-2.9876066143474542,-0.2899813544366399,-0.17902703357443106,1.8559568035430791,0.3343270545535034,-1.7643813886581072,-0.2991342723744562,1.4441937334973183,0
-1.7357487137625487,-1.2982466360265976,-1.5515473724158912,0.8640699821389469,-1.5881793040113978,5.018373633133436,1.3111622966036165,-1.0572878398773367,0.4311884080153363,-1.5128574231623175,0
-1.7678451278611884,1.1611487039005866,1.8646708872628481,1.1568337810369889,-2.1895817742099233,2.072088998004477,-0.01622311759594124,1.252222378583479,3.8082116165143263,-1.2268728449054758,0
-1.921114286762778,1.2984825976599317,-0.1682629705224088,-0.18901429768247416,2.759983890421868,-0.1922944286228197,-0.7289592500331622,1.2159428120817064,0.1529070307138325,0.08939294803008524,1
-0.046280149909242674,1.1791477009227256,2.885078876596558,0.9959736788464457,-0.6107267993027317,-2.6801128218500376,-1.181981996068219,2.274008971392077,3.180721724980499,1.1003194888108547,0
-1.5116070299225615,0.38220151401556346,0.854603776194173,-1.320892282506161,-2.7366052069562246,5.105448616160297,-0.1330031639300636,2.288671756465537,2.057408919545253,-2.766244351372003,0
-0.5198580991110017,-2.4545865523973323,-0.5822847915876661,-0.7560040194566048,-1.538212213313922,4.210577081328185,-0.45025338777827145,-0.48129786811897723,-0.04861789386247747,-1.4710917271796506,0
1.0004522838905912,2.814719572253556,1.2114714115479668,-0.3635732949150291,-1.430263735493164,-3.309864635038735,0.2912027551380325,2.158638899818751,1.5451051568210494,1.4988289614752,0
-2.2555173810009204,0.7784856440648844,1.6643416180295776,-0.03227689410261781,-0.06730810009836596,5.925763733079311,1.1992995729215856,1.3183232929719304,1.0317572189159736,-5.353406198916392,0
-3.1771716424840823,2.5335745891479435,-4.066497391047104,0.8531653064131918,0.46416359107722993,0.5672959343224727,-0.7823539225019935,2.749708255841412,0.7002711510167097,3.7573043418322785,1
0.5240599312239169,-1.6905678482344642,-2.4081861314181627,-1.770481137776078,4.918008835843451,-1.700780445093763,0.9280906109910811,0.08033265825399294,-4.672331572892538,1.5707165311196412,1
0.19328293550347486,-1.931064965413065,-0.5182570656604758,-1.0800026083821321,0.0893869341676552,2.1569221852505973,1.50506203860833,-1.3771106178176802,-1.2784150684905875,-1.3344588603266179,0
-2.2910237288569064,-0.935831879606042,-2.6891275092883333,-3.044656539243162,-0.2754249882250219,4.385607019936831,0.4562494885285328,-3.7471006361315418,-0.25308540964805465,-1.3415378750130622,0
0.2887331483006228,0.24292322425254875,1.8171084475771042,1.2892030514068733,-2.4272847086213636,-3.6288538357073703,-1.2565653359454354,-2.2510787343834204,4.103643550102966,2.5219582164470005,1
-2.949734513114218,3.6453073782372893,-2.431379305347387,0.2320946379285372,0.6700488235025112,-0.22623600829916143,1.1166812750675223,1.6784540372122856,1.3774008210693776,2.2324018645207637,1
-3.8152539191790225,3.3275361389351437,-1.4000839370895768,-0.853932908460056,0.26062349180620004,1.3421141289688892,-0.03509646678459442,3.051255934150137,2.6983462833005016,1.413562654396217,1
-1.7206335919710043,1.925937953306551,-1.0442513468105212,-0.45389141615312834,1.603713747004329,-0.7992202973804852,-0.0885442145830127,1.4954040546003966,0.442024657564986,1.4146742273181425,1
-2.3708615613402824,1.3846088974940816,0.12236016618354917,-1.1530843317397823,-0.0916912494976787,0.9374264135390185,-1.2715485208922839,3.00453198283682,2.4871616203849563,0.9502970855261788,1
-1.7322293150051284,2.3620342964801937,0.4619648843900157,1.7984800871381175,0.8414109672021732,3.2513010101824977,-0.9783079498224979,2.4759038653979015,-0.031739131139912766,-3.229966209829791,0
0.9715763520830887,1.487517729731996,3.2989573393957996,0.23425926445676556,-4.574305297267065,-3.0099258350822944,-0.4486956826194842,-2.041021784879838,5.208356565420229,0.772442318959913,1
-2.6336543342143224,0.0015214622536299238,3.2308338521074917,-0.26003625018044474,-1.5846644436741095,1.0775344239280897,1.431152117761741,0.32393637917352014,5.868116659276048,-0.4129271387063378,0
-2.6872887705330815,-1.5702086517462006,-3.7418085417777154,-0.1840868670159194,2.092076334239774,4.211977517731452,-0.10986412310193568,-3.1214329631366815,-1.9437076917534442,-0.735308416344964,0
-1.9784437533766628,-1.269196912532439,5.08484135396176,1.455434483915325,-0.4845797725436283,-2.764167510761208,0.3735336834117687,-0.27858922360246363,7.218837133689883,1.7033485605540668,0
-1.981689417725593,1.5321845087668806,-3.2645495681746226,-1.874892064047533,-0.562320346684029,-1.1995417053669606,-0.4805744132024745,-2.0166647350759233,1.3880339295241668,3.680924066341738,1
-1.3468122771038709,-0.0992218266739171,0.65051504859336,0.5647891059076481,-0.28496557104981646,-0.8853425847543693,0.3350543519121714,-1.8338123241423485,2.7149623014867674,1.0978657952469095,1
-2.7049761521254627,-1.8720557245306564,-2.5267615057656796,-1.0179114904771591,-0.8959241539147081,4.516938082179658,-0.4513028643436646,0.16031381216176888,0.9012770853576624,0.7422603442922386,0
0.11360538633267736,-0.8998539675143918,0.2589832378920318,0.539764512828342,-2.204756697544276,3.0895993598737057,-1.7941435111986004,-1.45359483332338,0.3940878821306285,-2.246783875904752,0
-0.9937148429078776,1.183468785203553,4.542520034231469,-1.9227717720623363,0.43583147730781713,-4.577356565757872,1.639256516741752,-3.6184084355434893,5.4249348939663795,0.3067240373047124,1
-2.72381460793613,0.6600701296273908,-4.75185066706187,-0.015471640726739578,2.8584178639230107,2.7173314698524105,1.3137821765718076,-4.426228480599443,-2.711390242717514,-0.5470232702058749,0
-1.9848633351299987,1.0722339990232301,0.6121266679785151,0.9625028858001017,-0.9476117225513052,6.932211821464027,0.6817434088151417,3.079180921227719,0.23847341059057223,-5.069747202016394,0
-0.8373481198561029,0.7965565861633217,0.7322285485933224,-0.906902874722061,0.5122846893820107,0.06305943027085335,-0.9489528277686782,1.8961730904782546,0.9330896015154937,-0.03517928496104994,1
-1.8971344134958976,0.9122628978683264,3.026098196050511,1.8167556295751046,-4.455798833980048,1.7018298416422892,-0.5450872299955903,-1.6463387913032852,6.545864756994291,-1.2093143682641563,0
-1.6893365014190844,1.8900500192995282,-3.0629470344025527,-0.027384320403744018,3.487437850414382,-0.12245156248346004,-0.27036669676116976,0.7995295914240513,-2.453979422619507,0.9852686828227523,1
-1.0443796223158641,-1.711600332863574,-1.226524989941516,0.26429021015325105,-3.129788843791385,5.269284267814682,0.8552015077482625,-3.5987069762708934,0.8532984453192431,-2.316844727911339,0
0.2312778967806146,-0.5254005381382559,-0.6075673559635483,-0.4647672239117277,-2.094060577964164,2.674451945467201,0.2172079375284009,-3.3478818283987124,-0.19359433262049355,-2.178271036422608,0
-2.314548182436787,-2.601939349372805,-2.9768329338998902,-1.7632366989034851,-0.3722728479642803,3.9885001394018307,2.2887906608802893,-1.3154016010344651,0.11971358725369832,0.9913037733055812,0
-0.38426446843836937,-3.5426650870518817,0.4949448412725166,0.29335203632298334,-4.637177658275479,4.9122085933098525,1.419035611367264,0.4062802483491663,2.5589913135015463,-0.6494646106542804,0
-0.7858769547255715,-0.1571464958154436,2.522466496236749,-0.8972530061612568,-2.55190996146219,0.6401066075414175,0.03047641392062887,1.6951775737967907,4.066159587221811,0.0716520299807113,0
1.2859751121469425,-1.561589877056218,-0.24080775651924302,-0.6292121495294424,0.7812406917458643,-0.9645478424462444,1.6505729632328479,0.709744664087286,-1.6689056513846419,0.8810712933356948,1
-2.051972571250893,0.8081898639136056,-3.778567262883373,-0.41896344552123466,3.0615094430747885,3.9988591576534387,0.12224300454706621,-6.774084925252251,-3.7591032126285855,-3.8870718102506014,0
-3.4617663539475094,2.0750838974589905,0.12532909590182473,1.0152208918143053,0.2846723200255761,-1.0922922719985468,-0.38611277608614164,-0.9365104530478755,4.418979467776129,2.0362068813174545,1
-2.3944569754632865,3.564188103298018,-1.2271975969149969,0.1255485866511483,-1.084278638909143,-2.5884499432576358,0.054051662846000936,-2.0820862709087673,3.7718091212822125,3.0995300656447817,1
-1.7148490150320201,-1.4970696955423444,-2.6795285665420647,-0.10435844943808653,1.7916325102799333,2.9600993464398284,0.45015563394664765,-1.7931909103426518,-1.7943918663004854,-0.42328147558931817,0
-1.8794789225989745,3.309852267394761,-0.09814040479250807,1.306072203871629,-1.704048206656611,5.314028040464967,-0.38787578186246957,2.681654151732994,0.6521523998598988,-4.072360149503711,0
-0.8576709854687832,1.030419837092814,-3.2258339339483095,0.5571376184034819,3.338867288258009,-2.340986264494144,-0.8679224627511536,-0.43793429906296377,-2.3402182881676934,2.8647985003750245,1
-0.975554601358054,1.112690014382228,2.05378102575306,-0.6656934648935469,-0.1666451509075122,0.16260120298874775,0.2408767572004076,1.641738802997917,2.2732488628410192,-0.8521706671466991,0
-3.0726736492650946,3.4350141376682837,-2.691028306109546,-1.176644943900053,0.4500642873494769,-0.2637142373066599,0.3859700925688759,2.1057528323466648,1.5987493285699166,2.889956303074646,1
-3.6099582326045727,2.2367328423723665,-2.0818673920266524,-0.5652587392104036,1.0227586597268612,0.0017512385161462542,-2.3851136986930364,-1.6305259415955558,2.279321698658371,1.8833379511926531,1
-1.4002748283525674,0.7659071026641693,0.28471104528366165,-0.8905688105910143,1.7478735531711416,0.042901596701940006,-0.8596135138784541,2.566670965362043,0.4793464688819391,0.3470677743922914,1
-1.0088368244365449,0.9761768591324335,-0.8548431912124663,-1.6273117279473155,2.9912986339889853,0.19869558155242076,-0.30082595603229867,0.8571861246035406,-1.6923574283833425,-0.5673866435528954,1
0.166173251588702,0.6878051823720354,0.12883935740729835,0.5422030069090485,-3.5910258031237117,-1.2369169568353628,-0.21208966992042563,-1.4701190090019443,3.0086565451133156,1.8928565336680585,1
-1.0951471792811271,-0.7629554525334212,3.706707573648509,-0.5497893596380333,-2.2879466594154434,0.18625235938340257,-0.6529501558320808,1.1569262546096408,5.237738522849095,0.015312508175110873,0
0.24552209021788185,-0.7897406544854253,-1.0947863005566587,0.5198710181019115,-1.9158722660177947,1.9734018914349554,2.710331644334893,-0.849988429322641,-0.2705797201428315,-0.33364002027210726,0
-1.5157599316980952,3.7495959823546374,-0.37966740781768227,0.444853537557488,-2.4482372923363007,-3.561616543590471,-1.4439255470737569,-2.250304134002884,4.574445071123273,3.33185144212311,1
-3.610283804864058,3.1984063209073517,-3.706644635297958,-1.754284852822499,2.384227699172607,-0.4736951626902652,-0.9980946277690352,1.5504165283175804,0.39072502547352755,3.235906755312202,1
-0.6409061652981588,1.3054042653011133,2.163343071745549,-1.0232532233755844,-2.3330746541205607,0.6250394051485058,-0.5166141987601078,1.309564651743316,3.2925009416876097,-0.8248723791223609,0
-0.7617880846085652,0.9448567803524743,1.0944498593836753,-0.23372405785172545,-0.3117902677841513,1.5566586576967623,0.7147456498889451,2.849290746403169,0.9533506394484554,-1.2336607374080821,1
-0.13936593000365916,3.518389610269357,-1.1866500199318293,0.028775564080998586,-0.5039321168407273,2.1863453170118468,-0.06844649266641564,4.257749673901804,-1.685489084416012,-1.7276626379046796,0
-0.521406341065317,-0.5944517268280433,-1.5273212788655326,-1.1207676506962496,0.05535947411277986,2.4401726657887837,-0.0120435529599315,-2.8079291105783666,-1.2549554499044309,-1.5721657030987521,0
-1.331532369566825,2.81056389153287,-0.057459186809479146,2.196646054978954,1.7290500168283294,3.8533955392067147,-1.2261793578126834,3.7352262646712187,-1.8480160468836286,-4.075036541269027,0
-3.7382002578728293,2.963892686224141,0.4902340372073215,1.1655948951441282,0.5096829764432558,-2.3297962473548113,0.9625025919532985,-1.4131253922107478,5.233160133309652,2.4874018114040677,1
-0.0723631411416148,0.442167888080788,0.6587330336167883,-0.5551092279283498,0.5104752811564114,0.6814356865528038,0.7979752545819053,1.9119568894490087,-0.30236545967735917,-0.9777121220798861,1
-1.386890165495102,0.223806825064075,2.3134509725113626,-1.3204934434050315,-0.3635710861078225,1.0682253194044857,-0.38148941482409277,1.3440593858152852,2.8185886200504022,-1.1208137057434093,0
-1.4863884586117198,0.44160980346841416,3.004164187457623,0.5182189504454116,-0.25116544211825564,1.2314048958077564,-0.9546181019500601,1.0797133962155208,3.1456968457657015,-1.9295152112838339,0
-1.3057701660174936,0.42771194937120494,-3.680461296404921,-1.4337300248102285,2.1077536359642863,-1.0149634947861843,0.44166256418606065,0.8389617376235924,-1.6228723168633872,3.4920954244248414,1
-1.1827634203940571,2.1783255681664127,1.7746695863485469,-0.6302492950044363,-1.6305552168767459,-0.6510472200788835,0.8331577666294346,0.6476913998682406,3.67820470381645,0.09791097417872208,0
-0.5481796740928917,1.6880609823311878,1.6007837469328456,-0.0017141536690639572,0.1812511983021463,-0.7358419301795244,0.7674793445541306,3.0216678566997643,1.5268660674295877,-0.03815460373773627,0
-0.8645883288797066,1.3263449468529187,2.14971663853851,0.7769367029315166,1.319009569806811,-1.389717508776628,0.9360561679360162,0.8725747310530458,1.751190519118494,-0.5043409463817177,0
-0.6018453363531466,-5.103768097312311,1.7358482863221476,1.6797473822215292,-3.452193761016626,6.836760219630797,0.7399440513793163,2.693486774595013,2.015687886875732,-2.2325381940361018,0
-0.8896434035706537,-0.7732486532310419,2.9951189990037097,0.39387321816474324,1.4439479851683492,2.116101784508774,-1.426018117120452,2.337262202720819,0.9005238288609049,-2.996504430972806,0
-2.2245243618907087,2.1761744435175085,1.588774258286412,0.5278393499155871,-0.5313310529094193,1.9201506708794747,0.5053371476473485,1.1720694532383296,2.899235380254232,-1.9251780216923082,0
-0.9601170404348539,-2.18244185353151,0.013513206649624188,1.4837439102037069,-1.8458090329749242,5.015615367623105,-0.6401544568346118,-0.06297951252425471,0.6674928895672692,-2.2249233129914634,0
-2.544976145310999,0.886346360632842,3.4215680435170013,-0.9066485451542928,-3.2363380253981573,0.0057587425797727635,0.10801412097950092,-0.9984311180366574,7.452759036307513,0.34703782638050784,0
0.6722337385618666,-1.9960760118722696,1.839133523441593,-0.40697436637337114,-5.448892090382566,6.061785888952226,-1.290942219493224,-1.281935722221564,1.8310880603794697,-4.501253208935006,0
-4.1656876245416345,3.173186105000008,-3.3038720239106745,0.8461184692959337,-0.0027477425519111254,1.141332832106482,-1.0504376287559674,-0.34692342827722045,2.385390789150817,2.3335922818631203,1
-1.2088306686600607,3.109305356538227,-1.0657501647554848,-0.6646510975020625,-2.213734720396863,4.758422950005145,-1.590141830680298,2.1865422497147,-0.08040877107015885,-3.168929417652871,0
-2.431759115206301,0.3059672343737265,3.4593724310217073,-1.4924622700059929,-2.7493880982937164,3.5208840293457238,-1.5679882655602675,-0.057708728434419765,5.455370096712384,-2.9015393629568895,0
-0.08858980383125226,-0.9637291122395641,2.177208788154906,0.8092646982419858,1.445028637979171,1.2617435298801196,-0.9028089269627998,4.317245346717648,-0.16908769547475005,-1.4857377417937296,0
-2.980835318685913,-1.9347195988468744,-2.107179810275272,0.6488819259038391,-1.8838969029877675,6.564902301417885,-0.08308932774318312,0.29280185964293315,1.3061762092785332,-0.8386325565962082,0
-1.2499128034663018,0.6035174718670194,1.9510594938239492,-0.1878594010087195,-1.3262082504077197,-0.15351844794564984,-0.2589387965783906,1.077235676602231,3.656038134535249,0.4039649499178617,0
-2.2476232712301205,2.1260744701182537,-1.7046977033360666,-1.2859997065164936,3.0487707063939427,-0.4915946760415685,1.0687923213942923,1.5741450069990714,-0.5182778871378848,1.175168158394274,1
-1.8210421203627227,1.3910958008389138,2.6490827361837845,0.3359681734405766,-2.9038980504865,-0.2851013653232408,-2.252793394731339,0.216301463564198,5.8958148673604995,0.5400148574620025,0
-2.7224013367115716,2.1999215455065064,3.0645362299036183,-0.642776382899948,-1.4279817283126728,-2.8673089431997143,-1.4162688593406074,-0.0014112750319790202,7.218353187168655,2.3070102775139567,1
-2.9346695725585854,3.107876519908613,0.3977212972166615,-0.6801734763479509,-1.2817474054020421,4.455713591207134,0.364561477355457,0.6335881698835504,2.385237248732607,-3.4604459033000485,0
0.13721814245004804,0.7399469713882182,-1.7801057120914172,1.1640601525859375,2.7341651960795748,-2.438334780086319,1.9120054690526975,-0.5595316288123624,-2.236363081735701,1.6524419036619395,1
-1.4269066325654716,0.7345617362582683,-2.05195204415931,1.1711676327061467,0.922421055989714,-0.16741703175482173,-1.332448347894566,1.4975316735849418,-0.09322411520253955,2.2304426103627084,1
-1.2824768237590085,1.692811401166384,1.0729410795838694,-1.543450943185747,-0.21169704288292324,1.7394166211682704,-0.26995189682516413,1.9725541218861962,1.3284176676308703,-1.7443860860997051,0
0.5988110343456765,-2.3701466336341945,1.126978025597158,0.6418941228586382,-4.7017863281989,4.4306212955470805,0.8931883472072516,-0.788179475835122,1.759563158852764,-2.3268680069828007,0
-1.3868416326350086,-0.7556070649835518,2.9408000514448256,-0.35824437790750796,-2.8235369031710977,2.1284239572388386,-0.29882008902920415,1.5901640675516737,4.686366423962043,-0.8130838902693759,0
-3.57661807591583,-0.7864504504994856,4.227925557635416,-0.6191229482499316,-3.755908908926702,1.537936832844792,-1.0984092179625526,-2.6964941059665364,9.179967771766751,-0.2815993040754141,0
-3.342959366076234,-0.8996853520755812,-3.1203326763803236,1.542276627661302,-0.8335064177284154,5.905350140966808,-0.2151138001704899,-1.516767283875355,0.5471065046592222,-0.8553073329994901,0
-3.0903700923760438,2.693462205245834,-1.0406273834722468,1.3530691601664073,-2.1762869791405026,1.484427748047677,-0.5279940217656136,3.10561803579219,3.8418629969264484,2.0097259107602525,1
-0.5511366550626149,2.5381356931979986,0.27548535906368943,-0.1650805650030461,-0.003154230471197117,2.621955787182972,-0.14365952989711814,3.994633275450589,-0.749846606576417,-2.601859198987938,0
-2.652439243894544,2.3935672092751963,-1.9777163150545771,-2.0807405253909783,0.6214192847627035,-0.355517981160072,1.605619832565118,2.091129645010115,1.5493543081243732,2.685169986360953,1
-1.3514722359882445,0.9778009059706619,0.5407484076604834,1.193586535476262,-2.5429890835913693,-0.1444667133957496,0.07386343441088038,-0.5292772164169866,3.83606762367845,1.2952698224227734,1
-0.24427013785376728,-1.1606894634256049,-0.6043610876761101,-0.9722982447348347,-2.581159150186733,3.1198624501970342,-1.0501865373616694,-1.007235666897188,0.6640657595427112,-0.9657396162746232,0
-2.0829441482543576,-0.08948505896653569,-2.090519825319465,0.3596808476863211,-0.6198251730893731,5.920527793245176,1.3746112675765545,-4.108733469175949,-0.7490935421201855,-3.86088869898658,0
1.3741650073067655,2.3551938106823487,-0.7161388208801904,-0.22347250523693915,0.6044073661043847,0.39549282742087943,-0.807591340098296,5.5126911778867695,-3.1719538573496155,-0.8814986080623395,0
-1.3985893627294645,-0.18267989285806152,-1.7786882398847426,-0.5002610165866755,-1.8814347053652205,4.890335047208996,-1.059211708372902,-4.409169429320336,-0.010948852892249526,-2.996979765269905,0
-0.43592768801967585,-0.830967803919962,-0.8015913356152737,0.9022713999434526,-1.3969138281740898,3.974828875721729,0.9943515198154235,-1.454696951732814,-0.5302436203242893,-2.427548273909327,0
-2.7918447582254147,3.2075134023355205,-1.962937623608031,-0.8414495141290085,-0.3151891040639201,0.8336863755846698,-0.43578972962363594,2.9351710172099263,1.7627427426343798,1.8331090572859066,1
-2.1829853898811944,3.0279713360034544,-2.7964633927741147,-1.407087194784017,0.5828485107460843,-0.8012535702227586,-0.8774840221556317,1.3549925272514776,0.6233827823497936,2.764380676571654,1
-0.802298902453724,2.1247181260459103,0.2611819594642846,0.20335945999876773,-0.15537229881718084,4.1880124367480365,-0.7871740699869963,2.7052427381373074,-0.9683580616642236,-4.05963142779265,0
-2.612072038504507,1.5908680901151597,-1.4891772504857188,-1.1321491407160067,-0.7446377183869255,-0.19793701232866365,0.9764313771980682,3.204230354253525,2.8484196886900564,3.6064827247588913,1
-2.3224973521080794,2.9187013443093437,-0.37583924882684094,0.10353815394917538,-2.5564472342300912,4.833758259496891,1.5941779562040121,0.43335528641913235,1.9817458947449005,-3.132294841023498,0
-2.070569432667581,2.496359655644393,0.07790463975723783,0.4484854541964401,-3.9443491456192943,6.681680256939097,0.7245917787231225,1.195894477570368,2.1816816525137988,-4.350478633416044,0
-2.1541914300480496,-1.798898079454578,-2.603166524950421,-0.03914402696834188,-0.7887910595817239,5.112258718135802,1.9669169625082537,-1.9242982250728882,-0.1949654765105424,-0.946021301935652,0
-1.9631100783813429,0.7465715008993221,2.4619693689023916,0.4939773822056448,-2.1038306227687573,4.935627242237169,0.9671781224389495,1.4142241282364623,3.0931177019667437,-4.106591398299869,0
-0.09910059248544134,-1.4076927246082618,-0.673301949684656,-0.9096804393124754,-2.847614144067788,3.260206923716199,0.8515910458931973,-0.8139320528757491,0.6145627178051909,-0.845527342110682,0
-1.9309853811672644,1.6187633965524495,-1.2699202844811386,1.1361913746425423,-1.1633208055240085,0.4606158998225667,-0.08269774501839869,-1.6554726886710847,2.137058517852701,0.9860786003052278,1
-0.39472104537606945,-3.3089854569633843,0.7907213298748426,-1.431354847054427,-3.1760940065435834,5.079121914059764,1.6372116447028533,1.1736177396259153,1.5318715636045077,-1.5969768543682121,0
-0.2628153172369596,0.3232459875011193,-3.9501032211465104,0.9647698943024456,3.8254535846469313,-2.800274534908577,-0.4289807173724197,-0.020684343622536128,-3.551028098924925,3.656572411863344,1
-1.1973339342584532,1.3953968845486604,1.7901446701302233,-0.8238368696411541,-0.3200598286874532,1.3805195295361337,-1.1298498572185598,1.4095610393833125,1.9214814201620602,-1.8843151279047712,0
-2.8808784320357814,-1.1638988384860385,-3.297052340655062,-0.16013013959793715,-0.2579755028094677,5.735642443288057,1.4930031044432035,-2.9069709373460384,-0.4455292018293061,-1.4635565917742668,0
-0.7493374212650011,-3.628039016833646,0.3625774978963556,-1.7210775209604694,-1.620726816382105,6.463761031041484,0.3630042848060769,-0.2121788450763391,-0.00010758722038008705,-3.408287827385605,0
-0.4193917437078283,1.577317261316241,1.4173363374968568,-0.9392415406820068,-0.6432363065595808,0.7134366454346797,-0.2165231975361736,3.190155026614069,1.2336349949829835,-0.9592601089186147,0
-0.5459653868153655,-0.456308912769942,3.097344998039894,-0.5289467627246989,-1.3879449718522545,-1.6676773576096666,2.3246989143234176,0.6268922534740269,4.3191409350086225,1.1063343353962871,0
-1.5788705040509314,-2.2252281317825493,-2.3119812213006155,1.1799885296897865,1.5580069447423655,2.9469368848725987,-1.8750073874719364,-0.4751538526034653,-1.4672029695515851,0.1622561823582258,0
-1.0608887384640242,2.0685040826893655,-0.04530847233943236,0.6041074554390441,-0.12670983223991117,-1.4049133206796725,-0.9085025115121911,-3.8879883297774116,1.7411750884202049,-0.050194111899625415,1
-1.4570556209363212,0.7377310464071236,1.4168479958664433,-2.4928104993953535,-0.7370018405667498,2.9020101561751654,0.3333698512608781,3.1324694570319487,1.7553858301706344,-1.8684204068381134,0
0.016848176008206428,-0.6862356092598924,-1.1925723591399187,0.09982631509976791,-1.730556662976314,2.05347750835322,0.7534174734210928,-2.9929868115183007,-0.21981049917944048,-0.9750000583994979,0
-1.1849268635598422,1.7034037398898605,1.848889883522349,0.4977883094177774,-1.317842967916409,2.144384564339769,-0.6049067639281748,2.0919460623157224,2.287008197932273,-2.1904805234988283,0
-0.12094930209366717,-1.8520172929611052,0.3422958076860745,-0.03204237068048687,-2.574612094032226,3.5808214088681143,-0.605679999935798,0.9419622386472724,0.9330358926807135,-1.1765591304191247,0
0.3955970054467033,1.1021885577528698,1.0545952509835272,-0.3578279334412669,-0.6210353426489789,-0.6259603171662207,-0.5696989629257314,4.429750842354769,0.6575375143835833,0.6451086524589935,0
-4.113731942644836,3.9138234312735896,0.4713587916521276,0.8652897561352498,1.6648248021296368,1.4276211978140791,0.053059312932619035,3.5572147831850036,2.95698967975447,-0.5446746807896572,1
-0.09625404517070346,-3.134508264045968,0.5466107071442914,0.7595000375161222,-1.219917135460696,5.359005410887448,-0.9096897884083344,0.2635446759723974,-0.5998932313262432,-3.2409071135547953,0
-1.4778480768712121,-1.7030572452682224,-0.7795155224581054,1.4950303097358375,-3.20182718358251,4.423611881770945,0.16279661809991253,-0.8494520529054304,2.0838610706812095,-0.575298743710941,0
-0.40014707482547207,0.3293091154214107,2.023644581074172,-1.269465266012813,1.3904839904840123,-0.9035550704654505,-0.3807634038618044,3.098180208002483,0.9651222005459889,-0.05176360394081181,0
-1.8652275156167828,0.2762150234152825,1.6133506256651218,0.6072890151016929,-0.42015132234205166,-2.513750550538627,-1.0259648174807778,-0.9081491666603391,4.698674917889334,2.6083420623464084,1
0.06888989692009928,2.3096319499957527,0.2326627224843656,-0.17951457487248015,-0.7573101776311386,1.0367686920334034,-0.5061890610853361,2.7758964934558543,-0.23421045425141515,-1.3396770555016564,0
0.3014478119290773,2.088311136932324,0.29339674946775673,-0.4603067625743631,-3.491875466250114,-2.8582691714878625,-0.5591638350592083,-2.6335304078084074,3.37788393421935,2.1147526743152674,1
-2.044561330627478,0.7423017537514293,0.26054246629709477,-0.030263057596985755,-1.4754737997989151,-0.3138643958524411,1.4678504449973098,-0.16577440993572057,3.869410089908675,1.9139804320966194,1
-0.5002203289118027,0.020483116513819954,-1.8239843409660157,-0.06723030719613125,-0.07733553940419902,1.2967269623138589,-1.05470445496592,-2.511701554354897,-0.9289704214005867,-0.43623553359152556,0
-0.3395414666670562,-0.255048283362469,-0.5656261410280238,-0.2544760766453415,-3.120166770691493,4.456826643875593,1.2371808002890092,-3.2917620321689234,0.46760705493420035,-3.209197876381417,0
-1.299656392186593,-0.32917252543100717,3.2134343511423875,1.5821167513035672,-2.146437000832762,1.1196373652004137,-1.162065820256283,0.7352988906597918,4.619267586187278,-0.8730531974168764,0
-1.023702314894887,0.11285150019819401,2.1580482355849484,-0.39361158203300994,-0.7180725230073223,1.0623687060230909,-0.7603636412161305,1.6389943245756597,2.554202717723615,-0.9644716200320184,0
-1.2438285044505526,3.598088849300979,0.11810199465914151,-1.4222296495062072,-2.6773073371997844,3.31766378675935,-0.02439856723615665,2.211010271699008,1.5620594511212273,-2.5428300534795776,0
-0.8399631980703728,1.801681751123815,1.7122568910003726,0.3989921575016956,-2.0467425420925616,0.8587809506058569,0.967794469003426,3.627982275783268,2.8810918415419122,-0.31317322113586976,1
-0.6621202899750378,-0.8939375508599752,1.3019712429272585,-0.18324524320928193,-1.3217222055310816,0.11875705010024645,-0.20233890687008754,-1.0716847950250545,2.6586939421001174,0.3080044041766876,1
-1.7573542202642574,0.7299758635380219,-0.6039464168848168,2.059845001737402,2.148658081934615,1.0307130183384434,0.8007019475455768,3.0714573493559216,-0.31868201891104814,0.2088023769060392,1
-1.1445330277857473,1.4227171589949141,1.3143318036434672,0.6159670060468382,1.1907749481934071,3.0925405062207862,-1.829681815208083,2.6134094136911594,-0.33365668695967854,-3.6829108965079738,0
-3.024907887973304,1.3699482892754828,1.7822227058174471,-0.6316515245136439,-2.1534591060547403,4.464456695104051,0.8293237725828624,-0.08939175890298379,4.21115998759527,-3.1618605399188358,0
-3.368699544796619,-0.11103609397865588,0.30406428324932144,2.254038108921119,1.0816532777997234,-0.7469302157631538,-0.08378309988906465,-0.05754249982147286,3.9904414429509307,2.619450726890885,1
-0.9860911059298156,-1.1105885714258548,-1.2340567027890779,1.9723444790822,-2.5434020828539268,3.585183852320123,0.4704829961291065,-0.6527362243597599,0.9970931865601659,-0.38651177234860024,0
-1.2280805807824915,3.3989945257197443,4.097485480348352,0.06970426942928022,-1.216665609858193,-5.695556195276384,-0.8915434898545047,-3.3459431284080177,6.8638093354387495,1.522936759482772,1
-0.9101500439763882,0.7375947593470021,1.2563681807771552,-1.1310672355025877,1.4666324733256588,-0.1081821347854825,0.021092747850587245,2.045610044497777,0.6960640847481111,-0.534290021702208,1
0.04699051784451047,-1.5208513132715042,0.23329034352076805,0.0017948728781070852,-2.48103692296535,4.0283151325145,-0.40415715947930275,-0.7676936231834631,0.3388155821051837,-2.4301292962262155,0
-2.01607934723958,-0.02679959815355981,3.744295904240777,-0.03916211544275943,-1.4915383130860524,0.11124342596469051,0.36539424192514075,0.14781837579376722,5.7523756419734005,-0.3384116309992231,0
-2.2700064200887993,-1.7333648293017183,-2.444793182931945,2.7922088679099613,-3.275991350435885,5.319071757189151,1.7649138055507714,-1.526691226522001,1.7964898152993112,0.0905764058172982,0
-1.5359427748770997,-2.8710774284778444,0.7085828466007125,0.41195299906180954,-5.971960707631895,6.956131170008868,-0.5996399948212037,0.9451472473674687,4.100873728946237,-1.5512535169493282,0
-2.33616431889034,2.6171922948384108,-0.01844383002002492,0.19265153264802468,-0.9738418144257233,4.7728426441103196,-2.3784316598733284,1.9097449627449075,1.0881419190025943,-3.4310978691649514,0
-0.19269582772201677,2.091600313180918,0.4025145194715265,-0.9365920062436421,-2.4997084258313427,1.6804739094546073,0.5529052285994815,2.5673052074125273,1.23951963523595,-1.016553492118205,0
-0.6502732520468643,-0.4159231897499003,-2.4026277681489216,0.00878844263207182,3.7018056268578468,-0.4211001847420101,1.2019316695395432,0.5547909658845258,-3.0558120649709246,1.1763473275185805,1
-2.9649640041154948,4.403704819305653,2.8915520861887503,0.8187659708488161,-1.5934994587902571,-4.535066705220223,-0.038323835697372494,-1.3332574805163635,7.9677275230163636,2.7098763724303847,1
-0.7657275630697333,-0.05750823147121409,-1.6468650233021471,1.3655264625262657,-0.3561254206477922,3.867511999366104,0.3813528345802849,-4.101131602772665,-1.43459095881359,-3.2380733045251784,0
0.5187597551812941,2.8393085402187976,0.2863367746466545,-1.4991812019576982,2.2230554709546833,-2.328349023330779,-1.9819644857387133,3.9816545562456724,-1.5602883682148256,0.31261908998167187,0
-2.68960360854008,1.2012621219373512,-2.258053515566524,1.4980117703044276,0.3689406101276107,-0.48086994971773483,0.10172320847176979,-1.4372693960575986,1.8837922167154135,2.740962942673905,1
1.8894907823382834,-2.725042654522169,-1.7187060590451917,-0.29779615622396016,4.659221638142185,-1.9629311633583715,0.10264552853966442,-0.8642088139211928,-5.531548933877246,0.7551920561225018,1
-0.3139133926895712,0.39706597043604064,1.921224401913136,1.2121292042334861,-1.5598787573338846,-0.008775289051208793,-0.1850976494212187,1.846386806310952,2.5914955864212743,0.033722894057267805,0
-0.12152533976854141,-0.4072312693164881,-0.8737438513395626,-0.6374874348250117,-1.218842388078658,2.524075428731526,-0.897659385275054,-2.2878480316376666,-0.5066097605642361,-1.7402488434002141,0
-4.398004729062811,4.0633467568004225,-2.365842601234234,-0.4138949422748569,-0.1319375092420827,0.3809080199174819,0.7663884765723994,2.9526815641661903,3.5032470360399897,3.207278348758909,1
-1.8826151769524402,1.7100447475007676,-1.4137628359119778,-0.9391555697706817,1.417040448752307,0.4919687293550524,0.23622364626423303,2.0115829606290525,0.02160324598294494,0.8594207682255496,1
-3.238741760042932,2.9534236901496733,-0.21720847424749445,0.08409438825019651,-1.5145983637575766,6.728318517581057,-0.11455942747251965,0.22690181396602194,1.5871850797068254,-5.020455040229217,0
-3.503869920827538,2.896028891964524,1.2769827969870704,-0.02518868352947947,0.7615788054302306,-3.0499423531110206,1.0845005302909256,-1.6019758544381584,5.534005098486961,2.3642678419090397,1
-2.134807782730364,-1.619332232153092,-3.1791848023233165,0.3014070697811174,1.8881049429307732,3.611770196576749,0.24180207155574857,-1.9931113019762108,-1.8948410170528345,-0.46104209731471,0
-2.7385769476830415,-2.496370985883291,-1.512505514826021,-1.1285906730970345,-3.1417641998744466,7.216074734669246,-1.532683970923734,-0.48618271227550025,2.0732624756040914,-1.399138846104315,0
-0.25212178184259626,-1.9685451857649483,-0.05048896118418811,-1.4089191026905248,-3.1980662627950496,3.636112310380841,1.031653774575175,0.48688060034974434,1.3372301090689032,-0.6469058047803777,0
-0.8544052997616239,-0.6662459211210985,1.9022954039278526,-0.6378086928599359,-2.549820538000917,1.2323419866200103,0.10618291944021628,0.05464000595640495,3.6157120264618854,-0.2680942959090098,1
-1.091651640637527,0.5891470713859432,-2.433311744242779,0.7769316923548287,3.7230467398290608,-0.9234767028802149,0.707457710864381,0.054336699954245615,-2.4576962796294723,1.3055938796753774,1
-0.7503475294180421,-1.9114931426814745,-0.5433625616143172,0.87278741446961,-3.344086109473759,4.745537331845054,0.9724439979180102,-1.89497743641319,1.2927905448769106,-1.7398884435891375,0
-1.3535331142662304,0.9754138626728195,-3.0607229396979427,-0.7756066046023912,0.9141281360906306,2.6965786624705657,0.20545568703630285,-4.464002275344528,-2.072282230828891,-1.9647854042396946,0
-1.5499098440639885,1.8897940544138765,-1.956840048643897,-1.1681778278502002,1.5643702959957875,-0.7307143616929608,-2.2175910793587708,1.48758798126541,-0.2891393259084359,1.8669305393494056,1
-2.35427930422645,2.2287287596352243,1.9786431851870239,-1.5223343182817441,-2.3879483159587074,2.163069537759206,0.46079724361596747,4.007689973402945,4.544878879037147,-0.6176802739474745,1
-0.8224041432013126,1.3904819646886009,-2.8711505444579366,0.03352470238858753,1.4544058370993098,-1.345405268233322,-0.03204749416371351,0.8051851858294173,-1.2878371040936818,2.6722702601859383,1
-2.3977675514047077,2.8234341626249093,0.8762112724199698,0.13249714349564554,-3.490258187931545,2.7687996981430323,-0.8839988567464406,0.7011488054559476,4.4408281667261065,-1.2712125836685098,0
-0.728123551965257,-1.2836764951365138,3.594314940242649,-1.3045894438004726,1.489704666036094,-0.8665324093879782,-0.4765514232192414,3.9770950421475346,2.4334179427282865,0.23122126688619238,0
-1.4454553652200226,-1.1624692106558578,-1.3318818898138294,0.33323053499002175,-2.3886689741380223,4.4485470188245495,-0.24733596389641815,-0.5000146889438136,1.0227469170839663,-0.8361363915703568,0
-1.0087434285365222,0.795716329538766,1.6186303397751423,-0.17749188377428318,-0.8706157471455146,2.040396054799308,-1.750975574405228,2.964529962791694,1.7853373936580361,-1.5001310321685355,0
-1.4834014377018612,-0.04078805885415715,2.9085597980758777,0.8598335614674577,0.5625140133252167,-0.10741612864008844,1.7445838700752485,1.260336261704836,3.1632617512073624,-0.5859845488329738,0
-2.386468478525217,-0.8217643059156465,-2.3110174090689255,0.2939493879431622,0.6857072507305446,5.62503317030303,-0.4509940170293094,-3.354703711658949,-1.219388663959413,-3.1645185830730913,0
-0.8266616355713181,0.16734649504898336,-1.758075137231938,-1.0757366484416113,-1.766080822105574,3.3231405332729502,-0.528998414203127,-3.0289147070151055,-0.15761975963076688,-1.7036680569445297,0
-0.4247942483730347,0.6986989568755367,2.3782947847700457,-1.0078679132221302,-1.9244947700178416,-0.5008446959930803,-0.6084939037312018,2.037760662959805,3.4402342572716402,0.36462528183689513,0
-3.228453841902536,0.14705201816098112,1.9619263021578104,1.127686294516429,-4.308356407667008,6.895500443216696,0.9588163064676725,0.7338677158208862,5.266877526833589,-3.604087372448727,0
-0.39277342455263975,2.176626791204858,0.26454881276193176,-1.2101609434141578,-0.9088892527013532,1.7295325999001185,-0.1570248284447078,2.7013711580836937,0.1884529942566117,-1.5824634119690795,0
-1.6734213737840613,-2.861999817518826,-1.0043301236432283,1.15469376671672,-3.87871300987295,5.257823491226239,-1.2703620463250862,0.625955149774454,2.5078469120194344,0.31012900600623805,0
