voltage_drop_V,current_fluctuation_mA,temp_spike_C,signal_to_noise_dB,signal_amplitude_V,phase_shift_deg,leakage_current_mA,residual_noise_dB,signal_status
0.5496714153011233,23.698695603703523,31.609922543818374,28.628468964073853,0.8643010539025556,6.021471099214547,0.02468165073509006,3.614325915001581,0
0.4861735698828815,22.35149677691384,31.37268713292917,20.60922232066227,0.9389001073892694,2.9641011077296993,0.0007611362787415168,2.9328385126784875,0
0.5647688538100692,21.5968290028528,,23.767087367105464,0.8805237877909714,3.48307215413827,0.11427315822425875,1.8093789514788767,0
0.6523029856408026,24.255409222108852,32.3592784663885,20.49913157549884,1.0220836093892238,3.041168523569691,0.03743764556838173,1.4352094727643534,1
0.4765846625276664,15.807934921433262,40.86263265457396,16.663333093917597,1.2394357062923826,4.722997956120093,0.09479012958559069,0.6316577282443834,0
0.4765863043050819,16.58722058226641,24.80614304738564,8.790420327455434,0.8457915685717591,7.340384668141123,0.003088701347278549,3.0533628299179227,1
0.6579212815507391,35.16413453795574,43.38786120840474,21.027278435181515,1.2001640995536829,4.989918259552943,0.012903452287769353,2.329612774127392,1
0.5767434729152909,26.803777658821996,38.902198568674706,16.121966976988045,0.8436655855306224,4.113562615144609,0.015013379964191196,2.473788066932653,0
0.4530525614065048,14.068879357636126,29.126133424231696,15.998322969173481,0.8304745575006232,1.9487701399095116,0.024444359912794842,3.925839102452283,0
0.5542560043585965,18.20286630411315,33.86776290129722,,1.1637189236686427,6.104249169459686,0.08119367337457095,1.3236188650773995,0
0.4536582307187538,19.591927413905626,47.78657446112827,28.72430703311747,1.1843872756015235,3.439190788142745,0.024433467649576986,1.8021497377223272,0
0.4534270246429743,19.77887537785287,40.86838250804693,32.02418771126986,1.170281987352531,5.235035238316193,0.011448872375027189,1.387303024784495,0
0.5241962271566034,22.61450059221623,35.07026923918518,21.086039687642003,0.7368405183563718,4.2915627681667186,0.003359916649886186,3.3795908221107003,0
0.3086719755342202,11.582011640707716,33.098533464312126,17.67616388044136,0.9068098043855899,6.676354439198875,0.004141465701961492,0.2791666670683125,0
0.3275082167486967,12.723965889939166,35.61287256361328,14.113867912743949,1.1645977184006644,4.685527215942896,0.07136565332452646,0.7188188519892845,0
0.4437712470759027,18.734488455514178,30.905891536461574,22.342700807730346,1.008308368112779,4.882147290953897,0.02942161285589371,1.4725262835807809,0
0.39871688796655763,16.206354537542296,18.162003954247883,28.91452800032572,0.7852614307605071,5.9714942949109195,0.06476442101836657,1.4173471107697975,0
0.5314247332595274,14.59908821213849,51.33742328427785,18.763298064874217,1.0916635878250884,9.213880364526371,0.05733036013442139,0.7658612851738813,1
0.4091975924478789,15.678504806189576,36.24259999359521,8.10501979623388,0.8570385482017059,6.7768938607171085,0.007272244540248403,1.8576219706178898,1
0.3587696298664709,11.796565891877894,38.1851781209803,23.350248359077618,1.3589049696784423,4.822787787302781,0.007709330184841226,0.25032071271063594,0
0.6465648768921555,26.388229332411754,34.53673800098473,24.926998557250247,1.3089682924836517,5.006395981230577,0.07039470125454847,2.3687150791456815,0
0.47742236995134646,28.05267180586409,29.119065594203295,12.070771798070762,1.1208194852711135,3.9502810793511305,0.06387527926074298,3.509457128595563,0
0.5067528204687923,21.372557815174606,33.512604152409835,20.882420918314764,1.2722013409539548,3.1000085929606094,0.023743232594725727,1.6882180260521127,0
0.3575251813786543,13.360418196628977,22.20484190244551,22.256130080680492,1.0129582700246762,3.894498425867356,0.004029181961393831,3.4722541169338292,0
0.44556172754748175,20.587873607831025,53.21669198442643,19.63446348995531,1.1530874988750033,3.455702072576115,0.000608589920076328,1.9968505135728034,1
0.5110922589709866,21.891754020467104,25.123904012620834,16.04614540457323,1.295544059060415,6.3067367675917705,0.016994891325336454,4.734966127159633,0
0.3849006422577697,16.65630916166631,26.744269729222566,25.07968611781778,1.0490997363588626,2.857610284262028,0.00046325310132958833,3.1674683887698407,0
0.5375698018345672,23.323343853029698,31.477926364908797,17.983101270156588,0.9489625656971432,7.666421122760088,0.013072954085193121,1.1733926761749913,0
0.4399361310081195,23.767075934813406,45.30460579881902,12.574069186500338,0.6590756083645768,6.504092767237659,0.0271933376486101,2.9410465932174774,0
0.4708306250206723,15.440559694849146,35.11607199410123,9.752627571651596,0.9833732948557012,5.041003458735337,0.006472174563771112,2.0703154519484666,1
0.4398293387770603,19.014069781516774,25.1109136317563,26.30424759999655,1.1646846369124622,5.000637222930137,0.005506245582311974,2.749817124969225,0
0.6852278184508938,24.629969348091137,45.034706886058714,23.083319882355593,1.1891266855135258,3.885437380770893,0.11337896815476792,2.702654369471476,1
0.4986502775262066,21.61254904007501,40.84800501428385,20.439867735645844,1.100873013143682,5.540168822695528,0.044030500034137054,2.371449748418505,0
0.39422890710440994,13.013096749718114,39.30747965773162,17.798626815745983,0.891740181007552,7.176184926417179,0.13625144135583886,1.8233911935848457,0
0.5822544912103189,22.038079207597505,40.72587392936672,17.355007928984364,0.6046356862104818,3.5936870754883725,0.02121910791178358,2.5774831221858525,0
0.37791563500289777,14.231355657402192,54.15489520465961,14.621316757791943,0.9009569803990529,1.933215822162539,0.05652758894234027,4.087658286278369,1
0.5208863595004756,23.76290453805315,52.4807591602889,17.842721777200577,0.9391310257892097,6.406436509713488,0.011451270442513173,3.8986850778224023,1
0.30403298761202247,14.91668283630814,29.506277255973636,9.399563924399128,0.9374142065619971,5.648731948487601,0.04816129751896958,3.060228764377206,1
0.3671813951101569,10.950103675067123,47.99107994248922,16.31968173265743,1.1237112713955848,2.759602397117641,0.006939300413264649,1.2266318075797524,0
0.5196861235869124,20.95224727647604,38.065345518071204,18.44531241824453,1.397135282202968,3.533217258171764,0.00010414033565366114,1.5691381681940682,0
0.573846657999541,20.825126755734125,38.99276652910199,,1.0247058403682185,3.2817914518997187,0.13406929478338608,1.4013887433391017,0
0.5171368281189971,16.90995839273388,21.46183334685337,19.80036768313318,0.9566536421687076,3.550935461931502,0.040472183403547475,1.604973252613959,0
0.48843517176117596,18.886355719173928,33.63691387689443,23.974615569377796,0.9481556373991815,4.352634491917625,0.13082416647029682,4.08028947745524,0
0.4698896304410711,17.870136852275387,28.49741127730748,26.745675525567147,1.024876953381543,4.466905391438505,0.020310633650915153,2.1652616962344156,0
0.35214780096325726,21.366061497566857,41.62447051914647,25.290850469120507,0.8343412479303202,3.69841268986308,0.0198589319829877,5.1462421759871155,0
0.4280155791605291,18.419502642503254,43.56864400322244,22.352549236892784,1.024039711749211,3.483672361000144,0.025595894484650508,4.05384632935888,0
0.45393612290402124,14.024592413898137,18.40410919186951,20.05931339590392,1.09016246726636,4.542431312161237,0.061215746128948395,1.7767795083420337,0
0.6057122226218916,22.534166892362837,34.823721087965836,15.096059957932205,1.0419372127148976,5.335383069719122,0.041713495350506447,1.7664378731089125,0
0.5343618289568461,24.43862304456204,43.974892038354014,23.699720256896583,1.0915083868009563,4.367406927270311,0.12975052459539846,1.1699394254057258,0
0.3236959844637266,19.213167697158838,33.50656830149244,28.398736911107648,1.086749521869707,7.317334046682603,0.001288505827503495,1.3435290358983751,0
0.5324083969394795,16.538385940865307,40.832509160018915,21.71053019825209,0.6456206635507112,6.0161754288415725,0.06158363612013679,8.022745393715624,0
0.4614917719583683,12.819897722917599,37.80932374101667,29.586295742130616,1.1273740316790806,1.8183082862826083,0.020048338742338384,4.167437383938792,0
0.4323077999694041,22.90520752489151,37.73328185562101,12.372141459694582,0.8657970308675093,6.0474555308277065,0.009936796028466652,3.452344434626082,0
0.5611676288840868,23.615547687476184,32.82948017545362,14.229183076102293,0.7808321673992085,6.211087965171165,0.03570788034464101,3.415080570278591,0
0.6030999522495951,21.519119894354706,25.267353566914323,24.27600753874131,0.7791096344290007,4.130530063751618,0.035166319082274945,6.090976809671229,0
0.5931280119116199,25.3290077348321,26.02775882059978,21.321451050766257,1.086708322094506,2.009604825393689,0.0073676683728554695,4.8699103580347955,0
0.41607824767773616,8.735886690058814,40.67482011564254,26.568910882859036,0.9554850145550294,5.016133518822272,0.011275821727113333,0.529019661554629,0
0.46907876241487856,18.773277016386626,35.15566604415106,19.922641796366303,0.6636062432029178,4.984582697035512,0.02622634164803053,1.4899848707478671,0
0.5331263431403563,22.30851724414351,33.8919020431422,15.660122887358341,1.0956075630384567,2.7567075269336105,0.02628101066551854,3.6013590060799983,0
0.5975545127122359,26.674990927102925,31.60887966142118,18.93203378897479,0.7120783738402345,2.097561567480129,0.019103897090376288,3.090944783111693,0
0.452082576215471,15.041615191741226,32.55848923615399,12.33658014538133,1.0279642717036421,4.824892907093121,0.008040440306689716,2.8660457908397485,0
0.4814341023336183,19.514425577554807,43.37529435590511,14.357046634514827,1.0476997851346108,4.533845615898356,0.00021916358076782638,1.069060202534484,0
0.3893665025993972,12.798386225797126,32.31804734505579,24.862219989590052,1.177115416339009,4.165469269355213,0.17572120848711748,2.356923890757274,0
0.38037933759193293,15.981324770700269,24.27148229358745,24.36393707234805,1.3563369572933703,4.833178530506877,0.14367505036819317,3.892495969394128,0
0.5812525822394198,20.56406432248772,40.949214204321386,21.815021424030384,0.7270647348198916,2.7944472523593618,0.03304855916021833,1.9661572080223209,0
0.6356240028570823,24.200657596802632,33.36098668908226,11.394612395197653,0.9895052287873901,4.130358774267772,0.2654360981057477,0.9303059877690002,0
0.49279898784196663,16.724513329307978,35.251166924262215,18.207982122435556,0.9447329409911566,6.066650061228695,0.05598990621748754,4.344580339843412,0
0.6003532897892024,25.96754031703907,47.86062645119608,13.875000556699746,1.0867499371921925,4.300059839297423,0.00356714962909273,0.8907355303954863,0
0.5361636025047634,24.02189745016053,34.835515541195946,25.882666268938827,1.0431337541867238,1.6560550564148961,0.006262188591570215,4.260625398282997,0
0.43548802453948754,16.71565927170726,37.313469384949805,17.081389332186994,0.929490751452676,4.054615444552857,0.1239129460707229,2.470217750399473,0
0.5361395605508414,21.560296406913743,25.568612069613398,14.571261446092253,0.9118195622778289,2.859683072986279,0.04971966850942231,2.47095973629477,0
0.6538036566465969,21.806372021963245,33.24264438119232,20.148980825607122,0.7767098289631905,5.534272592923461,0.09263398773446457,3.870875961776993,1
0.49641739608900487,18.957665899539833,39.87620836166881,16.79922771582694,1.197572316481302,5.637674806760851,0.11427147950517101,1.9793119968031454,0
0.6564643655814006,26.107960772130788,22.55701012927006,27.418719551018533,1.091840836319906,1.6824507498279382,0.029705109309897823,5.328752367635584,1
0.23802548959102554,17.383398856730945,36.60676074492568,16.325945512329046,1.1835536395590274,6.518025941164378,0.0024871433501109427,1.5173760053468255,0
0.5821902504375224,19.951708940178406,35.80632858115845,13.003858703876844,0.9379207727048973,2.775627397442883,0.01043001278490909,3.831824010945815,0
0.5087047068238171,24.740719989209996,35.330299644699515,9.235432421212423,0.8686329062611139,8.118364580964702,0.0034445695801551893,1.8111249227568442,1
0.47009926495341325,21.794546918533953,43.29727118926594,19.846067487932924,0.7843369866741544,4.902447470998767,0.010458324709181496,3.2006653414047728,0
0.5091760776535502,21.20895231961242,37.67550811878817,17.19034943071037,1.071783516748132,2.5072130029216755,0.026426820772581867,3.0746867677638736,0
0.3012431085399107,17.32558579418183,46.824575186851554,12.855476967441366,0.792041355094353,2.716027858614637,0.006289319452424722,3.5360671307020315,0
0.4780328112162488,20.23762886647054,27.051283875247712,25.946132306278926,1.3697326137933101,5.6961905835746895,0.009120072867616558,1.082802694028696,0
0.5357112571511746,22.595927873050773,36.087396537746784,23.336225737146208,0.7384714837813119,4.217400220203245,0.02951344754777732,4.7248902228830945,0
0.6477894044741517,25.75221421991343,35.67573429111958,19.858910605313852,1.0547320238425004,4.806692180763719,0.02078872466260859,4.185431495214565,0
0.44817297817263524,21.597625774161294,26.445964049959358,26.821631220854332,1.3133709414427572,8.225560465394079,0.03152346861639996,3.3932387726634365,0
0.4191506397106812,20.0554332898599,42.65036001673077,23.312680166993065,1.1198179518527618,3.6015118715418497,0.028033369462633795,1.7752811643867974,0
0.44982429564154636,16.11593996317322,53.59738644682254,15.885720492407838,1.035134742498356,5.119925715391413,0.05170841100297302,1.7717199773211507,1
0.5915402117702074,19.703866887011994,34.86395140412935,14.80389918004617,0.8063032706076209,7.839688974746107,0.13838169000899134,4.677569217979861,0
0.5328751109659684,20.706062526451767,39.04016870619014,24.089907722269306,0.7236461622864592,5.5410269509328005,0.005706853551012913,1.2475922708578178,0
0.4470239796232961,15.480843491738904,35.67614780652262,21.981834782336755,1.1540100217835172,1.7867945292839882,0.005226939851897368,2.05839456174404,0
0.5513267433113356,21.86249600860736,29.291322640742592,20.848738839853308,1.3012294481549893,6.010778023464273,0.09580022945561745,5.8198673357747355,0
0.509707754934804,24.10062460144458,20.433917777583872,15.767510985655463,0.9122300019043657,2.6739942844331117,0.03530115651317226,2.159334175806566,0
0.596864499053289,22.50267499687119,29.353812135237078,23.03973783502877,0.7721876984767297,7.81361505746593,0.0727083266630597,3.483113546740382,0
0.4297946906122648,17.063317480555867,23.86433295238615,16.222505584330253,0.5083661138901963,3.354264790004044,0.012130458125299042,2.205797699874024,0
0.4672337853402232,18.863419618034115,48.632816624472945,19.49006672703161,0.8038470312674925,10.93901901549133,0.08826441897794972,5.710254644852028,0
0.4607891846867842,20.976860034087224,34.079122448614086,27.2347207319349,0.9772686315001919,7.934751976655356,0.1287502934800918,5.974583162506674,0
0.35364850518678814,7.40527220551771,32.23264536762264,16.69582882094927,1.3198246481673468,3.4067748607440427,0.0504591066019366,4.73626641583964,0
0.5296120277064577,19.364380223962417,42.11323059830245,12.135053714635696,1.1346267384465938,5.040027610003221,0.005595709511383967,3.1264353933789417,0
0.526105527217989,21.67807216555798,26.025991177152896,14.737264040649448,1.0610170809413506,6.507288563266927,0.11283033159146344,3.0050417002620877,0
0.500511345664246,23.620690695850424,28.86508769596358,24.971494133438117,0.9199760677397738,6.567320948453416,0.07862823979279587,4.107352272233975,0
0.4765412866624853,17.5859441239808,35.544578153988965,21.273655686901048,0.8833668565488088,5.884672519952394,0.06949058227884872,4.350551645019858,0
0.35846292579495853,8.708858913672719,43.230151931387844,19.35561310655623,1.2811295195015928,7.50431807393222,0.0018709826249665472,2.7261275392014195,0
0.4579354677234641,20.176553046836972,39.013480361350304,17.454530973442154,1.040147708151678,4.754062106731261,0.08021319733967568,4.342930177726528,0
0.465728548347323,16.723054767416034,36.98660114012706,22.42679953776595,0.5794798616157956,4.266564662847934,0.007422158876502283,3.221333115432539,0
0.4197722730778381,13.22189094584244,35.624941881888134,15.754475745048882,0.8652920704205515,4.306272024150779,0.012576262423467419,0.9150279986643833,0
0.48387142883339906,17.48182098419629,38.2018868442142,21.52832784321298,0.8283567936456746,6.716746463944254,0.04303509546531653,1.8601159845058393,0
0.5404050856814538,21.062627354290605,36.613223241034035,16.343727155935216,0.890747198164507,5.730362080605293,0.015392931040734553,3.5708752829709782,0
0.6886185901210531,25.730509611227486,26.760221801784514,15.51170307362473,1.112582132057017,5.582567331380512,0.05413914283757604,3.476716641682339,1
0.5174577812831839,14.081613080030147,35.36863377306521,16.81256282587494,0.9785110236411502,6.590468498514364,0.04683365844300746,3.558459481234628,0
0.5257550390722764,23.72140015355245,26.41049072865798,18.12296276758019,0.9846269185992675,0.89789518429229,0.005722843562217646,5.913279243641714,0
0.4925554084233833,23.5268414607715,35.648660343206586,19.755850820331485,1.2626946322650474,5.620137647750301,0.05335780025201762,0.8481016545829065,0
0.30812287847009584,14.27948111282235,31.15481646809407,21.177278975555573,0.8607077820426623,5.437137777747432,0.12882144114232774,3.441477117787755,0
0.49734861245507833,16.480887486928683,55.31505298226289,1.55817354285778,1.37283990517747,8.33761616260141,0.008783778827474891,4.9421498035082845,1
0.5060230209941027,19.636446237921554,34.68084492998631,15.961747211266175,0.8657384817257827,1.942824035472666,0.045448631350014694,3.466685491786914,0
0.7463242112485287,29.83340450425277,23.76608346990729,18.042150113219805,1.0178396393225142,8.114373264753516,0.020917288333251016,1.8449514233649678,1
0.48076390352188775,21.026939309561243,33.926558314584604,27.525310193041648,0.9437592809194466,5.150818257849331,0.030773363576304627,1.3684284185631745,0
0.5301547342333612,23.211210835488693,39.1548699651031,14.599986958089339,1.0246838267001923,5.97797906132009,0.016913705486526164,1.0941327244188366,0
0.49652882302947565,17.65863152484354,48.38691156922019,20.813983090499562,1.0889183990146258,8.351837575218752,0.021857900954894923,2.02647412607397,0
0.3831321962380468,15.571274518762552,30.284380800490254,27.475151548679186,1.0867670480177754,6.121522536011146,0.0014669002291847698,3.4560547293420196,0
0.6142822814515021,25.94313247190581,22.34057620781088,13.435157350263635,0.849376533875884,5.800736578925122,0.1996392554493823,2.5901370474468086,0
0.5751933032686775,27.375199097187398,41.53469609144785,21.96987612932201,0.7754170645104859,5.4845823716046365,0.04901479270774276,6.957926284862953,0
0.5791031947043047,25.277647407646356,23.95521035280279,15.988640830327398,1.5006343581811423,4.033043730011246,0.03472796791006778,1.001680067349569,0
0.4090612545205261,18.7296202429476,31.51075646794012,17.47683128855383,0.9032031320798893,4.943021750979214,0.024202316360730763,2.4386667358395693,0
0.64027943109361,25.862657127532483,32.939036115912046,15.984445830233428,1.1398424877343973,3.5689744677545026,0.03875850291310606,1.3498358819946135,0
0.3598148937207719,18.62397318444139,34.442932373599135,16.34071345792057,0.6784717378953606,4.910866201149036,0.02391033906149738,0.7527827728208348,0
0.558685709380027,69.97385070498626,40.513315656594685,33.60956073953247,2.8196307961914497,0.3281386058898068,0.022307162484230744,7.269730308306554,0
0.7190455625809978,26.1785587727192,29.5309257417089,24.22227936035833,0.9745601232035114,5.858079135135097,0.031176069364566978,5.022854563274507,1
0.40094636748693113,20.247964609852815,32.810165982665914,25.508689308931046,1.0945630139855664,4.756525492432749,0.016147022635759123,2.971683453967371,0
0.4433702270397228,19.828518899205992,34.88583717640489,22.45996743418248,0.4555091718016122,4.327592526666471,0.009925589709676292,4.317615023550735,0
0.5099651365087641,19.069473396965115,36.1967836601503,11.96871605799021,1.033228122615666,5.439516167880287,0.040664814202707525,1.5554269856051208,0
0.44965243458838006,16.547618481337473,35.78261739766338,21.974789851616535,0.7700517089264214,2.1328721540691187,0.09250082756689366,1.4329564716280618,0
0.34493365689338673,14.687072911157754,38.48804620178064,25.36464807253673,1.0648691422389849,8.858539993242566,0.008292587253780058,0.3299290464048657,0
0.5068562974806027,21.663806285026862,41.7507160771339,15.733002629804442,0.7927341606323675,4.7944650770248005,0.0016641047963604086,4.074176406735234,0
0.3937696286273895,16.3426619419892,38.141072925207745,24.82663333580563,0.8289034608148838,4.708311134055621,0.014172003799655084,5.166724713788656,0
0.5473592430635181,22.82829574286938,38.62868418807375,23.521681049270395,0.9452744779213463,3.0692075797341554,0.1949075914627086,2.1968309593897666,0
0.4080575765766197,21.42217518679393,22.342214666028177,29.26020022406835,0.7895341060793609,5.047892764898522,0.08823389744488573,0.8533670527205507,0
0.6549934405017539,29.414367076774813,35.401821593325444,17.911084937431905,0.904893110652929,7.773919780546561,0.04530044526499874,3.961719022359244,1
0.42167467076637627,17.438893604450126,38.83606038401287,14.511945088621367,0.7613248462913369,7.0718324188640675,0.1324293705161916,3.446399442095684,0
0.46779384837943244,21.535685677479748,40.8315295565636,18.191859453137273,0.6333659096602544,6.708875502281112,0.029464510247961595,3.7984693938633844,0
0.581351721736967,20.15649715889606,29.461193806129646,27.177854965818117,1.2035914104858718,6.092797903334543,0.20455928555800257,1.72934211155944,0
0.3769135683566045,16.270323884104606,29.72768580089084,10.857970595790185,0.7407902614352143,4.282914944874781,0.01757030281256467,2.363150168865669,0
0.522745993460413,26.337758787615847,30.407194597731213,9.65812142284484,0.9642638224784033,2.099673665926596,0.013741961432078738,4.942279891879962,1
0.6307142754282429,24.574433330952594,39.291311199130746,20.446976394658066,1.150578216298757,4.59792245626673,0.05081221141808676,1.3008153511252842,0
0.3392516765438772,11.027165275897836,43.27104843939367,17.78705353612922,0.8770111794967914,4.5282570709326455,0.023753137689147892,4.0355215434352,0
0.5184633858532304,18.782268768350033,31.740319141667186,20.038639465878422,0.8349668200508924,7.0975888793424815,0.04922386722414994,2.8141254026452165,0
0.5259882794248424,17.77063206496653,42.26369850901639,24.726558856179324,1.0452476177334844,5.618780884919641,0.018191849247639606,3.163862220020273,0
0.578182287177731,20.77300576272613,35.98783847331676,17.237153269405738,1.2235867645454304,8.224623055807097,0.04810603529662421,4.300521099838026,0
0.3763049289121918,13.940672860717585,34.00571378270051,10.634970845346897,0.7661369469827062,7.394977080076349,0.01613067395955343,6.280066132168885,0
0.36795433869157235,10.501472490126968,33.30892616145625,30.22240778599972,0.9699704335965122,4.087008780991809,0.0026158524290382924,2.649257484081746,0
0.5521941565616898,22.1346212643164,40.972890916817256,15.013858562806119,0.6535010810065345,1.4097416067602633,0.12159819991311732,0.8785708326816597,0
0.5296984673233186,23.894770214292684,37.60462253429656,14.704814389939513,0.921359799263562,7.771150467882962,0.10736683730838276,0.32192577077467865,0
0.5250492850345877,18.278702860942747,53.2066034211811,25.518600068612983,1.006840936907615,7.718770446461488,0.17667615953217589,4.675184562986148,1
0.5346448209496976,25.94364460891321,28.182202856021405,18.07755439479241,0.8290750716489869,2.267576818195548,0.06303195100483293,1.9541807959793154,0
0.4319975278421509,18.81227737926882,39.14481361623981,19.683050739825948,0.9086016332349537,8.018480039655001,0.05739871630960733,2.7001208282399385,0
0.5232253697161003,24.020756545516186,30.766391921507896,22.41395062030159,0.71835464633851,5.764234341185036,0.040935868259022734,0.5689022476922091,0
0.5293072473298681,19.198786231638312,28.04570410409085,25.41791551554998,1.0154157222762987,5.321370996251306,0.006730451015837738,1.394256153245207,0
0.42856485819736323,19.706170009094375,34.913062903720224,18.33269653409114,1.21113884977663,8.229566508494655,0.010488870805204834,2.046725053301895,0
0.6865774511144757,24.187296343393086,36.098819835256286,27.599760029571495,0.7805712260459072,7.68937034646123,0.017087183519405188,4.574157131302726,1
0.5473832920911788,24.566074186156676,58.34538844048074,9.321000756325972,0.8754656466895234,6.3026619039904075,0.11043487011939356,2.2826412337237394,1
0.38086965027973513,15.750304030569998,33.526833474534385,23.798936184765385,1.1005092492908364,5.946434131623966,0.009495686704849661,5.793943185256402,0
0.565655360863383,24.28596809448967,25.958570164122534,15.802362209911713,1.2424181438645472,6.232788581060718,0.12811520637558926,1.2798290124058238,0
0.40253183297726786,12.57448950221616,37.18408573995509,26.861356583039957,0.7013620375582137,4.199885132234948,0.036989484599767496,0.9055829063333541,0
0.5787084603742452,20.46312888813999,18.402879699629054,20.710222394152726,0.9662430525168101,4.889797100535358,0.06286334098899593,2.5213775890773578,0
0.6158595579007404,26.42606697078977,34.264345739165876,16.63547333995299,1.056626164463905,3.195365690810915,0.0058404279064755964,2.407254090397518,0
0.41793176816482897,13.872226713920558,35.128202258361284,23.314205465108163,0.9795887218742304,4.3339204485221625,0.015669385732191406,1.6075373636915111,0
0.5963376129244322,25.243123393274658,41.35680306356169,24.465941736036257,0.5046415866245826,4.266732242662134,0.15912551711080947,3.168442899609487,0
0.5412780926936498,17.549710288365254,42.788977995422776,23.209470614293192,1.1002180018617544,3.7293892607566708,0.015472527930366742,2.2523577239082,0
0.582206015999449,25.832763277977964,30.97144304873826,14.851518801834697,1.3038672702181289,5.273493005296926,0.01758591388303775,1.9298332526316988,0
0.6896792982653948,23.88960198631026,33.79508788296054,17.579914381889576,1.0233323502339007,4.3520382985988455,0.011007239158429256,4.6429801691884105,1
0.47546118839971296,20.67534734902709,28.871033355114633,19.979635814392825,0.7937787893411473,6.004469440703948,0.00690989406297696,4.276369660208156,0
0.42462638356425103,18.861948143508044,25.97549956153845,19.793701736749696,0.8973745507271433,1.7553587734124694,0.013280222103404177,3.8324757633264466,0
0.4110485570374477,14.351626826209184,37.47915823504508,23.748727377191738,1.3539826135311186,4.773290411785401,0.05140679078622447,6.557374414563551,0
0.4184189715034562,18.48283856139243,24.811315611227208,9.92549383746696,1.1819925081721117,5.263103280354992,0.030382222621606954,1.8945112473357393,1
0.4922898290585896,20.472919952344252,31.682984795425096,21.671635272767517,1.128005323676866,4.378741520326239,0.04034445123010792,3.834979033559736,0
0.5341151974816644,19.74808233068836,27.0386083208061,18.550093227816802,1.0712825167068751,4.655214600381537,0.0065262147106488885,5.201570893634036,0
0.5276690799330019,18.081099145091454,39.39746549032208,15.80749691808024,0.8677725775618055,1.8295079785402852,0.08100382691402878,3.577428235273059,0
0.5827183249036024,17.42085592112636,49.411440794131906,16.287566111152003,0.9598857638688463,5.712954209338984,0.07664576980231518,5.2220687270425366,0
0.5013001891877907,21.10095770941071,24.58729613757335,18.92731167741018,0.9844154528642969,6.295211965134141,0.0010913191537360682,1.9817666007667767,0
0.6453534077157317,21.1197279945431,20.175852136819447,1.994574477702411,1.1099148632128888,5.987074588407534,0.024186072043955557,3.2466308262823036,1
0.4735343166762044,19.2274052653721,34.00090491719946,16.49355214604225,1.3017837788533808,7.077454118884366,0.003562481622756058,3.132170754512739,0
0.7720169166589619,30.090332018111727,35.12558236766207,15.620925876768533,1.2236676273586256,5.403059211565004,0.07853629417591584,1.037455197996804,1
0.5625667347765007,24.54009771737461,36.74927445405838,22.66391604661312,0.7161231288407919,5.9573623613018745,0.06683135920111916,2.8061105954616834,0
0.41428424435837174,15.665233275865276,31.42943587812524,15.972366587447397,1.0447989937802098,5.312181476913705,0.11613331604429798,1.479019717560488,0
0.39291075019388877,14.728086648714278,33.394885609396546,18.92443099914755,1.1473526690335794,6.375101439184988,0.01348581858671171,4.692577933917129,0
0.5482472415243185,24.125501773837627,37.940083284324814,27.71138313830651,1.123772066028927,1.8455407277357558,0.03046750414517185,1.5043609939331473,0
0.4776537214674149,20.11132294594895,43.32344714115871,24.971757599077115,0.8741532473225161,3.212838064043978,0.010196949575330128,5.917975031405237,0
0.5714000494092092,23.804469847916703,19.35960983745374,24.511356999717265,1.5828218431536722,8.173799314066182,0.023199879839014552,4.962009961567329,0
0.5473237624573545,23.30075326771976,32.048484487748304,17.50063784794574,0.7445830875337762,0.07912835580758948,0.03693267852564094,0.7197870978998382,0
0.49271710873431274,15.101967979751194,36.71047035152851,22.715161396448263,0.78336231066679,4.719644140349312,0.0027402774854190758,1.4072606746430343,0
0.4153206281931595,18.88319116768733,27.656191163114112,18.83051099773203,1.0467190162523152,7.344549919216137,0.06274057513401635,1.9881005828587273,0
0.34851527753141354,15.778017483297349,48.849357054138395,19.01953394661531,1.4233606109927708,4.813478668916471,0.039185701031231965,3.706995560326919,0
0.4553485047932979,15.163890806002424,29.916720958170103,22.04842671873275,0.8327610298591658,4.189977857098605,0.08829260428799954,5.410692470100489,0
0.5856398794323472,22.693353756271282,34.66965850394174,17.01503205789534,0.9468343268706015,5.258843353630601,0.015857638343875526,3.085791985995889,0
0.5214093744130204,20.73845311363792,39.44817677473833,27.465015522216017,1.2154587346031387,4.293759639995107,0.11681800777276082,5.598592354809854,0
0.3754261221288012,14.613554531946852,30.269721689584845,19.199349302010315,0.9964275690224533,5.061698985513878,0.3320490005747775,2.19719104229847,1
0.5173180925851182,21.69430360311033,20.227415617564663,23.091802831298324,0.9330792290939409,3.633237926959741,0.1258498676467638,2.835517870619926,0
0.5385317379728837,25.835369864408896,31.570763784667733,27.27800239628649,1.113126580377344,7.217348839911448,0.07522968356361069,2.3367341980677483,0
0.4116142563798867,19.709870438213954,43.235524447416324,25.158268872875876,1.0545035980459185,7.846529842131321,0.0836638480126839,4.951943049136885,0
0.5153725105945528,16.67824284348789,32.30483898571889,12.955404486547376,1.2060877571273583,4.733219355776755,0.04263578716244278,2.35857005177978,0
0.5058208718446,22.099044844702146,28.22852558832817,22.22447947504942,1.2582937778130727,2.2270211586175135,0.010545550178616928,5.350683396345078,0
0.38570297021693767,19.414918767283737,42.40537767602177,24.253596972303235,1.0614006120010724,3.9523136593732096,0.05651144619513926,3.4234469275029475,0
0.5357787360348283,22.59157500346074,32.353800831815576,24.459315110803743,1.0583465450756617,4.632022679794072,0.062370640667166466,1.4719657947643807,0
0.5560784526368234,25.51607938103084,30.91871349079826,14.433525829426845,1.0428221964572266,6.011077753806417,0.21128582389976544,3.453059930866249,0
0.6083051243175277,30.369016309803403,36.195648717306476,16.71482381491338,1.0978261113298575,2.983973553658644,0.038968087345973686,2.3818103436197737,0
0.6053802052034903,27.286336846460557,41.1660016769503,24.972791178708107,1.011034127574293,3.461675362715699,0.01582939342913214,4.125590212630803,0
0.3622330632042909,15.237248315096823,54.053708253860364,16.19119814658677,0.9998783035355421,6.021352275717614,0.05754886391993383,4.771036821827574,1
0.4062174960084877,19.38396526259377,,18.50151971667843,1.2393254241654486,6.8778176640791155,0.19406455444774812,4.533559591375215,0
0.551503526720866,22.494804568125314,44.278719731106754,27.879379047509847,1.3032232360710085,3.756811909658632,0.009752951246520973,3.3977520050839143,0
0.5513785950912209,22.126852933503702,30.952270408097156,19.76100374807605,0.6984894110733157,2.333565892098008,0.01972610399242449,2.1690837033903794,0
0.5515047686306048,21.005948038082998,26.79305515224419,16.366129310830786,1.0020042303481138,11.568236402575767,0.03903131011912042,2.865581814388132,0
0.8852731490654722,40.10116603911521,35.49865079695299,15.611913215685474,0.862261113310953,6.566608474177427,0.009329410393832336,1.2634447497127146,1
0.5570890510693167,19.828276044946666,35.85735932207677,21.66359664792594,0.9378057067027855,4.465992476465937,0.0011235618590289165,6.2057862035789215,0
0.6135565640180599,29.139365734756744,26.371898069083223,13.334259957613956,1.0805032419470644,6.738062551061679,0.020547741638612182,2.225272260309938,0
0.5954001763493202,25.315599425193923,33.597643760767895,18.76332018051791,1.1338876743084936,4.751086740571155,0.10026154786851049,3.6309886699861997,0
0.5651391251305798,18.40764648081737,38.19454081375305,21.66615267495011,0.977574711277731,6.734313778200373,0.002222072641302247,0.7344629555203307,0
0.46847307553596546,19.841870900412886,37.88314716014464,26.495749102738337,0.6173319330554394,5.318786395552444,0.02801209185714722,3.1269127002047874,0
0.5758969220493267,16.7357973590182,39.03430282707418,23.337740401849977,0.806990883884764,5.182543796335146,0.07181642725253405,0.7150088962416561,0
0.4227174785462428,18.78522319234282,37.32771784109954,16.429674410089106,1.1792999340400332,4.772836263538423,0.15307501421515685,5.866898673762791,0
0.4763181393259991,21.708420022006937,30.943930725839554,25.8920965878186,0.45191471559301377,2.1052373330738203,0.21159557234030701,2.181489288132697,0
0.45146364521708965,16.281477941727424,30.888794986809256,18.50242481226261,1.2374854303364,8.87618979878628,0.027406421849375518,3.7387127819104773,0
0.5081874139386322,20.698139645412034,25.40838881604899,13.821484889752956,1.1042459981289083,3.116932159464513,0.150172392489529,3.641556485874335,0
0.7314658566673509,35.12110656794489,49.27820031348076,19.13979320367264,1.2632352163060045,2.279952847378811,0.0018030720562428372,1.0262499963047542,1
0.31327348074082517,11.013699116847196,35.10760291695434,27.19084600572851,0.960286162623808,4.574280234487265,0.06850470248339413,2.003591107558234,0
0.5686260190374514,19.56831800032825,33.201175553641185,20.826200250324625,0.587718915195419,3.0770563729789866,0.05146541812688932,2.1090388074730817,0
0.33872841288103483,17.99412672262919,27.56966334838033,20.06260932164893,1.0860725283012995,4.8965744188794575,0.014352237618245745,0.4351714767079362,0
0.45280681342105666,24.00003410843465,58.48526321862222,28.186058223514266,1.2549306248076681,6.3755276971235375,0.03539461798602178,3.7054396247178207,1
0.6088950596967366,24.36688940341301,26.413375742216836,12.843225764727865,1.1849443611026842,6.990605801058446,0.006937462687099909,0.582322434459587,0
0.5064280019095463,23.291509182606923,31.569216595151413,13.57200442973614,0.8674617033023929,6.629461443243363,0.10262913495608371,4.048815754551765,0
0.3922255222070694,19.71344863487542,38.326694690288484,11.920767645165839,1.0173522150925294,4.38873589042864,0.022150412131743534,3.371967111648457,0
0.42846962907400316,14.911332465344973,39.80170372595422,21.863240932400274,0.8934327462440153,5.099183655323172,0.04918091968129554,4.744471930945035,0
0.5679597748934676,21.2624734896351,42.66345644172547,20.832465635575623,0.8361467071621256,5.815758101794982,0.008644882260622126,0.3417988249802906,0
0.42696333682828636,20.77115701259566,49.460868062154105,27.71368183639888,1.1910777142359703,1.484425152115855,0.011543972608759556,5.790987323420369,0
0.5216458589581975,25.920877194453425,39.0492612436857,21.21737538568385,0.7604935377469676,6.141169400239719,0.2411437452497745,0.21636186230012291,0
0.5045571839903814,21.87092994013832,26.551753600266657,17.979214202603487,0.8212367138836775,2.085401424832337,0.06993583893029184,3.7181949924650093,0
0.43483996523941826,14.754155549070568,32.94443899902575,20.008974364390536,0.779194873305523,9.080693197812979,0.16347145620081882,0.7198274364928571,0
0.7143944089325326,34.53695969239963,37.46265898011108,20.58853709230479,0.7019504953401907,4.190969830716609,0.017538276605880542,2.3550216468474297,1
0.5633919022318011,20.942763395836153,51.54580833204659,11.641193633359165,1.0292828583685207,4.630249645610817,0.008990009502802373,0.7173448803359148,1
0.2974857413342393,10.894016309855216,23.817556172605624,33.551658221674465,1.232300609696395,3.460585801524289,0.034965150792646164,1.9118222059245549,0
0.5186454314769428,21.772830762546576,44.62061204180182,22.599355090509558,0.9630246487509468,3.7400599362886204,0.034127009923642454,3.5262052648609545,0
0.4338213535231612,22.015335403070768,36.439314956371334,21.050041540112947,0.6988504398871667,9.54818713828648,0.00961535314702237,3.2032893350367955,0
0.5852433334796224,25.97166126884157,41.702644281835845,23.075819921392903,1.1679889079484056,6.880739377246595,0.06606646584432585,2.0735450921339784,0
0.42074792615672996,18.07451354735493,34.18404226691254,23.547054902933024,1.3371403508069943,1.9015951097043233,0.022453418215700613,4.892162879106885,0
0.4885263558533101,20.930919824486722,28.26053895898939,19.297232572487843,0.870751535170681,8.008425801370459,0.010312185015819868,0.7776580366111485,0
0.5504987278980458,22.150493121852232,41.00698223521066,16.843794318796498,0.9042891466564563,7.386484550282863,0.02017211236431634,0.6693668248372473,0
0.5865755194170121,25.137439320236005,40.23544821684497,22.99725343160852,1.1031321260166789,4.437575075423423,0.04146652714290919,0.7358872677463947,0
0.37997035929442236,7.610134138693985,42.77645572591778,21.928554202657264,1.3243747495570104,5.6133938840596755,0.06481736909458101,2.3185198883788654,0
0.4665498764159052,17.772172679426813,34.893562916970915,15.95054950455296,0.8960331708549547,4.970111841157851,0.03287847071142291,0.5487793007312501,0
0.45250546888390436,18.824184560106517,30.201423813441206,27.095178056836318,0.733510043800359,8.945159808893864,0.0372846935142175,2.765015307809034,0
0.43466707674262883,13.933640818846632,22.529704039809268,21.466760181614916,1.1262837212544814,3.4074196220158193,0.007479899217852546,2.2876964366023236,0
0.6765454240281097,28.220786914559067,41.55498614511525,23.649096811338154,1.1598136146284599,5.2920212195514535,0.12307372187543852,1.846351087603718,1
0.5404981710960955,21.006513180885456,38.39111585955189,26.959604438399595,1.0012262900870454,4.143709338014391,0.13205991959714383,0.7941977595427132,0
0.37391160456649547,20.222891277606287,27.273738937088325,20.109444105824174,0.8883733480685099,2.1339191907642916,0.05751000612424967,4.3440720130589545,0
0.5917861947054777,28.390506963863672,30.691410613627006,21.584760034920578,1.1988757461984092,9.383276510109974,0.0008894346867579892,2.542719462495446,0
0.7122156197012633,27.091208080696045,31.265929504388474,24.05013619253058,1.105607200909593,2.6368668417951753,0.038509426563599285,2.3485852368196154,1
0.6032465260551148,23.6773479075045,23.136124544140657,16.37569458099974,0.8463128966193014,5.440258374975552,0.049607180594347405,1.7018436444956184,0
0.3480630034045986,13.700677439358767,28.45854082715893,20.270258314230006,1.0098189462611342,1.5185987872393292,0.2615724183864976,2.874294678290186,0
0.45157659271337486,16.708085280056125,25.92935714554917,20.627742933255742,0.7296584935950707,4.201858921513813,0.2769170696739285,5.629251331709777,0
0.6266911149186623,25.65271954883087,31.700167904896507,15.219707241583027,1.137178091287584,5.843937642866915,0.09745970914375696,1.3435720167963796,0
0.4292330534381219,14.894475930862106,29.0904200133635,31.588183943369394,0.9475532861234288,3.3505320409952746,0.003297962736480522,1.4032315589266648,0
0.5443819428146228,18.383431707772335,21.983960633066012,12.963532782537987,0.9128578335230526,6.17360370147131,0.15317528456391827,0.9460121573037719,0
0.5774634053429337,24.966669885418156,51.18072184455585,13.50948048156421,0.9934251029695131,4.461917816223835,0.04742278192369834,2.9218552987194553,1
0.4073069528421917,18.1808668663531,45.020325848233846,26.571132878517894,1.0080615398660495,7.320165024797227,0.08069408117527999,3.9472342325577476,0
0.49404746439381997,17.34895129677282,28.767844627840116,23.56633125398271,1.1789860123131122,7.723521826680447,0.026144307156977954,1.1070337991776253,0
0.17587326599309272,9.720996932011507,37.17937117322888,14.87017591259611,1.1182181062650443,3.8265104785399764,0.019258826359636744,2.3424657073969004,0
0.397561235866571,14.007716247166845,38.33972071857036,23.036445075508464,0.9687181442414394,5.153465718785914,0.03111059674700177,2.1113316373171904,0
0.47474318486068395,19.7492231085413,44.52868683818782,27.33925222498655,1.1527336299437991,5.3669084529444655,0.007942431486497236,3.2611228800556606,0
0.37522168180351506,17.46989930997797,28.451159786719373,19.84868471201507,1.0801474507383226,6.238698590869397,0.022085670984118868,3.3844044070910364,0
0.6632411303931636,26.428807521615404,43.73685427185941,32.99411450037291,0.9146800727427926,5.028763992488532,0.09746190895936135,1.8655799523530738,1
0.3569858622039367,15.64365722458087,30.616757566344518,11.379690945659823,0.9750563683527028,5.380421918685684,0.001934468002883042,0.8251243602043716,0
0.4559955513303016,16.69053312154935,24.313100766651093,23.46911726929551,0.9703554222313758,4.513187050409761,0.008177622983518585,0.9183960020781172,0
0.5130740577286091,19.933562558860075,40.79309247451598,25.832641681105017,1.1010522686348403,5.230479733944037,0.006683207766111295,1.4932989352665402,0
0.6441273289066116,25.147514863623442,45.326067392979425,24.456719508026232,0.9265954770556717,7.595880387070265,0.025798235539117594,2.9409204324195946,0
0.35641378488205605,12.016816355661526,55.70327178824547,18.97822136677176,0.9219181627156734,6.292166482423709,0.2902393062767755,1.113623041639482,1
0.616316375215496,24.122332519272494,25.40219787927829,18.547792589944255,1.3937514618867919,6.402511278886738,0.009519174161092471,2.9796002627594556,0
0.5010233061019587,15.395077347487108,40.59135748064631,22.220725855436285,1.1879470963494208,6.4461406482711565,0.007860923594607515,2.872174992150149,0
0.4018491348952049,14.60050415438188,31.721590049651734,24.078772433260347,0.8478798671149722,4.692382444237929,0.12328799409729835,6.720360456505875,0
0.5462103474263271,20.993787416944073,41.26686968419225,23.01236718141182,1.1141881987884397,5.637654087159061,0.1068749428031368,5.209770552712443,0
0.519905969557347,20.02769952480774,23.236083590149995,25.200289453966946,1.0236700131310355,2.8296526433285107,0.001638576932662679,7.877597797714743,0
0.43997831228412054,16.874640153752484,24.897841794411487,14.905650214666323,1.0783102350520188,7.537615312633914,0.06965707953500976,3.2960758112743167,0
0.5069802084990019,20.093915740379693,28.79300141466813,18.861145104381826,1.027468264913021,-0.5659208646864409,0.05327808165917909,3.203991660277879,0
0.46146864031382395,19.89707016681115,35.631712365344676,15.299920339381229,1.2379285290970472,4.82570321532915,0.07299506660036889,1.159336893054243,0
0.5113517345251248,23.077620603402558,29.871349867693155,18.069436119569293,1.0691240689302892,7.281791954300548,0.03411060483536667,5.176796235037918,0
0.5662130674521046,20.699227017539386,40.27243475130736,25.076104459071527,0.9875822603571425,2.272264132741317,0.2376789765582734,1.5866737559653434,0
0.6586016816145353,22.73446469841398,43.21515694606332,20.539919603626146,1.2084381153966035,5.799559835233702,0.0022418678232033174,1.3622264346660544,1
0.3762184501173151,11.922604767963294,39.79662032996285,33.03429581574885,1.0466570082175743,3.6384671068419463,0.01335291633421818,5.324184085143704,0
0.7133033374656267,27.070524735040287,47.95030111728694,20.967031835948585,1.0242957158658115,4.262393469622262,0.025254272090066667,4.0655734104068655,1
0.30479122004774983,11.135884848460465,38.326613035642744,20.298459402898683,1.062804520497223,6.891881921278875,0.02987166698149618,1.173441153815375,0
0.4848214904964417,17.082871421265295,25.26482631727866,20.530914597201082,0.9812781953267267,5.3961138517703,0.12714844707982373,1.3958699235042091,0
0.5588317206484577,18.464918833188626,45.907012108306716,16.81095653570032,1.0018453985990938,0.9312882642312745,0.0410495235238212,1.629939332889272,0
0.5280991867735033,19.755604988517568,30.15875011515202,19.710816938112032,0.8826610822476254,3.047148920536803,0.002308008546596958,2.548560322653545,0
0.43773004801794063,18.05348178105954,42.28334799748456,25.63894013555823,0.8497665560752242,6.950671469777519,0.026200859509287966,3.722087641782962,0
0.47918777496427245,20.95259939607759,47.58987373244085,20.56985334063886,0.8002859227035121,5.897885436385995,0.026934719807321084,4.38329583239428,0
0.45069990653411673,16.355727102039708,38.653504085843196,16.03270135058264,0.7216033426405848,8.496271145048569,0.16832666677275437,2.607385691718618,0
0.4410635243055788,16.40354750579285,23.030729494682802,15.374576897606824,0.8240565277230887,8.365295188026595,0.0457142735653227,2.136244086930867,0
0.5849602097021025,20.61831346154217,27.65430266792167,17.748990541670782,0.9651465931066149,4.315509739706417,0.05048216373938306,3.7115603872582064,0
0.5357015485965048,21.33374443273586,45.58195573508108,20.3693171720544,1.0206235164891273,10.006475610138978,0.06245775470439444,2.5458132967277787,0
0.43070904047393455,14.68307571638494,33.64701851485747,25.96793267738131,0.9457406873704719,5.0489593397038215,0.07349234612094128,1.2734116908559359,0
0.589959987543325,25.3177829414566,35.63658827953733,13.297556793167816,0.5288593019745285,3.0746629311819493,0.050399892677605855,5.275381718181573,0
0.5307299520876609,15.871598607704106,41.07059532930887,18.40086861055622,1.3149172715524684,3.7327202681788454,0.013537599992398501,2.2591466223189878,0
0.581286211883896,22.17255945799845,40.57058289664259,20.721550097175395,1.2172960245780764,0.48654978942116234,0.10359189189866758,1.3935633389709938,0
0.5629628841923612,23.421837385269676,37.230398499083684,10.831471161852827,1.0891519702434258,8.214038016498563,0.06586077074352485,1.9206001029005133,0
0.41710049890779277,17.235523505279225,33.33065303023627,15.83200858516797,1.3814981345106536,8.189523978087728,0.06771469121350003,3.9546073129643213,0
0.443981895980303,25.83837683115361,32.49865243414114,16.600557301319068,0.8045271765032579,2.968985122373358,0.2835668179846071,1.2055733767038592,0
0.5747293605123261,24.03857449419677,41.86319060233075,16.020148130747508,1.3775250241252008,4.544231423236188,0.08110755287027704,5.228434492153491,0
0.5610370265433465,19.42931727120783,39.42855624854235,20.959447725108237,0.8069571846498904,5.191215088225155,0.08834887566222273,3.3645445384991963,0
0.4979098406035852,19.63000088287619,32.941599995057686,19.197201952491014,1.0477475850582714,3.0792938957157725,0.15121226232474796,3.993169778937382,0
0.5117327383308782,58.11338416196648,43.65689850394513,17.22356948699482,3.499469155033364,1.4897959374576768,0.008192696884704195,3.495126525339249,0
0.6277664895788425,24.86886033526342,33.96772707896173,22.139813132763173,1.0029388191088733,4.579284792446177,0.034430611597862225,1.1818892730334716,0
0.440842861116417,15.134546273654406,28.186702605324854,28.61537358823125,1.0772332995996778,4.357841141081506,0.043442576801007646,3.54386477713073,0
0.5547097381170037,24.934560351360638,28.928234408773243,28.19628258370876,0.969061933773089,4.22317751802245,0.019969857464881856,0.9129545879625016,0
0.4797807347566106,17.54260856647782,27.17007330952187,10.386141139688318,1.1427754888180275,5.445432125201929,0.09144296494735862,3.4052295764918754,0
0.478231879677278,18.77897743970538,32.8207198671705,22.885360919175696,1.0198028898974514,7.859039317051984,0.0718624638793903,1.9991530155585349,0
0.609877685198719,22.48843388373555,44.86979422668954,19.10988354968081,0.8955170543244981,4.393814560616548,0.06380622485845139,2.0430894350670683,0
0.582541634898803,28.51821945151211,28.55923855175593,20.77577671432678,0.8866373364395321,5.340885997442726,0.29301198639691556,1.1981837914062776,0
0.5813509636000639,22.29031024564882,36.507806088144825,18.00858483228726,1.1621827545231393,6.453741047489872,0.015013473007079812,2.183619265273082,0
0.6305478807154329,30.719586359054922,29.746485234980696,20.58794314943601,0.8692515940386065,6.108285853025498,0.06648762106840993,3.2944474477332744,0
0.502100384163276,22.526470652885838,32.9175276698285,20.757036980360095,1.1830805940969875,3.771152951104316,0.04008168161076445,0.9087097546646175,0
0.5681952971294963,24.174012067186013,22.919670304117982,17.105241213255383,1.2445423585663862,5.192754246228072,0.018770262043887598,1.4836987088452682,0
0.4689733243406544,19.865132415578735,33.2356941667477,15.518162260874096,0.666257227530774,6.095079640338106,0.008752614347056082,2.833822216448376,0
0.5324166352488442,22.478057304602522,33.4503569615603,17.75652158690258,1.2265852774602068,2.7432973249784447,0.11311240259465732,0.2662051009683436,0
0.48698569456323154,13.696410044492431,39.32230355228556,21.171296322283826,1.4120845396889399,7.527078021593017,0.04524967467144077,0.512555621694255,0
0.5096995964992718,19.5513336775186,36.786247306042966,22.99498170842132,1.0504007522403858,7.863177810428223,0.08712956529426413,1.2978188024974742,0
0.5595157025436913,24.916102015300616,25.412863000383638,24.266744886700735,1.1198168370589645,3.5544394891110125,0.03941081771059924,2.844922253118749,0
0.41817793167665274,16.58042571664379,43.67358595234834,17.529049884665437,1.2074010648738318,5.3873400366963375,0.012421598797664817,3.2017920736107164,0
0.709238727568546,24.153979562331113,36.68242432177596,21.419222836513683,0.9449035369641956,6.284556513342063,0.020590420199385492,3.4838790169954836,1
0.3993982618500298,15.818717122268783,36.587148137419895,24.812512959766494,1.036456044707574,3.9087716873424947,0.024026044510533275,3.137280990484346,0
0.3785811387212268,20.255562097615545,34.92654117291889,25.82797447572064,0.7371600940753782,5.963227691376189,0.18047534855637481,3.3656368572057014,0
0.6158110873500068,28.373118640604428,30.857940422222242,19.70583572934239,1.02772700570609,5.326511252584331,0.00028246025677165716,1.5678942462304477,0
0.5791662693962936,22.98063874775365,36.74241871798981,18.895341375301935,1.0996223991289082,2.0641636447223983,0.21225612738489713,2.6655393970497214,0
0.5624119817052156,25.350827099382883,,20.95562116918196,1.1032326045852938,5.918322631957116,0.19676876580017533,3.0554753779321198,0
0.562834550926428,21.413860975952964,21.02483446923556,14.251462635512972,1.2130849447195162,2.7997151674579284,0.27799437421345247,3.7088974278092475,0
0.49877532271530856,14.839398148132185,30.689913301231236,19.03195244482246,0.8450395643728942,6.878405703324095,0.03236933519832858,0.42591640035659095,0
0.41027456285141684,13.63758454966801,32.96042423677129,23.72293199236565,0.8934786486653007,3.657577849732222,0.16594719852192347,2.3173940133721684,0
0.5075804558193726,24.991884538299495,37.04936484555422,23.209735647218505,1.379101469198271,4.67742913267771,0.02517588474638321,3.528597512878001,0
0.4322838288487888,16.469373908463638,44.54648804741701,,0.969934325247258,7.74455782689315,0.0013323160761246448,1.3558358865909135,0
0.5975119733417751,23.17032699554595,28.82607348322574,21.088591005435834,1.0400067574624656,5.99276329305769,0.012702513201635205,1.6607442835424604,0
0.48529426184978613,18.512255885166805,31.016305225457263,15.876748298546563,0.9865979916549558,2.8410521608509094,0.14529114617996608,1.126465430355517,0
0.4174502803207488,22.410420981548974,30.8997271148276,23.517460741125124,0.8356638347389955,2.9701668584018326,0.0006930152559241018,5.431317384686082,0
0.46786141583470064,23.592333379474216,28.58777927916367,19.610892819317634,1.3247058421783613,3.801394422752549,0.03948225817268403,1.337273894343943,0
0.5412931454275625,28.3080665174469,32.2225080391019,18.62024274151931,0.8944597176158788,5.789288166713332,0.003930605971114424,1.75130862786117,0
0.44362754471960253,17.26796615758395,41.166417759903766,18.191380819533066,0.774542895258614,5.716599629865536,0.016871395146171506,2.0102837341435897,0
0.41777796044335685,17.59799188397556,26.569316037085237,19.68553066550071,0.9098519445394497,3.3137953906742617,0.004610855204094919,1.06937020538399,0
0.5243687211491912,16.42482119770527,38.422515161223224,17.76061177534021,0.5996587996548932,2.665581028771282,0.09813757599747781,2.9736617917923307,0
0.5244966571108722,25.410669562789714,21.384782159853316,23.290715180012818,0.8697425070033636,5.563166810171668,0.044710651105487755,2.3006148974661933,0
0.44930568246288705,14.468888644711676,30.50929602846235,18.023582259919095,0.8063742804295346,4.636279868419676,0.11619373878680538,6.263049100958921,0
0.45289616943816774,18.766173468814596,32.36408559825611,27.964820480136908,1.123485726185465,9.314431774895475,0.0582942391116731,1.585768146602506,0
0.5232049937357637,17.636292166532016,48.39887738331252,27.326052517406904,0.8653171520880255,5.073207313126158,0.17707322397814126,0.6985469360811613,0
0.35519156585026757,12.441062153794615,32.801581561978495,15.542282550727476,1.1775607871157696,8.628505655400549,0.03565501174404661,5.271989782781159,0
0.3592536225623445,11.85835760934468,17.390052212392654,20.348521347146402,1.2796967986138643,2.65923280379132,0.05090379646404504,2.314285354457634,0
0.4281555778747564,15.302597332962803,19.00888874511,16.746716893319025,1.15623506725752,1.8535741208765857,0.04293752189599862,2.026172360968493,0
0.47865528482881525,17.528843283705676,35.27223669077345,18.36676218405694,0.9569223422279847,2.759829734948931,0.033107667456925685,2.5386516981418468,0
0.5310907565598004,19.598823877616788,39.91016684631927,30.012137338223987,1.0282228993411187,7.3782595629069325,0.0935269425242071,4.137595854455882,0
0.6475356216949553,28.401426603139136,38.00364686101802,18.462142914421005,0.6950030119711881,8.512203179387068,0.051715036867956476,5.89766575371919,0
0.585765962320202,20.116050113620517,36.340560846407925,21.801130185387144,0.973244125495752,3.4356410920947322,0.08080104284112657,0.7747861712252389,0
0.4840061470036573,20.02187016118789,44.298076780045335,22.706606470041393,0.8279123063866334,4.078867940480885,0.07717406750081443,6.4362224154343926,0
0.4980983792097311,23.577812625305917,30.68327023410295,14.996853137583797,1.13886527622986,2.6620381795750006,0.010600609314713766,0.8683418528442963,0
0.39974706353621914,14.450293447908576,42.1592844482146,15.724522627953975,1.514550477848895,1.3767203057632256,0.052514473472600826,5.107841362976108,0
0.498148686400761,17.772190783787632,21.94388091978866,13.969888142959405,1.099964327194762,6.43682339555326,0.011135183602597366,1.0810419021608542,0
0.47113413610798616,18.153791568778697,27.760417336495472,15.570146330511115,0.6017719702090667,5.446040605924326,0.04377189428074349,2.7982290275761663,0
0.532271856033809,24.83004986643449,20.54366884054547,5.74984945341409,0.9277539614171254,5.020975965347751,0.056572481720191393,1.5013537864092286,1
0.4172769056447677,17.273399118650783,32.80123759464166,22.72291200396814,1.0244981850748909,2.19988692567324,0.294537026748558,2.3158900828203546,0
0.5519346514241172,20.483743173141896,34.62991026186926,30.27096920628035,1.0174714850520528,8.279913363657322,0.0015509051999413861,4.178874060302755,0
0.6532738913002578,27.582585605574433,35.91281193781216,20.739103695182635,0.8538373748782494,3.9932865239010535,0.004783844027796046,4.1176357842436575,1
0.4891239851543142,16.2580829566633,35.49506682309708,12.918655703296963,1.049058348527387,6.067252849632951,0.0040077484188350415,3.297715130434482,0
0.5401711722098942,23.65092541972461,27.579573353506177,16.78611808550026,0.7514998326161225,2.090877189510551,0.025404907856581158,1.3526811981796358,0
0.5690143991711113,23.986397889949757,33.47807324469427,17.705615774875014,0.8110182554629866,4.618949620759925,0.08618309113279675,3.370850954023972,0
0.45987795281141636,17.471692699040002,23.02042665115401,14.912076113933121,1.1291595283207423,5.582748912477168,0.09291302222787486,1.5334015772670186,0
0.5224092481810417,18.380612531899974,45.905831801058,24.300913191975784,0.7968673538240348,5.654150436106615,0.0667761833502227,2.771975007157963,0
0.5012592400781795,17.39032683627681,32.57099141681599,24.05130022187667,1.1076423210984514,5.30929708647325,0.11359224353740882,3.610068824582627,0
0.5097676098548831,21.995156403233054,31.08891104765047,14.222741030911703,0.7261072450687884,5.9890449840975455,0.01949385751579963,1.1258674692332464,0
0.42269902161445333,20.59490237204532,47.71152262755266,23.62540522223754,1.3529651767583473,2.7389590879340777,0.004614243467593694,1.3569322697409605,0
0.5024510174258943,18.186117455949386,25.062027731606165,27.634063317886326,0.845146015519189,5.39474521087932,0.0029956233848801115,1.2654601776307284,0
0.549799829124545,23.36715327563625,25.995303087744247,29.5127910261478,0.9552666856393112,5.227515366960555,0.09557200808638205,2.41856008786328,0
0.6451143607795042,19.543493375373963,26.23023740105148,34.32606011542981,1.0661226522180811,5.463345368390121,0.06554752659900517,3.2658412910852794,0
0.5959270826085207,22.08323011236923,34.457028946404144,15.490036752784013,0.8869300094997812,5.144690434638363,0.059968388856437495,1.9060755474556068,0
0.7153182457511557,28.51955303143352,38.45305303710078,34.121102131976016,1.028681192214261,2.453574452173205,0.020751258401181562,5.6586269483835885,1
0.42326524371119506,14.201559497502302,40.91740374494267,18.228968057456058,1.115071344904025,2.3644004957820526,0.02389414455254036,0.9814017656916262,0
0.5872320636720678,20.679763422513926,55.57596253995975,17.03767272309743,1.192122646500697,0.5714636282308971,0.15863961948090238,3.1529355257967633,1
0.5183342005738352,18.730029353546747,17.00454036639389,21.635361874389226,1.1582994871945915,6.6350690196905955,0.0032965608763464316,5.691003931140902,0
0.7189802933217673,29.63578991784981,39.869884712995336,17.08969332953494,0.9656379072394652,6.655315019470398,0.07430169894714524,0.40749337793526524,1
0.4191701714644849,16.20481980336027,30.54295541942215,21.99522070323263,0.9706736451912795,6.68710058244424,0.018526620381318082,1.1073544286402113,0
0.4160278157819224,9.926418931301981,30.308678808889812,13.399614061313493,1.4698217116050065,5.613579924922903,0.001991885330182915,0.7573531698999394,0
0.44006073545559776,11.240328960318712,30.04182297396898,18.80623698968283,1.1899778136498584,0.7337615645637783,0.06785039353399122,1.898525837670133,0
0.28761042756901933,9.683821569189247,27.729842633536215,26.427911171808397,0.8156352687359573,2.946579016429468,0.020091975851563564,0.8543699246203753,0
0.4474244978319239,19.270039671437612,48.476198676827615,19.71469354284422,1.0199976327531104,5.340830835186224,0.06403324745460008,1.2218154227597287,0
0.4240867338446302,8.720954825609503,41.73837861611122,20.707978933699415,0.9329713722443616,5.271036005583591,0.061490927859031576,5.102075716311988,0
0.5150393786476207,19.102384617449935,35.185567828459,22.37629302358656,0.9729331532153781,4.554503573695958,0.03826298229975452,3.4227042234188403,0
0.5341755975777159,19.788280333556376,45.808126019896,25.8533081465883,0.7541009684583824,5.737834405816494,0.07511290670430544,4.021019954082777,0
0.6876170839215886,31.669696691488888,22.899768277608995,11.723876439052836,0.9176153531228094,5.023303415370491,0.043498791452287064,1.7985643940214224,1
0.595042383818605,22.646629917605605,24.35435894935259,22.922620259187173,1.3623111546387827,5.2415409311027235,0.016888233271760377,4.232500276516598,0
0.4423096344337597,18.841352331573173,17.576258142442498,18.659304303791185,1.1158152601751006,3.7218693343359677,0.06623462634103601,0.9927755538698344,0
0.4101585328651642,16.83011273486896,29.4046836790137,20.83318947655919,0.501767718369708,6.964021972243181,0.044475115348957386,2.065976684934818,0
0.5491919171506505,15.575977246604419,36.293588213638024,25.299750848811883,1.2433446984995893,4.138456782639232,0.0006404483685384802,1.6268113481476612,0
0.36797667929793576,17.02368882181264,35.822868623458675,14.02906674294078,1.2179259045818323,2.3387018339587473,0.1159581768408755,4.422292956246091,0
0.6831458765854354,27.97202457978628,36.194735288479045,14.936777792784552,0.9281429391387167,3.458001974362543,0.03944367036066243,2.476112588389933,1
0.6179440120721287,26.242566401908917,23.711545351471344,10.322850201430969,1.143452708756643,4.30306761727604,0.10148583471534639,2.180986421132889,0
0.45308243478952953,29.902010510890165,41.425237940912176,17.25420529118112,0.8281201578365598,6.988005576737693,0.10716673152344199,2.010487262569633,0
0.3286865470909123,6.8951230651407265,36.917020145911984,26.652161721894082,0.9059488567467285,4.915464003130414,0.029436354454275754,4.133720036337946,0
0.6353872374165412,30.589579445944974,40.864434251727985,19.39706405763265,1.2997092721339707,4.627703562068702,0.03542928685205863,2.140089333584268,0
0.4885460154747382,18.67949806078846,19.857902579279585,13.299375521726072,0.9456539920260583,2.5026731504747453,0.026871690775982837,0.7774959751539692,0
0.6237816311973462,25.813251961102875,37.49192687038232,17.571606277124765,0.6260536676090018,6.570965179659153,0.02984067399187222,6.164150395290076,0
0.34055723412056327,13.485752628918805,25.497878080659785,12.560691482546886,0.9873393554437326,3.6960956919532286,0.11275987129402205,3.045464736388106,0
0.4400624977046227,16.329790907990777,31.821413979589106,14.37406949134419,0.9842823214171287,4.799944282117329,0.07759242731579472,0.48126567824231514,0
0.5005243699718183,18.31147601415645,39.274919189091065,21.944094551318567,1.239673713874692,7.960366153763729,0.0067638272295861696,2.524139653086446,0
0.5046980593764742,21.176448581777993,35.7287488500473,14.130633368469855,1.002867284435152,6.017526662098609,0.04711990174318853,0.5552287851315116,0
0.45499345285207565,13.64821702406799,28.18768016176545,25.56317152601651,0.9156835377119414,1.7434919045696513,0.27491946123385824,1.5755210961674047,0
0.5622849932347499,24.743137231955295,35.05018524947535,19.64439854584832,1.2090112290462411,1.4609795272950556,0.045261444665622416,4.898949253196007,0
0.3932379570617406,14.480935067813862,22.747717478050856,20.427973519722627,1.024158046500222,4.871379099761508,0.07705897817052815,3.449999017464982,0
0.48576205149787066,16.040274042793754,44.20213916718637,18.60813516196053,0.8499954636868565,2.57451877025039,0.07328018612046856,1.5922933214821415,0
0.5120295631711899,19.131143952860153,33.35772784402999,23.864239192718614,1.2309995121083235,6.297093495265996,0.021563576839507534,6.1161860288206595,0
0.5514438834058749,25.829202986822715,43.94839955404261,23.915799438885053,1.0387323529033599,5.084526129929959,0.023248758872672904,0.7131957623853846,0
0.571161487808889,21.24045425130689,30.787746503231656,21.675271759560857,1.0005851933358876,5.330769538047726,0.06438156710755955,2.02065448620662,0
0.3875357908162131,16.576792487277384,30.811392092747337,22.82394552953824,1.0355816782823308,3.586513636715294,0.03465571221560099,2.954720104165994,0
0.3465885829264378,11.670674489911093,28.88650570689723,18.93955165039787,0.7858663257166806,8.482767310573411,0.04226490911904314,4.555384593307588,0
0.6277676821898509,27.384472837364893,42.0093914535446,22.71101503454524,0.8944692447643325,10.68518745602092,0.062397243025920306,2.879000527907747,0
0.5332314011979592,23.385779264288978,29.324550741372192,18.310611122630966,1.0007165203665567,4.442830552486571,0.07515827172080558,1.9634520637986397,0
0.42515134634434465,22.55188035366302,40.15676345932141,20.01115811081201,0.961067260995064,5.706078496830002,0.015839520479402593,0.6910962151164823,0
0.6551151975522523,25.677916065592445,31.94038081864568,18.626781253168513,1.254485676563319,5.194834686128625,0.007937698905451105,3.2686876661751265,1
0.5115674634292858,22.468662951445154,19.192293600867043,17.71390730340402,1.0434811705454008,4.4806262731178625,0.01725105901717643,1.6761450619866436,0
0.6179297184063827,25.01139135487214,30.437487457708272,16.55444101139105,1.1709807845272806,3.3358590645344064,0.03541693194218833,5.70363643352787,0
0.5067518481410109,24.157689271229483,25.567134285097215,22.338450519294426,1.00187907091517,2.8300640250390456,0.020938256932569246,1.94287281720774,0
0.7060747924881987,26.086494536701757,35.2712217894587,26.553029564067316,1.2112576967492246,2.7288054689489516,0.04200848815273009,0.4564973289934189,1
0.6755340842443205,29.256379308404664,,25.855509858347798,1.0795055513146308,5.810480051098291,0.0027474047851659454,1.5926324221225783,1
0.47510358515209267,18.42005151773366,42.40780080571693,13.717173320272824,1.002684097077692,3.9606510435927293,0.03564203267528815,1.1981938631036309,0
0.5971570950954356,23.69371927249193,34.27139311717578,26.446015257034368,0.9973433822081961,-0.15658570028106045,0.02294210018463795,2.0656501463701065,0
0.5645375949585147,22.85676125168571,33.57923204193009,18.409207491910355,0.8091122747418074,5.8897164411966445,0.03825007369629159,1.708660278071911,0
0.6368631557532349,26.23124741940943,40.24713710230066,23.00366507572796,1.1013831440272621,4.923477435071688,0.02745522978153966,2.503874537504001,0
0.40350765394198956,15.791619028313708,42.7112554726069,15.468923339763945,0.9919590530927243,7.693346002802292,0.016719529781626462,1.3600573730328078,0
0.5686051459998439,23.388345389505336,34.839209985842785,20.709899569370027,0.8996016079637591,5.746244794182019,0.11722658674384184,1.6972097828522803,0
0.6058424486849587,28.968052120084902,28.830397603605675,21.568615914484536,1.2212923541624143,2.0426528073794055,0.010213942477158894,4.858835030578601,0
0.32412605135768857,15.921391111153197,20.808243071102964,12.576976040401735,0.7499567948210397,0.5406467185400379,0.0571855419158914,4.388105268043144,0
0.3816741487334225,17.87442972682759,29.51160194371856,23.041335831720946,0.9155008209135131,3.5610552313241253,0.12927705924685406,3.61578351035838,0
0.2960767822239899,10.476452710887983,30.062302026816308,26.729675039191577,1.2055437497559067,3.7497851586126947,0.03868207847722835,2.153693151720428,0
0.47305931655554423,16.254650177536796,35.85645962393838,19.12676027159186,1.0631045881840506,6.886318402000334,0.10453867070722507,2.8498888583934017,0
0.5717542255795962,25.736070697897105,32.23882495089578,26.800840654140064,0.9904282144694485,4.982258135420853,0.006668083404757808,1.1461380641278816,0
0.6502357052096028,28.637568585973497,40.50346377641142,19.051532532737962,1.0502007086300293,7.267376996197018,0.03404006233582837,1.3012404228221677,1
0.5074094780419776,24.714391148932048,30.096133829834486,24.247922655233086,1.0358828342097683,2.3503338885947307,0.030534625859357595,1.7307055760147634,0
0.6628615545571293,24.702520304377483,34.543670665176464,8.907150170244503,0.6966674907428156,6.930528768760896,0.00040759720139722235,5.485217347908685,1
0.3619898541785108,13.790948201059392,44.47189954557511,32.09388889656732,0.9301476229304078,6.441978306861839,0.02928260795141458,1.1343281580819349,0
0.32966175606448456,8.26801775500308,37.73460171163973,27.477291226214785,1.32330433090275,0.9635317771376073,0.023024828752651442,3.191265584048874,0
0.49444523011033814,18.600395886230906,34.51969966649148,18.576872478731605,0.8681351730445664,7.645235682521545,0.05540264473050902,4.3492744904563505,0
0.5384065448939307,24.525973327495567,30.184444464518585,10.13955486678091,0.9363397971791332,5.186916983532705,0.13929770497641047,6.472122779513848,0
0.4967305251905907,18.469734869939035,29.934148826280182,21.440141841527446,0.8916758473381625,5.784089007737012,0.0044848082502360635,5.974870101474289,0
0.2932557899960123,13.651670985442966,28.195093976384417,12.780372264631215,0.9825969553363725,3.2702077751431546,0.01983590277152844,4.353065293270494,0
0.49108799604872116,19.072010523955413,30.671945073736804,22.22426768778744,0.8833754337351404,7.550494025843944,0.02935517128364308,2.3777258012583533,0
0.36955304994951466,15.754293082645267,41.045326709954516,22.05782859582141,1.097348300431612,2.6282953415222603,0.03036548426815306,2.550182494230246,0
0.5669672548830038,19.23561602587315,33.22489382966185,15.292984154989876,1.0394626824580533,6.664184036747892,0.0745404774511191,0.8924259293354685,0
0.5366598246096849,21.722021333289096,24.20181544495015,25.60483511807189,1.1547095230214035,6.641214951817343,0.02929503215300777,0.8035037616816486,0
0.40601202136726444,7.267072941988408,49.145354344478264,24.027873514030865,0.7898117667622079,3.0516651436555557,0.001376849399169528,2.1761318317241805,0
0.4486133082663306,17.38384385616727,37.5597215291613,24.879116686442817,0.9319319034234194,8.966747198845148,0.0619116683655149,4.058913883263616,0
0.39407864781110485,10.871726181298774,23.744452795894645,20.044288518344477,0.954855473677573,5.463056960435038,0.10806716671552848,4.102179658986886,0
0.49373209027268283,23.36726716054776,31.46520858207341,12.922379665431468,1.091129382017719,6.307785220542049,0.03606753047936049,4.430397365415326,0
0.5955142320501239,26.15279134029849,35.88709106262734,24.889361361055688,0.8413557605585931,1.9457584093284885,0.04350716971369004,3.6993473135962507,0
0.4014273953664456,17.457108760556068,48.636736746379015,18.648143004321042,1.1831307608516688,9.23546000601713,0.008892763613540364,2.1208419392997397,0
0.5504046515517844,26.579204743549518,26.135100333929046,13.051099284036654,1.2372831181035218,2.5508861195498205,0.012464491829742567,2.40711403033153,0
0.44697423816275594,15.032219964035727,42.80832575484757,26.76019682987163,0.8022255304728833,7.04977286553186,0.013405100236177936,2.7635871829774428,0
0.4207127167737656,22.070598264697296,46.195891415778746,30.49703760251255,0.9018254210212868,3.010456564136609,0.02817107382162127,0.8672382417322291,0
0.4892969640045442,22.368453252962922,29.97076555940344,19.793759355103983,0.8936136983415816,3.7620223943046347,0.13165540768233755,0.9202198912382675,0
0.3964757677580626,15.149364848665666,32.779891049118135,30.795605773016458,1.5264772409354999,6.5775080877708945,0.03688471844983129,4.142150723459407,0
0.4446350694652818,21.192263220160104,26.709526021009836,20.45657364305675,0.9140199789584227,7.055105427350314,0.010665703789261412,1.4131777289994094,0
0.38021221074111516,11.889607892409703,33.37231087135756,18.097720479168245,1.3355250884312269,2.457431501771796,0.015468289433432331,1.4298717788138757,0
0.696472513291639,25.385358047082537,34.70728020525655,16.847707729072614,0.7466736009786781,7.180944338113988,0.024226635732702107,3.4563278196740788,1
0.5035263551971728,18.31528503816781,40.277199984658964,28.185412039963712,0.8020698067671272,7.089960990266388,0.04880986328807251,0.8550675276262726,0
0.43002744920074143,15.614164843837612,43.72146776816358,16.099280593061142,0.8626790936303599,3.124093182310215,0.028993884939915213,1.9549197440010944,0
0.5213979910734222,17.686246714656132,29.015231483026824,23.676346549874935,0.8308621377106955,8.19729518718222,0.024915615820520876,4.345869810906927,0
0.48876719503091703,23.219937002522656,19.261399486192044,17.204180824703958,0.9464202531683003,2.086284743503924,0.04158927676569209,3.2537868157727545,0
0.4779030400466777,18.33955840075761,34.830041765790064,17.698466187128183,0.8582443594557003,3.7504548344447692,0.013842711613650617,0.6601252634332954,0
0.5614166700043425,23.51418170524434,37.34830023974912,25.151248469847836,0.8361316814530853,5.958005248183977,0.0041095111951684905,2.477100185214546,0
0.5757507710047305,21.318976740948177,36.99534150148033,18.09981576855323,1.2316943992946656,3.292867430594787,0.0012358642793762532,0.5203563558724493,0
0.44694988523894724,12.416185507912338,32.38661401992765,17.976023102898534,1.244758724502633,5.5276381713586815,0.014468118399039618,0.7241929212277833,0
0.442418175935532,18.506899112595544,35.99801679731148,25.664023485874036,1.1898592996750632,5.48215215760659,0.004803084984178868,0.43717218839501626,0
0.4724948302848356,13.163028285134093,47.12355846681798,27.986986466108114,1.1047997911168657,4.625851460154559,0.020499313548034744,3.3671406250123974,0
0.26980788352644147,10.586413202801253,38.05387335170008,23.223449016421167,1.0185486131559105,6.664801077181119,0.0741256265302517,1.3722276788874037,0
0.3484808937801448,9.834290634707362,32.013052599975325,16.726151121880253,0.9005938618668182,4.543278414684722,0.06299089765912227,1.5339785250956544,0
0.6366874267444524,31.429325067470522,30.998417463232034,17.446957503512103,0.8093684990489816,5.4630821376276115,0.04719949464998838,1.5136077383615898,0
0.6644967713501284,29.313959020529303,33.641181138578155,20.399576318700188,1.0725991406865374,7.292943754975806,0.09569643783119122,1.0959797485806808,1
0.47509639604436216,19.32111721558893,48.093919694645116,21.604650309628287,0.7652739214906404,6.5813724200516805,0.016568994948580884,1.7833869225670318,0
0.5576556963055767,26.097347885187073,33.533594323790425,15.06067044930114,0.8012158141649213,6.572034581628417,0.10816453387722227,1.9690581038480828,0
0.5311250154543536,18.70605268577694,34.841645243834336,23.615189697899318,1.2305826512409619,2.7016407955664397,0.025477918825585696,6.437039578733252,0
0.8078880808455238,33.94596136983123,31.141491432509575,20.427566648197995,1.3801298083444173,6.049585151002644,0.025615779850136744,5.39083975261458,1
0.6119574911434577,25.077730946894448,43.791866859535716,11.421458406809354,1.0786590276332961,3.2430024180609904,0.025989249769222483,4.159559601363808,0
0.4872082408519233,20.280389878077944,50.6786980379574,15.355367587696348,1.2212914304589289,2.4371700404439474,0.005162269164244604,2.766623084916133,1
0.4044459559399574,19.9948987379186,38.60490439545111,17.47935663174168,0.9508303365112033,4.856587307430063,0.1854347206696614,1.9527305878160695,0
0.3393553679742427,15.771691027309116,35.662183230283404,19.635711555794725,0.7324651627824632,3.1914096266968204,0.007454404525740806,5.658812482824777,0
0.5203463635867223,21.68002553194396,35.29426266539388,29.446393977519982,1.1224343237237169,6.581235437679954,0.020842917601535005,3.07417545450701,0
0.4243649254715697,12.0099347101779,15.925545689714035,21.19085653069814,1.1138578646540127,6.6290709193906485,0.019231703455633877,2.817955875048002,0
0.3577746290402326,11.430846275770913,40.96120691427854,15.796140550506875,1.0143337107760488,1.1947475271371162,0.003880752119519066,3.288493195657527,0
0.43534271157574733,17.045581662242718,36.07333132796675,21.103154021535815,0.9515249083789777,3.3433949208462197,0.008259072372862601,5.038466387910652,0
0.3918451996385605,15.953925108372374,38.4267364052858,18.239561262730597,1.1924421157162195,2.0804266561640024,0.002294780521483236,2.7189240005169486,0
0.6687141635072564,23.357955366268484,29.308302447330362,21.62379119766771,0.8028533933145051,4.074741446814219,0.017294133357068243,0.8382716292912871,1
0.588163975694945,30.761589054533065,31.924344968183267,22.902838435178076,0.8452438842218685,5.910351339737649,0.10074149767142651,0.3315151225717713,0
0.49920273586833824,24.51729160049425,31.711800507974615,26.04615323611969,0.7983786986479144,4.515423803643223,0.020733532903581223,1.1882953198836401,0
0.6479944138890026,27.726131516737556,43.17298387258431,19.87856752164987,1.0169945925271655,3.820481518665729,0.006601873001593767,3.092582345829657,0
0.5077368307647618,20.525583814441706,31.969921307175255,28.194802637999167,0.7824213975781483,7.600353053626279,0.051879698048871006,1.5254112253607175,0
0.4138715798671736,15.91823628498349,51.66128257687838,24.54011331268096,0.8631515638969512,0.39028565480742294,0.28421240673950743,3.6912368581282964,1
0.6523124077269657,23.236740929011923,38.4468993521203,16.46280227593906,0.8588488875545603,7.473743787036449,0.013219361784308237,4.275249395672899,1
0.5538910043684658,22.38808173029522,24.794538720034147,31.049278328742318,0.9478783335332084,3.911423413689029,0.016395420926579345,3.3074111325738564,0
0.39627538456735434,16.624273003122426,33.971629653984344,21.634972566350488,0.7025251107192045,4.843781979774421,0.17850516431023614,1.0482957574874254,0
0.4809661321916392,15.513363561220697,29.786599022748675,15.824377480138825,1.0174409984074535,3.945273324559783,0.009847985944475902,1.3635204531634537,0
0.41243817466152427,17.500056238195665,17.444940241439806,28.26456525615211,1.2494607301329355,8.085776211078237,0.03579153255599162,5.985741793823539,0
0.3617200269035664,14.00302392966841,47.79576752091032,30.388887925992222,1.0270982744633523,2.538043006389481,0.013698961535390526,5.863213970832532,0
0.5926177547531641,17.98128751649439,40.62514033776003,19.834873681402197,1.3082642289602642,5.023472739443871,0.13467179897352707,5.982690582574074,0
0.6909416640470131,25.056511529542014,39.2656585431945,17.48174869812202,1.2667996371753851,6.054877303719993,0.19955605577951718,4.488043655390477,1
0.36014324261808583,13.1649131044585,36.323229282397634,19.13812521273169,1.155547009449571,1.777994464229665,0.08428837610065917,5.823807044354936,0
0.5562969236690571,27.914939918782856,23.9438594504605,23.573658637588498,1.0149371685273771,3.160203659107693,0.01890104465783599,0.8581464131477945,0
0.4349357430878173,19.067089097113964,31.131062883556506,26.38928327515257,1.004500077649088,4.703642933003541,0.025832752032476043,1.5667374078681404,0
0.4512874616235304,14.04505375764154,41.7342461982721,22.852436654317867,1.1527599544726521,3.2266699306312505,0.01387376256412107,3.746356959145953,0
0.4407606075761131,19.088533171297435,26.59023976173998,20.50861604235885,0.9216658780991935,3.3688164575617003,0.11070946861164953,1.061947331560152,0
0.4136009230320184,11.902124954465638,14.74584546999349,27.490058851522136,0.6234958497065073,4.300274673847126,0.12299603729146041,2.684254497179095,0
0.5048521627944828,23.442159673440532,33.18315193775259,18.43581763474239,1.098400810820592,6.299162663292346,0.02713909672957492,1.4981303454135686,0
0.4169049883588962,15.262825578902213,33.86593956777969,25.154596691834534,0.7737862740130057,4.314564446243711,0.053433222266274796,5.554041071471461,0
0.5270456825779839,20.800918736901842,36.084507331317674,18.559686008243606,0.8075717543619231,7.156852388945893,0.009049313221169144,2.659226909240658,0
0.4949761890550863,23.77643750483002,40.82814914811629,22.155114790054466,1.0000447895991575,3.0044844346812907,0.028540805179325324,1.6928211893539977,0
0.47610519531335904,15.18271710678161,40.100846497849666,19.432187176047744,0.9809750244893061,2.496155479053095,0.04991560715658986,5.870507479388292,0
0.4092436337958402,12.178390796494634,37.07015844195137,19.720739086735946,0.7175848787368739,8.852690811442269,0.024339435167991787,1.4131089761644824,0
0.4423228669431667,15.942116698688654,44.564251104693675,18.11306741268895,1.033098312826628,3.6840837446689774,0.022127168900187465,2.8111755208557936,0
0.5755391225825757,26.136701456360978,22.848241753493483,26.724270155903472,1.1932279321722097,2.3781759858556804,4.997457961465903e-05,4.772563939951152,0
0.5500917187624381,17.445630524067,39.03665451581912,16.335369809457326,0.7743316859468434,1.5158921164563393,0.08155695029703393,1.0906451396710497,0
0.40224447552014486,7.593312226474087,40.01230690669554,16.298838737256457,1.2544966661697519,7.1502069076178785,0.11006356311627985,2.351337074198015,0
0.5099332305429226,19.04385264648991,25.083501711358082,30.604967829225547,0.6879658349740112,4.317390970679882,0.17444167785579223,0.9760630545757982,0
0.575138712337179,24.66077089321992,22.977035130540884,24.889237823271657,1.4234648288741907,4.492580529867203,0.06351834297409557,3.3763402493155814,0
0.3330594718878628,16.923164124731,29.03246298819519,8.074431506534818,0.9177479139033033,4.6815965768267205,0.039791377037806185,4.6030698836529735,1
0.5543360192379935,20.783956683263543,29.707668459877667,17.17370630394798,1.0291233993653783,7.025885769339562,0.015686555749133583,2.067171877015366,0
0.43373762410541533,16.115225142868606,41.02735570801944,10.940053312189729,0.621593285502866,4.640940332048159,0.36318409397130336,2.7272225417894242,1
0.557059866859316,25.74409687713988,30.083689730471242,15.246546532923723,0.9875727867061384,9.688107557665251,0.044549775353343535,4.4592364584121,0
0.4236740843457483,11.337738274743673,28.14921185375037,4.307426668829802,1.0456964355436384,5.267521148108458,0.05715236391170963,1.6898705489656682,1
0.3195117899335481,11.614909271792898,30.106930106443528,19.31505211153029,0.982767579180101,7.123569533916642,0.05734909757099536,1.4153454851274683,0
0.33724575621168373,14.061101918242523,43.949058673233694,14.290290904193443,0.8873837845895253,6.610479715808814,0.09329779858657457,3.149389171865342,0
0.5048084946661382,21.53999595050063,35.10434699501562,20.299526283982193,0.810687096294437,4.9271053594839245,0.0004859810851979508,2.9202623156628498,0
0.5259722501721482,19.50946992731328,33.565991797144704,11.874393705587377,1.2261053239074622,3.8260580279590735,0.012438899986020893,1.7958818139693795,0
0.4095683374895591,16.486056534699888,34.11995601039159,20.4145592658602,1.00616142699959,5.663927857133107,0.05476100246667185,4.436543372803714,0
0.5638592458777374,15.089387774870529,45.336482674612185,17.925418609398363,1.3081504753033544,6.020197462414546,0.11275919313523222,2.871933932931502,0
0.33384799377310403,11.379174513922617,29.006626187174064,27.50976482594298,0.8947035290410154,3.8548279037469455,0.05781293585413493,3.912800393094342,0
0.49339202013526834,21.096206943074137,45.52406632752083,27.056784308728126,0.9130410613255566,5.3326777319013114,0.026678388136786066,4.268769105664859,0
0.3788983800237543,12.209053098186132,36.68397039137203,23.926728015051417,1.1631188489192326,7.472409956519192,0.022436026164681624,2.0335891647752153,0
0.43481638921978405,17.569608233560153,33.71664494419722,18.366931096693936,0.6754050075992872,9.139895478139358,0.06696061766206338,2.7089053539580603,0
0.5047398671316414,21.53021218767375,55.007203983474255,29.926901976301465,0.7573073279694154,6.708738640698843,0.06759226941185122,2.6543336310624794,1
0.41395866347160476,15.530698936290895,26.554884081611227,12.234823610800897,1.2194969942706329,8.725519372760564,0.0467046620814585,1.9286613507373236,0
0.46154444557701746,18.97316913607041,32.17051392346395,12.982206852181687,0.7656132141553611,3.7412515775870885,0.01722793388351691,2.235687046552787,0
0.6006292809214441,21.136973541003925,25.140550086688,19.581084500554677,0.6361897969394905,6.4037645041185876,0.12961667720718748,4.519655276559323,0
0.4423108130476851,17.07259868281926,42.619695764289354,31.270190544605597,1.3737054376146183,7.677039017162544,0.04013470480633772,2.6981934965925958,0
0.5835692112065142,25.173416957028234,48.513511469213434,18.988305465649564,0.7212364704251588,3.207333334056008,0.07814975272986859,1.58708448590301,0
0.38702931453423817,15.95209146427483,48.35938225123711,19.08377378395359,1.036823879665634,4.028819775909982,0.012059537726276999,0.88518041265209,0
0.5529804177915283,20.359622902969324,44.791590025168034,12.790448219440954,1.0138170385448542,8.4758095236705,0.021082833486875948,0.9682911186089864,0
0.64415686206579,26.43892369550398,33.41903625763228,24.72964792635189,0.4378743366763832,3.04980228842612,0.10380416589647062,0.9114878848701168,0
0.2528355499872711,12.257251371400697,32.07807218008123,24.76588127164677,0.9465365953664382,2.3177399346885785,0.002570298191460865,5.732780996284671,0
0.42031047445295233,10.662595142385658,21.63064182004748,23.94537600699955,1.0896826498958219,8.055963147279023,0.03590431057925014,3.933790619575452,0
0.557707212718054,25.785510703589853,51.28698828145434,16.85389663576319,1.070861876303772,7.393526449960877,0.032860581328430276,2.7195224007295975,1
0.47969546139570074,18.179054239784815,38.751824625187744,16.46646615813497,1.1807041367607003,5.864240487967539,0.06956136317670812,5.5574958156368055,0
0.5371145873371309,22.761053293205926,31.064344761044136,13.534388747975148,0.9225017370189132,4.908578490708345,0.0165568884533094,3.368740559827703,0
0.4396014813284179,21.175800024072398,45.62445511189574,20.419362508804667,1.1425008884184322,4.122950988790036,0.012363284608107207,0.7345527385226224,0
0.5086589787472899,16.2313380582002,27.217883865919994,14.597963353607492,0.8621341863839856,5.563897747618102,0.13027434587456618,1.097331072103983,0
0.48443227646079207,17.248968051149046,38.25297627378139,14.112917473753557,0.717906516717445,8.1596139148031,0.04239769650618235,2.2750273420150995,0
0.6167782061659808,23.805482159012115,33.61896692567332,17.88154641544662,0.7404543248637534,5.477132252284152,0.005529238488324801,2.020127696979587,0
0.5254420843301213,18.66642280983157,40.109417119042405,17.55421912407892,0.7075779089609171,9.333918534493932,0.0107238211195358,2.9745692889795023,0
0.5337602662075203,26.555220375811235,34.49141168651103,17.310107355890224,1.2019171935782387,3.204116028719539,0.337369462621437,4.21734958364438,1
0.45881230338775325,15.78217585402975,23.392576871110208,22.332222984201305,0.6970852981882887,4.960638491343461,0.010883490247524802,1.7767151185109986,0
0.4512393775927506,16.382934765249427,35.6046109813603,20.395239010751396,1.0548077681298607,4.253882664672169,0.04714142718208681,7.218032660622422,0
0.4567441812180379,18.882934343530444,43.3909131350029,18.55921984744441,0.9468151611855133,2.8297169136753344,0.027247401284090256,3.392754266359985,0
0.5394452142378297,17.97135999128492,34.76626875316812,20.91506464155741,0.9794702853098737,4.6938325339806894,0.10840231439579757,3.556996807070755,0
0.4579015519179737,17.12901994145016,41.20092097271269,15.042364794476839,1.27272145903994,5.83465860332088,0.07035927185632228,2.5605643337635553,0
0.5289774856896413,22.11145921133618,26.635764114607575,20.52639311954839,0.9123145265569453,6.04846035990406,0.04543490597491197,4.36823012183207,0
0.7075400798645439,27.303021981434224,34.78991365384118,20.75301246422317,1.1223203123099366,9.340904357889112,0.0005398530421906466,2.695135656119598,1
0.5871124703431693,23.204338237026924,30.00391635929138,12.484765703212597,1.0075126702762223,5.928934939447119,0.1059279193286598,1.5718135034516079,0
0.4673976467832159,17.10790953398352,40.97584672083768,24.97846877185181,0.9695962188734604,7.300273607359232,0.029409409650671604,3.1392519791064064,0
0.6201213922163945,20.26144476111348,35.25193249809597,15.592831473865022,1.4599938248772948,5.132188492597952,0.13410278987285384,3.4465071759832435,0
0.45919246269784486,19.33247814193151,40.5205894106929,20.451548996032173,0.711731650856926,8.35611120090519,0.03421323859596539,2.087090391806713,0
0.29618754648221457,17.11230107423031,43.70168340926293,25.82205870267635,1.257826367087489,9.79689857117614,0.0592452035522125,1.631784165258035,0
0.39919136890825957,16.022859648680697,40.53294860097111,24.628383788569348,1.1312813130979944,6.062170261951899,0.0035905194983486227,2.4507294777901416,0
0.3129208078974144,13.192624667639224,37.18494747434915,20.171666942844176,0.9040950010736432,3.0146819690968374,0.0683543315226256,2.8898203240996545,0
0.46484865159586913,20.67211432918534,27.014301931908758,18.18750498558966,1.3258637034883225,3.9023899544456633,0.020624186403300174,3.4629125538544763,0
0.5018418379189552,16.26568202711811,34.97771111466479,24.737559542877836,0.6303779775222926,5.563868606410324,0.021643794806377868,3.9052373963084634,0
0.6676437312275283,31.81329322348995,30.735276783873335,23.3734748890431,0.8956466685401856,5.912996070501292,0.00631535438399956,3.0230938563025105,1
0.5326927373764163,21.91469588432506,32.24748834636619,16.90817489977935,0.7583035591461847,6.396850268768744,0.00794141380784526,1.9665815039525518,0
0.47808994711911357,24.01916858203187,32.00372679399799,16.02553176499155,1.082416692974292,5.9203953624600825,0.010274947851610417,3.346036882243078,0
0.5829405581183489,21.118523338161985,27.160595401742043,9.638224091520009,0.7773871797625644,5.0139698325118776,0.019890189200032226,1.9375239840011649,1
0.27888646909921144,16.609644531641933,19.341291286928083,20.770159208417937,1.0866127893482638,3.7276031175957427,0.11126727526222835,1.0710629939903613,0
0.5235614558108566,23.267924714538612,29.654855613377865,19.586511274908005,0.9627127168356892,5.802276522528459,0.02296388694934759,1.7319171765107713,0
0.5770865193886967,24.742581033104944,36.54703561539327,25.68095687321271,0.9041292114687831,8.709974714961312,0.06443347158687292,2.367522698015966,0
0.35214137542201585,14.787728379940077,24.21458363658008,21.795275467401833,1.077729449206662,7.0398572108555095,0.004318624722647596,2.9962561574141255,0
0.6143754043206929,23.82943031860437,35.125457891772996,26.671145970863453,0.9462756752123872,6.069407899272396,0.0447140857566293,2.187317839754873,0
0.5338496407494414,24.955580605399277,50.20214739448772,16.513178860419146,0.7822730313881923,7.059133847645502,0.03287850402613025,3.1495217759686427,1
0.45847120860991986,18.759927953940934,43.184452442017914,25.690751654838092,1.5602745979269956,4.257871942198295,0.19074015740755745,2.6415628975389605,0
0.5632781866106285,16.629918353663683,48.14833207296424,17.355418104476726,0.9025665633941711,3.9834697078333594,0.0936076371277905,2.3400102689867746,0
0.7270692857804396,25.731212046096577,38.12902301546181,23.88798030896136,0.556478183969597,3.504429791268036,0.030332859446945266,0.8452301510200282,1
0.5181866255058495,20.169927763655735,44.34007858389157,12.706208037346531,0.8315802620557222,4.749426754461124,0.07461447925152817,0.6287678825692364,0
0.5248220586300336,21.92287929469801,29.208282156257702,21.175676496830942,0.7465446623254539,4.155988206581839,0.010723980921218174,1.0286111646197365,0
0.45406391004597557,17.992790935139336,29.845277863824126,10.07656029277045,1.1652291232081031,7.416549481304278,0.04131522671634655,1.9685957327315484,0
0.41501556305352083,20.25753489152182,13.086878350900218,18.664312570291226,1.0643305319183172,4.0493531646356224,0.003877489721577315,1.3938074543273036,0
0.5830335816544245,17.468037674061108,44.48916379233839,22.201769969389566,1.0797425603580688,3.3945565675501674,0.02139236394564432,2.4519374589792045,0
0.4143916174091133,17.00642850588001,47.32259183855909,17.395157243844523,0.9259955068325512,8.885154357661264,0.012800268066175964,1.1653884540078152,0
0.5071566237219393,14.832327272716105,30.57458203722184,14.747811856220164,0.9441299505886157,4.097249537837313,0.06345398596180317,2.053680559469492,0
0.4522342553234883,20.368507099392037,32.96838634882212,24.230592346479668,0.9258137792784663,5.307056914500702,0.03367611974935901,0.8283899442532121,0
0.5478979825746392,21.63254315965956,28.96910309047231,19.482686050765384,0.9837613631729061,5.902645649486823,0.06952927350826642,1.2818083521942558,0
0.5333662105286948,22.593478337220148,38.06122841181993,17.552146764846643,1.1670666870729671,2.7266137621583697,0.036210786170365154,3.5971103096718693,0
0.6037539944257899,21.558510895262298,43.99946036242593,,1.0672150825010693,7.470967539006138,0.004522743613820649,3.932422362831322,0
0.4489983601145253,21.798329199554267,21.057824208951672,33.183345709727945,1.1000225659241734,6.274238080822455,0.06647068868742881,1.5771937173448363,0
0.4730125064706629,22.045674251003067,38.27550824513802,25.76751424890772,1.0999117816498405,8.116768023761564,0.08955676240107453,1.7381596626437852,0
0.40212362842176924,17.83557804590643,32.78662582624683,25.8128683409392,1.1768884874763477,3.6415561255637994,0.11692679537952551,2.2498158127542025,0
0.4555706739923888,17.83427521910523,35.90715513573352,22.17773159496182,1.057630008308051,5.19825158495232,0.04243066321002862,5.3602463931067135,0
0.5377300493044852,23.248773828064806,38.671952013394325,20.832426362885734,1.0717696145357838,5.07871150998839,0.07003698147215716,2.5069390490517347,0
0.5756988616645352,20.90727676261936,33.49438048981743,8.01958855834792,1.2377612482386313,5.527776988700044,0.06972526632761654,1.3038944820489955,1
0.40778346758223744,18.878005680351635,34.171305172753755,16.60509826768434,0.8669908163993776,2.090770502845678,0.00846531676011844,4.852918463911465,0
0.586960592010566,28.426866363394407,33.288998659562886,17.59712793398763,0.8288514840096985,5.221672757384445,0.008969534048057148,0.8041686244891056,0
0.6355637858804951,28.634383115157362,42.76252961430625,10.625539679762335,0.7628156801626288,2.1470721771525096,0.0036761651604030453,2.357025538501471,0
0.5413434903223701,19.464932203472575,38.35007968101997,14.212921048922832,1.0365829127240511,5.716668142393843,0.019276774086504703,5.1059577544785695,0
0.6876795812558066,28.591435202051574,36.76466830189889,,0.6292535517561753,0.7427017509629605,0.03207601292701528,1.1043182056141605,1
0.4226210800896427,13.025418572309766,24.832386231261736,19.808380821513136,1.0924308192119354,1.2968263314188269,0.30823979793279155,2.4509516193616765,1
0.3755345296688583,16.73855212028136,31.971362054294765,24.09382985424408,0.9781613810998895,6.6370974328799965,0.02819315719069205,2.3581362308871396,0
0.32212797510957214,14.236929242970502,42.18935328271339,25.533872593121643,1.2269279399642115,3.9063230896104346,0.0647756462136121,6.801960092748201,0
0.6496044311489183,20.37472822736024,35.30157258499138,22.073922310396206,0.8656165379070019,3.0242838527355183,0.05911008067727918,3.806115448564883,0
0.5654365656354058,19.13211109367914,40.27625175671311,15.183018294007155,0.9593363429164986,7.541691242151096,0.011438087082235468,4.431504370571176,0
0.4944415329089545,18.92824462612688,49.13209440262107,10.339674207400202,1.2244406666586738,5.65525243465683,0.0030144263358873394,3.149043415899146,0
0.527996862631982,96.30194974665493,43.30884855367053,11.215656502992491,3.204848375014877,6.744180391067568,0.03948364761353612,3.903941386868926,0
0.38745109527016236,11.869613004550079,35.74526670159794,13.655087113727507,0.863969526849636,4.667515855358339,0.06024959822707879,2.2917056669962435,0
0.7445751979616826,30.949944106523855,30.912086638434182,15.555701509821628,1.036356246517432,10.359257387800007,0.3174581489102951,3.0415318967222977,1
0.5129221181975228,21.271305554722446,14.571603231552814,19.201257510042065,1.0588837955368096,3.79097227888041,0.022205961168348973,0.8856419288356272,0
0.5109394794604893,19.85477178248402,33.65292062021718,14.92917890936516,1.0747306811242296,8.488991098719776,0.11334379713966598,0.4945121278793372,0
0.5725766623898692,20.635691995119675,32.391900033465205,21.694879468341306,0.9474848681368756,4.8772679198001745,0.024057876639331184,7.3610183152490425,0
0.5481009231736713,25.070158306196547,38.122929555163005,18.838632486002638,1.2562766796247269,1.690979210174508,0.058464353257421275,6.2850499583458985,0
0.5223884024279132,25.86175743638141,33.7687581842025,20.052728558705127,0.6220593032756909,5.9656974914962175,0.0455966284385419,4.885252636052448,0
0.4209525544554688,15.38741772667914,32.43691952450565,25.701252763356024,0.9157739530397832,5.629525122910327,0.0027216896245463437,3.4296251882342284,0
0.5471468357135996,20.049372677079518,20.764808555942235,14.09884132899815,1.0895861465545893,2.8973563715215405,0.004081571578920168,7.107997201422708,0
0.6882024496475034,29.001720982136128,27.480257366799467,22.09352289146184,1.0914449623898688,3.1555614457305703,0.0010491347410503294,2.5848500971597748,1
0.6345420046154978,24.307592045378954,38.81320832640446,19.930133857619634,1.2705518061229526,4.950604713830016,0.023168014029222597,6.151132154172307,0
0.6593186626639397,25.954554904567885,48.72726104906155,18.332568595151525,1.2396450786402573,5.699495630495963,0.06848190229933568,4.539636157268862,1
0.44887843235688146,20.17409674944927,34.21979693003501,24.4262816043298,0.9428916749385552,0.05867343424119831,0.009482742629468539,4.288782549001894,0
0.4010395179741419,10.313512456443798,37.62248858859299,24.395070772785036,1.259974248706121,7.106242905047606,0.04655156313033433,3.1466808144880214,0
0.4874213079900352,23.451759294159416,42.619825255622445,15.26754602005786,0.857191651244509,4.011004052370045,0.017042032816571982,4.84087827881202,0
0.5055724912288695,20.440941222142804,28.512848510398,19.08919708071038,1.1861774765583675,2.3365050312036475,0.07972564827609951,0.9768821709283397,0
0.6094191518470948,23.142286640197252,37.93451234628354,21.406058412920327,1.3621044956841986,6.882133102903861,0.0800725320399832,4.647697931923662,0
0.33075353702851806,12.962439018476376,29.076079149342732,18.63496625988708,1.2429888213709939,4.952764041163087,0.07467494323092105,4.663010340930448,0
0.6529550319460614,26.005489342904013,41.91859550792809,22.925106661438992,1.0211540767048246,7.4323315535645085,0.037204501954852615,5.834417552604939,1
0.48419921014210104,14.174364495349266,36.21122438361386,21.405960089551378,0.9336442456455756,5.875904525959511,0.016743345997179724,4.390018756040648,0
0.457311893005258,22.777290402570028,37.38761451185152,29.162806201780064,0.6942817407481428,4.996970994103908,0.08289046973129482,3.4221805163855774,0
0.39878956247398323,16.075559395771183,28.73921122065129,12.348604320351061,1.062107927582841,4.6945401100396875,0.010295923053862368,4.172161331422478,0
0.334514332813423,14.709579703879047,40.65625887688628,19.387820051263013,0.7769565544058161,5.965425521112276,0.01710758887814789,2.748431170395934,0
0.5823170583961914,26.147331647569786,51.67770336984813,15.457487442439046,0.8413730672772126,4.172937482381339,0.010163842024197504,1.9536655261741045,1
0.5073317967188404,17.229784496072718,26.93670643657435,23.02053727719522,0.7618508398526657,3.294854822507001,0.056075138463312704,2.673399177411392,0
0.3710039100258946,16.26057209814147,32.28192793881981,,0.907921533468669,6.219818245309288,0.05795571288129421,1.5473149586814106,0
0.3704921227936384,14.016761639049156,36.852859793344734,21.731563551124434,0.9944061171026035,4.711024317111141,0.05285096853058152,3.170265709744375,0
0.4664215300709872,21.197173528488968,41.291249695966535,16.849757843258296,1.054722916233141,5.067135296138012,0.026858605457205434,4.1659491417032255,0
0.6669021525289394,20.294403840103087,30.523629717684248,16.32919066939493,0.8798986729172074,7.178759672309216,0.005277527085661304,0.8785933011932295,1
0.4740408648636395,69.70415093391267,12.33575767885808,12.767508982296564,2.9965068115484077,4.772246784528518,0.121051308545337,3.2879957448799675,0
0.3496857046881894,12.17896622017569,45.8735159533122,17.67462026899497,0.9583589484020067,5.030067851083581,0.03543649454143385,1.7517577522157115,0
0.4754256935914056,20.313816595558688,41.08404895667314,25.42250265145463,0.8424555133468962,3.800700977098136,0.026125699611610587,4.318299522478706,0
0.47272764302523296,20.319238283113926,21.056419756106678,19.8740565823526,1.0452584534486873,5.861479867963702,0.04443680523644358,3.2476118698875602,0
0.23031133570584283,7.089575743767635,30.139449665763554,,1.3927105667087631,5.699655825360176,0.010708598071205673,3.3660789152402106,0
0.4945705133482188,17.64629894140062,47.54545943621861,28.323209109831375,1.0670321133070235,6.801550263581116,0.007109799912888332,0.6004377406450274,0
0.4769065469791322,18.7442657734933,46.58237134766293,21.31877792411288,0.9274288745252786,3.8417423259862478,0.02600384942035851,2.0995765750593893,0
0.5696206364813419,20.09489877730805,42.509120181431555,17.206002139688298,0.6945077287762591,4.084366060819629,0.012888088726098118,2.9710692419822884,0
0.6848956094945345,29.92177546613776,33.5911005283211,22.33626107591395,0.9561175358055859,6.584274798290939,0.014004898201384876,3.979536631554951,1
0.6126565029547757,23.398638516848692,35.66389935050008,17.27851926842854,1.046985625017623,5.504426006725727,0.11151856500903852,2.7220169382392694,0
0.47311113094451696,10.203480579815754,33.95259355899099,17.477886583514152,0.922483821748886,3.187563747614611,0.0378319580421122,3.293783768865768,0
0.389347409125833,14.449430195167903,44.0259182661507,12.400536001905076,0.6669230723518,7.613108135469002,0.03303100486959824,0.4876902402332312,0
0.7573359803249861,27.177807750467522,27.99326074803912,24.631287455421962,0.8298869220993133,1.6030988631994982,0.058475282954363356,2.6474457717735236,1
0.5059218434014489,15.343046289675119,,18.069987121752803,1.2909076921775515,6.568569506527504,0.15135920040013104,5.989611472336369,0
0.5013929291912946,16.343437252984067,43.08219669468812,20.91049122907931,1.2868002007460921,2.4695759280036067,0.005950358481606431,3.6167482463644034,0
0.49758749128899965,20.231725067058896,34.64510835590751,14.820190356966803,0.8226721661590803,8.771577032971054,0.08964838006907211,1.8988230624967173,0
0.5198084760767855,24.778261527816113,46.027738843630466,22.17973814857736,1.1345513574398844,1.9108005461887534,0.04385580626176577,3.298223128027418,0
0.4855639588076058,20.362111773899173,29.627902344155636,16.19029380932458,0.7642854430459652,7.304501303745496,0.007900886333567832,2.3291314894837227,0
0.4426337993119764,15.885841807831834,34.5617731172894,19.29145639149088,1.2808632563989906,4.836731279977512,0.017630540592502512,3.725925098472263,0
0.44531410587596076,19.18027682055054,27.620696121248372,24.38913015619563,1.0490471695788472,4.266794860322512,0.03292389977110319,4.288126984910839,0
0.4967246729784002,18.49171598847903,35.058901451388536,23.953796561162648,1.1899282997233067,5.370793312935523,0.05874937249481221,3.71500438899744,0
0.4456575228866235,15.742499807975507,23.171624504009607,19.8898496374153,0.6569813305634922,6.263800678315626,0.013893651404264303,3.52226515646087,0
0.42871542173228355,13.685528864592388,31.0989326323603,11.159344836466408,1.1355274203849777,3.1911989953382607,0.03827286477252531,2.1451631107426734,0
0.5106430227691897,15.170234490512431,23.509969080575058,34.964052850303204,0.9984651872630993,3.3684245496628558,0.05770703652424445,1.6884054742645314,0
0.47450227825791447,17.810320010638243,40.551385865530065,28.72929485136568,1.1703858141581684,6.299209730225772,0.029777503692695686,3.572043943476867,0
0.6503992988582689,26.49013242409115,40.73271471807721,23.613374124441492,1.1829735596195698,1.5853140927008003,0.09939819341692206,1.2394560775483885,1
0.23490301916069878,9.106249756383283,21.157898156125242,16.233981092045145,1.0131569378949499,3.8315418136158295,0.1018034356559539,2.54001107434327,0
0.6091506851922461,23.11812662384777,45.67108596400458,19.432039191490176,0.8798340721808171,11.08137390831888,0.03180916539258132,4.527674967977143,0
0.6246085192497629,22.147102587900175,54.979321011358834,17.282897851117415,1.155939236435899,3.0639740708214385,0.1804585362497585,6.698112370584898,1
0.292660976759185,13.531177645422305,35.36805109389073,26.319279695481942,0.9879691001189744,7.295605583519505,0.0039297136966448855,4.90530532157842,0
0.46573124059196513,14.677853863838848,29.87108591820284,21.31251445425917,0.8254430092944715,3.8280984625723757,0.0001684021910095749,4.851442371290871,0
0.46285591340042087,20.84232027754726,57.59464472802437,16.079180708200838,0.8159695537084628,6.018090289594288,0.023955711354025924,0.617354825198027,1
0.3592488305282179,11.36330216434854,24.448252013579914,17.64622450437609,0.7045671167375236,6.308711381192435,0.04595185766352044,3.5177307902990522,0
0.42221833124091246,14.631427537577395,35.160851734952786,25.605940712849524,0.8979417680873873,7.257913470365895,0.04960464349560253,3.907716111487291,0
0.3889424154534171,11.157341046289654,36.43697818105539,28.00048923410239,1.2205384092148757,4.599492346374449,0.03235572992221173,1.8682322415814792,0
0.6752270443423622,25.50487533303758,45.76118096361932,27.641657817431227,1.035565959941087,8.977769277509706,0.006669902260963934,2.658290182276381,1
0.5935678393147461,26.668650948023778,37.87791180101431,23.78516032526989,0.8940464588153918,3.8213268708296395,0.009346459087931273,3.6230312184359805,0
0.6271555094994159,26.633104645308507,31.01092883369239,18.736875655986815,1.160971187636016,5.46844082719912,0.09557716981671742,1.6208263698875913,0
0.5721672064043235,25.821954592257043,27.39052503689635,3.792430873354398,0.8335046756553223,5.490553864435215,0.10121401692617873,5.102692303913397,1
0.38709482287827707,17.050220552932892,32.26542543803092,21.48580011904111,1.0190700548665557,2.7560637601011693,0.05602733562412363,4.2581489702681,0
0.4475479733720226,14.590909449289796,26.944581112438847,19.990856205779497,0.9640739254548969,4.428255490041758,0.05456465282769194,2.664806671489481,0
0.5489374561227918,20.965130571928995,35.38260255827746,20.699910481606768,1.1558261251176705,5.323026998476815,0.045525638826173366,5.1192705711368465,0
0.3777872191108055,12.770891377079831,30.48643056111611,20.269486735166033,0.6845543258160998,4.135757913741161,0.011340380646219554,0.8671201929267879,0
0.5712998430172388,26.843718432806675,23.047697653681993,13.368689190254216,0.8299604508370688,9.88184793091307,0.027952733542294817,1.782299900479034,0
0.4759674601841865,15.448332468088523,45.04116630699923,22.787042784255927,0.6723508681810932,3.3227526528009386,0.05951905481842881,3.585303558420993,0
0.46251791924504027,21.18180983796894,31.018619812567685,23.16108157015925,0.948080655638146,7.358848936280856,0.03852866186631482,5.238107692020291,0
0.5710959968203492,25.522701483140274,24.8549055601975,23.411693910298297,1.2422855007264861,6.712919626297573,0.0009377558431526594,3.229658942263438,0
0.544426331148604,27.26591385109242,33.653926924099665,24.732885017866934,0.8989105580692945,4.972275730991457,0.15347626815529733,3.910835983667085,0
0.463903383418092,17.32707555883519,35.54697252774127,23.020258224608117,0.8978632123608699,3.2695818922955064,0.0931572054051985,0.9047529448001891,0
0.6159329803364249,26.77428569219748,21.02826619536773,17.949852942305448,1.1743448848368274,3.46348935921646,0.015092093484554023,3.9092771724234625,0
0.3918936672400103,22.52070219921694,37.6531813370061,19.64581576041955,1.21370991169106,3.9640654015669803,0.04791542924051861,5.038872272109552,0
0.5615935606944263,20.610817396975964,26.622739450477884,20.455624336266883,0.982285786546242,1.428517436107474,0.1283531789660386,5.667404281433126,0
0.5593101257968384,17.767284289276454,48.6882304735263,20.538497245533094,1.1369429708099785,2.993069148401419,0.005046905010290295,1.6574743008978348,0
0.469045356068601,13.121784141020747,39.191684096613876,24.991088279858648,0.7846090918244107,2.035046969272715,0.034961228607162616,1.9961134107949605,0
0.5326133022242118,23.442668175552466,31.800800079125466,23.218343765112454,1.2755948667850827,7.691750006355433,0.03046264353158464,2.706724972069882,0
0.3748886423614697,9.346095070283036,29.038657837461194,30.386717197849766,1.4297412587874103,6.236924784776437,0.02639901345225651,5.315906206375944,0
0.5924027019206901,22.579150918013838,34.16025833949101,,1.104243158237745,6.57194819773092,0.09026917548939759,0.3766216114500195,0
0.4815097863557011,20.572331015344925,39.902325932666315,20.398247913069625,0.5831336757314398,6.177663903083896,0.02395392582373062,0.9300757241496751,0
0.447727697948096,18.464634528413583,34.796046971318404,0.8167222577031517,0.8883539475204432,5.333935246668326,0.0032890090233988305,1.6284802071173374,1
0.604900922583689,25.472371495900077,33.26272954290515,26.184162330636333,1.1225650643338643,7.921360664258274,0.003405256612433324,2.815970645194099,0
0.4295656309457241,17.849494805231526,35.46696232654317,17.298118305064726,0.9157034005667275,3.7784746885365257,0.00218425271485135,2.6017573562237573,0
0.359153870363644,18.202752254485937,30.16912855010436,15.992580390844966,1.2544397108500196,5.2133393107340895,0.026309267627725532,1.9210585511634302,0
0.34433708264760965,10.916534163687995,32.254352585255695,18.007773625053165,1.1176314528871731,6.494117655648246,0.06336449739548337,1.0343177462194324,0
0.560600995134564,20.393054390006967,18.313660488759968,17.766784765926968,0.8587048998468407,2.357581536287742,0.011390374399557583,3.651265630611726,0
0.3719570647503717,12.560304254202396,42.78980984681894,23.061349050526964,1.0064529621542506,11.193177792285098,0.05198913732486552,2.667662380800632,0
0.6754794181984365,29.50975216352529,37.3903822425741,12.202821104368873,0.8212333558721819,5.057131525555172,0.05809173934378545,2.720625555858219,1
0.29180705921162775,14.373478133650302,28.81235324773256,14.611396271041992,0.9634830243175116,5.283978901151185,0.014732120240828823,5.369083589342619,0
0.6696456368290038,28.139501431115676,50.18987985084191,21.715792770987083,0.8890813519134897,7.5137560633498435,0.04588429223716421,2.573334234657683,1
0.5211017467202619,24.39455086948026,35.69613184313909,23.11472015206654,1.2349523600466077,6.829910666020448,0.05773823796560645,2.8046987620624613,0
0.49032868881296077,16.07902495038929,26.710851424198424,23.20770822468006,1.423202411366199,5.076156038792918,0.03142546035609519,3.255090994441128,0
0.445508091319105,22.821995987417612,41.85389937176367,16.064818605333507,0.7137623333528496,5.260258876196084,0.02052764625231797,3.472179289202708,0
0.5399136114352071,26.16626032254506,38.1843857320741,15.1086717536688,0.6153567427580495,1.991702938104042,0.048267687807456466,1.752781872138589,0
0.49623652975751514,22.056327182037847,38.15663988387375,17.466825831060405,0.9509655156297229,3.8870684443000476,0.19048931467656954,6.527599941127534,0
0.6103301882016522,29.758604254379268,31.593955162787275,21.199363761423626,0.6963168602342635,6.034420432317921,0.02782964140409331,1.074267841455748,0
0.511422764866204,15.487040971614835,38.60396579022428,,1.0092423207341834,5.887785678085773,0.024857239750241577,4.603239914575875,0
0.5150301761461877,19.027862637059552,32.90593367823124,9.762814071146249,1.1497872227611854,7.442331500008174,0.03120595971091363,4.086963878279839,1
0.4636387787786144,16.339640769098718,39.44753161316674,18.89635621520817,1.298828379453365,4.75899788355335,0.003963979590966124,2.408304695795849,0
0.49430543762789325,21.93665547638776,19.76044436791489,13.33660779487398,1.0402789117430562,2.2254269731382674,0.04027810150030359,2.6467527235954806,0
0.5307801768892059,18.0807848567618,31.52901229616649,11.738786613232552,0.9613689550300842,7.113460861551356,0.01992676279605808,0.8014932572272415,0
0.3289831607343374,15.431811877385954,48.777240782465555,24.834783226724085,0.6043230166853831,7.872178692364032,0.006472536341393314,4.682679282177857,0
0.3651814577894287,18.71886674356729,28.863460356797596,22.723122872496692,1.0052370298371598,6.796489145712458,0.031392017212357924,2.9914735237129007,0
0.5743264094022715,25.05866507634286,30.169293620054507,22.24716757973631,1.0142574521098924,4.6727326582850175,0.00016948626032524603,3.849551819796011,0
0.5170865438127942,21.534714823496273,31.4163092924002,24.605129198654968,1.127791362842549,7.088772103753158,0.025690273384944937,5.672634981019296,0
0.48160166636473206,16.300446631887034,25.281550912890854,17.60140551616932,0.8583023796941818,11.857820956016427,0.005587671337806012,1.0154565168429102,0
0.5018433933065393,17.533182833885476,17.333753790173983,17.836812418332357,0.9129894799528281,5.230304628880951,0.0012296319286357474,2.201345723891777,0
0.5347581705361671,25.139183537336685,33.155308811811096,30.928653083612872,0.7043995489391631,2.376526615509751,0.08699870297713826,4.278545655936191,0
0.4460240319690638,20.17900829047855,36.086875392653255,18.767144728702128,0.5417414386231869,3.8274299008956962,0.12399524096082404,2.174747390710751,0
0.4221695274597687,16.769722540258115,34.57995945169078,23.675660565270455,0.7783005818406433,6.250952000608102,0.011639158699776685,2.7641023797101605,0
0.5195845255097682,19.529652383093055,33.840971504416906,20.031907704816575,0.6859348371493967,1.7903913782038745,0.03875022192543772,3.6695083744491397,0
0.4021627222384968,10.009085270205741,35.3443269668031,10.758707349607924,1.0673424590841223,5.338806149824139,0.016283609382818816,1.4786494067182758,0
0.5408252755714472,18.420453766804574,43.182731772406115,9.776854980993658,0.8963731886666285,5.760673300631765,0.034019192837974624,4.5651062428468965,1
0.32974163957621594,18.923922844467807,33.47643051256627,17.105078900300477,0.8923525739850422,8.070243479625304,0.028691050886329252,3.5425431039875295,0
0.6029155637325644,20.275255836295177,30.407339383301842,25.280506258349945,0.8031173907649576,7.620389712108601,0.015670583223142097,4.348977264114536,0
0.5472597482413043,22.458829393315416,32.75099612089531,23.94145828318002,0.35348691349751327,6.729169583503542,0.06026427988899807,2.6876503411927786,0
0.5256029734313876,24.0464508568411,39.63477407805421,24.57038582112017,1.30166214974951,0.674641978970941,0.006761839975669703,2.323515001767993,0
0.5982690983945513,20.165995931775175,46.296215028346,15.064769105318423,0.7999458954446423,6.8421062560958505,0.002726652213159119,4.85180144421192,0
0.6665474444462577,27.216029202193557,29.974850086646573,28.07936245061157,0.9175159860300186,6.4110267721204925,0.07298099447346801,0.5700400236178602,1
0.6014370065018131,26.87122687260449,35.79147029623107,15.175533499068077,0.7090215669421378,5.511888754156693,0.05482024102908082,2.2172934070693104,0
0.3159125768668355,12.674001040395172,37.70685953548768,21.064121993349843,1.194386068688127,1.539555747709029,0.03451018824768644,1.3594097677213977,0
0.37204230332642985,23.486901300057497,27.059375946169418,19.948238550461316,1.0286857874074649,3.4464521816258795,0.031535834970710976,3.091556027445841,0
0.4375181422304321,12.494927912582698,35.16333733770335,19.130630898427068,0.8347269429468263,2.6663544609318675,0.03439916476886616,2.0457098543971357,0
0.5026091050210834,23.280549790494973,23.27460914126324,26.692960691478035,0.9215540777311952,0.9699831209858187,0.028725920784882727,3.639315080033794,0
0.5517659020469123,21.5522308696871,20.847597570084808,16.4744473991702,1.335635984424974,4.994169697170411,0.024952453340563018,1.932797896868606,0
0.42742561868465345,19.41278521189616,37.933971263138055,13.25197372144036,0.9854061136237443,3.4043557571144407,0.034626428885319534,3.014630028343946,0
0.5186766764477079,22.07098851300605,31.929002069353736,20.099977431032098,0.9636532924768189,10.250611160537822,0.03759341768995321,1.4147242459857203,0
0.42446170676466777,14.77899967925672,36.618243260969756,18.00086632856737,0.8117237027721469,4.662456121124181,0.058866919211382644,2.9972755491744802,0
0.4388482197008052,18.240917965410226,34.8568401839332,36.88691459541323,0.6210837699055394,7.587506311731921,0.06210228335281292,0.6316883843980472,0
0.35933389031517776,8.799651258412249,27.18879961068962,23.382537382199875,0.9679922652841311,1.8618019506135508,0.023710951489984807,4.815281489424849,0
0.40767667538890956,18.11680951727056,34.63796558428531,17.95329712390688,1.0650970224649234,3.9398208279902605,0.02668258528811848,3.674955437664917,0
0.36483153943836666,15.487736975506243,25.13518955988116,,1.219916892865534,5.193795752068629,0.023396063521925213,5.2257571859337375,0
0.4024126747022667,18.012487494019975,46.127778864011205,10.598557947156076,0.5503006931000689,3.183692102784659,0.03845130392279329,2.573631285990015,0
0.6053641796607839,27.388922161692808,24.15223724112029,14.873904571312835,0.7749807345953942,4.155598630390512,0.030197650355708164,5.78907887648985,0
0.4050601111168057,17.305263965301357,33.43371783225135,20.57470885879566,0.8838517818887099,4.564098187512923,0.11018065544212344,5.074161515249031,0
0.7632382064837391,30.97379651874439,26.66182729562201,27.136643257973848,0.9993038302853596,4.532184029110211,0.05959583311358529,3.678151075718677,1
0.549331790088089,19.33006659353968,39.563369386886365,25.608445711939595,0.9709932616943155,8.710237146070693,0.1144619197642466,3.9727474828746985,0
0.5184836123694874,18.60268220383234,32.34854902974798,21.1454741582319,0.9756622628625461,5.75645257086302,0.061745144201308215,0.622832984562379,0
0.41416422198187863,20.126772739807137,30.850666243030318,18.384161671487576,1.081619211713989,5.9590211258826065,0.177009437254057,2.7777955955301086,0
0.5700309879408991,27.1102457347539,41.825612360412435,21.34406178206077,0.8193413778441782,6.079309548690141,0.05049392680106912,3.3310339247658827,0
0.44243621737622263,16.983117386112742,35.235444733420415,17.40681001257712,1.186828288446739,6.225252754674225,0.1655908805508132,0.7449331505960146,0
0.5122009814645362,20.626047500341272,39.13315556748774,28.59181997881938,1.0866904883398962,4.834226032250269,0.008608852759029286,2.8070801362383286,0
0.7560084538268794,27.52649502809388,27.14939250786028,19.0540490936246,0.9360335471743841,4.358507257042308,0.0026952393225059233,3.1983388531700396,1
0.490394010027535,23.134030936903734,23.761464448579943,19.568310708766365,1.3201815983777831,5.3336321190365545,0.04327099207729025,1.3971520720800625,0
0.6149273326285676,26.59334377621804,35.85766369632107,8.920887874896659,1.3112832071143534,7.313607897826945,0.20519916065594346,3.2377370019131564,1
0.42968235748741124,23.0109466088877,32.44922915604215,19.02282576738618,1.1865790710387618,7.252476376872767,0.02703033959657263,2.623032100006756,0
0.49650115095030384,17.225076806472938,40.01147737963156,24.182420689824706,0.3962886458864414,4.519203048623178,0.01191561094010086,3.3779639641351453,0
0.677080063563551,25.94917884548739,34.3607323786996,14.661387114807274,1.3157890185435952,6.535687389336223,0.0368592847512535,3.049209319049973,1
0.43730329422122327,18.186469536425648,36.64060271387704,16.246398327535935,1.158951704494387,4.610830673920664,0.0523197750440858,1.8055308718132788,0
0.6812448557996928,29.189262845165025,22.012939760470054,23.963555088668322,1.4012817275425873,5.0677410988704885,0.01892986720592525,2.476417512523962,1
0.5707751935455475,22.184004829179003,50.10749551691406,12.616713882409734,1.2474929183467078,4.0529532368916055,0.0627228578785483,3.5256746190107755,1
0.44375332241057325,15.131249625061828,33.68606411974375,25.289005037709593,1.315668535499457,4.636709722187533,0.18467351287870504,1.5175351214878336,0
0.563240773905552,25.173853542992795,40.58069576271359,17.33928054913449,1.1757309700360759,7.68266013909936,0.11363341565948096,3.9015811472027675,0
0.597255444962673,26.053623886143665,28.311266638242987,18.057158897543985,1.2697386397291024,5.1848422946784725,0.017236286303531155,1.6415601170584917,0
0.5621809962217197,19.738417547177615,37.46407921773873,14.38060797437203,1.398824748146888,5.270565017104635,0.01977997293889488,3.7440268218542636,0
0.3429775280109544,17.78542952375466,24.57724189180204,21.890231302139416,1.0433109476756413,2.1055644414840833,0.023224242245415194,4.574913106350933,0
0.42728628241751315,20.602047424290337,38.61654270607737,32.2993599251469,0.685553891184374,4.38151218473454,0.025089394238259805,1.3226676914801363,0
0.47524813644484953,19.412814949537363,32.152207324913334,23.90748619730316,0.9385078199969715,4.517370192510542,0.005285778889428436,2.9125752768479662,0
0.49255665708999535,19.941059870727926,35.23352403148454,15.67857369029732,1.0779891198766873,3.3417130291131896,0.07176642391892366,3.8182877559559114,0
0.5620672097550679,24.144861703550436,40.58379224104078,25.67810292745738,1.0149775168743116,5.0433308234071275,0.022733234813350694,3.7968248321235167,0
0.5177701000933254,18.12569479296424,25.13967751023776,18.416602270328752,0.7506876067681147,4.141635419544691,0.10593822331229441,2.784746820034761,0
0.3664655641289899,14.748717002651842,29.524066155097625,26.8724249071378,0.6737864749610042,5.159991710487164,0.13082413932666162,0.7880435319605283,0
0.5380197851005963,15.063640770196312,38.65859424869412,24.033382010821814,0.8517674662730341,5.2430060196378685,0.0012367352758323302,4.162981707125929,0
0.5610585745283823,25.071709917644096,51.78577179637398,5.284292172641333,1.16154791119683,3.088491284354711,0.22328376147646525,3.3539995593414442,1
0.555979044793104,17.554682124398582,33.89534132270815,14.979601835224862,1.3160679541645939,4.202596435033621,0.061897637177861835,3.201932709194489,0
0.6080780725554622,28.833382387505484,39.72908894339146,24.72192611417695,1.1833135227555402,5.154748565521667,0.03673933233021782,3.307667871109424,0
0.5833922154548904,22.345328336296262,34.14422824113216,20.758286360725087,1.2114854574228273,7.368598862313451,0.02467611045067067,4.992582891616422,0
0.5459180079228436,21.201719371120213,50.53796475805039,14.881220261460747,0.9838368853672884,5.5134383455914815,0.03654433535201048,3.130366516095614,1
0.4929834288541353,17.836135435911896,21.022226664277955,16.832052422530936,0.6515835084588072,3.6761296401651444,0.01962433890621099,3.3320817236633826,0
0.33390390664840086,12.492039644169806,35.756968357354864,10.468816899553097,0.9089558838234589,5.798009518487705,0.04873411769115086,1.7475868709977869,0
0.5429618219132586,25.974066911974454,21.99564773150351,19.55813356236802,0.9482471176255243,8.41509777864352,0.00487955415885397,3.926098404840444,0
0.5207687687163112,13.36732477904721,14.947427435706267,31.053448630078822,0.9005895026328635,6.833412945178037,0.04852713083832703,0.8963393740520846,0
0.5271578837195373,24.917211507046055,37.37969642494253,24.02466695366163,1.0109389730749252,6.0950530608712405,0.016102969632536532,3.823553402259325,0
0.37232514241796905,15.907076140023886,36.11598236917967,30.952085005942116,1.08828395197859,6.451180350964643,0.0008896087621664637,1.9787706658996105,0
0.3918943459591738,12.054708894795304,32.72130449806239,24.4119854489499,1.1706030376486996,7.879908082857261,0.040226932983397884,3.6908271236845165,0
0.6053152853332904,20.9866742341839,34.15044727968198,25.137396716763458,0.9443760271267332,7.1512535880353205,0.04319057805331167,0.9260571838128802,0
0.4960444846143345,24.870958466197987,59.786395472570064,29.870393438725117,0.6192481188710812,6.133520762235316,0.027805883586482505,0.1987223927186331,1
0.5681500697372625,19.889482149662303,32.93459889574852,21.886316296711133,0.903424456141773,7.13728443918017,0.0037516017010799777,4.122286991209881,0
0.5028318376130461,16.653221972733963,39.080994890000596,19.0638633924656,1.0087420793983968,2.8366978074718783,0.111906837923123,2.0799673669143632,0
0.5029756139495746,23.53096818507717,29.80508144308895,25.163287583110062,1.2445615844266817,1.9954694953194378,0.047264201132963174,4.668753521515954,0
0.5938283805975998,24.768793852761736,37.361860600324825,27.269201185609425,0.8864384315631789,5.314197301287661,0.006148697358543306,3.6464480092707054,0
0.4483955271782626,15.122044357521306,33.09413059955506,17.600176786438954,1.1025087256798805,5.137361419301077,0.03576254147144783,4.106726261886898,0
0.5096120776940983,21.034358033977792,31.71585213816216,16.392154588299853,1.0580175799270866,3.9121798929734846,0.03438354175237103,3.2473405592671796,0
0.45377247112949576,15.073640794259,49.5511882576026,20.6942801621544,1.0087801066246778,6.651705339655419,0.0031151507561644866,3.725128351394587,0
0.45655037725676845,21.564479285538553,44.41747970547471,24.15749433465831,1.1861066638649183,1.274272827097528,0.04667943712651842,2.4782172127411792,0
0.46908278765313605,21.94742440074484,36.093973179193846,23.990455243307807,0.8678317606494839,3.9304554878843927,0.08259806739838482,1.4980484234836589,0
0.5222133771633712,22.48455368300068,16.566304512448266,12.879161999062005,0.8849627100712967,4.03008891024477,0.069116721450228,1.0434179045739755,0
0.45212513783365227,19.16998869708714,32.111926213979444,29.55803033531661,0.9976198353811544,1.727396429801081,0.011343111236136409,1.5081627696425024,0
0.6255756125573521,30.306588876896203,56.624220515240665,16.79417535301575,0.87197069898126,7.989462014538608,0.09913118115578451,3.6844757332880507,1
0.4105392697780496,16.42062977328666,33.15470666688233,18.674675015557103,1.1016024582109198,2.281597462673354,0.020968732363351672,5.532589578169404,0
0.4813128355838641,15.70689104709216,43.82574057642927,15.486728200060902,0.8573615391267735,3.8233198853846284,0.14641151204657435,1.5145672486341042,0
0.4560268941725825,19.58949750540022,46.53553921562081,33.49164417968544,1.045260841549027,6.815959515610268,0.0037225996397941656,3.478536537810986,0
0.6446977884353733,32.04605268602627,36.7517113268478,21.210353351439835,0.9799654462426487,6.292090686857463,0.033296905238216316,2.12957703650914,0
0.5196554776511575,17.74194062648874,28.26542694505478,15.745124596592175,1.042985192955341,2.783650607030507,0.04545636964515401,2.646815483290662,0
0.6031844539468635,23.04298985779258,15.517501345736893,24.31961774981223,0.9080517209873922,6.364978418521273,0.014227688433330577,1.9145549514606863,0
0.3514439626963028,15.30709662215647,40.47330566887164,23.845678896550165,0.9321823410946346,5.579568957316444,0.07378474339302142,1.8331703897922584,0
0.5267050265869259,20.906486516459815,28.481951977411615,19.06136488210058,1.01920185359941,9.666071124222935,0.04929486098247504,3.9792747416286427,0
0.5889630795623437,20.611612441361807,36.40920361510154,24.203033563916918,1.0404149012322625,5.807880832136609,0.0009137710052345301,0.5567752171192627,0
0.5082283989275425,23.69470952579311,25.001437283285085,15.873540195845678,0.9991596169217688,4.717516357862936,0.046871708196141136,2.834696379206108,0
0.6065480375065351,31.22204366631318,32.878099676238385,17.535408625253737,1.3410724713026168,3.286996085761155,0.03381236304530096,1.0280817811985312,0
0.4482711549899628,18.519240576670235,35.269752439208425,9.948916727169685,0.8018526162517432,3.5115132660888575,0.010909616549476392,3.0852396601442313,1
0.640934744018558,22.925184891534318,37.148748648354385,13.380244578902186,0.9871592410094573,3.348461809063684,0.27302096102851275,3.8754156642688047,0
0.7298898123619251,24.54871091931658,26.081422501180686,29.03815402835343,0.6852741955766031,7.742197627823844,0.1137301119485517,4.020347344999057,1
0.4637161439560341,75.08767322946571,44.57528759009082,28.20714313861157,2.522713902744348,5.035939830032941,0.017301426294502997,1.4665795888138722,0
0.4554497478599228,21.529621944345685,30.22484172214423,20.32894324324481,0.7769506927246372,6.13049424794946,0.038942979620177835,0.8012736288504587,0
0.6453384477117701,27.239041147956947,21.604244316374036,28.314657235949188,0.9443379488246848,8.028495199961775,0.019026587681772816,0.1690423071699733,0
0.6579572145730712,26.311077060166284,34.12781264029229,19.199627566958476,0.9255871349337348,0.28307171558506994,0.07469303241544238,0.7623467844825255,1
0.44771399728467315,16.140744936019008,35.27500247221168,18.78294848716046,1.0561782253202343,7.55774752940075,0.13320030206826755,6.009792841900337,0
0.4579813182904143,15.042761833462304,36.28471546537408,20.282553242327783,0.889441816490964,5.110793823566668,0.022222923694662777,4.47549517986362,0
0.4718215391139493,21.377115543532618,45.89705922948063,19.375392023382172,0.8809388604612035,5.870096743280889,0.08188781836571257,3.630815700196507,0
0.36555494889657225,70.29710924565799,33.108409306113124,18.924018382199097,3.065534539554398,3.343193556503498,0.03449836635417574,0.39200663488904897,0
0.4081348053515802,11.688202853991008,34.04304300504983,25.71699053574776,1.0569133580949053,3.489751203102963,0.025256971153828703,2.525526438234868,0
0.3995859233247932,20.75295386753378,26.17452495013525,20.750678269781016,0.8877898295955464,5.977691779625975,0.13937241066207945,1.4250145725645744,0
0.42322024348958714,18.65102340226549,41.564428023103176,23.562408822169022,0.9498332656377538,9.76919560066294,0.03570880622309428,1.6153706214791232,0
0.4965315112613219,24.060044385890254,36.47447251262483,25.156902626386653,1.3290709904541491,7.006626625629803,0.03150021604438235,3.2568550544794865,0
0.5234214732536521,16.910475684690738,31.6397781816467,21.940928978273668,0.9529670243497806,7.531045842837081,0.05580334723062216,5.290793950242473,0
0.6550500492814078,22.104529505009992,19.76260245227629,15.148643370458807,0.8621446753695224,4.6159974594771604,0.015138716219502375,5.429199654009844,1
0.4001645959261209,15.559675907742946,46.5552975604407,13.235670555179805,0.8630007699747214,3.799591550828744,0.019636788854476905,6.741359104751275,0
0.5984322398476584,25.44564287459192,25.17856028435154,20.743903174036525,0.8901747038020845,3.438390096842013,0.13444609317104358,2.000403741874933,0
0.4786011155774491,24.533127091878857,30.269775925042353,19.14371847587533,0.8811004555146555,4.023452550606624,0.05674252857273973,1.8214276589394975,0
0.4950536290347567,21.92038190283566,37.86675608860803,,0.7440704303301513,0.8944351336589493,0.0876184234626638,3.363410263719892,0
0.5674819492166604,21.971234138230315,25.427536571066508,19.91972980375707,0.7751599806106044,3.5501613142167963,0.015811743363991892,2.810257192003524,0
0.38772779784377015,12.430004290753129,23.051921773974854,32.917868300832836,0.834135925127726,3.8792936878803137,0.03924012327414484,3.10987022962466,0
0.538240974618405,25.219640702893653,18.00841933839468,13.348868721793309,1.1183142036906195,4.649283651210318,0.17771090224156183,1.2583806373384068,0
0.5166452208213056,17.77169255560008,40.767975623245086,10.050268650894376,0.9237525425454253,5.263500219494583,0.019187913207151606,2.020012395889329,0
0.5492451264008149,26.85521072034956,30.638510042189424,21.66188416759805,0.9585676621811919,5.724901737251221,0.008746039089672284,3.0894249252709987,0
0.5289168643907818,20.303520626811743,58.41816073978664,18.117887227059022,1.2540176050509795,4.97014925511408,0.03575798523293235,2.9492008123419993,1
0.7455300139910894,34.59294677749713,27.045159474953014,21.580339348649755,1.2590014299876837,3.837113827314486,0.02453653502537977,3.976753568097982,1
0.4362260015748684,19.48583393317257,27.62839181256863,22.919415111420005,0.943575011372453,1.0732827134689589,0.00869251097266718,3.9875953904230563,0
0.4469003044998182,17.46502571166535,30.476856237716788,26.420523475894488,0.8738272978633181,3.8493827831964134,0.1097095812858868,1.060291420267184,0
0.43768594735752353,15.949248778822563,36.94507724110791,12.463870898080309,0.8271139372652925,3.0550987246259895,0.2340157608438728,1.3847974917895178,0
0.4444522880839745,16.75536789132074,31.238373289717508,17.216410510714184,1.1385551539416476,5.932133496557207,0.04203391200541152,1.904455815761827,0
0.4362612872693482,18.735401567899643,39.898657712020096,22.14380629440382,0.9590585532955425,6.818574793387388,0.07451096613359436,2.8912154489462023,0
0.6189016531107552,24.987535613083356,27.171292880090764,23.852317978436133,0.9227010219354419,6.877142134119879,0.0979633775039192,1.0270598396502937,0
0.6420504247989856,23.900582767753306,23.94726625229135,30.967247751441928,0.8372670849724895,6.51390547225564,0.06036257634366096,1.1106467527140835,0
0.4429253706250524,17.2201205940492,20.61428208472714,24.778519855569336,0.8460667181977223,4.732948529095023,0.0022580305271417103,2.7017603544439455,0
0.41676444268957713,16.906308796740536,17.211406656502426,19.716057020568613,1.0640116382986489,3.9560888690482066,0.008577047746458764,1.8202358074134217,0
0.5471415556386404,15.49945994230118,30.855447844199546,15.547821235286692,0.7369123468225476,3.5057944926658675,0.0036817452653721966,5.579843194350199,0
0.4447776955719029,19.16561216724221,32.59215750085423,17.178550736404905,1.1989737387575876,1.985002166796499,0.0004964366897431676,0.8052044628974828,0
0.5632931817755511,19.59256359687162,29.948503780134534,17.036485885214468,0.8932310712370163,6.983707401015716,0.018263907189366654,6.454535126689132,0
0.52029230208513,17.351694873787963,44.947246377497294,23.276168142568803,0.9700728111496415,4.650577924140051,0.02490830148918619,1.325818374187735,0
0.34842558850027683,8.87499049867894,44.82424167686508,21.284987227929154,0.7326044083718891,2.5073194127582523,0.013789633769595048,3.902661280724584,0
0.6547505201330062,20.808343311716573,32.321576100443984,13.381752145789106,0.9975268123515271,3.3470172485795304,0.00333930013961,6.441400043350626,1
0.6795877673095522,23.11716818304522,20.648631094464296,17.820492654547834,0.934335811461888,3.2660530871348956,0.03773656653021634,1.5838391798861695,1
0.4387211309515614,15.421782365170984,30.46635913555958,24.387737767257104,0.9899838802287066,5.086048970030253,0.01596340637952029,3.5750101053005547,0
0.4612298440064016,24.30897117283577,30.201428848663507,21.758311774870293,1.2943417796723782,7.134935702141371,0.07949087167050195,1.7107718868836428,0
0.5285865390724905,19.56582253521401,29.742920301775534,22.84322308006385,1.035539609158048,4.304020900808833,0.00040426095487398645,3.180991875417314,0
0.5334456789987025,21.871077478752195,29.418248768814042,21.914608550286314,0.8410681631708392,0.4949329704327017,0.09242507948374709,3.8321626887804827,0
0.5658544272672831,23.83562125021031,29.77229683420154,28.132153673044296,0.8577360178906863,4.62163932968216,0.1547816957407263,3.6842887951630443,0
0.7010204538766349,28.43401371371294,31.907667072817922,21.18021531912185,1.1190262371827537,4.687612199805608,0.06296283642133713,0.5228069674690489,1
0.4823052772505951,19.05988070784582,29.915671209475548,18.06988601064651,1.259738658198685,4.550159538128956,0.06614608820712196,1.3681178456453562,0
0.4201702755461546,13.22092973104845,36.66658006900474,15.421224794332197,1.05638360415021,3.7450776670485966,0.13557453935886232,0.6442383417384595,0
0.3620680771985473,18.835505732779527,37.88294972723889,21.248047291048557,1.1377425489109538,5.434878161451684,0.011727371787821184,2.357730973266086,0
0.42690699600580806,22.49786977114598,27.71483930254008,7.796479926124579,1.121947544667341,5.132282230298004,0.2607500155035279,6.496212477099915,1
0.4966873027126203,14.819516026136755,45.168522608056264,19.07855499083644,1.2838128826715043,4.950339371746706,0.07424636751055486,5.781795571186816,0
0.6794557863517787,24.10614568141201,27.159501585275088,18.97080070039328,0.6100819654547934,5.825282722885931,0.06483561109540717,2.3813541095651307,1
0.44823887009638286,17.090123776724297,22.057595089477303,13.177645731913596,1.1334437878609056,4.140334353704293,0.022399629290929535,1.2110804994961373,0
0.5223787951638899,18.00153842182502,38.046224570920415,15.35867080672002,1.1967472087807127,4.026828660598693,0.0394584040379265,6.5401631873087664,0
0.4983577103927248,21.452205076076588,28.460734924685283,24.048287650741205,0.7322552587728852,7.7602465791708,0.053053946300094336,6.276852842463181,0
0.6188393273448084,22.568756486572497,37.570331766059105,21.153558745374813,0.8228663631987168,6.118710819430872,0.04842433500867476,1.8997415492307559,0
0.7526932425873623,36.6028979069143,15.770651191195757,20.508941668536636,0.8298434502743693,6.653892121885599,0.06103639255203566,1.2016957554501873,1
0.4469131227079679,21.448170691349503,46.13964753186454,21.531737669660114,0.8542419607245233,7.452209170668137,0.004298690631109876,2.339693235055745,0
0.45105605574817775,18.679964321823757,40.37834726432322,20.463137939744616,0.9036565898128948,6.0518883612496,0.021975539504068584,0.8378795329777465,0
0.6044160877069072,27.257602298235486,22.996187606695987,26.214312814291574,1.0485205626109884,6.856777358272343,0.028458061504979277,1.951863236592688,0
0.5681891489626312,26.04526723157717,23.169783009229715,20.617145908518243,1.173134930233474,1.8413096758594794,0.015097792855751246,0.47850570267600046,0
0.6846707325736033,25.694986838769402,48.37812723278022,12.708934430906247,1.2162633915537073,5.408307743992054,0.009474999224453523,1.415740013016498,1
0.5583928185325964,19.88706100767796,29.100960772016332,28.150649824372053,0.8324353877664437,4.634563076371345,0.007478827517894121,1.936483738478161,0
0.46407079092129405,18.797260825760706,28.32652121013901,21.85170133664423,0.8310594002594034,8.35536818179962,0.022815561355459688,4.893291935769541,0
0.559065483069231,24.947527696263073,16.871583246805738,17.053731346024662,1.2631643680032445,6.8552910636066,0.034005792968768184,2.7996091458782524,0
0.6108703580582908,24.851995518291886,32.193774355187564,13.732991408524907,1.1293487870837289,3.7391096184136403,0.003252342656974926,2.0504640991496963,0
0.5820482181197364,18.550939278216465,33.17824308131398,21.979571104790228,1.0165729683737992,5.745588317058412,0.14636453265007562,1.802987558963546,0
0.5507274031107298,19.620622792576665,40.72394477415588,19.414139975128123,1.0946673351109935,5.3353626668984795,0.07246028588403171,6.238717011869291,0
0.6066674689589154,24.044780167573485,,27.870733930162043,0.9940392436297119,5.908662866304457,0.0656246511045374,1.3200332811747466,0
0.6169295590445673,24.4501855488052,22.837705662075123,18.27046359666586,1.1049169366095228,2.9623150612506963,0.009489097320579983,0.29452961229265956,0
0.6382158991037528,31.446262494519537,38.60770107821182,15.813096051587666,0.9327866606988519,5.72003293047645,0.0462919041582636,4.549897444243035,0
0.5648709887589642,18.436875723161577,43.053840569816515,24.47898109117964,1.0537609868878461,4.543697301423531,0.03772187679480954,2.1961767196415347,0
0.4832881919683146,20.848295404240208,22.430781191056937,24.626409463584157,0.6978907899261007,5.564899528111201,0.20218878700213622,1.7666991425942424,0
0.5146713686433323,25.05419407071816,43.65211269039793,20.843256838050976,0.8624431410349138,3.5512296697556605,0.06885122696528322,1.5895628245118674,0
0.6206508966508357,94.67602144594615,35.30033473189457,23.38178523837454,3.285372905403671,3.829873657206801,0.04287301931883761,2.885959035359601,0
0.4183064329012764,15.51906504649917,43.734442712597165,19.811564396288812,0.9251219933586172,7.347684040733405,0.0951276245364343,4.299456368140504,0
0.5368673308872901,22.948981593652203,34.43823710785907,21.169325505046235,0.8146973490440503,2.896904883319678,0.00842651104986814,4.2395192538913244,0
0.46066611876726393,20.1359258222865,14.821776660096397,25.824954412819615,0.8932912748353836,3.044491197915903,0.0007666744536502446,3.47006403864722,0
0.5028744822934818,20.701424486399144,33.784260941471686,23.126591670107516,0.6971171875203759,4.896837485568844,0.05859679766745266,4.848675834949434,0
0.6278451862607299,24.817271846711282,43.481150549370156,19.153627808336875,1.10974009527898,3.4562192496280906,0.005174305907348545,1.2847658653575367,0
0.5191099068019903,22.07232244057975,27.850031847330285,26.761812729630755,0.9834972962177211,3.2299427354744026,0.006132887136991054,0.23554387276685346,0
0.5046436548156149,12.58900793696554,31.896280248740382,8.17572313604244,0.6589584784447966,5.21015194241659,0.06826202318757944,5.244071210320529,1
0.3640143859020081,16.60678390626822,33.59093197159218,30.260366557109677,0.8330340178906653,1.9898682861925905,0.015772183828289734,2.0208437928586767,0
0.5746253566027221,23.363547975094786,11.803888961052145,11.470204525546324,1.0673202855124333,2.984075530172724,0.04952798409886525,4.752847293716636,0
0.5645484181141075,21.914512034229503,48.37078060349981,16.86453587613852,0.891395610722842,9.108191165847288,0.12469147264863467,0.7332241403506419,0
0.716325472330546,34.79360548038051,27.788994560822605,19.795412324024653,0.8606117079723806,5.918950117938018,0.019024568091334116,2.87775642922321,1
0.46922217650469994,16.744085003816338,39.04588345978239,19.267596646359195,0.9850814645983847,3.506873295460178,0.012240335478555912,1.5045522171733396,0
0.521915032766394,19.667373343460667,34.30639091081433,25.032055200132774,1.0687195070356432,5.836430156532394,0.005633966298819713,2.6898171891018245,0
0.5249383683710755,26.972194641457225,45.06095245087488,14.710816906948828,0.7127295085921679,6.134660953973259,0.006989682925539752,3.5832994313635225,0
0.6577453279763474,23.81362920450433,38.248448979424644,21.303834087415318,1.110025696243576,6.988828840180477,0.0032121386639689786,3.9567364912066916,1
0.4904704467613048,17.968472021642572,33.1206058278322,17.10893950890123,0.8399413436785247,4.745687941086539,0.004586161864696092,2.2579290795573534,0
0.5279021525770339,20.675009832788803,27.85187925984576,21.475704896687084,0.9964144063500403,6.952995405545779,0.028282096959148784,1.1756201872993866,0
0.5607896509716539,24.953789485254806,41.38280561105711,19.67613870101062,0.9929159718616981,0.9231069502356544,0.019346770784258494,2.217355695379226,0
0.5186609123156358,21.369844014685373,20.012469568363066,20.46467826341489,0.8945867763520452,2.8873837390484938,0.06130424325049464,5.5793560640290085,0
0.4553566385449472,14.336389500341099,40.16712336220714,17.25037583767827,0.7952680507738571,5.327742803472911,0.10210407340177421,2.8270806643601216,0
0.5194089992898308,19.17985428221166,26.20764198756102,17.449680249519588,0.9428626903815472,5.659267065615583,0.07680314688663703,0.5470148732871687,0
0.6073631749859772,22.472463699802454,45.01826929565312,21.436362570137135,1.325066061815039,3.1764354246627162,0.03781896847705454,1.897016136725831,0
0.39734847005889395,15.662275666686622,36.29039634130156,24.718577528780223,0.7276649939072738,5.518839982526318,0.00540388331255418,3.1059725894419805,0
0.5132969674146876,21.80940967247699,40.15299014280087,17.00860332901076,1.3384626038209753,3.752319502625479,0.06185361043203972,5.236719132330943,0
0.42998791850608264,18.45413400790722,35.65591051059776,15.65616227713545,0.9480557657846935,4.446081811545668,0.02253583907856946,6.056712942489574,0
0.6195046628924843,19.452151253554163,20.980983238872028,23.067300828359187,1.0070742834177278,7.049547601330022,0.004477113973813807,3.9276766004994212,0
0.3476813095216225,17.09907534354747,28.114166692837294,19.837480534711553,0.7826578377230545,6.817874993777199,0.09240582779600591,1.6874969478358781,0
0.44410781527284116,18.522019148903517,40.37911470089106,24.15249066992976,0.8457461166645038,3.005879345273475,0.020640842088649868,1.5674189527318259,0
0.537721187506452,25.6624436430398,36.333246538878754,15.471013933144262,0.8994180699923962,2.885497075959793,0.012310939460795384,2.592163054706376,0
0.6565524029234341,27.59469109880938,44.44791924244538,11.102805372882846,0.7908610058244175,4.177653208893368,0.10257267031112885,2.7165131397518802,1
0.49342497389270124,23.040967828915335,38.22619650429738,17.33497959086833,0.9582164085258257,4.94650739765415,0.11620773693537914,1.7264592735888447,0
0.44448004733068014,19.17883782757759,27.266384874378723,16.16823695367492,0.9185968216386458,3.684203022850518,0.020697866043879666,0.6665682545990469,0
0.688115706944059,31.563305546370607,28.63148689823493,19.6060579995985,1.3701562284871467,7.081284885599336,0.021909856624382315,3.5044717973299666,1
0.3551986099583756,15.774696306388359,35.8233391241859,16.815773928648053,0.7668051628639078,5.69477968341711,0.04333082502359871,1.6453284144335403,0
0.28011940433799176,10.911030434190959,16.487647471999157,23.705084756682247,1.0205381033497174,5.812170219748858,0.06610807620254713,3.698122869115693,0
0.5440014450053332,28.577361961553976,48.38753508498388,18.55924868788742,1.049569256380365,2.4669223421100566,0.003261562152399452,3.378920092294442,0
0.4497945775647389,20.65889446942923,38.53397389102046,20.752372493869505,0.7859358902696325,7.33458143476756,0.04498934083871084,5.06867287556125,0
0.39787671828692867,17.63630199449039,44.81627677639098,,1.1373654990905677,-0.6403376444813818,0.15268932572662686,6.239588197376866,0
0.5708356447299353,19.004512539582407,22.355168473526646,20.974775462060936,0.9203345974236744,6.668110903698738,0.01519693472137463,0.8474140765469339,0
0.5243800713771198,17.110280002694182,44.95652128284205,19.879354447725134,0.5015220696833865,6.8686234753415425,0.11974994133088615,1.1709974724569256,0
0.44359213692632715,18.621831923478645,52.85199128822199,22.553003452051566,1.131969922420913,4.135197625444077,0.14995523846460138,5.7863162030607365,1
0.37196956013291055,15.315345998621144,24.43297315698146,16.021724330870963,0.7766118231795273,7.545820434494848,0.015677601024505626,4.36113042585537,0
0.5872457328280145,21.647461618095633,41.171214359230135,26.997089633269415,0.7904450107721802,4.8738048940913075,0.07016223364752083,1.1128012016957354,0
0.5650201177958661,23.023752810670825,35.00887955749835,18.817313083157323,1.1375804165784795,5.124863406654886,0.013641315607448396,5.933736864973177,0
0.49008241362206173,24.369177329013255,22.644529214014046,13.442254310506591,0.93056770351631,5.679057574808432,0.06689638799529256,0.7509889096827093,0
0.6846636996047666,29.47275540784156,38.94307177481496,20.940366784958865,1.1835544301103,11.37314982362211,0.07983101334979557,0.9459388871090241,1
0.39299152336738474,12.296635405437176,41.668825638698785,15.744097587762575,1.2420332190730639,7.688867816166009,0.014198163370050025,2.2454890552126425,0
0.34744748290752614,13.563372834872215,30.190987578649224,23.326672672544376,0.8710143079355404,6.402262401425836,0.06291608963556654,4.43633952121007,0
0.43080919301187554,14.817468277917339,44.327332162041785,31.04802788021189,1.158652499191006,3.1743910267976103,0.08359347642986832,1.9281129478984798,0
0.4954413983644502,18.654556185352327,21.66589274568642,16.06713954221075,0.8489078397214236,5.287179650958985,0.022203452599475256,3.3706353050770916,0
0.5243339449322691,19.73251080040184,23.041950828402847,21.661861666119925,1.4466231834264354,3.373751812307227,0.009178283077956163,0.4207227389550158,0
0.475876394214367,17.602119020762665,36.09277916471002,11.222472056476862,0.861408599093757,6.644221694565626,0.00482359391820719,6.97848837359444,0
0.5352055396514297,17.642815470137002,35.203082223778175,22.269526147206737,1.2052174881920008,5.280933951469714,0.04282823198778454,1.7460375963845767,0
0.37484605758095557,14.610878258683652,29.26741209260716,15.57143100100155,1.1687580051763151,2.7509566407722095,0.1910591384925992,3.442963750444484,0
0.644376460407326,24.09323550575111,41.47675548777509,16.875826907827587,1.0632175644217867,5.162249166837006,0.08656624539751887,2.9175764587904816,0
0.4917848821607431,10.88304921642292,39.247154513727594,14.49356755080086,0.8658913677166633,3.301165060567389,0.028620836988371756,2.8486621982836935,0
0.6117295831588128,30.628099399857497,41.865112567472124,23.660756130273676,0.9697205016117182,5.302432442675094,0.03846048877931946,1.0801822285026894,0
0.5342725346377704,24.637210348160828,34.01490851718186,25.03652178736631,0.5692823774110896,3.281845367269487,0.016392428357659274,0.4661504902589808,0
0.5456753219153784,20.698110701840147,39.820642143826724,20.11692607329254,1.04488400767645,5.054975266721626,0.008900495308259223,1.614682699496623,0
0.5569767280232204,22.335526270150613,31.434797575760044,15.677866473321401,1.0699230662056771,6.500939723870189,0.03289683625608599,3.6562703038486983,0
0.5447708560017315,18.275871198116572,51.430549520692765,27.947615180519314,1.0266998838122743,4.893896016149788,0.031134581807309287,1.7904701710350617,1
0.5642722759867544,27.658059672902773,28.499633839024114,16.24794936122672,0.4053387657414885,4.218223465655223,0.03689990074877002,4.25107670243151,0
0.6329152530132431,31.00847620484906,51.8423794356665,9.189838500362805,0.7468727109820378,5.406552442114926,0.15267292714442868,4.123963163752194,1
0.519652116970147,21.256165863545455,35.27910357671527,22.29194504978534,0.8503818034302675,6.394365241585706,0.046303835454983525,0.5961129233337445,0
0.5709003757588512,25.906606962910082,23.99591288345006,14.476126631792416,1.0583317866378092,2.785633460236479,0.046541272121392946,2.1658576593355914,0
0.4910264305712773,20.166917559652862,45.94463480390881,24.943043967495875,1.0578677811285968,5.521312309410405,0.0068497126626423065,3.340665661667239,0
0.6440117215449472,21.750292545170097,36.00721110715967,18.094311516632906,0.9659552416057642,7.6350816380348,0.2825908133559658,1.400794166551035,0
0.432360769794073,16.05896068487195,41.8089927870419,23.01856620272098,1.1270491073207913,6.14731392655343,0.07410612148189848,5.027814809555098,0
0.6800940432910816,27.59954563195913,44.79084734834075,27.00750173276079,0.79475152493942,5.115508293334456,0.10486127478378818,2.237592832854904,1
0.49598420493556566,18.475725041192295,37.7036444331602,13.95570567689639,1.1220470011387993,6.279475013397789,0.026747413451494253,0.738717903694755,0
0.3569224897881952,13.6209397592227,30.262073241497482,17.170314345537975,1.0949484209679783,5.904992912205365,0.03487062277487004,5.0603654979794035,0
0.5128104414910789,20.23821898711581,42.805707021354,19.621644636714684,1.075510946567582,6.5072022183196285,0.0369159947419389,3.1348341224727854,0
0.4318948342525119,17.03315787650409,35.006044059636764,27.687756595171717,0.9635919137828688,0.9521367780341112,0.010789441887950599,2.808618374679584,0
0.5840643548988724,23.519349667447347,40.48686254886735,16.708086410297774,1.3661487649662525,1.8930877326734694,0.05847682274778944,2.41507771884786,0
0.4347376020697609,14.207688883600635,17.77015540966831,17.027481520254963,1.0986391376979756,7.009658298966475,0.11664021832792835,0.9951354423974916,0
0.45538165667852204,16.064217819757076,38.57585373607881,22.39070287777904,0.8063328273492882,1.9894416476771188,0.008938741780902135,1.6484537123769312,0
0.31104592690544686,8.588084279117966,29.89131339883976,17.113856371447145,1.0496610951471967,5.8030772714384105,0.0045136494307592865,0.30807573118564285,0
0.45476936807509233,21.124221372062294,48.226477097428244,20.76262941448808,1.1504966754148438,4.295900687935417,0.06701233208948691,3.1855911667625723,0
0.2576120673371043,3.9875418679631984,39.98469878311276,12.242312895159365,0.8823782802151381,3.0076215088080063,0.015955323132588472,2.0576388118306284,0
0.34160971765142767,17.125159736007884,36.918861966794374,31.071649712782982,1.2178544493862198,5.699299514294947,0.048890031079782396,1.150946068540568,0
0.5760414656144297,27.200706816365717,38.890479946801776,13.261453848452984,1.0764067411432021,5.402067007433141,0.059496647627941025,0.7823213671756245,0
0.5785800158650832,22.236658873655465,27.012473176986255,18.39123648004896,0.5315043324669306,9.220685304192756,0.019423819128328038,1.2557752246019191,0
0.5425457561784964,13.892418983657961,47.98605352422443,19.837594820789526,1.0599343954675853,3.7503775909282213,0.08440906836126581,1.5740068366348807,0
0.4033023856870787,15.048163741581275,50.930963347335236,29.56344067178398,0.9187941691174569,7.880220240138348,0.03992416061634377,1.6633826328759604,1
0.495228864385802,19.61660209156562,38.14330808438573,13.3757710953363,1.1074359629083472,5.7048458287686294,0.10162767181696555,5.283935922320875,0
0.49963974609094314,16.953795183850985,47.723228548589105,29.918520677393758,1.188842968050363,3.677956236914575,0.07204672619804792,1.7343015875687366,0
0.38416353108074575,13.820886061805101,30.44681441061973,23.785884105510114,1.0390324094283636,6.59849291503449,0.10146618706997493,1.7678433491762326,0
0.650339830176715,30.604178803658655,28.623091470200155,22.085476622116232,1.3330504467889392,6.131477008907902,0.0010183698254272004,4.446123109156084,1
0.5877362290575672,25.50423064920791,35.32739798983138,15.076831564910222,0.9642586230873008,5.071686589716099,0.013953051085736657,1.2082080533534731,0
0.4779035826170336,16.342450961547044,38.47952830694319,22.85570621019037,1.124963564610775,5.532590712881247,0.004715970263703938,7.004108961243839,0
0.502688583899453,15.314745847191826,31.848106550055036,16.382566887901,1.1609885147274694,3.8060259379089367,0.029177255199705994,1.6301171752521628,0
0.5208382807947552,19.852479278960896,39.30214552294787,26.33330626599206,0.9805308062214535,3.3484257494909864,0.11034562240591442,3.2754568295234,0
0.2958265131575709,11.192690188251524,37.451115856587315,15.144689854461333,1.1557548615955564,6.518884347645166,0.03151239970739815,5.2883352273700535,0
0.4752822617479403,20.49988803200756,27.01354579767156,19.43420752771958,0.8810654025675663,4.552121151373452,0.09476043881392099,3.0036333856073765,0
0.4318015752002201,15.666112870305827,39.15034413961377,17.22363455993414,0.9154863161957563,4.8398340035018155,0.019813741272654794,0.42449953559634596,0
0.3998379990105084,17.52801868650592,41.90822594017217,15.062385187865026,0.7375022619327375,5.559643191888554,0.020743212559659042,2.0244171794581343,0
0.4718899707114045,24.68106094863687,36.371754540723124,23.706599084539572,1.0482818232740094,5.530576689567616,0.11295795514764638,3.4852220823182205,0
0.6797686526849522,29.63724917473088,44.22118482609354,22.677293737048167,1.065050335170869,2.1413470580518705,0.027740368665395865,0.4875856573986234,1
0.564084286126701,22.419105923075726,25.260769652024386,26.045050994504987,1.2358526317158458,7.572504172909717,0.07797658232753332,0.4849977015869156,0
0.4428821010217203,17.16583262770893,38.74360337705481,11.100624458959164,1.1582280008711767,5.242364303801357,0.013501509247149763,5.25370469991797,0
0.5572582781356159,21.22031172288502,25.6377543488258,25.32085351170522,0.9430408886705134,4.594693474355701,0.14860159758546446,2.8139836686842736,0
0.6399355436586003,29.139344483700444,26.0873491341353,32.52724452678447,0.7643640625331446,5.861692010339493,0.04273371205089761,0.7754257993111613,0
0.5924633682912769,21.816594393797168,29.95255333009768,17.741794554115266,1.0865700805039948,5.473084387229726,0.07121509279032803,1.6311392005257233,0
0.5059630369920174,20.374189606680645,27.46351853140604,29.47574306054485,1.2221506344829285,6.534125378979404,0.004688931150539383,2.5031430271482207,0
0.4353063222294426,17.56584659482096,30.616033450070898,18.684193639700865,1.1510369947607888,6.0759673443018825,0.0339291109065425,3.1750716119211515,0
0.569822331361359,21.287540676019763,33.28679751431049,13.137951312193465,1.2168955049714576,6.435692457992533,0.11565121852378857,1.1758056264728882,0
0.539348538542175,17.456544898034696,41.69723589065107,18.471837787966024,0.9576220937603515,7.701987811455032,0.1047942515099334,3.4859471576890435,0
0.5895193220027732,24.54969639096393,32.43072769035438,25.24101983837638,0.9066762063648709,6.767249097941944,0.0023972588184069253,3.3355281794891867,0
0.563517180168197,22.357675291161726,22.31499434584326,15.809117588342342,0.8526197295536402,4.679027559342875,0.018098623922817057,2.391854360946081,0
0.6049552715319335,25.698932269587047,44.12054277196128,16.998306704967565,0.988820706677281,2.7541976878463346,0.02928823610346359,2.125392357443083,0
0.4464764788439432,16.258258234440227,28.30327893107968,22.967697161465953,0.9842818408062362,8.33559586600903,0.0094530999926353,1.9782889108468815,0
0.6317394065634325,28.93204015897644,34.53023658316297,20.015300583692863,1.0413355257078232,4.524553253305775,0.0654663532205313,3.033762034986573,0
0.51975996046924,18.160077075134062,38.57229205552569,22.923114762433705,0.9741405085928984,4.053785173278955,0.010198428326552326,1.717937864750395,0
0.7075260872625265,33.43716434255474,36.59688334722226,21.18914770379168,0.9732744540546457,1.5265463644711215,0.02128132660750624,2.452125434337544,1
0.4310812181910432,12.000339198156944,43.753436380171806,22.398126597757866,0.8446611894055712,5.676946210624223,0.054425272293943776,1.9270932944756594,0
0.6735963803165249,28.24816540633167,38.83202514714207,17.838494070952294,1.1883238027102982,5.29777320790754,0.032897626568799486,2.1469576777203314,1
0.5197910783462648,22.217935181430462,28.109523362423136,21.158654710151964,1.0153036124487422,1.9697701275010386,0.06707963453212903,3.42770019564798,0
0.43485819963855515,15.007656781719557,52.42849739193329,15.363134971520331,0.9651112131429436,5.906548084266351,0.16247693464273635,4.012520739808243,1
0.4516114165945678,19.33763847736575,36.554667706705864,26.442168112516942,0.850514149350159,4.003616158597122,0.006195841633265583,2.553895087023092,0
0.46796526918056797,22.557166776503195,,16.828626415913433,0.7336173779217827,10.380630014577388,0.061819241639109714,7.003114662616115,0
0.5424165946401917,15.046207267545473,42.711403384444566,25.64423743774695,1.2615928385098687,3.8612776158182633,0.013090590970755621,2.451986144072706,0
0.55228354880355,23.599576374614447,36.99560756744058,18.831965195085672,1.1109277416263614,4.129613335604414,0.026762467424893677,1.9158696332220733,0
0.4426299996061421,10.225387523255453,38.19382554351462,21.009995053786607,0.6752164314860065,3.2504475514912645,0.0016707417378620795,0.5309535129645035,0
0.4975645407739017,17.005587220386445,54.9374719888055,17.525177245546498,1.1526284601419314,7.5557530420839445,0.007303765975135991,1.9330151332773626,1
0.7142270358611864,33.45658052915029,32.799028573959625,14.920022844159854,1.1844962340466219,4.254448411070494,0.019266750916455855,3.1131413395110314,1
0.6727543170100712,25.16482658022668,32.45791284786083,11.276198061973492,1.024875224460186,3.5501716924690063,0.020926438768942096,5.69640293708486,1
0.5436323669674032,18.22365478546921,35.93262809609971,14.723379207037702,1.3196221791503517,6.413910019841085,0.1149222918085363,2.714183682467592,0
0.50380034781682,19.558200725718756,43.572127484648306,18.380455733920392,1.0433439284245767,2.2392941291736297,0.0677035399489366,1.9407398224474477,0
0.5120031326718262,26.683844321363704,22.94772775847681,21.05939589414442,0.7166352944101619,6.2502210924978945,0.17910533953698415,2.4530355908782235,0
0.5613517972730416,16.959025149303585,19.275552868187958,25.051896566416318,1.0730338002096642,8.562799433201715,0.0456986098795662,6.247610732754344,0
0.39772074348015946,12.754900004288345,30.30307783503882,17.771212701015756,1.048979460342546,6.133215665670178,0.013834715124375377,4.144620855544905,0
0.4742623462576655,23.4627888998455,21.928616327525702,15.59019617866413,0.879340630244369,6.2757966325198495,0.019849186092313856,4.18319942881125,0
0.3331415926122411,18.89877073510284,31.60134921979489,12.786426069986437,1.114711767375485,6.740120433814967,0.01927106103205207,2.205354562723572,0
0.5399223122605279,21.286598817550264,39.019997569034324,22.400318089520518,0.6664669467618276,8.419416057351038,0.01976294304946923,4.874533580440165,0
0.564719593970274,18.871625651231035,27.87400909158189,26.915972576646716,1.1981133654885578,7.419787920038209,0.0558842775868606,0.9321113892433684,0
0.4516813537700626,24.35478465622998,23.58538738574926,26.331651339781445,0.8243756592789094,5.879339444546048,0.03783715296919855,5.070859258301997,0
0.6573986763290033,31.07927422840772,35.55469729372278,23.549663740736186,0.8030107749765936,6.807782801272003,0.02434114848041474,1.7631253671442004,1
0.3774234336997659,17.133778311277336,41.90034787692136,23.192716586337994,0.9772350455385046,3.228130149069779,0.008072432107026229,2.5445817232585672,0
0.353562511979018,11.70529343234846,21.4402124918671,28.488118898546706,1.0865945856087271,6.552587181494644,0.0011193956234431392,1.727459032505629,0
0.5224451818559972,20.750719251725776,41.561859186447876,21.660407307084053,1.0327848127186858,2.9888880576325048,0.012348423555905076,3.7036332642378946,0
0.6047098302612155,23.707312967314127,41.53844962990661,23.230648380120858,0.8514681668455244,4.265955162736747,0.005684836273519959,3.4160128056743693,0
0.6683927691457869,27.72826467967821,42.632680817253025,18.396080690740003,0.8987821417616223,-1.165124350286475,0.0769594653510785,3.7768148931576824,1
0.454111573713106,22.517467262918245,44.74784171897349,13.189783145726214,0.7733915305245076,5.802859318734924,0.00596722282902183,0.8261744043844753,0
0.6078680833431296,95.53706851373016,52.616111397276924,16.580755497502118,3.5020113184843202,3.7122559777832946,0.06440908510689893,1.3024094246911966,1
0.4961491530499293,16.6138378910429,32.15126361104756,19.954204807326725,1.215004242902182,7.2222904304089255,0.024360231271772448,2.8234358059488107,0
0.48273727000591804,23.438980150295336,35.87657264062287,20.303926862506515,0.9991474124712247,5.780385221210805,0.0038104992086655264,2.6458256328637937,0
0.5883659937486673,24.474036169986157,31.668492534015797,29.631429274276968,1.1718828509518906,7.248191789403251,0.08376020585843344,3.2839773499426443,0
0.5652322878413419,24.670488901230424,35.01581475804649,20.406385837955344,1.2910802675452384,2.8328069106549245,0.04333106798233474,0.880408462471618,0
0.342360784301575,18.094053949898807,47.262986845090495,25.89421722012822,0.8823962961926066,7.0767720743192655,0.013443769129420656,0.825705363774857,0
0.6476540349725896,22.571420650362928,24.23988412855465,17.82461379211842,0.962685349388927,9.211712688726653,0.1125381547277731,2.7797085553774186,0
0.6380091354147451,25.412888680470417,28.111602622675395,18.44162057117383,1.434238572212499,6.528316599863789,0.0023157230408797683,7.054176312464455,0
0.43744372984904706,15.903385539884239,46.01744749203649,13.35496181388276,1.288868682395989,6.580698017384577,0.011271032609443184,1.0621217825572993,0
0.5395803533437409,16.87963585765327,43.160292055216715,16.28835993561714,0.6655190948375295,5.33919535278987,0.06972578878730508,0.7245040646944336,0
0.5494030186282739,23.016250677945717,32.094946825463374,22.634906956818767,1.0774296632121814,3.9506624388692715,0.061786579273903165,2.374665254950959,0
0.5260673765823907,28.577364718048898,41.83521600896576,20.037800901970666,1.0001119984679392,6.522384745403017,0.017073252560824766,4.9772307764300585,0
0.444969484615458,12.278546151101063,37.72972673993627,24.71469309948617,1.1652906221717525,1.9878341791958634,0.003201592494671457,4.633386800149007,0
0.4328376632061948,17.216664695099382,47.0021968720079,20.90626974172525,0.8510042465029889,4.164489750158367,0.09762390884898754,2.1876151283176317,0
0.49744459290085546,21.81941252125854,35.59607675061418,18.23773134181129,0.8320783255918656,1.4578863953256356,0.018821849376586416,4.036379210545547,0
0.6172729019259364,25.060150682006,43.20505691098066,30.741484318934795,0.8647858569412781,3.5926872453698344,0.010889981211092964,1.0838369564924308,0
0.5543600154594432,21.83501646083051,56.13609528394096,19.530482156434765,0.8856142907603134,6.284090183787122,0.03628990562873652,5.113379287746946,1
0.4629385667913894,14.619893581318102,39.78479324037973,25.81500484852652,1.1630648333618028,6.010786752440927,0.12052366184429958,1.7790148812799156,0
0.5771698710648345,23.78515507141387,35.39462532635875,17.99395396727661,0.7637597653702239,5.1018273910709455,0.00222615937061643,2.865416160857504,0
0.21514573793699243,6.3355375864319186,40.77957588176783,23.547997396917832,0.8754772200081362,5.340801988124022,0.0725798641634638,2.850603265482729,0
0.6148765700372103,18.02529768655275,32.07775313436892,24.640078295758435,0.6421975218997118,1.2282707642715813,0.04248691839306964,3.156263491350831,0
0.32602862212219,16.624921546428794,54.103741644197854,21.042459852877904,1.2014235646824747,4.25487543885817,0.027708330782234364,1.1068284149360306,1
0.4637559058596868,21.4253936939136,36.44056830156785,8.227585386516989,1.2542060198862282,3.6372967871295803,0.06814460593350305,7.24188936999933,1
0.3880330105373856,15.676303352048665,32.8165334381959,20.091262304280566,0.9345853138272427,3.6818806189709186,0.1688122027505431,1.3634898969070597,0
0.3705318524279094,15.508498161733485,28.31448795983971,26.152300238799878,0.9404101270373554,6.199157255627506,0.013016720027371077,5.269132090139474,0
0.6160826787378519,27.866261187660765,43.77776153285151,22.63740416513865,1.0906443804565795,3.278985346989379,0.007753651548990339,3.754094931001866,0
0.45322987986881086,18.80221416508668,41.93749930262191,22.229194376146232,1.2948964014756512,3.7906382997451784,0.12202444164790936,2.0369146220741703,0
0.5346503881730715,24.098068191206806,31.021165028687253,11.388715330212404,1.0817221495127836,0.8258615085809673,0.05527475768521716,0.7468389756780809,0
0.49530794211208157,18.91987108186171,39.61161076097938,16.397724646624706,0.8604916115049771,4.411753639247661,0.028811427836611232,2.028792267649093,0
0.5477040827223122,25.844114524614326,22.93155225429715,22.056788155757197,0.676235485602712,2.8243249045727605,0.04257896717429508,0.7819615179015248,0
0.5076821891060256,21.269644742039073,36.47976460058525,22.05191638393446,0.7769747474673024,5.158405857379287,0.06844510538608316,1.7827166494458802,0
0.37170077758114306,15.450186934063346,38.62205081661356,26.07333390066451,1.014643890062493,3.0977839065150707,0.07414728971538408,1.3380791611811373,0
0.599626681944714,20.174884011652463,48.65863847647378,19.27566622426953,0.8689344953598411,5.209084491098432,0.12622033892974388,0.6855590450031466,0
0.4506243416838688,18.885841230259878,28.833449578170484,22.029120433369073,1.0389935411981517,4.710628478515313,0.02782976174847332,1.612951237848304,0
0.3443418101340249,11.277807652877641,24.773178969581405,20.08187120965647,0.8894151967527532,8.344083546084642,0.01736529921698015,5.469162043884964,0
0.4571884839034087,16.372691176550866,27.836576312599668,15.065286317492216,0.7883707137411177,5.9944359609063875,0.05103595449377584,1.4448548843599558,0
0.6500759790634311,23.55691227758888,24.30745199748064,8.721043344526262,0.7645936737093858,1.320724254875394,0.02686942393862296,1.6997343405825884,1
0.5850221742113493,20.202182172756295,45.693258862071865,22.155048460650384,1.3124709018746459,2.470222311794583,0.045143861566406984,0.7504155707746275,0
0.4651347865592141,24.979705671419445,47.389114360192295,20.869736042064055,1.1777975498367286,5.110416017984666,0.027235134516032978,3.4020356337298208,0
0.46507422956815714,22.596986368691493,37.56173262359063,16.909124789499156,1.3461035903655918,3.1403041032146986,0.008302480496826083,2.1286073631134665,0
0.46783649487826173,24.474562301563253,44.770359565481186,11.904134717420675,1.1079901801510206,-0.9367368604717043,0.03168986281505195,2.6181758342236296,0
0.707674798356084,24.63830687557667,36.071667044641885,23.14869757204369,0.9140017182770321,7.699092627667486,0.05870740445157522,2.711636563788884,1
0.5381935452231553,21.74150305865889,34.23910681839387,18.67039962902224,1.2646681844979877,6.440448033810815,0.08029316735749936,2.09096960090609,0
0.543004164719107,17.839643713151993,32.3356990475699,22.784373611840728,0.9933863997276464,6.041953746983543,0.033994401326583656,5.106398163397911,0
0.6030283454031842,22.034049184536176,32.516872068979474,29.32024265205879,1.0441683540580704,3.78535390905817,0.009030424658906315,1.678812497657717,0
0.5238789159026513,18.20077568585633,22.617587549527748,9.292845598401476,0.9914351241848962,5.855353542019859,0.026780487226377644,4.40015074585029,1
0.4740957854179297,22.682583436041874,37.114038108858715,16.50199595648818,0.4106191561431971,3.591279351558237,0.07715768536676298,1.2020878566742463,0
0.4803650150915022,18.025911569354808,34.67732871828765,18.953121933440435,1.3209470024589707,5.4097146004353815,0.026624537223787922,3.556315076442822,0
0.4928398740585936,22.918732963425793,40.962885792623005,27.274130870733252,1.0982007891915506,3.158833548327045,0.05962375676292865,0.4730282352610068,0
0.4962777763490158,21.663473722726188,35.74818797150888,11.817984903967576,1.065964612173702,8.032576901112028,0.035383981514685234,1.7913128693833391,0
0.572762954363698,29.821434430862283,33.69837038744726,29.679305128403023,0.9876447875458878,1.8595266918363107,0.01380237586405171,3.2203717320829535,0
0.50519458858073,15.769450873810026,28.030455759938953,20.679279507831453,1.0326855640772261,7.464567659021663,0.07951866709308125,2.1294520447221905,0
0.5732640077215579,26.708260028222714,35.57722589457409,19.519996691330707,0.8805442128307505,5.077831656034661,0.0043985984962403085,6.646052598567818,0
0.49192834198914176,23.116456290767854,40.9058978465293,19.009701183905467,1.1233158704614543,4.021066009316018,0.03721047589733751,2.9799680381396065,0
0.5078635190316091,17.39440424718326,25.853288071329114,17.818684839099856,0.7385803311201735,5.334005843391477,0.011715978187027035,2.514151435349185,0
0.30017993154678924,15.028597271291048,35.699790029445914,25.240583796345774,1.0372136864941093,6.466696014356362,0.003471021101256606,2.95392140432968,0
0.5916327674702482,24.67374558788861,36.86434361223587,14.657396229587807,1.1123146941142208,7.733493473388794,0.03495161691726462,2.800240780519823,0
0.5346488475897992,20.703525123731744,29.255481731053884,21.727070908219268,0.9602661732354194,5.626286046267064,0.03461359378104777,1.7821173755882485,0
0.5998010109859653,21.52023397852261,30.297149560736,18.07909167146512,1.074173558494205,3.218607829475445,0.061362225380580754,1.8765282340200207,0
0.21037446218063105,6.257650132877684,,16.18933275742951,0.8017331215531499,5.111260247531577,0.0682757268564853,3.7497796822162943,0
0.7088374704780728,34.50293510648069,25.932631853659018,32.92987587841948,0.8068346458208071,8.633586473324746,0.06505934603374963,3.0921170775391946,1
0.4860410371844826,19.44368994425175,37.79938972199514,22.0952536737673,1.0473434242052786,7.695356171025248,0.026344255565866448,0.8940198647331375,0
0.6108182816737516,26.77912127154444,27.8371650107264,23.06632772330572,1.1357099309242102,6.8175269562487175,0.04994148632097041,3.0342341610461014,0
0.39600940728744694,13.467678146495217,43.50282954426573,25.68888390334331,0.6250268688996579,6.591374040244773,0.04301268291497555,1.7652754816048488,0
0.5612773905062569,20.11153678158536,53.702621963106395,12.893250273407265,1.1044041270221534,6.398900181213084,0.027371174509680726,2.768519996988612,1
0.39465844368263436,19.0322921750552,28.11394558638544,28.76145954561016,0.8913596999247326,7.31750966901974,0.045467331674764494,2.281754584530892,0
0.4376231039304195,13.456195522562181,39.2736628989974,7.455214107524622,0.9614387825385176,4.08674242855619,0.14710756277110357,0.6883580304114265,1
0.6914031353866786,26.41048411175133,29.186064760943847,16.156167949807397,0.7320964152869925,2.2898278684499878,0.010714997553952525,3.4985188623216517,1
0.4809317599236653,19.339352630163308,43.32763339038232,17.7048416341055,0.8296765519626583,5.138007001474123,0.1181019459090815,4.913133430929355,0
0.5217432873179723,21.20384929823905,24.87793272731828,22.90861682485253,1.1932250651060623,3.364836826444618,0.002746865444561861,5.423292020691569,0
0.5870067730688754,22.942991067706547,38.8446940674217,21.09359133070744,1.0065726747960426,2.889958489245631,0.01843659639932277,1.1593427656319002,0
0.5495681887972604,23.170186895178187,28.016088264885177,19.165926296508033,0.9234443196580883,3.5594428468241364,0.016994069462002742,1.8265664622723214,0
0.5150418905143577,22.68024288802774,33.34412328721305,19.940013276861382,0.9767023294737931,9.970627849067373,0.049223809133268515,1.3684128708646115,0
0.5364961002466225,23.66375664624289,26.751797798821542,15.10988488238716,1.0978423649328604,5.272249268151688,0.007033552501610552,1.5566086615667596,0
0.7403415585238275,26.656250914949624,41.57880376716603,12.513838027579133,1.0880988992326674,5.723815672721976,0.10700104325800815,2.3529499262128732,1
0.49423812029664144,18.917059518079267,28.304157164483303,23.6325581116803,0.9849945999206399,2.555274385991492,0.0881735907563074,2.2843138464597343,0
0.5201099046714968,24.38868477249068,39.41571407465462,23.468530562680925,1.2185918221793337,1.3124940824147404,0.052787097706149304,5.068779298182664,0
0.6050654396007612,26.886559146752067,32.24721577390134,27.92247187578529,1.1940925273813332,3.3618947137623882,0.030662654823489427,1.3967962930247857,0
0.6105525932957984,20.303525377388745,34.0842210256091,16.04991451592396,1.082674405826079,7.876391170417497,0.13512033936453866,4.642763508634505,0
0.618703030556038,25.802560923298127,36.18204725920103,23.464076051504613,1.010922356582014,5.6685509321530425,0.08881790056203469,3.2377152542951846,0
0.5638730222029185,16.62024513999231,28.90540262672921,18.581466358176343,1.1314642190239077,6.197190182888784,0.034588920695552666,5.111572657730239,0
0.38569950872695163,15.568785055259175,36.68293690832709,25.952374925967412,1.0628534843602366,6.477132078404123,0.06051184488523277,2.693817500475723,0
0.6633431532301096,32.22702717944232,47.24267651483529,25.109813883390707,1.2121600143611895,3.8173012404034443,0.0418427895403225,1.8436113783114139,1
0.3853654606981312,12.57094027611829,28.775241713338286,21.056046996122284,1.1799122753476616,7.775931167946736,0.04432958706863537,0.3029480533042327,0
0.5302635465239033,18.707572724481384,44.37448114619076,18.302349216670066,0.7963492197164543,3.7343848015556356,0.020096772442356636,1.3297794465453172,0
0.4245724149980642,19.27498594464115,46.984781067902276,24.80466089304131,0.7828073658516588,7.812464718525106,0.03100269944268652,1.243772338281959,0
0.49358616534070077,15.115042067999093,28.47076008777565,23.234522616282828,0.8597500911191848,5.884604312270682,0.004067088388787308,1.666957315645037,0
0.532876241030348,19.416784551558806,23.359563159275584,16.57779798956909,1.1952277380133842,1.4219096915073557,0.022107649529183128,2.4838802178508343,0
0.5321357215450273,23.074752274546352,37.41568720137412,13.361006632602844,0.6847382006457509,3.5039810267989298,0.05950818212068981,3.937494837855735,0
0.5421920754235284,19.784825473872928,30.620739817865015,18.55733549659102,1.0789514778215987,1.4301229342557908,0.1531107333459776,4.151782645823173,0
0.6613711269058647,25.746935114601676,49.94882575330402,27.577069076741047,1.0725086182185923,7.326564265588417,0.1649285823356025,2.6548851826278974,1
0.545353430151398,24.046694337001025,35.27846032399866,25.73243579366519,1.2325296117372386,4.950529158395198,0.04056533713122536,0.8751485699075189,0
0.4755843364709351,20.28801170944709,28.582404735718566,14.438362651647097,1.0360677381327774,0.5433151201004396,0.046649246871862005,2.831375107689471,0
0.5964087168288357,24.65680386203963,25.82272391190631,14.161212920500395,0.7313581218832199,5.751493763439317,0.010272622383647463,2.468604019489166,0
0.6189470488924641,23.74051511788845,43.719239672726644,26.373419248397433,0.8081290078703754,3.9256714752233597,0.05942271017158,2.717013111757733,0
0.37723921848630076,16.199752085258897,30.430528207326507,14.321820476210855,0.7636008956204351,2.0323882899333534,0.0036639661536858287,5.045288355250872,0
0.5597400069849858,22.018402239100162,35.350630395683424,22.54647661821004,0.8924112067333719,8.355931673937395,0.016751661630176377,0.8564179058401884,0
0.5701172742310898,24.17810779902095,42.64642196089984,16.919643923318382,0.9634196865152146,5.214571732193157,0.05518576644572396,2.3018571576526274,0
0.4702436496640008,17.318949911206097,31.125933184553357,28.085224622608415,0.7669116947557886,4.413137195373375,0.01857566242180055,0.8038495380048958,0
0.6375706813311619,24.955120330107853,34.63256937007871,16.147876004310607,1.2941323981304578,4.201150438027966,0.0025566061116900126,1.7104184702027991,0
0.48499444129674735,16.42990427421385,34.86745272141984,25.716807651029143,0.7349437256095117,1.9734410616844555,0.08915101120115637,0.8415403760531204,0
0.5125576453471542,20.39728298386746,40.46659609212873,20.924293270301824,1.269220684772496,2.390902200831781,0.01857710335042494,2.967021284726515,0
0.48269281757161303,16.874710111977986,39.72595468408261,21.260974271171435,1.237032606287868,7.569833569750166,0.0032592151396128016,4.433984158835205,0
0.5015579047581468,16.72017683983989,33.23909014996137,10.148457093242996,1.179660509937807,4.052234260428562,0.0038866278170276956,3.0113465338503937,0
0.3903724913104798,16.390883095985355,35.509192491972144,8.985433233971406,0.8612466785006498,5.044135401873727,0.014501494573741894,0.7181649430739511,1
0.3559949117405705,14.878015797195802,32.025767907812096,18.89717029866343,1.0684901758353802,0.9113390475978509,0.00980171423134776,2.0397867768515927,0
0.6594505063224972,28.726641457745608,23.179100744644444,21.23453031708306,0.7445257732898765,2.3638159284089886,0.07442745585013032,1.6313128454388206,1
0.4153038651681672,15.31877789800139,37.060806859185035,14.374010861311383,1.1821814070067498,6.219625039749506,0.019407104586197727,0.38644798665788455,0
0.4008607650543693,17.25858914268504,50.137534086664544,14.55653294761829,0.9852030436927462,5.755423520227668,0.08165984296775436,5.66804673871649,1
0.2846609886396285,13.03883226240613,27.930246874471496,22.807363149130666,0.9181359570826629,8.50675039744863,0.00954870397630896,5.483128519984119,0
0.4361038252310498,18.778474432736775,28.815762323178376,22.814272402285653,0.7552510306687461,7.685912663262453,0.03395029995671092,1.1711235230221795,0
0.3676910206592502,12.23067977796358,28.03417782685007,19.311294698060365,0.5044987762741966,4.538578055030354,0.05824355580271623,3.6446198778454786,0
0.664201516013637,27.016151087359045,40.79673422978498,23.901008605930375,0.7922918285928489,5.945907129426542,0.05277632587791792,2.4757577932960744,1
0.6009817089342634,25.13168924553452,38.58788363357152,14.128988521399268,1.2225596391225813,4.366793114193852,0.04595591251826474,2.305215367439116,0
0.4311849654822276,17.26893402001293,33.73169846066835,18.220325414565146,0.9194333143050392,9.109619637277298,0.12939456745081615,7.215654346901279,0
0.7252435805344308,22.75031024626398,27.65584750688828,28.239388028918366,0.9661342285769905,7.2980293921048,0.012972560178557796,3.385908207908266,1
0.5981765486991595,24.40853081988682,35.73901433311939,20.34161064969909,1.1311108716576905,5.339370181715503,0.03403319158596811,1.3519436350741323,0
0.46751686164913775,25.338267584157236,22.483022981313567,20.631562572934996,1.361133775623253,5.400789569752702,0.1077050433212148,2.1850443073009638,0
0.2500594285126427,8.92225933423476,36.147412534859946,31.529732929838698,1.2650009309891277,7.889700574519615,0.004054742018291325,2.034832922914391,0
0.7290942572590742,26.979538996797004,41.97219508870347,13.003289170756146,0.8055329992367624,6.159155694227694,0.002875537996960675,3.46590683554132,1
0.3610427533236404,15.561755812079811,24.990406906930577,23.98215183321055,0.6114858857125187,8.117256034140173,0.013283133603185013,1.7450269960976592,0
0.3354601253043108,14.355539643572147,22.73985378536269,28.3199313990405,1.4719228518200207,0.612704147482253,0.050122562575191335,3.874723072508991,0
0.6022570432009641,27.668487224287805,47.63550313355888,18.37571036750727,1.4537983223318907,5.922456522997597,0.015047121952651827,2.8893994909160723,0
0.7439752406339273,25.985405157630428,30.10592288396332,24.298153934274232,1.0376907192858567,3.96913027063723,0.01055086140139686,0.2774280091187608,1
0.6384272818510518,27.73123203176705,44.08758276755057,15.089902513945475,0.7459023508836357,8.512755975255985,0.030698533044404997,0.9835898454404152,0
0.5563909120052359,24.02690266396383,33.76801867841735,16.566338022163244,1.1926453067787879,8.092797374379659,0.047543858932374734,1.3814824216079566,0
0.5594754341665286,21.952577755839503,33.70436146446938,21.924832080238172,0.9784032627974779,5.065671618202614,0.014288043092415412,2.2133405761252147,0
0.5853415558780308,24.429724188886304,38.50730159597316,23.99283336555295,0.977403775378678,8.071261957622063,0.01788314206770406,1.2742907484879864,0
0.5758928589786765,26.124086803942127,27.928009146028476,25.60468256203123,1.1788917686210258,8.566229039985013,0.04753884316893145,1.1010073765962574,0
0.5281191423969376,23.741711835962853,36.059977147965164,27.848142934697464,1.0668749493746597,5.148813343852295,0.14569694448915105,3.9152929603631366,0
0.5104201103951876,16.98774647958632,31.94808468140726,19.66276720722409,0.762837017797011,9.943867544863714,0.05615678637206498,4.226569258527133,0
0.49374068721004777,22.21010204866836,24.436052452759746,25.96805877586294,0.9350516129836053,4.937317694660555,0.07637081441721671,2.3076402130669083,0
0.4246035411133324,16.79007582943574,37.69985659781119,18.288475782754254,1.1322305857322692,4.570958099328182,0.02284924467731242,2.1435770947832835,0
0.47193249231332257,19.095921986579448,32.893537544976674,24.51045655794134,1.1020504444810038,6.731745177168687,0.015890184329845163,2.1530278271390197,0
0.33070431858046145,13.447763716223541,33.743801372442334,21.037443989260908,1.0524033148716951,4.292418537715372,0.030281339783747908,5.52954563205124,0
0.490166037320525,19.155912526426217,25.31871245268674,22.22838953540962,1.1866845908951729,5.170679551589788,0.08228767793420438,1.1476172742769544,0
0.40114088928490826,19.620758062717528,47.731202942102435,22.117539370110187,0.9276566024365471,7.81886884810182,0.030467849799695357,6.603965173643452,0
0.38964106827842293,15.334488851589281,42.01371349108893,11.976474951010939,1.0357339550438145,5.038437704434541,0.0937762126186204,1.6444138801801798,0
0.5179894151153478,17.36093821946441,42.713247073375825,14.379390705696133,0.32488417996447994,1.6099644140493847,0.2244671450566494,1.9878061192308638,0
0.6392002286344599,24.38741957746921,32.55644238046654,20.51270719908761,0.9100699612314372,5.734638775698393,0.003737614061599547,1.9905054511141458,0
0.5918316606002313,24.20935057444068,21.16653688397264,11.563604601794157,1.1527805817151289,3.6074128418952105,0.002323675678286259,1.1729196115654004,0
0.3429499396376823,17.405641938398443,50.623339059916084,24.15605551599878,0.9219211065765714,6.730542314589092,0.008101817175312992,0.5992232608928967,1
0.40103718634296626,17.850771508565153,34.51121993595306,24.35777983144071,0.9067545216565776,6.392379431652492,0.0242554309269918,1.8370643557861077,0
0.5940771187988216,21.211478915711737,29.00960163183957,21.63585276438895,0.7917094096450363,7.942800696333045,0.007023036349275616,2.5418424151276082,0
0.40175126064616906,23.52562017588344,38.33441259586491,14.39432993621039,1.2006731785458291,6.8150646015853935,0.10226726512710174,4.844167131367179,0
0.47753668500029756,19.895793332945843,44.336966304026376,26.900694694342576,1.109692654708114,7.18048856731613,0.0011709166066712028,2.027109721880324,0
0.5550052099024552,26.02638061009525,34.81559555131627,30.18605319859179,1.165082919564617,3.6618064797245733,0.018974718048809118,2.432268741602704,0
0.40316555451363645,15.671478879813769,45.228601343514995,20.735384137229868,0.654757207608422,6.607972991781005,0.010209627409101193,2.110820901305089,0
0.5105375506145959,22.021579758700184,43.66399950813495,22.55267689225618,0.9679099913468732,8.93690257872058,0.1340747930746135,4.117755355270713,0
0.36659745050817955,17.182303533882397,26.388950500783533,21.00869327398022,0.9439777984499987,3.6227001827264655,0.05535455737421241,2.082457846776953,0
0.4398632356048786,21.24911355945791,29.60967915472419,22.651845944993998,0.9438856586802895,8.599476583454196,0.12153811734678953,3.4049612086366574,0
0.5319781934142537,24.45123265270482,42.66029730623814,19.40220621686802,0.8767944912564088,3.901299817597339,0.17936799382990679,1.703970421430685,0
0.3407006266468331,16.244616066092256,13.299099489516497,19.827178800780985,0.930779145643997,3.2960575099000513,0.03436802217104567,2.602122233422084,0
0.5440474737960399,20.81663875825927,33.80435445468009,24.528588002486828,1.1699289565413304,5.592400886709676,0.013349489309017595,4.637275968912094,0
0.4980362201073319,18.206210678425094,23.553350387002624,31.728120809482203,0.617429729330434,6.431820832257619,0.010766754976207427,2.1179626611280526,0
0.5552489954417148,23.20778234864118,31.1875695885318,12.999643827991306,1.3554589536060908,6.82350024794453,0.012610525447583202,0.6009414093147576,0
0.5223914134064661,23.69504075328185,32.609439287766364,19.480937577985166,1.0967682250052924,3.0764751584535963,0.06165177095955048,2.977896926479244,0
0.6364140429973845,24.78839961756556,32.134044976739936,14.09769757383959,0.9915336208679575,5.86908019450858,0.0020643201234530387,2.029551238897866,0
0.5125224502647907,23.696413907734787,30.58190998309913,27.960124492880418,1.1813668292745851,3.6288908570329896,0.002636351507556916,2.190286461452295,0
0.4570594458874747,22.640228071957527,26.22285080296949,17.06131015340051,0.7096330509663129,2.022155487858847,0.0468429077314436,2.887601851012054,0
0.5122297503032284,17.740227254908877,53.33529013454949,12.78399603107103,0.8670598189697972,3.142527368934431,0.05136909665407111,4.537145941382078,1
0.5543298029036388,19.66243000475671,49.93969603329081,23.190934994242866,0.9757849135218892,3.4981992680883636,0.054720495201791945,1.4130009143955138,0
0.5048860070325705,19.774315104586808,25.703473437949736,28.721555573715555,1.2731120740864355,6.043190320705015,0.023251242564861087,2.4668422399981007,0
0.5040591691203883,21.085204769383118,47.656934010428536,23.317989342803813,0.9907006837746885,7.304427326137337,0.08198065407342621,3.235089329341374,0
0.42980083121932444,15.618332207471827,31.804276076217178,21.023989386409585,1.0900109342370292,2.0535867402494667,0.038138218172287325,3.870286170335934,0
0.4337099082449052,21.40500436639764,36.033499786653685,22.04570461387997,0.8820842008127745,5.703922148416112,0.0055725976540836695,1.4444465483991036,0
0.3597394728200306,15.661779497356576,34.49380832082467,27.07420331412777,1.0973684137934983,2.646603628458187,0.07975193085062547,2.303627402471473,0
0.6749576743186939,27.116648117469975,29.722010869968273,15.62900364992925,1.3354479185948913,6.258170818028001,0.15295254897026345,1.0493496759325673,1
0.3756136764608715,10.716818486829279,42.870818748849175,19.440764479568436,1.199105338334823,3.754538837992504,0.0030957017658925588,2.302540486319454,0
0.4307094802204093,13.28093175953385,36.00709224461326,17.73654925745233,0.9837088024444242,2.8973419639534423,0.02482570442938599,3.1084428010800194,0
0.42815927344308025,17.969398688568628,31.187588614246067,14.16067346354145,1.135098169453094,6.5993290306951495,0.03342429377271388,1.1684476237673729,0
0.5894924376944441,17.181910629313258,24.563284449596217,18.35812370291599,1.1155033909214422,3.82615478910981,0.007918773924621012,3.6271758948128667,0
0.4705050321707972,21.858113515764103,27.851239890247037,25.538605479912242,1.1013175343394552,4.368072097294603,0.10113754213360229,3.6454292326551037,0
0.6247742072673734,24.516506757577975,21.868959075183227,22.833010741963626,1.2223906721720819,0.5600218248872473,0.016714206755418657,2.6774481899036955,0
0.4326509375756131,27.035316411808726,35.09778838732136,23.221552500541,1.2208955407674933,6.8931027228469475,0.07639486403849108,0.4939729788052613,0
0.5278994162223802,28.039725400743542,25.42667526172483,20.73237805826659,0.9745682806250231,6.641817042338214,0.05558403782035028,3.159797249916956,0
0.41646529467402427,16.11426457921842,,22.61661891364294,1.1283758122955538,5.010915688562628,0.04557085915482087,0.7401871393266523,0
0.7145149127773388,28.261585503499607,45.96081482888297,15.997048288259473,0.9233810157680412,1.9448381172884819,0.010668501451601805,3.158396648677104,1
0.3812401580970487,18.23635086588804,44.594396583372685,18.452450570363855,0.8153855207368845,7.418738356669526,0.012468185786193384,2.750869389485715,0
0.5309820710227028,26.34880067066222,34.741784847179055,20.960021184843384,0.9461012488592027,3.6674732272784176,0.0024253014761700872,2.7005655413230603,0
0.5633776880932099,17.621020351420345,34.3033221908548,21.387579294409452,0.9847443696520835,4.0932930997988235,0.013768734647564385,0.6173688144608381,0
0.5413799097451498,16.296069993741934,50.038996395368066,21.600939274609367,0.6676838021644016,9.624088112719061,0.021189876957363758,2.638635345565209,1
0.4814712341122292,64.5166194496761,39.16604896286969,19.30832358991811,3.3148136135265163,3.5927271117815405,0.08953159641579227,3.4841856704385195,0
0.4870179300266574,21.228929950587887,32.37754832098781,18.11288299434835,0.4465349154795204,6.484419924853,0.022816293227540075,1.2863587482041567,0
0.5043811471979109,21.66586665943923,23.591855063036384,35.78885641522149,1.5429633878972644,6.124184524165235,0.07024772574855682,4.105868334681941,0
0.48529979983715116,22.6213063584376,38.150985745317946,24.533936364661994,1.3003758267592638,5.78034438576017,0.02894115323002048,1.0716347097415932,0
0.596387911679491,20.256423882083716,41.6345901806629,22.065737379763114,0.9477982551655373,5.564001085109021,0.07682524680017368,2.921130299875408,0
0.7210523001591351,21.893660417458776,29.94678780389085,18.83395750896803,1.0018852721127547,5.752777123778399,0.18705413272131222,5.082030088210382,1
0.44425082149921663,20.344075445875102,37.32962204110426,17.743905865280617,1.0605943747174567,5.543881181881081,0.013711419559494281,2.278067604492783,0
0.3630197020420922,12.036199262787985,32.09141364067977,19.345997031365222,0.8821679224022116,4.896163282447878,0.09914900559141177,0.6413981475788143,0
0.4911717951648745,13.591408213429066,33.52774080640798,21.464144217933416,1.0385238295173873,8.022566248221484,0.04861979057374249,3.9893792513769726,0
0.7579709337654319,30.75402858849542,15.09742353950135,10.597822279684593,0.9712000044596678,2.3746788784014434,0.08499392035811669,2.7458540565760963,1
0.4196325432030269,19.164828792777108,33.22574877027092,12.15305202312658,0.9811454565538068,7.0429162080307535,0.05271817853041684,5.750383088549133,0
0.6639116805444067,26.190295825412438,42.754954419264436,16.815588055305213,1.0362922126961278,6.644684597375103,0.027577998057293353,1.4400779342458956,1
0.667770081407644,25.337258097758294,29.948779555467535,21.035697183892843,0.7372944403292011,6.396798242658802,0.012943390274246258,3.4238668836470216,1
0.44464117582920054,17.3075603367303,35.42021094572253,18.803634264240742,1.0079139448267296,7.233958855280257,0.00363042851261766,3.9038892102676357,0
0.5568983079185276,21.164184029538752,28.952394346464636,27.39060613049742,1.0326895493234955,4.814801209463214,0.038341662874276025,0.8222866898982089,0
0.6628396623128539,22.469445156693652,37.88353341034218,12.588016065021156,1.0257699242711829,1.2620518483462466,0.23191615879288485,1.6571686063917757,1
0.4620872259012513,16.339447005078757,33.26781441971061,16.243272651983148,0.9568338489127691,4.8554146805710285,0.06697851745375975,1.1606406170208912,0
0.47964196398976383,20.749518274631995,27.486067674543946,27.600458704955507,1.2275715551938744,3.017611564750891,0.01982617578305355,4.655794109160413,0
0.4418319086051356,18.63831196833492,45.66041174132102,20.655596623375736,0.9292694890236898,3.5362815802838723,0.08778241006388617,2.7948796010077133,0
0.3985243269307133,16.445152495128994,42.43145610825772,24.424212914005793,1.045465181364638,2.5151606523351764,0.07326341537766681,3.575394011112238,0
0.4350722454933993,14.417444374175833,30.160745888574603,30.256234716347315,1.259459506785109,4.0453102831123315,0.01653892934728289,4.180617650223748,0
0.3776059733237743,14.559729446543972,38.98230647534222,16.530977910490886,0.9841247719959375,3.806752612033102,0.000720541439585593,0.2786360811580476,0
0.5034083468259226,13.60513873370834,39.29929602256305,19.50342831103984,1.0428926534935103,0.24486034014579516,0.006287381870471207,5.936584739953785,0
0.42300267689413584,17.455537067421602,40.138409880089405,18.637865495345643,0.9807230727370205,6.400443822564578,0.10490316896644854,1.4507633499387242,0
0.5233785911790748,25.22171677060369,21.445952832039378,10.227034977583623,1.24747395871272,9.440643716009763,0.09056639500080965,4.291108176239456,0
0.3444104353796372,9.354021019059171,43.052852328261025,18.448015981220156,0.9484550876827409,6.212474386992577,0.01749269876339977,5.0193289241621954,0
0.5330880232214457,19.56573790890456,30.44240829659415,24.405310936903327,1.2566709154576412,4.594152086931545,0.016787304856125593,0.5972374808710506,0
0.5833528961608925,24.32143618256609,32.137376532469865,22.702947709061206,0.979282421070587,4.890507208647569,0.07871922310552103,4.40775000871965,0
0.3006264357428544,15.783585332996628,56.1030540180816,23.09541584694005,0.8281080553103967,4.158028263973648,0.13881977385361324,2.0297643058908736,1
0.5374056569847572,20.151552430489836,37.41498704576809,18.122455096802504,1.1358746341148243,5.180083167733916,0.07551069209457613,3.1475617161552485,0
0.6227668992473292,22.833924982095482,31.909420196422595,16.719513819971795,0.9390664332488687,4.925983811853532,0.04651677966957263,2.622883502969854,0
0.37903589813087946,9.254666497986928,17.357645017952752,26.346278359493102,1.1241001798198327,3.317903139203411,0.013897898612266191,0.6443986774712319,0
0.6672572386837703,27.00060393527513,46.118113071570846,17.51341426821165,0.45411912301525315,8.365776777895663,0.03730081359267834,4.201147312956266,1
0.5419019009366045,27.802304157895414,24.23832263353118,21.47041019396607,1.0010410523789892,2.025691528580458,0.013296802594178661,5.231710911387026,0
0.4294988144241591,18.012027962860394,26.97248877200397,20.816673403387693,0.9080789402485039,6.436663086388492,0.08251596941970187,2.6240600488436767,0
0.4944230922342294,19.710086751818036,32.349181607297204,27.308585081285592,0.7873482626937444,4.797604745364937,0.024466342662349386,0.3568362490102344,0
0.5558326912521723,23.199554582387847,46.331294333602344,24.857061788361797,0.8893517996320401,8.80166363013149,0.08969725790353815,2.29886248920035,0
0.5076005391412411,20.270745553803838,41.18591989332607,13.523706896664397,0.8852593711414697,5.681729198496443,0.024031734400083084,4.203708704137278,0
0.5538755992446369,19.715980853005085,33.73729992127792,14.0622341661248,0.9904028410298837,4.280188925633503,0.0869060268819521,4.95183533474681,0
0.40793264069206336,18.787145374715653,37.46633650911057,22.89454909034567,0.7265347077430089,4.504585603131005,0.02027209155634692,2.2096858220578937,0
0.5169360824036078,21.354727865479575,30.196914457031156,19.67831176310417,1.0632547560519428,5.079813389039522,0.02900277479334612,1.1681292459252215,0
0.35862855030950197,14.397981768181051,36.117229516522805,17.72414108023118,1.2732429570411576,2.7144186100071983,0.04778906858726424,3.734649731284482,0
0.48887739386512996,16.62899767277045,35.58669395822509,25.078139419972352,1.0561856993895653,3.4662609497641768,0.0036440001532037345,4.326454490607128,0
0.40960923585352105,20.29489322994512,42.750159165450825,20.937296910444555,1.1617977218458018,1.4301120616162848,0.14802507337470708,5.439507653721182,0
0.42644700574102334,19.051988465640264,42.737424979511594,20.26228693444722,1.218912490922759,3.154046203251812,0.04261954879656517,3.978936576706285,0
0.6236093175210438,23.285610188739845,38.95181905764516,23.89914320377525,1.2472979024368354,5.1878129633209,0.0354455402793929,2.461408028283369,0
0.6091310120594269,27.370715043422887,32.10121953963118,18.124455025282177,1.3740277385642612,5.6003500985690415,0.09144004692237495,1.1158225727215776,0
0.5609138120907177,20.943839968473085,40.93457835512101,27.84259492736277,0.9001596003448139,1.0413406100071962,0.10040731862059107,0.7994358450832468,0
0.3907687235327421,13.284738463776574,34.26425227037563,16.05976188383496,0.8563032029677767,4.725576593911599,0.03693447371431364,3.5325340880464022,0
0.46835915503051984,16.455256848779932,26.344685050294935,23.28464533171044,1.156693129664947,6.126819901644264,0.13104479070007635,2.163192122590766,0
0.6213097699979183,19.53918514065246,31.77369766471249,27.169164193299224,1.14165324393148,4.674175613247529,0.0033464162463412495,4.8847230483576345,0
0.5141716913639904,21.981494795814232,35.676215870274596,13.1135225536395,1.1551350599231378,3.7324227084443993,0.006008244314722526,3.9229280416807013,0
0.7319329539981694,23.783883524911722,42.281726269317964,18.283324120737753,1.3778564908500504,4.175677709903573,0.04541466856092999,1.5308535721444172,1
0.5393317839394371,17.887939863780197,33.53177462274277,25.71103696442779,1.0022739817596988,3.918473290045556,0.02185288668189809,5.428536077176521,0
0.5192049116490032,14.541432438724527,25.32641031008315,25.786222738655127,1.085231311929237,3.7265388817838856,0.031202064617306464,4.178359885565381,0
0.4690883535797499,18.505325064817313,35.45393346637456,19.142521998058804,0.803922349703305,5.347647050489697,0.019880741459168568,3.423123159654742,0
0.5133540904782282,20.08320223831351,35.90764832045242,16.326644531615703,1.4270642247951915,9.615376455470901,0.025936615926613938,3.652731872900614,0
0.4847530163619456,18.410032014918734,36.486701031222026,24.779679111653813,0.9326910157581778,3.5126001661896336,0.08648047505556755,5.73876471338226,0
0.570810867668859,19.704701622742633,42.35897212763544,25.917745512908024,0.938356814367834,4.3637147346771465,0.04500564013821472,3.0250243551512024,0
0.5956702316794584,20.31010800686842,43.151385920719186,14.176683257438025,0.9306500217983514,4.896604121249537,0.2965570438650907,2.468044419012793,0
0.421401053949205,18.24915174860792,30.246313020946666,13.980431755168098,0.8710208282711325,3.625291131283413,0.07729480638294911,2.7128777702324807,0
0.3668767046442222,13.023412390643422,30.070852335608453,21.126283409918,0.8541125902304701,7.196471607046853,0.01598728323477266,4.429437628066671,0
0.3163794626896703,13.604253472195246,26.678410312356213,23.146803167144462,0.8952591434220949,0.25822925338712377,0.015349709009033175,2.6629712865742547,0
0.5507991326912544,19.376219249277508,40.59052536224381,18.504654573849727,0.7268408143898111,3.937881659242649,0.020465996679284382,2.7552151405578735,0
0.38966333938261266,16.129721803617755,46.59056086670172,23.396469099911748,0.8429364159473524,6.636627472639924,0.09265817919497414,0.8880364798473943,0
0.28471094070475167,15.298271740138258,32.479344576728614,16.44931696581309,1.3897926222895238,4.411811383222733,0.0013833436619248803,0.56453947574016,0
0.5388578604530965,23.31281181930221,33.068555482200054,9.426532004631323,1.1471310287282737,3.3583220822994173,0.01308001094786242,1.7855622632846444,1
0.749299951743279,28.734756615081718,46.73426045519181,17.88049463833702,1.1851808353455435,5.8815135088775286,0.11765100113318883,1.7184325498326827,1
0.4993929088460107,20.747313264908207,39.04446282572006,20.316160732565507,1.235441757483383,6.812686470794304,0.05106818056783551,4.279971319562846,0
0.5838490774451642,22.63196757421593,38.48988563840844,18.620800200517717,1.3668269128724782,5.421270890430117,0.012863922167977779,1.3752743291630611,0
0.5081829358547565,20.350957988274445,25.472667952210188,14.206983681702575,0.6457154897112312,3.3975592803742334,0.01236828825537195,2.1586760690930964,0
0.49011103468088574,18.627608230789917,40.42982455423535,10.921755120605912,0.7540233769426918,5.912406638303486,0.09924953264235205,4.20334452227346,0
0.5919076482987768,23.1833003142949,27.566909275921933,17.42955597816051,0.839255267821063,4.19590139945042,0.1121015569905744,2.779733124848706,0
0.4709725455811349,19.47518188246792,25.927838512520335,24.48827885824872,0.9060540407020805,6.490373763787655,0.014794522860168921,1.605258667256321,0
0.5267392314071903,18.08949315754176,32.2258273858663,26.280987197068413,0.9398861218829502,7.966517769713182,0.02728037452617385,0.38146109236866566,0
0.5321697806196014,18.239154743814122,30.31365821241048,25.938566920692274,0.9106044894387918,-0.2111535113770655,0.08996813663438284,2.7910887372433275,0
0.4331909546356951,13.162010523934171,33.22720244491968,15.920452324257235,1.0438617826264107,5.222134946391265,0.0737032879484041,3.9607139992174916,0
0.5992042349536523,19.16735608463496,23.47214692380065,14.231468381848181,1.0070590781490432,1.5285321261047455,0.08407788334947992,4.467310554812136,0
0.48250402433045914,15.648312896556927,42.67053045174138,22.483173074899476,0.85543304096435,9.883577170659542,0.036531881416254096,5.515097360376034,0
0.4244254840507155,17.455406882441007,44.02149035613143,23.175500057989627,0.5648902446024859,4.063750932407619,0.12126535493707213,3.983345628583761,0
0.5536509843570403,19.46767682780596,19.421260206873484,22.000848026002487,0.8014262589242603,6.492746483650745,0.019722663870567383,4.858992243575898,0
0.41015320182089626,17.946971465529142,42.8276624453324,9.929683628811183,0.8901522693374849,4.929366280810209,0.008519973468286379,1.1136464099458827,1
0.5028181157369128,20.2168658757342,28.515770961426988,15.665577075582668,0.9505841126384561,3.3938308385618807,0.06167563076102598,6.279369765861871,0
0.49908810033557965,14.058011373109025,41.855804295862285,19.851556048570107,0.7740665081378926,3.1558939056451463,0.03875631649710207,4.245582705606046,0
0.6085895565831578,26.30850901599138,34.45242805866867,22.436090973152137,0.901838706700716,8.171358346201519,0.09640844212669525,4.170539434152257,0
0.5474698232879953,24.331188868294944,35.23020451264799,23.836536813012433,0.7738025223028827,6.911876120356622,0.004232122843513446,3.11610667877246,0
0.4974973041254856,16.918304140514863,33.51921880463025,20.7212676114102,0.9748361296903334,8.887168174755127,0.09279647201460883,1.6713597913141063,0
0.5817766299200287,24.53163982548612,44.69703363386789,21.65391903269118,0.7853817343274769,5.110906670315399,0.017357073272844928,1.2755950204348765,0
0.6390207549017314,22.99133548384166,,20.424327291805522,0.8302190687259071,5.575839242492001,0.05318962967015056,1.3414549060332313,0
0.5557810306351862,22.524252355652457,39.86272270988007,23.428096871092414,0.7382631738021721,4.465616868689423,0.002047807940486536,3.121701789177505,0
0.501035261984338,16.247915258508623,43.8106413191164,21.564328257454555,0.9692998608860433,4.425835593769982,0.047026775826620106,3.196600318790677,0
0.368816376764984,9.37333571299563,40.730720644323284,20.328688300236436,0.8267104460095203,2.9162261350452634,0.06316344374646524,5.04604768559288,0
0.39348863369246273,14.591093778859603,53.59759131458734,18.658156004313096,1.1813568533350858,5.168020381848702,0.023002681910175442,3.8712049417363548,1
0.46947752956453326,18.40791434375682,30.76842589820241,20.406457125212405,1.0811700533385797,3.421506810227606,0.01212974447644267,5.00591290190453,0
0.4390487797840717,16.36891211051906,42.65843858074825,22.422956894196375,0.9860296263632714,5.883817844328405,0.038569565298020025,1.9531490234572693,0
0.4813028697014554,15.700023113390536,34.15127491726864,21.337376944490305,0.8405029005312423,5.340020437960419,0.08954523306471796,3.1596390606324753,0
0.5056649924897108,19.02690251319502,44.867248610821356,21.904132091726268,1.0761040610632606,5.575364087351445,0.019544641934742396,6.42954306283718,0
0.5529692754356731,22.926655275169125,34.938488034229046,26.713609306755927,1.1381401778697273,8.350259879380452,0.014548995050533154,0.9824365259360089,0
0.4929501221940909,19.583325797396025,31.896993745100243,21.325819613732936,1.028537682440326,4.924564100468817,0.016351321061261206,1.6413267810014038,0
0.5486501643826202,22.493509667102447,,16.755007397634213,1.320740371093386,6.513454005706857,0.14892621214873694,6.019016652245651,0
0.5064474414810121,18.247552057877787,31.06750448784856,24.418033929970846,1.0919274636149632,9.103018928171164,0.02225789606379179,3.8581573800265394,0
0.3024533433646128,15.613287478732992,23.69819392879555,13.169008311655412,1.1827214435136069,7.613234138590095,0.00018053754050988038,5.560447141106661,0
0.40606646061812457,12.714138415060642,30.865224934609373,14.592933096303565,1.0267130831071956,7.3063393969096895,0.07608994677873662,1.8352677204938352,0
0.48559124442783846,20.886330668373695,39.95226357270826,21.679236323600346,1.1351328906513953,4.386623568959,0.060077918626578936,0.9620583182809359,0
0.37903052571588924,18.706894307515455,46.13631001269673,22.581983338932893,0.8406437534661649,5.459286111135594,0.006880887354958035,2.0556075078882157,0
0.5599928729996204,23.842439198231503,35.8890350023721,13.774743882480024,0.9083203273574412,2.3634474159401164,0.20966709872123254,5.758189240848588,0
0.6530750832343697,25.5154306481803,45.5455765378722,18.08591259506625,1.069872710696476,5.997828801928829,0.046832617145033374,5.959147642477727,1
0.6218761851697316,23.290156266800327,24.13460062817925,16.969580838901706,1.0684198963114764,5.548920355227684,0.03473536894589379,2.1027701286179847,0
0.47865571290697917,22.254491469417935,31.453892281456778,17.566618385592015,1.1015223645886496,5.046770250312362,0.02408108432301742,5.0945980256213454,0
0.6490726136849952,21.693979771614792,32.69139906276719,24.71798888136473,1.220078578455746,7.05438957648572,0.11446999779242138,4.776495917857115,0
0.5148667457202112,17.684297047669517,34.083524580219844,23.532527317736264,0.7150057656369175,2.584450355151207,0.013983279948367634,3.3280622609415946,0
0.46629140288819604,17.45898281905268,35.672755106001574,19.904389100731464,0.8051094904779408,8.269725702320695,0.016827434992615697,1.7092633883056427,0
0.43865973364590605,21.25935061837224,40.52728765913754,17.27019036442536,1.0459145282148505,6.803529375880568,0.0065288342002982926,3.2603606073963682,0
0.4697530313511872,19.929424162170175,31.44154529463608,13.251751648899297,0.8551272736393078,4.858732040696052,0.07117263200918873,0.37934079834919804,0
0.4611823181458771,15.543155450304347,36.112229495625,27.100924693909743,1.6755536482578726,4.7025408243652125,0.045261269016395045,2.1147444416040018,0
0.5170416222375488,19.75074177334724,34.639016877407585,22.960569501424594,1.1031439238340273,5.961222430497188,0.046960848207392145,2.761147736824471,0
0.5160573981049864,18.799326491910573,27.5928807688708,,0.9843338302139686,8.041702464127559,0.012325114682443484,1.027330408579327,0
0.5003046020153414,17.88281710391305,34.090666487348514,23.597997488124456,0.8969061453832281,5.203215437380021,0.0526582981775555,1.9432524786661984,0
0.543693816974635,24.684421354655736,33.85072376082306,19.64888189712687,0.9039675433613911,5.288061803958453,0.07250612547759308,1.5160543949147811,0
0.6190646274786341,20.647355711354848,33.679355479975634,18.564452475688284,1.0060281322630356,5.036236955251742,0.022149668110533358,1.3244663761936128,0
0.5949554135441324,28.624559108968416,35.25407565265161,22.17605764144801,1.0223963865242516,8.564048225402946,0.08080982097935435,5.477470801066704,0
0.35151020315500964,16.545097196754256,35.60538832490709,16.292508750436376,0.9086601710612974,4.262233794125953,0.021446200594913756,5.267752396562459,0
0.24460788650980453,13.056900472203274,31.54163856714136,18.28121740244945,0.9453695506960197,4.940984802761857,0.0709694935782819,2.22085270437764,0
0.5934319911239274,22.348461108881324,,20.607305320997728,1.2688569150469193,7.926871308521989,0.00171560459632714,2.7612400048322088,0
0.36331213015845787,14.082663049100987,25.644154966375865,17.502744035573933,1.2769009925302068,5.294021667225727,0.04005495270811056,3.387027640871097,0
0.47752345981073163,14.801482948855128,29.232239132240828,23.34542605133762,1.0504067959869754,7.274117720091045,0.17454499077113972,2.2714557924713756,0
0.38298869739406405,13.745560674562153,57.23970899378845,29.345332518391302,0.7317480545526525,3.177439886194083,0.19881368022067253,2.0076358897150643,1
0.31980195624199803,14.273042792609374,26.69606916008616,16.228509336964287,1.1077006313278086,4.589414956742972,0.016547058544223815,2.442244352570317,0
0.5541462728204788,26.05404009816334,24.16996260232193,11.674373518479777,1.3108564883222051,7.968868076880457,0.029115999916687202,0.40386216752636456,0
0.5759155160302647,19.715150190803236,40.875813960009744,9.991299162618692,1.2739562203924757,3.6473205684729093,0.003252420981639583,2.4083589618789474,1
0.44234895992732803,16.59744058613732,18.383041169809008,19.24765929252509,1.1468851705619334,4.697401920460585,0.1033129635842353,3.3629569811930136,0
0.240895770785509,9.181933170722793,33.11780872022049,16.684177049369087,1.2844845910571643,5.513370461782957,0.04203274985670089,1.3470478886841382,0
0.4453755551747517,13.627654600412614,52.16659940061191,21.039302505335403,1.0106768544958042,3.0216909640140264,0.02431483650855896,1.905144660997315,1
0.5391804005402546,23.341263746885385,22.640512622772796,20.662988360130505,1.125620593966741,4.172379762756206,0.005982582937292613,2.9180356463274606,0
0.3521088431225871,11.912382729675658,19.144284114090294,11.983915766929519,0.863844886734964,5.225273363651281,0.14665410686800698,5.326972599828485,0
0.5183359919779156,20.14726862558555,23.006550384338414,10.92558085259297,1.0584530912311425,5.093363468323923,0.03777443760554894,2.4054617277914945,0
0.4984690150827004,18.582912487572383,42.186876546775885,21.479666201730478,1.265906848794105,7.5607040416742715,0.016628946305795905,2.66958613469862,0
0.5579291499601089,19.949150481245333,43.9982137598865,20.677144173599785,0.8821153177026217,8.082914389664507,0.02155569701540083,1.287570117640069,0
0.5119580368414153,20.457186517214947,30.899289624171928,17.870910008167243,0.8277113141071427,3.2878302559981774,0.015783312177116763,2.650788754871514,0
0.40269310591184443,15.46089550076971,40.465699232008554,11.714282074338477,1.0194977878047393,5.222537038334979,0.046041276032317446,3.251029646007508,0
0.6196571501664492,23.67071235982197,46.12204262009592,22.356956313824952,0.9546675592552001,6.348496616849531,0.13293699131365472,2.5325772141780774,0
0.484147042697303,17.180496842851092,49.2987713154386,26.359497727119717,1.129829544214084,8.032694931598394,0.09713858512105752,0.5912377601087364,0
0.4972695460490068,20.849355854309138,33.02931775056121,21.38991220109461,0.9093480948105915,6.436980594634258,0.03084458565726719,2.7996912310796174,0
0.4066732040926804,21.22777996918407,16.588226258640105,15.762630547174677,1.3436879231205427,5.581826803184663,0.08757870020517321,1.48288474551071,0
0.455671774880849,18.64653269375134,28.432968620722505,20.22276082785576,0.7420647804077889,6.333085063965261,0.027504791951172638,0.17870048794312313,0
0.4115197285973099,19.449143788625783,31.58556644051794,13.169429595331575,1.250746957243947,6.347537668672519,0.014538150066048645,1.362879342197515,0
0.4827053940076577,15.137549984845919,32.928489627372876,25.289803569193964,0.8470301543383794,3.144571415431263,0.20496317783240736,4.186596955458403,0
0.6711708480142343,27.320118238450682,33.49712479193025,20.409221672647693,0.6408034530831953,5.385597585012538,0.01811220457110672,1.5157971428028296,1
0.36280988570686434,11.220290471361373,43.951156783445356,11.15921544123384,1.0475750312697736,7.918321988377382,0.019557717189898145,3.4745447119400605,0
0.33864386021232584,9.11497962589733,45.19542741350065,18.496628197781586,0.9490784027972233,4.5852864626119905,0.22874595877337606,2.6368121373257263,0
0.6471170327493608,23.666567087597322,33.626610768601736,22.316507551171153,0.7780781264193939,5.258893285094889,0.007189332389394104,2.3840280557059206,0
0.4790676322848134,22.738403294633258,43.78787900841455,18.334761895122387,0.6637246216569472,4.514967100947956,0.07146718922797433,1.6521180802496827,0
0.43309272613400834,20.17375653136927,37.861290933048714,18.62052139279913,0.9983278425457086,0.37228100878625003,0.1372975409148117,5.15207241282006,0
0.6039904687396076,24.888632915747504,35.51604778290057,13.877988964763642,1.1951673783247636,5.0411803544693585,0.0358509933822865,5.695434965693256,0
0.4394384460263136,12.97943616138275,42.25235325687971,22.83270493540828,1.1169906986172888,5.603583861305745,0.00012624733497624188,3.051095363205447,0
0.6826009713546937,26.715196900023933,35.578016385903325,16.757653999904313,1.011341329767853,3.975013218238196,0.023504897213711403,3.0702095214173126,1
0.5677925871339269,23.616803512062283,51.4624894167821,9.217773114974836,1.095769514643547,2.6907261022305438,0.005914914240368123,1.0998272172584573,1
0.45120885918542974,18.574963056152985,23.49271066564353,18.143713146648032,0.9945571735244286,3.238787080436701,0.026908784250450415,2.614514886312482,0
0.7157308213265503,23.097852102619775,30.87863280726386,24.905748577851767,0.7140551513939257,6.528375232271128,0.07803875963886037,2.6225520068968637,1
0.4394285076996661,14.90618676392703,33.9878488243684,18.065352767000263,0.7158212029553113,8.94504954609381,0.028876016624424336,1.323653960199932,0
0.5742095372009307,22.776148195591077,38.515621523663924,28.689924925617603,0.9593662942030642,7.764866681810865,0.028275102016664028,5.857098774001761,0
0.5299292580406492,22.80604305017754,45.14368389682471,22.144839742742587,0.9678693427267852,2.3113079903388964,0.04068552002083894,3.1806187963606964,0
0.6301741289398798,18.61858169429535,34.80481146211075,21.69379081140183,1.170196535701353,6.7092546211014055,0.043576694620727385,3.5749862994905355,0
0.6561511196726852,25.759672860467838,23.622162803950342,19.358008670411955,1.1514608447549495,3.6736752483814197,0.09700008996861509,2.713443844166428,1
0.5032004149065766,20.557162905899922,41.74011117164004,19.658568961178545,1.12102660315179,3.8354658749824457,0.01843415479136023,3.64614565060523,0
0.42465821296538164,19.535164484163907,41.039670129135715,18.68288182440248,0.9439434573845639,4.076048804057432,0.08620633012947411,2.0583499577692193,0
0.5459972142939117,23.91846132446878,19.46513072496475,18.48865303958737,0.7238695659779721,6.412133899710861,0.04172790518743408,3.8510835127849656,0
0.4322284630247894,19.03685247741799,34.969566930633604,22.654335810335745,1.0824142274132047,6.918506752898076,0.017871586491243534,1.6167129968598337,0
0.7013387247526623,25.65372747000069,22.278865354557617,15.320843851047172,1.1050338626524336,4.803937857440424,0.017486813898909097,4.407837203350673,1
0.5136535331082738,14.822134912961028,29.6827912199835,14.620530856378702,0.5222937075044628,4.837858517983951,0.022403302725155914,2.0859799735290476,0
0.4634678448687891,17.359555523567362,27.777528584297603,14.384024745623112,0.8331323626834675,5.9285274864715864,0.04873483711695812,3.591162963879335,0
0.5184680305864908,23.743616699085315,41.474117585935886,30.22827273838577,0.8617891245212208,6.135989079048484,0.013120975838090243,2.814399491213188,0
0.36528737104703035,18.79185842445451,35.93464139337747,22.6517145083529,1.0236700402246872,7.352451413517058,0.12649534409509663,1.3067979426414056,0
0.40283859614893486,18.24519115285075,24.71527199395178,21.522461008400725,0.8393279134468612,2.4312560489816026,0.042773022346027,5.419772587763343,0
0.6200413907944425,26.089678100182905,42.04052770365874,14.712426648532842,0.9923730862350719,5.04005467960806,0.12629629381036364,2.444258528189647,0
0.4343105721028604,18.51134182927231,23.529553408572685,23.11671150337414,0.9578930119294016,2.863951248217645,0.0023757776669583925,3.0149830817985106,0
0.39530890173180605,14.143999828989902,37.64091032376755,19.41714326773336,0.9681701056924544,4.898115441873194,0.020973995700485512,4.181276012994343,0
0.5536652752527286,21.756430129448283,28.487914645667555,21.07084470565875,0.8567211412598508,4.547649424638478,0.0011535889527914248,4.532218840841199,0
0.6185704154662997,29.750025196130977,32.07458333975584,15.116898420682219,0.8722029891866645,4.9065010921945955,0.015890009524122752,4.799896790956086,0
0.5718953310665067,20.04813922528464,39.03416598430707,20.801344287087883,0.7839465880438614,3.4005142237789365,0.09902742477109056,1.833180022605081,0
0.5996047685805816,28.82852711535282,39.17159519247623,17.880832308967584,1.0760134881147665,2.0254204135851426,0.0018648334894146518,1.7719953122516103,0
0.4243204911430539,16.006735182245983,45.69575258844768,16.171944214849063,1.1142205257182736,0.8111249465701942,0.0286480938477896,2.4473950367693935,0
0.3578189333258156,18.28905366031786,34.34197040262838,23.670531679036245,0.8458764099749322,4.737639691470319,0.006253624679955389,4.901551520725705,0
0.6501333651955487,21.78488957932933,37.451606903706725,12.311460957349988,1.304128019203409,4.137997788334122,0.026964740912135216,6.106554271993046,1
0.4677320161157864,20.4669932481254,,22.823881321570752,0.9370797105115902,3.648124670392346,0.09127147508805587,3.7410604661027724,0
0.47491669835449524,16.786357526336946,36.45591906098238,23.42243066776498,1.306037124759312,7.645096925663322,0.04878492634001247,0.4653871717130287,0
0.6328194141849058,21.066974991623674,38.51588838406809,15.601781622243797,0.8715745652336793,3.281123626409378,0.0667337616040812,5.922909946757082,0
0.555623000940066,22.880522164835476,34.21352122036499,15.898357694337662,0.594684444680113,7.833668164277606,0.021470279056508057,3.4956617275442596,0
0.5455887772081608,24.85196645411434,20.56999612726003,18.884871593667988,1.0804395649824703,8.247687488538514,0.1444765310966386,2.131700512380738,0
0.7165002344901084,26.125185063823842,37.65176717064716,21.410181052311103,1.0497090210237974,1.098199066421238,0.06176665417814119,2.639940843466384,1
0.4356481769619857,12.928879197104225,37.91649181884365,19.235725040928873,1.0068787590615167,5.184762917997939,0.027391670367412108,3.0398148839428596,0
0.5927840128081238,23.435826219320084,29.558612189216394,22.167812300959397,0.8715535043112022,4.200607018328018,0.02779679835927908,5.672813124238813,0
0.5057013124897084,19.965746513256793,24.724903711419884,28.814898262686995,0.9930855549028362,-0.8236078894345313,0.12547073340597503,4.67817530530168,0
0.5268592278863257,22.719327998116523,46.807033204031725,17.46141615425143,0.8977481084260945,2.1107174938631714,0.042948837259603745,0.5673707700836097,0
0.6528468426412531,28.96265741974359,38.931564087155216,11.424100146482898,0.9395300867336499,6.549872214216949,0.06127330868959058,2.8224176831627092,1
0.5507835756289624,21.853097481341013,33.167351752626324,24.129617915153265,1.168326451153015,9.038398505422528,0.026981425693103307,1.2659810687904862,0
0.5538296079049633,27.71969426058132,25.903736934820103,28.41657287963765,1.0368434459060187,6.805356285398497,0.012660345773013762,4.9992836412152295,0
0.6072507337309803,24.962733582845086,28.425481372629232,21.963841815255623,1.1219902774663955,5.647264945025955,0.06428794593038048,4.382276283280062,0
0.46350472704571144,17.50090956380776,45.420723174289854,14.56125662323166,0.953626298674842,4.957335236737825,0.04680219896750386,1.6329285247065808,0
0.41607903326609935,11.80845925333549,36.10129552694437,19.380538183823994,0.931596530839045,8.365325829296228,0.03479182772679768,3.1293920125606673,0
0.39551908059789664,15.032784662967362,30.595303463994348,14.407382578941839,0.7693034938222713,9.29647840391528,0.04891109143088541,5.413144706176757,0
0.30336434106239984,11.125412806262585,39.07751384979725,23.21427746981474,0.9259926774863606,3.8263146409516278,0.01167772703301529,4.178444507943659,0
0.7056207129940322,31.1057429086057,28.484814500429408,13.243547986507828,0.33577708888217217,1.0000268793794178,0.07897908066710622,2.4557915749327606,1
0.3896791634278317,16.974617409313833,47.00674424224303,18.499356065859,0.881955606738873,0.8036250734575967,0.14798236687950353,2.221683100807244,0
0.4778746376414228,15.57687814075906,45.8224042791738,14.978310868530468,0.9836251645618322,7.643761984319604,0.11086770607617072,3.0342215396554595,0
0.47231867001110794,19.40950995967743,31.267407430377787,20.634123425674808,1.1127347308540312,4.905882918451227,0.019388805154802072,5.863477778773634,0
0.5307406697809101,23.244220306423564,29.970638023753118,18.16829161431121,0.9462644244950087,5.366483820917437,0.026044283949840957,1.8214878636288054,0
0.5815737212539297,27.847042928320686,14.054934410461762,20.88381051625132,1.069534708449,1.4186980140865737,0.08261787083181052,4.25387002996058,0
0.5860473488359745,26.104405855681158,23.147353827589058,20.111752774831828,0.5640422677219509,3.4936221744230673,0.04520787328090153,0.8533537881754618,0
0.44169225614310614,19.950230208658677,24.284241800337952,15.06670486137945,0.9886326295586101,4.409038372198435,0.03969419165803124,3.619508624715657,0
0.48328782862135883,19.51177112869984,36.081522727899085,23.13438531764511,0.6640994414173194,5.415676766728141,0.13062016358211523,0.6715691823056651,0
0.52825799504883,85.13578980869792,32.39013036446912,19.756171740784424,3.1399411065059617,4.202815922172482,0.03839622617060286,3.715737059553359,0
0.4751308873816453,22.75375019738429,24.23731610067807,15.057354960670498,0.9625668904272278,2.9253476033973147,0.036173998109807,4.250621300295692,0
0.6607345576019993,22.431050111641024,32.75068766028354,31.204632781028963,1.255252797574711,3.430866014794954,0.002146345376594939,1.713341717879344,1
0.5490974951638251,20.915581824902137,39.04269718117879,22.382150833585623,1.0742413526940118,7.416646571894466,0.003597198151191746,5.191446272552441,0
0.5734877786049818,20.621804897930552,39.2227147993247,19.233697233003472,1.0036461994274235,5.4895692392069995,0.00037239876587038287,4.364514698705165,0
0.5662881268667412,23.78898443084802,19.80263775312895,27.07602263350912,0.9960939221065795,6.224313613911104,0.12223291503991725,2.5453568884665656,0
0.6173473857485325,28.384561956893663,33.97389215612935,29.209078046933037,0.8572742213591065,3.2022523782453405,0.02624509997050145,4.258060370047224,0
0.5181021558703707,18.933163374651606,23.93327378422712,19.273252888430573,0.8912033173254632,-0.9076469708012489,0.031608378253558694,0.28563271431746995,0
0.37031680520441534,7.641759105768301,42.21382957712219,21.73698743217381,1.0854752090941595,3.953791386231007,0.09334148597178313,5.67387956345927,0
0.5399687951752642,20.362089571937158,41.273171330827985,15.059985909985295,0.7229278963111011,3.266858891149007,0.046983893365434765,0.7383096417821217,0
0.4348643106208171,20.134993620884906,27.81578218940433,19.264036246159943,1.1186108100566043,5.698024537256159,0.0470165698889411,1.4328621829987451,0
0.4471383318250243,19.498422981850613,28.871638380796803,19.004687231200652,0.9222985865762294,11.571447427363683,0.01758681718587136,0.22707385225486781,0
0.5586364018755093,23.6300148184521,31.309863596013543,20.92413516810827,1.165111414973913,6.390332035236511,0.08976078392958686,3.1253877442583184,0
0.6238283071433636,24.113152380111103,16.977652842149286,21.66380239318505,1.1922186914464166,10.471920318766976,0.009065901587054536,0.8664386200952305,0
0.5021271576736062,16.247994098284888,37.687745387524615,22.7991422441403,0.665383197498852,6.1375393906788975,0.002730708127675286,3.8421096428499038,0
0.5308833012598964,22.781215015269257,32.817243629278956,21.188213281499795,0.8836838473545564,3.7402275248545696,0.010635122337496538,2.849868127262505,0
0.6702214944635239,24.30601434843708,42.761400660542876,13.946286866854177,0.8288944624118753,5.695832156241766,0.015580791934872771,0.6927587913738027,1
0.5240753179488569,27.515302918095642,26.21272625629958,15.307664471294576,0.6374544069853714,8.561277198955416,0.01658595160067838,2.9075507976753845,0
0.7601683114180395,32.11825408178513,30.047016414000545,17.267961902681634,0.7934933447581178,8.659125192642477,0.05551100981789469,1.8049622791757365,1
0.5565509645631544,20.520093674864324,22.947797935687078,18.588797040383856,1.488251169053068,3.8493252639138418,0.01228381253561129,3.9759199127187723,0
0.3239237240844182,11.122793221210843,26.965675492045975,25.253871452360567,1.121901979242488,5.506367391398598,0.056452281705029916,1.171820450860723,0
0.5753341621104533,22.73453386457737,25.54414403145425,14.185305065735434,1.3834575937211508,2.1414662406577096,0.004777780023734689,2.1547831314518486,0
0.5381158384882778,20.806127773465864,42.96778943077157,18.2129247591465,1.165819688003667,6.649337249382859,0.007961655573876129,1.9582282042919377,0
0.6289752754082746,28.509512342920846,29.41390520998886,24.76504749107025,0.851631367798305,8.10670939811179,0.03554737842986332,3.2447114702701545,0
0.5673181351269958,88.75996006486889,35.993405477956905,18.50061262751694,3.286540393081385,5.0795989082320325,0.12748557396817708,1.733672772372511,0
0.4861544016016226,17.25128084733932,31.953892769105565,22.30207824921412,1.1176872360480614,3.6652318912797437,0.09815144825541247,5.186913884455986,0
0.37757017637106344,20.774129110309886,24.844277871897496,19.302289785360482,1.0875012406946072,5.720261902555126,0.1732923033518642,4.18800743422792,0
0.4790976742713975,19.311831965416566,33.653596614626856,21.283916286623615,0.8845315968583333,5.834918062726332,0.05255959100205609,3.358477507786562,0
0.41494795457906997,18.90443721106949,39.79282665490876,18.857637280952297,0.6980013658841586,5.1622876636992405,0.05632202632131328,5.796322442186058,0
0.4419476550195277,15.85322667844683,25.33792485965318,23.33532736364177,1.6575522374777478,5.357430248671906,0.049044529268824806,0.4302918538963834,0
0.558857840442061,23.44366050091601,41.47290232585103,12.274717962967824,0.9717700655314389,4.652370299061258,0.04875149480627181,4.058255432701431,0
0.6669904504351406,27.61294799083521,28.20223262817843,18.183439958057274,0.934852221363476,6.991909856452812,0.007956841296550698,4.478080808637157,1
0.5394671529822981,15.909738243003464,31.136128591417275,21.48286338347154,1.0226668927810603,6.472454890330254,0.039234508435514334,1.8606086280819696,0
0.38041169379648154,21.262293083241183,39.245464984080385,22.668476240030966,0.9514542821377943,3.0337937057117017,0.02439354988784979,3.211163570160875,0
0.5444602668220141,25.650344055648205,29.692510742244096,27.464763113769138,1.0245457815410968,2.9788187936828106,0.029217976631676912,3.442922246012942,0
0.6196631486645652,23.594939998144643,35.300598874686926,18.044876665672117,1.257389457223284,4.491251165946876,0.037074932219842004,0.9738888739873209,0
0.43902170956806175,14.254059161354903,32.48247336969526,27.397408809304366,0.9750903040627152,6.473674248210358,0.006871014188576877,3.9947783618698116,0
0.4865982833327082,20.506616174718985,36.03494405363055,16.704880866701647,0.7674579121344477,5.296114827781629,0.022274350346714888,4.703226239806185,0
0.5014688194729197,20.318845877159976,15.954087155812022,26.643232057723218,0.9676712411042778,3.7136991797546894,0.003277594968346556,2.352880810741648,0
0.421510168691776,17.927413593360725,20.362545478335335,24.08733563349186,0.9071196437180178,5.52303719345166,0.19477828470275177,1.1041405087327503,0
0.5648280433843859,23.1678539239577,39.927736048374705,15.432707101838886,1.2847797874493703,4.338378960955456,0.0063081037191361905,0.9188625957639718,0
0.4879051851392218,21.034930373486652,43.297451245192406,21.53519618625911,1.2342238129475143,6.760972920448262,0.014955674039974049,1.726236523218788,0
0.5419532443907028,26.02004687380353,27.71610637174783,19.743820822339043,1.0215050000861599,5.666116870134095,0.11095492076230849,5.104762630363725,0
0.41125078221979,18.154340904177538,33.04777318263093,23.127922968375003,0.7442528290361488,4.3694436250957125,0.032957586134463146,3.370502342575562,0
0.45625416996765894,15.101200301976533,37.35775402321841,18.883642057833452,0.7548215473120108,5.4630375440929235,0.007288134633318379,3.022402533972284,0
0.5722381357827772,26.97721398944844,40.54574081326963,18.463768871691343,1.0030246523169106,7.630096119048403,0.024244131778076418,3.6381381948355447,0
0.4627166847908233,23.430511082097794,18.77858182663321,26.845472913814255,1.0672645938642562,3.860739846907245,0.006157444982749327,4.5640311327193555,0
0.6726963851233405,36.36402560846987,27.911678024172982,19.506395527721637,0.925075436134789,5.805313963294322,0.011170679206270753,3.2784131515444077,1
0.46003638143853975,15.030973157822798,32.339364961201,24.13211162095883,0.9039660831585532,4.859079319068009,0.0026716130673529897,7.627416024929024,0
0.5224684725751886,21.62738494245837,40.62512157788839,18.873242574779002,0.8814401533642706,5.8539673677241995,0.028832915280561856,2.888085050626862,0
0.593259083187309,17.4840672179254,54.98744386977196,28.333316296137617,0.9953212079512107,3.690870116808539,0.08215907427564074,5.04354989988994,1
0.3581634267066968,15.9859845374055,33.17595418552226,16.608326853322534,0.523447529585387,5.220670866318752,0.044090743017155654,5.703547129823691,0
0.32391911880192237,11.312163857576577,23.74418030316809,16.929282343764076,0.779734674246058,7.215646564833602,0.04661405819076404,3.549427321635923,0
0.3474343685429905,19.66771212619448,38.218144617610385,27.622585905579516,0.8745898309105299,3.1259860375077855,0.011193692776273764,2.243290421150717,0
0.6262584103427182,22.72649150365298,45.56796631632568,17.775268045523735,1.2415006389903842,2.3411897933498365,0.021071633940988623,1.8708708621138168,0
0.44481418541075535,12.725018302528428,35.86411296783601,28.00537153082196,0.8372372716142141,2.4170888710260714,0.09329466717289966,2.47883732201709,0
0.7558199285668252,28.81900592056545,27.746811638765656,24.459202897974066,1.0360936283662412,2.658674939599622,0.00459788043577724,2.6421378382621374,1
0.44357524013426114,11.816546291719034,42.663951531840155,19.226751467195832,1.0453085501861992,6.190646575785328,0.09757199930700777,4.291332675122205,0
0.5184551303197037,22.99150357631008,40.30836494798748,10.933532639914208,1.2595833011321524,2.188280628269069,0.03305239847850664,1.871711293816978,0
0.6542109952567876,19.973190671502543,26.791353246435005,19.90340847864082,1.25251548139283,4.404209310512939,0.09074549870637061,1.6564270698343315,1
0.7006092888159123,28.109744296185973,,20.508150267667123,0.9884994062410167,6.236578606621416,0.01913675168923669,0.8800623237817382,1
0.7061503576636398,22.012578846977,42.97812454127098,25.836088666521864,0.9049030517621114,5.833318121097188,0.020688193759608953,5.397808648939341,1
0.6208366230593143,23.872571508762643,44.45512034047115,27.94223588120056,0.8672333794348619,4.22888204007503,0.06963672639196392,2.972410711403488,0
0.6024062525811462,63.74599684279332,34.468408197524354,16.57506410428126,2.957910825993515,5.381847463510212,0.07685497264185699,0.5608572345224719,0
0.5592526949201183,23.452051471112117,32.135364430565446,24.005908819940913,0.9131933291352801,5.214290659475137,0.013045170670868196,2.466589577416775,0
0.5778361076166638,20.522963489771747,44.8181905766501,23.827010780066747,1.1107254818716463,4.551518088903627,0.18035819929314256,1.643293859287698,0
0.44488142836714667,17.701646667868612,25.31871597615292,25.367063512052226,1.084061963497041,4.57833056269084,0.004413705289982121,3.8233474830308185,0
0.41818011165776925,16.78125508244411,38.50863432736804,22.49344956067772,1.1183602382290032,9.470854869513921,0.003548113497311529,0.007225889464269,0
0.49966255425890477,21.404393207886407,24.039786981084568,10.287511545191151,1.2518567422872338,6.618621807862602,0.0452556981758565,1.8876078111565664,0
0.4829815377475072,15.218686420057807,43.523010178076824,19.222887837361203,1.3725738242800354,9.961301835024287,0.06414011770076272,1.077249513411438,0
0.4546771950672725,19.964789624232893,32.935635875110705,14.221462125415425,1.0249326786815114,4.006073734158997,0.16206390618103667,2.2479508114733213,0
0.5696387447456716,14.672374895018537,45.14866588517975,18.986971135409632,1.2198927542791307,4.830066806223705,0.02595513764401578,3.5982510194339468,0
0.595530520857051,21.931567177190608,38.93130205084422,24.90002118066947,0.9296679632331569,2.3357484694467052,0.0012808366836565214,4.026853466303001,0
0.5088406886291847,18.888806017812758,25.21423815950456,21.525754179374864,1.2370013967166031,3.3808663958208554,0.04617789613356849,3.4786890929026364,0
0.6477530081055262,27.810100802434764,46.39702185661795,25.740454331987163,1.2123018314351688,8.803826297325003,0.017103113028541263,1.4426160612648924,0
0.3858310885866495,15.501136101496588,47.409962131421835,21.708769603567696,1.2016831939885984,3.955931420316487,0.028365135946229438,1.1906138519134415,0
0.4806340540720282,15.008673001312266,42.05829194079372,13.508370301655486,1.0188139682383048,8.838562600288919,0.03351740160623766,1.2468652772300273,0
0.4283177679397195,14.177731340137733,28.90729707971024,7.395764967136326,0.8663283672018223,2.513275478640219,0.003334380678526965,2.0283143939747954,1
0.313346338292694,13.12989356034998,32.55188836514073,20.74404380839795,0.7210943124269047,2.8930619318534463,0.03327482877818321,0.44014009299458756,0
0.4917319314157301,19.432075231035537,36.16341773924608,18.930367668244173,0.9919925584957802,4.317537557953158,0.027784147430195263,0.7477802006887488,0
0.48782524916167164,17.775637637559626,29.370316805348534,15.115271303090589,1.3066025084498367,4.872500156641644,0.06233431984064918,0.22361401750293972,0
0.6513449743242131,24.611297604432586,48.538772579705636,11.49686375174311,0.9380310197271854,6.846174584900259,0.05187575286331945,0.7051228720763291,1
0.5630811684554777,24.611750729696976,36.15461177380829,16.326283932636453,1.1570253170920108,5.901540834372532,0.010241594281190251,1.364129106588533,0
0.3975813175670795,14.350174984075535,13.373215623141142,19.02754257567612,1.1687902801037862,4.167369485311944,0.011542339650249884,1.5302324659822069,0
0.6854092566334189,27.152096533249537,37.71484650204976,23.32938911853195,0.9432627558145654,4.733368386963788,0.014451227243196405,0.4996919281343127,1
0.6221033695525353,31.393944546343043,32.2147408254615,20.9431554078399,1.263268967503904,4.3618741604306,0.009858590315276795,3.0296264333470866,0
0.5582097703468616,18.057342903222693,34.40058755105242,28.040336235863645,0.4182678511038992,3.1706925293485404,0.053532329922523526,3.9982774635522764,0
0.4773515901150168,13.538535409876697,32.051045073714405,14.82197971977303,0.755449944252365,3.224074126796757,0.2595196198980472,5.272016219353105,0
0.404056076327652,18.513012047501903,41.4563713328535,24.405294460287166,0.8168735407283081,7.05576778286682,0.05279320855002426,4.394081701603874,0
0.4627793223928947,16.47524371183348,43.957502228427046,20.23649371564364,0.836056995426522,1.3436701441457202,0.04665678401029877,1.7343908741635867,0
0.6088748619704186,23.400281895588886,37.26442529806923,23.473345620592923,1.067252590237179,8.23471739489011,0.026375530133955175,4.226208617262312,0
0.6884586305934609,25.194876089345094,32.28551050289473,17.817425683672283,1.0580075606107804,4.314011548795536,0.01874050982078627,3.027380555086696,1
0.6543243528272189,25.39357369078622,34.66930236152664,25.358401869452948,1.0787981144350016,3.4549827872156795,0.12099739910611174,3.373340819034208,1
0.45111505782137257,22.840216649143926,35.15679693262103,21.476123791726213,1.1192162988264973,6.479518581394538,0.17369142662615122,1.6061082786682208,0
0.38803825667109887,17.927915642698313,28.580559681081304,16.60277507541125,0.8099790861708701,7.970433168294234,0.03433601144526661,1.0117799353863992,0
0.5140886246911204,23.150215523305747,39.63142918856988,19.93987985543406,0.7563647866385362,7.235264883207915,0.017138636843159524,2.10844822083189,0
0.32315606344371484,8.677561370370656,38.68033859088373,18.802220705314504,1.0792639364015726,6.003704098719782,0.07351037244817395,0.8333705577988032,0
0.5323167714184781,17.839209647080516,47.32352991821339,22.445891753188967,0.8739535852707122,7.173726979443671,0.007104497980127624,3.4726951902014114,0
0.48523974137013315,10.892353676349046,45.042798242307796,14.101116253127458,0.6859049909264059,1.567004845712268,0.07253380209186358,2.2723119083390904,0
0.4533963498131758,15.70771152927877,29.51460065927896,19.853241489421528,1.1942688569082964,3.9563389170237038,0.0854486531792969,2.5256954047625784,0
0.34052969327332044,16.491297290089793,41.562386996071716,21.976536263246654,1.2790203813004595,3.177659879950311,0.006671081054034371,5.238540915770271,0
0.5513600106569716,23.605239973523975,27.392372935244225,20.165116535965165,1.3114321779397318,7.44927746243035,0.18831280167928582,1.0517891321876085,0
0.44672991603380885,17.204656852495983,40.567456807526796,26.73470622194498,1.037401544294944,4.233043962152227,0.21172273009905684,0.326416027139041,0
0.3830083164289712,15.25343180600469,30.86708640991914,23.87011387035526,1.1251864191945806,6.690813113564111,0.13800888637402986,3.371376203994161,0
0.21277377867183506,6.444294519147186,26.813974212995326,19.962596016296267,1.2739736446723822,6.071713884977276,0.03426240397891122,2.035155419798663,0
0.4972485094949364,20.504217027002806,37.24036274157923,21.083445487488365,0.8717168419953132,3.275386127672638,0.014123062387060778,2.9197580414104047,0
0.6772251596669744,29.38664122512082,13.603462974766874,21.47832775741,1.2221355368108184,3.826083580047431,0.0436148024885325,4.049540051962847,1
0.666125921454787,21.797376495960062,20.992195404758178,22.01649802083412,1.0550792468286416,7.587635381629452,0.027230655517318476,7.059019199587441,1
0.4542903743413728,19.070558037166954,33.58006492980574,10.87171002167696,1.1827423304685183,3.449034702631173,0.011530357031456284,4.719442784301105,0
0.4397787939638219,20.38845637141688,35.659534133078736,18.492368521153264,1.037218604175187,5.249735220390958,0.02755429935863131,2.306472655141752,0
0.5468774256075024,20.629796157409988,32.04544983873449,12.577804659032868,1.2592513419496003,3.43491742734711,0.05451581513746935,1.3124459669628097,0
0.4001614560811708,18.108560079608583,22.364509610259212,26.39140473729743,1.0447047525083073,4.372095626168279,0.0036776614987497932,3.0076633914355755,0
0.5301791899819466,29.651130932695523,28.456865262891956,19.695752399985363,0.7032041881065165,4.907676112060056,0.020279605917132376,1.3635734577756777,0
0.5766080278384691,22.751292734578087,38.12967461789915,19.033295251601885,1.2903853264629443,3.4342669794050176,0.0008977561398595042,3.496237856255674,0
0.6226933223884308,26.0876540455532,39.6542541650269,24.483986660166174,0.8104938518055775,3.079106092032237,0.06921392081747091,6.0827382918624355,0
0.4899845923520047,74.700042655082,34.87021505923247,22.111623987249374,4.187319203854859,5.572546673554885,0.051178664064009144,7.601282187290637,0
0.4796326249823034,19.729058487098285,44.25467024829591,14.356827428103964,0.9819514237119356,3.3105251824176474,0.0032361074172389233,3.2244428815043364,0
0.4122017413243439,17.868884527920667,38.179176187673875,19.645473187363155,1.2352021970395413,3.378684888602655,0.16724684464460216,1.7598308414445696,0
0.417311964596014,17.277005604650974,29.0203547683343,18.324165133868075,1.2269537229733531,3.1218937125960586,0.0011440674986296715,2.757924883850784,0
0.4773521108098473,16.034998473267322,32.75598357270706,11.27733555696973,1.0860285948630743,4.844183907337364,0.04457510698426553,2.530752726801067,0
0.5367365506816179,22.088547341241068,23.777070742337163,16.548618833813975,1.1017070635254262,6.887403268799682,0.07488755143029678,0.9293314087378177,0
0.5913584626233249,28.04092632108591,34.13488807686866,19.08229838991767,1.0845257234385133,8.013057272624533,0.07753400172318414,2.999928878786953,0
0.4196821049319655,18.133191490822202,43.89680495377071,19.425245342540787,0.5972350487437844,3.548163828012443,0.00174433298814067,1.6361761445733065,0
0.6492688568959522,28.85671584305361,40.482320677687746,12.588842881613456,1.0236660437796405,9.300621586662423,0.1184443291039064,2.3540140304030506,0
0.4728876398957431,18.204469685791842,46.21607460735298,25.758327915237377,0.776787164785621,2.9905902785864082,0.1253279725995333,3.225008478851945,0
0.4978632705651564,22.16423154087739,32.576918049608054,19.489484705542804,1.0342374287491325,7.167097046655739,0.04120727471033939,5.701446283903887,0
0.42527883208521766,17.848956798058286,45.76879835611406,20.187765383302814,0.7714114907233569,3.5566070919691146,0.0328970332617487,5.4212023972065895,0
0.2575759739727058,7.450306769846536,33.45356618841624,22.003208191699184,0.763009611754785,3.2581534602599795,0.0022952582998676417,1.7879938911675353,0
0.588404539636105,24.49174459984082,46.77268066055915,16.059618730481645,1.3209869003507804,3.5104876864312224,0.04127158383100174,3.6195432270116368,0
0.5736843897092433,19.9722855980488,34.82514602046301,22.28177986566348,1.213889477624838,4.895104600701762,0.026329044584586726,5.111631312044796,0
0.47186724428817867,16.976048946872773,40.65785099043421,18.164626769909084,0.9991714830111691,6.15994434206722,0.07409763970777102,1.6494140815849745,0
0.5066990717224872,20.83594779077661,46.80089891447884,15.517072296764042,1.0369537300498048,6.339736075809644,0.025865963671145756,3.366467231537851,0
0.55159392177041,22.95548969095677,33.452578971350356,22.867237466776995,0.9504167948513982,3.1120299693042233,0.057534373378392026,1.6526205254184425,0
0.34374541431134575,10.182119177222443,36.747111900353396,27.45836929400904,1.1139752751959047,3.0206814249774627,0.005346317393202817,2.905070220194011,0
0.4470947322653705,21.04574660416345,45.31090740165042,23.624146867429157,0.864789126690239,3.166722613272906,0.007133062634860051,3.2901767696250603,0
0.5794264679621828,24.89307755338873,33.93597468855949,24.614887825702155,1.1987480525735914,4.777291195228978,0.007524297944245003,4.862921255121897,0
0.3745710576830751,12.868657000490352,24.43286173995071,17.396846967188505,0.9493826317971779,4.579688791618251,0.0023297175760638614,5.749132971380709,0
0.5293557932166629,16.56147733931899,52.14405643667928,12.011901354157718,0.9160306008337542,3.09964907586041,0.038971089735277915,5.083474092783879,1
0.3643418195376595,14.138959044262085,31.241884285302906,27.450687610499205,1.0043426036969685,5.5392073881264885,0.07898612263864414,4.812123924166705,0
0.5466429982433526,20.527888788150626,36.27004840750034,30.2725744470238,0.8817706340148779,9.525137616670637,0.04713317322705862,2.5892249331985506,0
0.4964358517702516,20.196855441969134,44.24805335560902,27.71403386884841,1.0657364698992966,3.990569076329697,0.04277799820255343,1.2448126694236454,0
0.33848681840944905,12.450122752911263,30.132048770150384,18.32107030510125,0.89252748213732,4.132976357592933,0.05706929813675193,0.6175663722142773,0
0.6164739354457172,18.636586835593658,26.93705669422296,14.22682830635578,1.093704720563767,6.119323140648738,0.0207489099509376,4.840033637726195,0
0.42654084232019507,15.896592877904327,37.029898374198666,14.671586510902166,1.2432013077822952,3.88236741652641,0.022467250510808973,4.85137110440882,0
0.4189747562985619,15.842132918737535,20.655388816700885,11.581337161929756,0.8561356626383653,6.337928963436365,0.01886357289864787,2.629732172424964,0
0.5200569197230943,22.70325986324595,32.696751385056636,19.463106907949772,0.9738849085409658,3.562914586441919,0.062258655473577396,5.4155908929778125,0
0.6148637349428715,22.49995037388171,36.96030931452325,28.028389790412273,1.0922661426070843,8.664239215154602,0.008815403843351811,2.476202622285767,0
0.3984178181021603,20.972736744204113,32.84038482539869,19.291686840638782,0.9128285290037186,5.689549945184589,0.0006555426581159471,3.5966134577585707,0
0.5061679849847972,14.511797747436617,22.652392454514022,21.511614501741374,1.092864112165333,3.759954101846577,0.045341338677226214,5.902956104799736,0
0.5428816500330573,25.648768494730163,47.7534236496321,26.877984821521043,1.111079772130348,3.822616601061452,0.14269546173422212,0.4844156096168612,0
0.5693105607263144,22.09946551641826,35.828305231593404,17.979523440838,1.2166523552588608,3.97240049458393,0.04700457647763587,2.908587855054405,0
0.5176441555277225,23.284520838139567,46.449216942093926,30.177657283597974,0.8788019907830176,7.745499332497747,0.07637484721239535,3.889408455427433,0
0.46329721609166774,18.77129309584291,32.91970999855644,29.960472037487268,0.8114449519539051,2.4624979847974333,0.05585776403020867,1.1625194362130102,0
0.41724097793512804,20.10830572548153,27.95990414647389,19.344443306597586,0.9384845220872512,3.6641166590809906,0.03440167921766848,3.791047061298782,0
0.5086143883046375,19.182489638527066,37.15344736204128,17.112328679903936,0.80644953209058,3.876678886149148,0.06336203363802911,1.309323975126246,0
0.39278609880143933,12.415582676524137,33.27370298937424,23.486190231951564,1.1128996408094993,4.968624066486124,0.08689315359148297,3.543673163447301,0
0.20786495165053925,12.57611092783476,25.577908336069136,18.26237528740571,0.7676497399647177,4.457780614706411,0.012727302198998822,2.8931798321922138,0
0.5436559804157668,21.405797278984245,46.75827407029996,14.217223914663318,1.4666032836505376,2.0175443372190744,0.020483482778370494,4.919298994642752,0
0.5903934841086196,24.280414785217417,30.021838216848032,26.406193267614903,1.2591855723147503,4.200354632809065,0.01266246918737344,1.354074067708917,0
0.26370675644581615,14.252525999967032,20.277868921635452,26.0822369363854,1.0025151539200627,4.800898633630063,0.030089782712075505,1.8759651229628171,0
0.39902692952900626,12.865211454876945,45.62532843165866,20.777558018817803,1.1734788985995952,3.743804329840433,0.10816923102662357,4.459326333724794,0
0.5619154261005198,24.263089736938564,30.965615873499015,13.68567623135911,0.6726396271378416,6.37355097809533,0.02117181389125804,1.3567124957126335,0
0.7057495469711699,26.46029760945812,30.137408859075006,13.852368743913068,1.5046746662799118,6.838816857507294,0.023457550771655053,2.9611089862011806,1
0.5020793707675408,19.686666763768518,20.876899303760208,20.536146442095763,0.881957077559902,4.843226600541215,0.09843697037699241,3.640928607528682,0
0.42719970587708656,17.304825131236328,48.927531892775924,17.50064482747484,0.975900517220128,5.461083173701459,0.03621892510081733,2.842586916200997,0
0.481710355889516,14.767748651239831,24.6841553023225,18.294535339291958,0.6288133425623126,0.6778880053014582,0.03833419652586892,4.24950492112485,0
0.6374876419148185,23.162994548131437,35.4675958456452,25.109815775300017,1.0972574609481789,4.157794455676337,0.09859260878735746,5.154834471458746,0
0.4354035820875465,21.469361960741278,42.30096258032352,23.66589658711279,0.7787311685845782,7.009643383515826,0.03371889523422471,3.689356301391729,0
0.42008079933497466,19.461805539153374,38.373735464024776,26.890713402488064,1.020331152313206,4.153126833641445,0.057215673138310746,1.0752460569373972,0
0.45172564778179675,17.881107179290165,34.52276550406247,15.046883883113711,0.8911451134150924,3.5254766472160783,0.004476800744422693,1.9755311781198874,0
0.4046671391741288,16.91605594250383,21.38667313370067,18.28404215656644,0.7844512130139313,9.555377852061863,0.009839184341641188,1.8408417427868558,0
0.5122670315994795,19.607953747069807,28.52220131386173,23.794908477300563,0.8391276996474766,8.63815438039161,0.025907301023433228,3.92029652473866,0
0.6624678458469561,30.568463991362187,36.50240270434018,22.240391705064457,1.0451576068171042,5.935149824964315,0.034143911144464356,1.800119765218947,1
0.5323079273116029,20.691259359081627,28.70260744010403,27.66190191293811,0.7437018054262351,7.277821222960095,0.16867964755763298,0.3459030884159249,0
0.47476464978737126,19.686112267899393,36.62687567999014,22.10268352952035,0.8502376657952846,0.5481291640838446,0.17642591873629335,5.470909958314741,0
0.4708188731084456,22.27084535676402,40.453947270521134,29.24054552052776,1.1326546762528955,3.424897118742587,0.09525662916896416,1.128596474390191,0
0.3436809191303343,11.41512231067565,42.70002308640081,22.700089008615706,1.5204959749748626,4.060084253653697,0.018960551758094295,2.2692029747629263,0
0.588310977714716,28.208806662079322,25.19056513749853,25.3108372379433,1.095517763910601,4.5280398022661075,0.166251125296487,3.6742337177921014,0
0.4922162802987198,15.097266982718661,52.57316843983163,18.382425266077714,0.8165476715645426,4.020111958052075,0.058452949788925394,2.2849077473379094,1
0.48195200864093746,24.167006738975893,41.139834756433046,20.071436059419945,0.9265771659855377,-0.10005258303269304,0.02495639282858573,2.3592058351381584,0
0.8193107567844862,31.654403519523527,34.98628677064749,24.554722019197378,1.0063178012305156,5.77204923741712,0.06047857522276652,7.919550052933899,1
0.5298752908365686,20.466915389986898,43.71629266461312,28.06489085296527,0.9301150098728586,6.087308256561213,0.0008330376270048016,1.9466451587574543,0
0.4248208949904816,11.322805286070436,53.92326217599979,23.646184746553764,1.1806116333473866,8.203797583179963,0.007900261419189885,5.459631164352594,1
0.4573642403794457,16.93018546304475,23.490239191545044,19.584141140326903,1.0434946966028449,3.423381470450073,0.08850548966131357,1.9367461004373012,0
0.6148445709196755,21.474363243706367,33.197898860069174,26.88667514764171,1.1815704769819741,3.2596736844401955,0.05186273374812396,4.817001844860781,0
0.5113270410537765,18.630142606030642,15.972546721013373,9.040106718600596,0.9371112419404741,-0.3599689719289376,0.022643144830868104,0.953678120236269,1
0.3561722021682633,13.834955189363894,36.5412122611842,12.888827492465632,1.2651000439442512,4.412866326818228,0.03472406753072881,1.2911857745437096,0
0.5919228934575204,26.55029058171953,37.923153935401125,23.408171118341944,0.9667028831436908,6.802223562124343,0.11776879100175852,4.613882214879201,0
0.4331855914461006,17.9502337120459,34.686703076457924,20.070541781265625,0.8057620261724017,3.776464275614561,0.04992632779213313,1.9993998334389398,0
0.6873297776217546,28.416221065073525,29.763731432013522,23.027568255620828,1.4354640762084443,9.286889637087295,0.02538729221913945,6.971029343642366,1
0.6080048065714648,21.033634096321908,18.603883870493398,20.32203761215971,0.6350044506077765,4.486810328420953,0.006410232100517824,3.1242123075598576,0
0.4552678104341249,15.568450148556805,37.98826946729415,22.854728473019364,0.8522522549390145,5.293984568577111,0.017389073392998437,3.3995960227775783,0
0.6281016361735113,30.520240501994387,46.6434758713226,15.927985895034046,0.8745944296339211,2.2737938388368124,0.19161493926158735,1.9811971293170596,0
0.5067855510527404,18.065818937819873,30.271852354132545,22.852430430398453,1.5016612546113128,5.574440690350559,0.028756036535606894,0.9735518016346465,0
0.5852773675122219,28.379719456660766,38.52047943218516,24.972072641037922,1.3613717768293023,1.0413604102946095,0.03191774978700238,2.2909336367160527,0
0.5484732817294475,21.2097476725353,22.454845492639596,26.102753019656163,1.2987856287284396,6.38739591002629,0.03451735845237427,0.3979575992887504,0
0.41536433450091265,16.62143718846702,38.65770450954011,30.067771473243496,0.9338682675247336,6.448856352470824,0.10775311198748679,4.154911985541653,0
0.4356450167682538,20.63689615141994,31.852941618042742,21.220492217511932,1.485235600768355,7.71858284867302,0.04630799920435962,1.6849323261606852,0
0.6029960817581161,27.935520536140615,28.900656395176686,21.369555434235895,1.0736704007681943,2.9600625624646226,0.0591557648589785,3.0811256718056015,0
0.4665224667893459,18.328460990736573,28.917090870270954,12.384137679130761,1.1954526740606244,5.321124236594838,0.024666768900599823,3.619450611431905,0
0.4596351536758003,17.2206769864674,31.85110734373592,17.342942994307876,1.0359390762212415,6.127633118773009,0.001475952508915586,1.7075850653527345,0
0.4044877420650647,16.01174833703595,38.05946652554028,19.034589629966938,0.9901066857353497,5.88456327666062,0.133662815210311,3.202886760533314,0
0.5423599065593461,22.708268847070197,24.502694390435856,25.251597761381774,0.9496442652147241,3.2694014497302977,0.14892181663767248,2.2209678538792375,0
0.7062524919243145,30.92401073758185,31.82307734745718,16.944994379551854,0.9580720013161675,0.21603622088771957,0.14894676022332207,2.0558258109541345,1
0.3932467085745727,15.742557919965364,34.66822577600682,23.981700098744163,1.1216983297356158,5.693920593768962,0.14384157016468221,2.9994562001543956,0
0.5024219456672758,21.953536720760496,26.207686203745126,19.9918914151831,1.0734399597550777,4.695000643380161,0.08443540496860447,1.9787716501255226,0
0.6412220555415429,81.12639887470272,49.37332161340014,19.11415942442619,2.0005328532037012,3.8666588140771196,0.057695054056055586,5.8348488915655405,0
0.4920358608754285,20.825363271811494,28.17203615950927,21.24446984566628,1.301904798539771,6.527890727430933,0.09305866662332178,0.8827139668663508,0
0.5452371796249734,22.74444575301327,29.644504690932077,18.044218138735786,0.4066493862518539,4.910160923691134,0.04588286313273834,2.5327419552161907,0
0.393760647185312,11.193693412142276,27.173536401420016,17.854813759536672,1.101977449584239,2.3616098944644013,0.00721486337035954,1.0427872569757444,0
0.5428307097207649,13.821037978343403,49.38784069710494,11.476070471049427,1.1435477413317958,1.1370954218075568,0.024814765516643175,6.939392213835064,0
0.48128557349954515,20.416550127672313,39.42324182879585,18.760228963360554,1.229392573651034,2.7420734697336693,0.17753404443782284,5.462591128566196,0
0.5985729995679863,23.658447288876836,27.507263950050863,17.600159269256366,0.9870257117893277,9.786024589533573,0.021626746621600468,5.173276366428421,0
0.6187386051564752,23.20519618151478,43.84985247087975,17.420095053254602,1.0415840134767915,6.445553547865546,0.1011825260800222,0.20526593682165295,0
0.7589563642018614,31.08884518063349,36.605589554311024,,1.1971896766629442,5.377224683950024,0.004892300507922348,3.4159581903340035,1
0.5579633173213576,22.13732150526358,37.05802736889201,23.29315976395255,1.298233280856036,4.636678145628391,0.02033708430752495,2.4000464884683077,0
0.5325796316582166,24.68652601823036,32.244182329980376,21.160972523211637,0.9398928029642464,4.505214120105128,0.021612532305405663,4.613408101054544,0
0.5194384301577336,21.03586981108628,29.004672104344213,24.97707595224737,1.053395156625512,7.33439196671819,0.002649080313373402,2.659923144457046,0
0.4646833707189312,16.346564973546744,37.70212879243681,22.877809629151827,1.3357147928697515,4.018808516193137,0.006340236525008616,2.1831007995330562,0
0.5338483843461691,24.32443409072463,30.639302160035278,18.52471905097179,0.5751945848242297,6.153840821368585,0.010731817712517897,3.6865423659613397,0
0.47045985898609705,18.167001134605275,49.53404503660084,17.6857185714281,0.861997480037083,4.303144099416812,0.0909510631410777,4.055265226854529,0
0.5168460976269614,22.253453956095377,24.84567115805517,21.564111183834232,1.2931671957205926,8.880313263670125,0.0032750553438534655,2.6670710644915188,0
0.631759753560796,23.838158023853435,47.289254182839564,22.868835549509505,1.2185075667216607,6.484577015156607,0.017741040434402403,4.185371968544107,0
0.3993457434720359,14.024349082389126,34.109449209617594,26.98922153515749,1.1044890421853388,7.491113629367251,0.0005113560885700208,2.4360028567907692,0
0.6139878561129045,24.81201893507327,37.39268587216885,25.955865224700478,0.910280625378176,3.8311804506235223,0.059475190249528014,3.4553330618827767,0
0.6317115067339866,25.306946199990517,41.665262133035476,17.292634967464156,0.8236363002029161,7.116272225134844,0.048419097494771496,6.736497645418057,0
0.48819314730089214,20.967206998136184,29.95800563996451,19.489968599363692,0.8817568761515252,4.374845149210619,0.05177937623537474,2.616922966748441,0
0.2878145100991405,10.706643144036391,41.91398707758909,23.35508902458885,1.3096016441637386,5.2200696478656985,0.023450828604517887,4.361393458182775,0
0.43921780129055676,12.059632700311079,13.339649156950582,25.339988890294862,0.8743114621689307,8.270095341238918,0.011676605126109962,3.861253329683695,0
0.629699454656111,23.889656535479276,29.240083734224488,24.69484734352396,1.0202845928479316,2.9144498864871617,0.0637054974561321,2.130027391110711,0
0.4977131937701118,22.28998315223592,27.607497541271478,19.680610835843268,0.8492584710276507,5.406495462610801,0.08333160618886379,3.0230615863401193,0
0.4000697767705089,15.110662833091038,24.971951901025907,13.729886737857417,1.1685548060198054,5.876010517037454,0.007459902275356429,1.852753800707326,0
0.44952250787717823,17.241750107543485,33.280361295368394,15.005318118772044,0.8922547439307118,6.040008761601619,0.03335734949648161,1.6628577045791455,0
0.5840620026504553,26.321609623736023,38.085999745453556,21.36316757159707,0.9804812219691171,4.0984310138130695,0.014298555647496769,2.3386879193908303,0
0.554673356820138,20.05101459102875,40.62127998799445,21.711127897121727,0.6633235733914349,9.172528201616164,0.009202564267979833,1.0273773552400316,0
0.4761067900830306,14.415861948592525,36.92701405760326,14.506603132828076,0.6773263527590121,2.4101362293194795,0.06627413508592125,3.72948322762294,0
0.46331755881853126,18.05080899416477,29.674452280851625,20.22284805444636,1.0015346386643014,7.917770777264939,0.038620011347792284,2.4684971562171225,0
0.4608241850956178,16.9804455500785,37.95213150260134,23.156121784858914,0.7349685689604476,7.430131211183277,0.012179133995858822,6.560400007803336,0
0.4077589815501497,13.411620302746226,35.99428555880681,14.243866712464278,1.4210173278669005,8.80177757920737,0.01855318488197241,1.6399455027377865,0
0.6615375689469442,25.935367390181696,42.48844934348813,25.524986009022072,0.5876953775775501,1.8235458025843596,0.1700403798735078,5.410090291364998,1
0.467767953078866,20.18523506489499,41.21549362345213,18.112344257200874,0.8399649402671792,3.2623370242205794,0.09441778012964112,7.382535750041422,0
0.6217158520825496,24.840768398598538,35.24381131136503,26.288065562883254,1.0033401734535101,7.983886118323282,0.10599099126318763,3.4387826078401957,0
0.6521316051922451,27.006207425748517,27.821975950709945,17.3327377711205,0.9269734124408431,1.2459216907393822,0.030810427083802834,2.3309053618657094,1
0.599831089814796,29.43346668813811,29.776398753343354,14.866872585579106,0.7791709086672162,1.7870821979191724,0.04888268354847756,2.6877031327125946,0
0.45683796872819515,17.244882164455113,30.601685122895734,17.709315050791403,0.8084144321009463,4.0233844265770164,0.02364180105049551,4.327712717691526,0
0.5403730090336609,22.449966265280445,32.477869328669954,19.524259384613398,0.8018691845001523,5.383987577244535,0.0040448856708213575,3.2577244076800516,0
0.4975804393609084,18.37557748663893,37.14440342071803,18.057600466142596,0.9426556610359874,8.18445014729755,0.025630469908700094,0.8608530276134007,0
0.40962981392698716,13.846113397418566,40.721395121024464,18.919992892134434,1.3903858179034847,4.629468170139283,0.045067735730514806,1.1029512904808378,0
0.5324359281721603,19.542714166633104,34.59105045587698,21.66982574838095,1.0155874593116418,3.7835217038709215,0.01692381111676596,6.002790567641956,0
0.3820960208840197,13.847565120795723,35.12899830320378,19.144103151018,1.2365800978775048,5.622779875392855,0.09417748223619761,0.5328414653021906,0
0.6187679388461564,25.829144946487634,36.14645044000003,19.669438030239967,1.1013952691656284,5.939192966588802,0.008190703637256108,1.657018190897903,0
0.4535382702701607,25.188758170908702,30.87275749494128,11.45386800398702,1.222772479596444,5.882479644340543,0.022874440519741038,5.51457503242073,0
0.5201159655872839,18.656508314663835,27.59686193885635,21.958490080052364,0.4400071394812828,4.6440275840973095,0.00667107880839726,2.889248968822442,0
0.5283287871546142,19.883275569338178,20.95649682151432,19.55398351154166,0.9391083957703541,1.0898277721637006,0.025945589273556748,5.610290657350552,0
0.4741095026295923,18.77501106584995,29.43880513538502,28.051464902414352,1.2614270846301427,3.164768021787336,0.002023462471182719,3.554299141614538,0
0.5586693801475274,23.53417175203034,38.78516362614229,15.302174163730209,0.8856528354501333,7.840542170534924,0.015910458961677355,1.89889259398188,0
0.45250963433774755,18.891037809374257,29.37670849568346,10.958523357502427,1.3524946329739225,5.3741378759532,0.02560259002014344,2.694747259164234,0
0.5871297297457244,27.337476571673328,33.09754370059248,23.09034246965021,1.2967780307535524,4.354955761785886,0.032520226458688135,0.8901101885065066,0
0.36540203197532517,7.336905067407381,38.73145029929854,21.732635091565,0.9061738567745075,7.236337096747949,0.03922984052654294,3.2394218486212556,0
0.5126379579546412,13.344728707598629,39.16551597138135,14.95783489734427,0.8993672961907286,2.739766735262103,0.016078569471489043,3.3331106521857565,0
0.6938928999058285,26.268081480202692,26.363737182671688,12.351255224979543,0.7972788315291063,4.549303732573985,0.03701627236128404,0.14236240564774713,1
0.39996686753944255,19.29057526420883,42.976474851629135,27.68698365342145,0.8740811536272405,5.2755168103480745,0.035566028189096745,1.055152757449862,0
0.43222550294751483,12.592076023083802,44.018800714843884,27.07055195303391,0.753482187166217,4.117244993410742,0.01900288517721114,0.4867749814565534,0
0.5513907849658914,13.032734379554386,25.96120114225152,7.562716206469354,1.085762236086601,5.201525645803198,0.08865679762179346,4.05901372445275,1
0.5179581781939598,22.431865346416018,28.409305042870766,17.708884853717496,0.7087907013307133,4.624612137156469,0.039443396156973835,4.947093216955747,0
0.5350630099273559,22.13349206820238,44.52872546516953,28.320960273919496,1.1207466032380444,2.20131390442825,0.020193547878072027,1.220911738401469,0
0.5489187130147664,18.686123300192364,33.82517182995759,17.619687211110666,1.1256157393800497,5.362955763758112,0.14719354350528546,0.08565174386253177,0
0.563472146856177,19.58226707208429,17.241776420385193,17.546938829866736,0.6677591189632155,2.343296416974265,0.09325278354005567,3.6575333778214816,0
0.6109699841956223,21.529568208920868,23.80254796213851,18.58620336185316,1.3099637212656678,5.331230250193444,0.2025292416229222,3.0120834812232786,0
0.5409818656928512,21.97088058013587,33.00504299862015,14.395515131159204,1.1027218588830443,7.748271648300219,0.05892075588562212,4.699850503138131,0
0.47587423453814576,17.15602355297681,25.695658797723183,11.476121278859779,1.1499396042889738,4.437953605447891,0.023758680972662465,2.1307268907470633,0
0.5672573701202731,24.172486561737486,31.69260983490847,25.262736553673744,0.8482669596914455,2.6570337400580275,0.016485007619230243,2.8502816543296388,0
0.6899881934895216,19.03564775086769,35.25916970946863,10.785315468761622,1.1244758236946237,4.746024373590039,0.0544307974992819,1.209885890550906,1
0.48673662536174267,16.89890941908631,46.69803683227783,21.23635726054378,1.225278689944413,3.3360577838429375,0.19768545223790146,5.406624292853617,0
0.40254706953293584,12.723720898584284,32.67636867017769,24.432897463788247,0.9802783201990646,6.189018005262939,0.049270664530986524,5.2903829897916275,0
0.6107080669286973,23.659300642030413,43.580334396582074,12.74386850549421,1.4003844918496722,4.704022504954293,0.1066906377643756,5.659897486055057,0
0.48796188360464016,17.904332068715192,46.43008129629416,15.378657987024642,1.0088129269825876,8.419526503329147,0.019957014926175395,2.2321064213921447,0
0.28273304539859634,13.702853155631153,46.47447735481661,26.065895941957947,1.228157160090495,7.325979191354676,0.02612414722647388,3.0393081277443668,0
0.5847421677150422,17.811676393621514,37.27803674708455,22.6644586011352,1.058601761451731,4.693838991037195,0.11836964363324387,0.3923079554779993,0
0.4464671814046077,17.995161685176566,19.293686817288204,16.913571465605564,1.1171043065713735,6.431218135946182,0.0707072717213556,1.9291706600718108,0
0.4909466717695839,21.31287614041847,38.686598923230925,26.011245016805855,0.6657335464730456,4.213527181674309,0.1992574355371738,1.0672595986618227,0
0.5331980330569015,26.897863631961926,43.387199102508326,26.03267861727151,1.0742107476430727,5.067913770330336,0.07453037343777351,3.0088934538520413,0
0.5190499679779066,19.316700805835836,34.351463156516665,21.345263465078535,0.8530049797485468,4.277131607299376,0.02975709607987903,3.9549791795591007,0
0.570945181713904,23.81118308161371,48.95667096060199,15.499198860631687,0.8307203388444624,6.532911919699417,0.037864877632907176,3.725076345941063,0
0.4564513629430157,12.846466140033531,41.87866849173966,17.932756482641025,1.3488206368931956,7.865976553419156,0.11538766750438428,3.459924521938173,0
0.5513105798176082,14.876554579765257,39.54618701722227,21.43193371977695,0.9572459503875302,6.597296414382287,0.04010869109012498,3.480301152650873,0
0.4740453322416083,21.49613641700943,43.6910456896467,19.05702585426256,0.7993396338049007,6.843873202570712,0.01474522955224151,3.693708189814393,0
0.5738810480887503,22.9385610426058,37.666958810087024,24.694785891174256,0.9281736743782251,6.846066874471458,0.028601358187391537,3.0379068402176177,0
0.5615367484013053,25.99700800544748,15.057516004837172,12.35112959945332,0.7399099542156172,6.1025118446694195,0.0363161727500294,1.8897772771557286,0
0.40645612979554047,12.138036524912371,31.006888388237076,12.528682354668806,1.286776893639254,2.7214276815794642,0.005086125591913281,1.079866837652988,0
0.6085982116175033,25.903634883286387,44.57734421798283,20.904355557412163,0.860863851166697,8.401943038833,0.06808256051259069,3.5133070731999068,0
0.4464036554885952,23.462599741175367,28.53926927921363,17.542277930965476,1.1058599867887338,8.60882165339685,0.0057904081013997735,0.8426063965932764,0
0.5808057798281145,24.49134801819638,33.212219958104484,16.864756926511294,1.2712213428420651,4.532240793373263,0.025952779306974313,3.701921478640116,0
0.5367287313401341,22.298893770378513,26.64130948877543,11.159716404128014,0.8999694637570541,4.258604169567636,0.08164106976017736,4.866749431512049,0
0.6838183676795122,27.378402949653537,49.271380761614154,20.09772922399091,1.1064044864545572,6.22482330583075,0.031515226230707585,1.6600359315792501,1
0.4776534017628148,14.393491699134854,48.45193965934412,19.736224459996173,0.793982789019114,6.10162567036701,0.09226292384230862,3.430792728106474,0
0.46506832038818025,54.57914129583145,27.929048838874166,23.267394909758703,3.0069007171913524,4.596107862493962,0.020918500115158715,5.171282481265398,0
0.4980580394112267,18.08974865703387,36.17838400311267,20.34453066560486,1.1872760269233245,2.4999486888247917,0.15807316369212285,0.547920609497154,0
0.4696820217165725,20.30073063781195,29.556047617887618,19.336979608797517,0.9614787122478388,5.611402381499554,0.011752484433236987,1.7234038222678731,0
0.579994190194205,18.510664688054437,39.91955711225103,25.885003183951685,0.8454332538222072,6.1028730763510906,0.0019507722505550662,1.3933579809830636,0
0.3383689391563412,9.996378572730306,39.07746461793863,13.437663482757252,0.9772006894320747,6.451642296077594,0.10295314734381544,2.164906854974616,0
0.3946317580853646,20.090532521081293,41.49364457290612,22.68194609423788,0.9320032555296962,5.698585544708415,0.06975721350495041,3.646212174396626,0
0.3932197078420807,14.6868814468097,37.6553475816631,11.644264176023256,1.3905889107999014,4.457769703276181,0.013197225028536317,4.351491837311797,0
0.5950307591973576,28.16105679602194,58.48324965110774,15.808190599995962,0.7548930555570196,6.988004079012557,0.20913127878115773,0.4972893644200458,1
0.6710613372581925,26.607761513152145,,13.936714336883432,1.0269602846580408,5.131696995131836,0.034885893439806276,2.66233082861036,1
0.4895550781462529,14.056509806976543,21.315173164507886,23.90971267725959,0.996332386673258,4.070153971270559,0.15086356933050937,0.4994985200519083,0
0.4831178276809989,22.000915906435118,31.855278394388307,19.67294883202303,0.9765179399310261,4.638693235908558,0.03516278210584264,6.401895921263199,0
0.5070052163113181,18.5105316991859,22.45609387551786,19.932483777035117,0.9782766690123316,1.5080619350500362,0.0319210749213056,6.363708836727135,0
0.616187830260819,26.743579650983893,23.060301839952057,14.466335061352744,0.9767858379759033,4.635516351642922,0.029813596500851622,2.143839453001913,0
0.4072646865809426,16.366220065857952,,18.501532520335555,1.17461321326642,6.376873039749337,0.020389035061258574,0.76026144291759,0
0.5238368982734785,16.324121247110526,27.62248875654698,16.18267348345444,1.121796889298487,5.67956604427846,0.03814646429656115,1.9637924632295602,0
0.5975197629782429,24.393674815241425,27.36305518439952,21.917275074271082,1.0837823222745573,8.041328345962372,0.030124633072560494,0.6543419917928017,0
0.5501094169939845,28.593046106217777,39.14575160356329,15.044544323341931,0.3932021275709462,4.4740501719685914,0.001871952647067211,2.9590041130552285,0
0.5189581616598743,22.237285841938352,30.950487511317313,26.64897182602538,1.0599589748326328,5.974626326106632,0.015084670954445559,2.74370425426709,0
0.6001046092567142,23.83163111125218,33.563883401020156,11.622097751879528,0.6688721279659835,6.585480352611544,0.011984153922592226,4.142453051288115,0
0.22967677070007625,12.413101033873742,42.15386219600748,15.967400837717193,1.129264032627165,9.685714016574817,0.10103433657035331,1.649225795078439,0
0.5677875319530907,23.34350667373296,28.86941980174859,28.38600254983048,1.294899473514103,5.289530982235281,0.04567348289574704,1.5801093370574872,0
0.4345924316872576,18.01229995827869,32.88363281036222,17.82430626018983,0.8147521774822898,2.9116256422719533,0.07212907899972701,1.6264061384159578,0
0.31693671031435433,9.402592896096866,37.926079888743324,13.42560667797794,0.9476438555314587,6.6958575067105635,0.15712588455610016,1.5026398344328398,0
0.551120259952498,22.746354475468713,19.46745759503823,21.09535781268834,0.8801288589894006,8.731454711936914,0.051646743515039756,3.031707163134358,0
0.6373658545162958,28.600964429902668,15.92075592839534,17.62303878892729,1.2470863551513602,4.354902579546757,0.20259297281758992,3.801807991673303,0
0.48625514853723084,16.94201948518916,37.76893863038178,15.820648721908471,1.0190055770544146,6.682163077212832,0.018681177583101734,3.621587041010365,0
0.5952874547202939,28.084985652552596,38.93611424453519,14.520645946006413,1.3456658761132667,7.457456110457841,0.010306160032986244,4.643499265641717,0
0.6612278257988645,26.173994959519202,51.513761078819286,33.84186802812972,1.0827508405894775,7.034131087940307,0.02581786878604005,3.274650080236311,1
0.6314914453584047,22.59634927972057,36.26475900693448,18.74224049907932,1.0484900361271638,5.251117044947156,0.03181938705892353,2.2187829277868216,0
0.6639964529371393,29.552754348246303,41.55791773806476,10.372163198335615,1.0136413565205673,3.6030524835737077,0.11286220678841366,5.744814075466462,1
0.5742127491071892,22.108127257072763,33.43621885131221,27.468548795027672,1.1635984198514673,4.837440903972828,0.04104225977026107,3.5953736600634683,0
0.5075433638901593,22.580279218064696,37.37781777268069,23.055354525552854,0.6524627603509313,5.917200907755261,0.017278343343383545,0.6450865757235967,0
0.33980341881028314,12.716860855635714,48.33805473399627,16.16766784490106,1.017068791104102,6.816445048183458,0.06786285908820354,4.80893447597654,0
0.47539375118700516,18.836271616890496,18.008057454994916,15.334404556569291,0.9859907112544071,5.667890095998079,0.03524398057157025,0.7744198232090729,0
0.41567534046838084,18.107694231738108,38.308930060573445,23.367363980791154,1.1450837654315533,4.240184066918846,0.008844732174634187,1.5532521307096314,0
0.7170942717497814,29.55646204276127,52.084693840618925,18.765408362552726,0.9624596788251927,6.110759312299537,0.042997857829968476,4.319086153526871,1
0.48241141875676635,13.309861408915438,37.25627375367474,10.370110907774494,0.7922531131674659,6.720170135485641,0.12117808809773725,2.3397455249659873,0
0.5123204806784486,17.12908800685477,48.20458370586278,28.936199823023344,1.0014701349839399,5.759220112828961,0.09245543237896856,1.2825805133719592,0
0.5551485376040468,24.994171458534318,29.96630280376446,17.830047688920214,0.7834318942263313,3.3276257709233503,0.044192383857848946,1.9137214150345931,0
0.5043602446372454,19.77800001878517,34.74362004669029,27.477858682412133,0.614947557482503,4.63718793056562,0.02366711372703477,4.561021246871043,0
0.6695051040430753,25.20901025340875,35.2681976191087,26.392174789828573,1.1454244962970985,6.895641552824934,0.0045498062452882515,1.5350339215436466,1
0.4377350638265548,13.433680507289768,,14.994952277585929,1.115812314538934,2.2339643825110524,0.03171080414617951,1.8955971090696573,0
0.5194607455237242,17.53922085712142,25.6545773771984,25.165949321815738,1.0934181887987149,0.8136439552176817,0.0697323448373735,6.93662498865679,0
0.42575294143019515,10.964721737321964,26.22499936492811,16.742787250681594,1.2605856843891623,8.016165700288042,0.02233574405977272,2.324364942712385,0
0.3679977488779294,14.416067799012577,41.57652862426022,10.666497065980291,0.8669936219392149,6.022830510043759,0.013423185074427385,1.5914359987946278,0
0.43882309090947147,15.757610894635716,41.97722484547244,,0.713777171445749,6.213460005040213,0.13395835752463894,6.483219122131491,0
0.4962963202951588,16.952089138850408,37.592291541652266,21.988187508881396,0.9859940446383911,2.846366052745888,0.0861739386921535,3.6238941965352014,0
0.457069777548274,18.078420826427102,41.59282317484565,17.68631676001831,0.9304999400588179,6.475056126933076,0.05084363683833455,5.0664291354957625,0
0.4307579020126144,18.32222797306279,33.68680469822581,18.464758295374494,0.8315408566459863,5.550497375136729,0.007354478474409042,2.4114785358865407,0
0.3593682536328166,20.6543239419425,44.615453356316344,25.717830224643066,0.9840301693024408,1.8313448443032057,0.007827359816041858,3.395262645749334,0
0.4916894427371305,15.131927450795578,35.07030754105657,20.532469901450458,0.8776789707590831,7.848566828547715,0.005447212671076604,5.820058988712439,0
0.3495279625968998,17.459261633777558,35.46291237941405,15.783508443575236,0.6327989433286337,5.317366647237458,0.047894279750680974,4.64290379387025,0
0.5760055963689603,25.959528537803628,32.87525893390071,23.510151618336632,0.9117646618412479,4.207832067841462,0.006140188224039042,3.6789109567221723,0
0.5082439752934503,17.99248079360791,40.475603821091426,20.988377834771224,0.7727249666592285,4.244020508029565,0.09245688794184065,1.8669292310883394,0
0.3542448500535069,14.77950186589837,31.630409467096694,7.391975992689785,1.0463296143221845,0.9695561891352469,0.24784289235129642,2.6735190284417545,1
0.46907909229501366,17.3902639437877,42.811451017584545,22.141764568857244,0.868793048351869,6.186673199262727,0.022812783132055005,3.862086829375599,0
0.4247843594409417,17.548440118893883,25.942806874271945,21.95914353858051,1.2223262948282103,5.523714414491451,0.030226590504779733,1.8803113600500223,0
0.531917451041918,25.804091081890373,26.208669962174447,20.1006056479043,1.3207732134535732,4.6118397353338105,0.06218199153062305,1.8319476368560637,0
0.6340450446023145,27.178620481986517,40.49941404101203,24.458502905347878,1.1358762746023812,7.556970414903344,0.13835260892177248,4.366694426094643,0
0.3124827530354255,14.025135241117345,34.2916462833359,16.638032078367488,0.6897947636033359,2.2322819620083085,0.11226006163008034,4.3536926597052314,0
0.5115026079147417,19.16917635672574,31.368868670774972,21.682498944104506,1.301039199775808,3.8064550472647696,0.0029658397720502437,2.577624264078158,0
0.48398672044333596,14.907298822960435,42.120461859803676,12.165203144163236,1.315144090074753,3.299983490479228,0.009260594643097003,1.476623492053573,0
0.5671340076450466,22.059955674180642,30.141908687311325,22.03545191699416,1.0037581022615882,4.442410040456894,0.07024271654752844,5.207605775088151,0
0.521319662823769,24.4726109775425,33.39838996559704,29.76529847769948,1.2645852320671065,5.134940050514446,0.0583809360889943,3.472944906115965,0
0.42480306682611807,12.41061910327578,46.193823600569274,15.025718237662295,0.8896649723906643,5.86002704762271,0.007148423045574403,1.4295568065103654,0
0.46809460643333817,15.558516152803442,47.3131387664852,16.200989340061124,0.6267508130300821,4.306053093789766,0.03486424465505443,6.818836931070543,0
0.4203974143196511,17.19469978148825,47.57918568216262,16.44992278554224,0.8479431122756813,3.2452885296902125,0.07589187368939482,4.10596309915423,0
0.6076007138598598,21.350064199852604,32.74299378452871,20.649991129007976,1.3458601732089512,8.372013899540889,0.01234496759994949,1.4675487359717838,0
0.5021311648671942,17.70767625334213,44.84562323987576,14.684818635731409,0.7017840152777053,9.823280383577139,0.10250875492784058,1.5820957347262423,0
0.6901190685753007,26.333966997827496,27.408377377850574,22.106236893454902,0.9999042563862989,5.286573343764051,0.0027213190702138714,1.711427473982283,1
0.4939339186185379,15.66050453217107,27.74477700222351,24.234199727345825,1.0068287786680425,3.486439265958266,0.07620777512378021,3.359150690672405,0
0.42915932330895373,14.244007393709046,16.19635317900511,22.67173606726892,0.8974051512064376,7.950908262084589,0.04783206112196632,1.6442704117606155,0
0.3486285607387173,16.05542617991062,48.38294561518824,11.157922871809639,0.911295680032577,2.1064857873430696,0.018931375004361428,3.5004096450641593,0
0.3196860323744055,8.865331948283329,28.088161207391373,24.97583832579303,1.0144498268472406,4.330453350590345,0.06381508820825875,3.575761740410064,0
0.341586405699451,8.869839824493525,33.98773936202352,24.6868370712684,0.8875675316130546,3.6077658973073965,0.07624697924763513,1.2982921498521327,0
0.5267126651011483,19.17843166544425,27.717405264573728,24.15080686173152,0.7155883005664138,2.6809288990990225,0.13582854847609913,2.2456996298157192,0
0.5508725023229933,24.23076660044927,40.561321986641126,21.864211243279126,1.043006388588691,4.439951534156461,0.02292547084880077,1.9952988888660013,0
0.34188092979678664,13.084471767880796,31.99493071426128,21.100946571025663,1.2146733164889945,3.2716558416520702,0.05792077968967807,2.460963954716048,0
0.5895038314076115,22.18641002195761,24.561464876536405,25.161946990631982,1.1739145037306842,5.025308928297309,0.04614264541353305,1.2850064149749323,0
0.45169389483165606,72.73504464086558,38.533300513488484,29.617567438017275,2.590474082478075,5.054354335344928,0.03724371997575605,1.7491163266562912,0
0.514679301198555,15.350049749363244,23.530159801518174,15.234797683175751,0.7497544169244648,3.7573365529560414,0.11055341136998525,1.3629168064479293,0
0.6612220628255424,27.932999474346794,28.30075419747607,25.39062697897386,0.9431624235690443,4.25897328681226,0.00015861703472100602,2.9053278441175925,1
0.5896839315865532,24.73766235767306,18.144887082991353,19.568914509962735,1.3135583019591328,4.538302064192579,0.016572058113585426,2.3489334469866887,0
0.47314693520941675,17.697951986089507,23.608335102419147,19.351634739856998,1.1291196157919092,6.619692122238854,0.03863953268093462,5.382274910032762,0
0.41088077745847124,19.4530046337281,36.42823335776382,12.317346548089809,1.1407929353588466,4.703141197871629,0.009818585678164387,5.22549930511739,0
0.2848184598670695,8.010250097823665,19.283711695176603,18.576052952423026,1.177971390357099,6.649403481572195,0.11922585164575313,2.9026312704267814,0
0.42808466807575796,20.507113702791024,23.150834203026275,15.013675210157924,1.0841533125037173,6.171625967109311,0.052148726517123246,4.215760217870418,0
0.4788869761172306,19.618960041474978,34.98104867093753,17.68072785247027,1.0241217095227158,6.143061393801484,0.03249317840011887,3.3821372278013055,0
0.4012820472848816,15.041624121760742,30.65114483125558,14.509068081109252,1.1324613793295937,7.775691940691947,0.08428943194050555,1.2555829081258916,0
0.48687430329076953,19.415351225525846,50.93629308767447,17.75545806343497,0.890766779156396,2.7612182405081804,0.029972477871791976,2.088590600713333,1
0.5076851882958768,19.98561323440225,49.671172368195,17.969448214882984,0.7171073977267358,4.053633787385773,0.040896194594814445,2.5245717682571107,0
0.47751440181919214,22.761424762020837,28.056620297990772,20.483774592194003,1.1445993869248647,8.526597600599139,0.0001377393248181633,3.1656864070524904,0
0.434999741917654,14.169952294293118,39.45710094722786,11.926250688543345,1.247547621149845,4.4853669988214655,0.022761704310847147,2.588483514650999,0
0.5168654671966728,18.387060970427115,40.99426045503561,12.772409261273383,0.7763536121287937,-0.6302473798116992,0.00747087251642603,3.883561293045093,0
0.5441940649569409,24.876671274495074,30.220169135804774,21.809571353652633,1.16438429648318,4.594063313704229,0.05850896147512415,1.51276601159229,0
0.3909600922557154,13.851798884677036,23.03566770801437,16.012809414649507,1.336153142677638,5.2698790603265,0.03260284916213424,5.711630857387487,0
0.641093237974627,28.345328750979856,34.90161240553554,25.372648951149657,0.9995507596485758,-0.23422623486242156,0.017959444867250183,3.4452251610256908,0
0.4901411867715738,24.70395541988908,33.61723460148711,21.126348610075233,0.8363995630516508,7.6678712797758966,0.03153983438667191,4.0996831024899265,0
0.5018849622944848,18.87001341095449,31.513884024235047,23.033810751032036,1.0246037347053512,3.572575072268796,0.011762697348353068,0.7177152712959314,0
0.5708214423256557,24.876944672752142,38.53853494531588,27.053461602104473,0.8898932063598597,5.657126230375031,0.12957114664515018,3.3374438201867824,0
0.5233216131263502,17.47178768103443,28.99416314395521,18.451445940967137,0.8766539780087197,4.548036909311875,0.0027741890349257683,5.795863623449141,0
0.5953136633913245,26.076746429856406,25.784019619366855,17.127566472918623,1.0866368134543085,2.423297161591917,0.1002787216079756,1.5740295469784473,0
0.5287124165201824,21.746768618767597,35.87266376279865,24.358512927994067,0.6792541049940208,2.85898373072916,0.035806338905105366,3.1937087894753304,0
0.43875626253595623,18.969365347918895,38.087760740551005,22.547567819648428,0.7112142155015546,3.129834327144906,0.04824077418164863,2.868795409394713,0
0.5361503525206102,19.509297884718222,25.586840448799578,19.063348450893496,1.0038581760747887,7.171343818367276,0.018020210228953292,2.5187929320748785,0
0.38562737926793383,10.441844924015836,42.42472488792865,26.95728983477971,0.9955382922175138,4.704923623799696,0.17010631584092445,2.659136965838428,0
0.5108559705776523,21.943995017354606,20.836150897791377,18.938778450800346,1.0687109154079872,3.9562689668965065,0.016553907640585976,0.9247015752753828,0
0.49667700093555395,53.61056985199586,30.375092330274853,20.163868187778906,3.113970146639984,3.1307821748195375,0.04444326322972414,3.7710263923678817,0
0.47918831427274605,18.215481094182238,32.935931710419126,20.10611325417129,1.0209028072151642,7.392300443052253,0.2511609957688857,1.6247008694332812,0
0.4871462488561069,22.309395553504185,29.910210298784563,15.327030525507645,1.119634430066959,7.928402545047174,0.10647126737885691,3.744744928660477,0
0.3118150954502361,13.048297025628553,30.47951621159046,20.387926947431954,0.8048934128770736,7.3694877974133615,0.03842909049367773,4.485602294821877,0
0.44512750922590383,23.650128303405594,49.96859585846491,26.983800886992455,1.1535875327033074,5.9848746783083335,0.23216709190941703,1.7303063546912734,0
0.5092844901141115,23.44670706230978,28.19292728768881,22.22484157688088,0.8947218269778644,5.579660083741423,0.06042747335317397,3.0568021433397643,0
0.51598563919974,18.677730403012873,54.52977377977531,20.155317131994657,1.0142841665162186,2.568124364048197,0.011703932113175627,6.6852021249167635,1
0.3972324859074042,15.971239575850483,38.49701423784842,19.191163594171655,0.9782302749861677,4.508361746577885,0.026009820507721982,3.174103889752332,0
0.62657078408647,24.920719255825492,35.73644109849594,21.654335142031755,1.2065948469828063,3.6322795933071266,0.020360331234278346,2.571218845917054,0
0.4133825151785499,11.788770317103612,38.809922827101325,23.748833142445925,0.7380046891250001,1.3489757820305806,0.021080769350562488,1.9276786782266362,0
0.5969457200526737,21.05663205265389,55.239421994015615,23.046194154448763,0.5433522730769921,7.114086838330731,0.07145099985412103,2.811731833789071,1
0.5427194361871684,20.026494726547156,27.051255968548418,18.340675690890105,0.9573134605824151,3.6083401072154495,0.04388511276268617,0.8983046930222103,0
0.4353772690156197,11.306429252056976,26.036656648508888,,1.0937062513810247,7.391883814870614,0.0019418603377185858,3.157874805585976,0
0.6775310892609512,27.243723975192975,28.96107042742463,22.399698705741393,1.0304538751615,6.763492801520024,0.10496118978877576,2.732753285510266,1
0.380636316824352,14.478237139014958,35.25714517571649,14.964025062365108,1.2464408474827824,6.113435953266838,0.01760542220583978,1.5146896533265741,0
0.5919154173610002,18.657934990505282,21.19383100149941,20.84115270591847,1.0874745348359336,6.225768143526367,0.2917209359103587,0.9881800131760543,0
0.6000582318042978,25.21496786800391,35.178713914548865,9.19348056848819,0.8872303336280281,3.7693722358525847,0.15416344069519983,1.7846323450699255,1
0.4329379790923355,19.4651373977663,48.548377067309374,22.412668549105923,0.534915969172064,8.715700302581329,0.14111476732437533,1.2975111377765922,0
0.639246530006433,26.250964636851986,36.21125912499822,23.301715272813407,0.9525375531609563,5.086250861906098,0.08333418228595413,3.539385082212431,0
0.4749953485401047,18.027609415977278,32.658516328197784,23.737730628932297,1.2055918004515596,5.603863370237407,0.012462399564176866,0.5274174208422782,0
0.5288693629279857,22.929100972374993,30.05471641053098,18.024765739152162,0.921590443466577,3.7018473328667216,0.03803199575099225,0.7671452490818497,0
0.526032183877122,23.081948436514956,42.18809363641252,21.545234175120175,1.005664052735553,3.13766947844608,0.012699640894197384,4.506139088518982,0
0.4865691258529452,20.384975743276872,28.39333781409562,27.119769227705834,1.0842720508613417,5.954592017618847,0.015033330770036721,1.8477332985116226,0
0.5810808273159782,20.769396341334847,49.77116736479398,27.068848241456294,0.7969415251500368,5.435026991877571,0.047202597851216443,4.038429635402862,0
0.5793488720552213,24.003757178742397,50.46687798171486,19.854136503867196,1.1246471793277635,3.4212952681948456,0.002084532404999947,0.9729755095086269,1
0.3251468026761819,16.592314059523712,37.0540063892943,20.6965981536478,1.327424358000341,2.123146562449192,0.17443355261762883,5.164362262901562,0
0.6304340242878153,23.42747379567742,34.90787929538684,25.554555723672166,0.9654373296213188,2.460153825344906,0.1254639668134575,3.1440708780164233,0
0.3337508011964325,19.643850065254597,43.24527846593247,12.495989923689127,0.7741871156335396,7.392267434182214,0.02396372937657954,3.216471566555442,0
0.6032546204341658,22.55329201541048,43.7583880178186,18.384621286614877,0.9866797945956053,3.7734923706998567,0.03622388972136568,2.502982443992946,0
0.6126705136827584,24.60404158733074,28.552066151524677,26.677852277683783,0.5551231782782262,4.322182908648332,0.03137915483093891,1.252743490896082,0
0.39090335697848017,13.618677491120199,30.787558934906386,24.87600270842383,1.0673806527953231,7.900680517518124,0.10693825642290054,2.2018971402193492,0
0.4589185712045415,19.026555355942442,24.421220522533638,21.846318888249524,1.0904548755297157,2.7556988770271706,0.05833415225107147,3.9310164304760633,0
0.38942953315140644,10.35051624815043,38.27251950667246,12.470837973346898,1.3351272587691125,3.5460103485658863,0.01629421171332058,1.7008419642976111,0
0.47850789697112645,17.502190482394894,40.33302306765513,19.75044883479419,0.961201041486675,3.4624663428786135,0.029605512810230473,0.5975916665048354,0
0.46919657158142586,15.491499262211331,24.200594897109816,17.050423018750337,1.081697067629294,8.236136962332079,0.028015324193139176,2.514475936827,0
0.577966053226934,23.52465717275423,31.358408761470727,21.655194514086066,0.8277423795228198,8.986767001164829,0.1601195822835355,1.7665497643954475,0
0.6310308746119608,28.224577111005154,24.22196865934921,15.953266576025598,0.9287145758949843,6.503126450804341,0.00963744124536809,3.5523686622028388,0
0.6395683810789956,27.520753804503478,27.8096015180493,14.871383025126963,0.6949629126675604,6.56676944830848,0.004692261219977326,3.3059471130340534,0
0.44378319734216976,10.636349811110115,39.408136481810395,9.675673611581793,0.9610420757433529,3.8392899942945378,0.10627169068802506,1.1285918801823187,1
0.4790778126255472,25.28932146380553,29.132143466573766,26.109023424883507,0.938938169296287,8.894656973808566,0.11349911414374728,3.7690726752565196,0
0.33165618077790493,14.152087052978802,32.59339235174161,18.001147442784713,1.0598399532177791,5.535392508717324,0.10268443570226005,3.655917250749545,0
0.4194129933503811,14.447022312536244,21.981506176421476,20.78572891851267,0.8752806239334722,6.70622052889948,0.035767279165589715,4.303948567921501,0
0.5964851633097458,24.330790289362653,36.49592167779731,19.988809417629096,1.0166690701950183,4.7889501224580915,0.05390291310913053,4.021565244345205,0
0.6615582823548232,26.990900761701006,34.64581344124281,14.662830335197503,0.9333239888784669,4.463934825344779,0.04143266008099955,3.904641855062918,1
0.3765651128120078,13.06205836162562,29.1683259997347,13.704675442759033,0.9337001223400971,8.326084519192236,0.0035988566800300294,4.904317854842557,0
0.44075357408471055,18.22389296541465,33.487885618540204,14.973424370013824,1.016072465192606,6.079447359476614,0.04529659067332179,5.441684860321278,0
0.4973594243041073,18.07196010930337,36.442359044027555,16.384157805853036,1.008104588463402,7.902750922140763,0.0006853834773196121,3.084629194668244,0
0.5280161158819607,19.907558657208362,28.481054808725247,21.833031235069026,1.1522348078103277,5.510656343490089,0.01965119678877713,3.4605841679285527,0
0.4190396480078354,14.702748513048162,23.189899647985765,16.02141168239694,0.975871393174033,3.3032669271538184,0.1346279721468513,1.8087177643453551,0
0.542406104446409,17.3982303086374,49.44459546149452,28.732453157973108,0.9300229301753994,3.8333141342430244,0.018123533167163055,0.963197462570089,0
0.4526160652929084,18.542152022362487,29.93381836231782,25.135755179465754,0.9638385109825548,5.205930484929221,0.14052627967355913,3.57014415099536,0
0.4985547729121721,21.698089226035897,34.22591917450489,24.04179774832854,0.8570671766318014,3.7469995679133463,0.014393034896834434,3.4914822720992937,0
0.55462842480037,23.729787780243917,43.08671788016251,19.40170548763425,0.9280177812866657,2.785077182744619,0.01888487899076718,3.2114809984634762,0
0.5006422269810937,22.48546483714945,63.23244150056387,27.57140367860242,1.4062317426146462,7.4028340635740495,0.04949787228271592,4.869315044354654,1
0.4563614109473431,19.22747706793833,25.044108400889073,18.90997184439438,0.8174642478608266,3.9102598583529757,0.07169592455432747,0.5791849805455656,0
0.4890390196074169,17.963384289645965,38.59861770981208,19.84369292922877,0.9442687332241382,5.276385495582641,0.03479632877559301,3.9082494735980666,0
0.49116370407946647,22.165539756472224,29.33958171764715,20.849872698746346,0.9225022673460619,5.592267179771209,0.10690257676866599,1.1467862102885287,0
0.4629988970117872,14.447403260945684,30.68967756338631,23.50911520271672,0.9505656775511201,3.8236937493588625,0.00205362325315556,3.7306002238577967,0
0.47412039373328974,16.26280160179415,29.23830383194568,23.184540395014928,0.933752138224321,7.901598932617478,0.1276773754268878,0.5907114045799854,0
0.6598647170504717,23.501988467749133,25.99476025759532,17.624373607776985,1.0558480202442,2.7657164775907743,0.010926945939713419,3.3145241651682205,1
0.5560919447941238,25.483845969182884,34.66966910572271,17.335031402870232,0.6579649797216411,5.523250527161542,0.10781126780264912,7.052475586375019,0
0.47045196819708396,21.646444270303583,23.203978503614117,23.19951478576042,1.207434294506401,5.492235412753168,0.02561326460342805,2.1191476102193416,0
0.5696954404510736,24.24973332917793,42.57446053209496,23.576182919456162,1.1265165599284395,4.8914907942717045,0.08941538842167258,1.7940689741197422,0
0.466618051024399,21.880511636611352,35.440023488266995,18.033244375885637,0.7514256827873731,2.406174773456035,0.055686126243541606,4.461637088661431,0
0.6173124637586641,22.054650203110597,38.37947978321152,12.06405965160773,0.5461845454095198,6.741635103726928,0.009675695860512992,3.75511819697802,0
0.5369642192198094,22.524354128375318,31.270491104430217,18.963419519958777,0.8045855707717198,6.487021340669193,0.12508081602791796,1.746944346894269,0
0.4892697855995771,19.195268138833594,32.06236852630602,23.117628994129294,0.9514667077145755,3.6488629428175674,0.014086152503183486,3.041349015026613,0
0.5447716925810278,24.331514014895852,37.300511241338626,29.027084232098904,1.516058379738155,6.4149744144107235,0.01399496310848712,3.007479323308898,0
0.34291238479315006,13.37082269406941,25.687594940753396,14.01021018829669,1.1086513929948547,5.749815372601551,0.08414854389916221,3.8969116180154755,0
0.3873232531090195,14.338101459130534,32.136076524693316,17.867143735847133,0.6384820701637084,2.4387757092777833,0.005595387078355969,4.592228060759528,0
0.38060749936009447,16.84702553008675,28.12309188897237,18.05298219237312,0.8620688990198112,3.292142170857285,0.012553745400795492,3.6032374186106972,0
0.5142943094763707,23.200279880628525,27.875449515271885,26.779026697157505,0.9893575127454034,7.276562889779159,0.035026475493197734,3.5039767664033667,0
0.6732514999485092,84.81058173851808,18.121294074994868,19.825292497706837,3.592345584913139,5.6188323702841005,0.08873834186857292,2.1267611646196323,1
0.7231300146192632,28.7419735707134,45.71461271584,15.463367203138672,0.7370502279379154,3.8713941083787478,0.007978163601949756,6.011295432566813,1
0.5638051101440757,19.376882504838072,29.50768997476985,22.793476414609096,0.9730019544045877,3.283048217654716,0.03966696869751872,2.831763323100289,0
0.5500844474944457,14.509194847299014,44.3070084413084,17.97680739979527,0.8564721724778919,3.9692124037691583,0.06210807175881448,3.5072991253656327,0
0.3198942265847261,13.397147957630231,43.55033857115434,13.878063633210228,0.7792482874795367,4.111040940244591,0.09851867626296518,4.654864839921491,0
0.4457326200265978,19.65602086982781,24.71200234786805,15.536133463619247,1.0519191293397907,3.308073934741497,0.1371053504673385,2.335659781066504,0
0.42122162480917613,17.63506541962722,26.292710114617236,28.670209772113097,1.1547754346885646,1.5164717752333954,0.0767721917685968,3.534332135380062,0
0.43791524017488836,11.667924453732432,55.484023674845474,21.92104610824731,1.1682082553923239,7.280026572801571,0.05289680458275801,3.4034237081387015,1
0.48318561814152106,18.274876435431416,49.007407535417144,20.538800277262716,1.1148772702267753,6.941267345222887,0.028424509929434013,6.2652834245958475,0
0.45279094223028726,11.456594409058248,34.74785189337517,18.750531320939768,0.9005260933719474,2.453489096386281,0.00594537955969886,1.3666685669002083,0
0.30207001896242125,16.191904081459406,37.05898485133879,21.460744210593994,1.142909952292701,5.272622591127336,0.06184842668559563,0.7760202035143826,0
0.5747910256117534,19.733477278115878,29.953228776422492,21.401179730012473,1.0618108876208576,3.1955235945704668,0.2462502117343112,2.788399685061738,0
0.39272569742601937,19.475238725420464,38.45882171360272,21.46084414103663,1.0267883765904027,4.476865553546929,0.06673456873369281,2.9331598342184595,0
0.523924686411115,23.794596387497037,29.26254479422023,20.574225451388767,0.8776613756596403,4.310466840252687,0.0008426149704647727,0.33948889008919014,0
0.7074082669749974,25.59455962139171,18.741169885612923,24.343991691527748,0.9006247745316943,4.1443315685642546,0.03428474867223196,3.2627922219334304,1
0.40806154084135765,12.924106779851071,24.427553707911592,20.115521730003657,1.0147773872249108,9.005894168152572,0.047679726397153906,0.38600315562899445,0
0.246971247725367,10.929960558173693,35.1687419828047,15.110305822236807,1.4879748933971002,4.119348630647619,0.05850662845973961,2.415113884591476,0
0.47139957781198893,16.323011000930343,25.951462115979297,16.93788554549566,1.060248496018278,3.3834723498661505,0.06359934981535237,3.856385420125985,0
0.6100959634998571,24.711292466468905,34.46178028069173,10.10490653255144,0.8777622995499428,3.4748371410059042,0.04083453845622864,1.1363759096044699,0
0.6958347454220594,26.38490704446162,26.402711684537095,30.134085580211963,0.8335221110061114,7.087553912803511,0.012638939243594358,3.5946021355950437,1
0.3770450405547583,9.738326378793431,28.74116861998405,24.313772959763433,0.9016466774687595,1.6957953366141303,0.14253889738001013,2.252440951765352,0
0.5496699223236522,15.295392835572711,41.82532245130553,15.849647524353816,1.4354586895098131,3.4747541671289595,0.059646115604285226,2.963401433266752,0
0.45346895432199463,18.818810918363578,36.979844381120834,18.5907757530145,0.9201486708108075,7.893645680223068,0.013514380971726747,3.5758200588251636,0
0.48940516456958644,17.89153334379158,34.922684629493226,16.815617628967832,1.181374106922057,5.487972375995294,0.019454139130106365,2.6411448962673862,0
0.7644343347017035,28.918103937325743,42.03171178456521,27.712736056870586,0.9248143509057287,5.3838440100722265,0.12750597911792896,3.8356454686392545,1
0.34970296716048466,16.075710203700744,38.84486874677878,12.900614178645355,1.0522369082559258,9.264292920287403,0.10923351961466571,3.4434249706320204,0
0.5253739661494573,24.53528547587563,46.57250633001094,20.572380294093897,1.1583490548017445,5.492695905896998,0.0259720009307646,4.246824656228311,0
0.5467693171765433,21.053138522976305,31.32112590147888,19.457360787175762,0.8856194300380151,3.583627677280835,0.0019530118450696418,0.4500152898597773,0
0.6085786324939347,23.321349179027806,31.56292017177993,24.13419315354557,0.8717776691694461,4.435845886247303,0.0024856413515281714,5.124890299739557,0
0.5097983153470895,21.892361713225235,24.591125868869238,19.479953861376526,1.3317739388910659,2.7291353819388626,0.016698049985174206,2.682478061559006,0
0.5308050539504102,17.161395448917684,31.56815426102064,11.208955616722825,1.1969185789791594,7.511874080031394,0.049594135141499726,1.525496939736243,0
0.4608351432578209,19.102864894555925,42.71815915441957,18.744410826787796,1.1581344637381457,6.149123435073431,0.04387690008040871,1.1676214144620443,0
0.5269126941245107,22.73216568044689,45.39989897809707,15.139188910283375,1.1574552586245828,7.248828299941778,0.05023257643842725,1.6272661778627628,0
0.46568077245025896,20.667921523263246,42.682441344693345,20.397897732782802,1.0919150976622132,7.425967857098741,0.0631654391196687,3.080029010521766,0
0.5621571889856051,16.676029451916808,,27.170885182601634,1.403555162635013,4.171578438144935,0.0009607849118668006,1.9136050797025363,0
0.4630389663956366,16.23749284639864,43.665161701285875,11.30287377883861,1.0087816603754314,3.11049429598222,0.005551360117248965,4.361394877313468,0
0.5377100393902187,18.873611817138347,20.291851013823432,15.99888632300048,1.1154524734401838,4.896573777383908,0.02227401608218786,1.3452088619313405,0
0.4970737186315022,20.182609608487727,42.18493859297878,17.236535231082513,0.7098174142811975,3.2544778584229235,0.008412649097126539,3.4078406407447117,0
0.6126050250772168,25.946434742392626,32.057723787431556,18.091844522933943,0.8350078626817519,5.329913750818049,0.003915379663939579,3.8898848430030357,0
0.49486062764115135,24.284556327984,40.620266511470845,23.70062832052622,0.7598362000329919,7.264193761669379,0.05121668599582627,3.4356778307912634,0
0.32269675317931185,11.422973686068255,24.340413216843473,19.13227791219306,1.25481271670323,4.663720707901666,0.0844609953586497,2.225868620260256,0
0.6261921500713992,23.554968507928326,44.36934106164917,22.079013628602226,0.48949196959585006,5.299990179815478,0.06984282875849537,1.786643211629487,0
0.4094267699137381,19.826086853185764,23.28020203116089,16.87113478134112,0.9195379954494555,4.812308767553267,0.08492432596089727,3.7955835395094155,0
0.434623366135118,18.274665460995635,29.65236071317458,21.149621727089688,0.4012586794678754,6.605455144875395,0.05480924347045955,2.0243865768520317,0
0.44043387059565076,21.420309357389954,27.01524297784772,23.888988154388574,0.8337424209036219,3.66443521142342,0.0664664701978121,2.1093337421633485,0
0.6374438093170818,26.363936381712783,20.965721177420008,16.33850225131456,0.9018102100536267,0.6071074767138018,0.01585751976830518,2.0260425487216627,0
0.28643257860213045,7.985953287945406,35.756220540707744,23.906790599032576,1.276974218758809,5.941737718750762,0.24814969150125699,4.467507978161883,0
0.8137748533659994,28.551609070306558,49.44871294269569,20.261863843637844,1.0793255878442913,6.975668842615987,0.010115948207952911,3.967113806798772,1
0.6056056809066052,19.569690489087417,56.335241778560075,25.22730120241126,0.8333716953342067,5.892748489517071,0.01207135114791741,0.718612098140958,1
0.522323891412916,22.87911116079206,35.77724629668998,18.992900499615132,1.2131927439463652,3.719539009063972,0.017048645701735487,3.7811460847377845,0
0.4945105999383714,23.346214466795878,43.93345020054018,21.906223275810493,1.0035664509059514,2.729975803627862,0.1851132928907809,0.6845611804915359,0
0.5285554074857657,26.690302723589774,36.8567571034283,19.79696884160735,1.0075133717414504,5.988995063560643,0.22235958217736185,2.617890098566459,0
0.5521122428379338,24.613805710487075,38.9910655581457,19.518938689797107,0.7594656984456016,5.282957905869347,0.0792113569998543,3.978383968967592,0
0.5645215585950057,26.069378076405187,32.26281079098209,21.29465214112845,0.8019972572193721,4.74841474468334,0.049585424030493534,2.369410150449106,0
0.5555604466003449,20.48236886605274,36.560615403380815,22.68403734612452,0.8349805400108952,8.644926685987581,0.036704977427319804,0.3496675291631318,0
0.5089580681255249,16.889075274789427,39.29982963685143,13.752175440379975,1.0092922546308378,3.1063998116373366,0.17637349465453175,4.978774179738787,0
0.4802661579692674,21.760884316023358,30.37232216898935,27.16816804408939,1.0155771453961349,8.55007404225493,0.05947437833179023,4.49467212009201,0
0.4848726716346488,20.647949122104155,34.3800456008561,10.701684797251009,1.308818532704809,5.06356780974128,0.1447763667471135,2.7748702212602048,0
0.4805091719647319,19.542700001611955,34.5325590480201,16.57593945130552,1.077011033587567,1.3288590462582506,0.019030147407584866,2.9817564002280688,0
0.6133770096867065,25.697194829367227,41.611226538644196,19.528654646175497,0.45848686126557836,4.6415946913617185,0.020306375792804542,4.126361535791849,0
0.5593556722280861,23.343783336498063,26.471742626978553,22.06177984542974,1.052528397574338,6.918992153198882,0.09645619935702071,1.0808421977354985,0
0.20596113653357195,12.089896040903561,34.58766233113879,27.880862638706894,0.7099967287664934,4.269889934390059,0.00811741311989367,1.432860104338276,0
0.5655900776529761,26.50855986056991,50.29604375242158,10.708542558874463,0.8068058150776927,2.05044291752321,0.14587181110082062,2.113040816167981,1
0.5194736194718775,22.411605835896143,44.3124812206875,17.461529358051447,0.837566105654734,4.67097093640766,0.03541043739881268,7.639448592579622,0
0.49812912435541024,22.46257359190519,45.79343239110964,9.365832561003673,0.8673323352975396,3.2856552522165883,0.13046494193708588,3.0645150047784013,1
0.4611481546911114,19.988113844918786,35.19545472142428,20.15810986955124,0.7249701215919393,5.983628802175925,0.02053339008834651,3.8409367965691095,0
0.6124112719986013,23.112941683840198,37.56798050948819,21.358417922500152,1.0406964006904575,6.546799632135222,0.06293181737774944,3.73911064142995,0
0.5947526462122859,26.059799873230855,43.0178893336234,27.953978710856262,0.7178395429818081,2.8874591845037876,0.0329735445033763,3.2014060725801636,0
0.42271223321763907,12.725004122127778,47.48204423624745,20.60317380446727,1.0713335214499693,3.588391889768701,0.0492825268701057,0.6108031593731397,0
0.5407052287124535,24.78988380538579,19.387176696936905,25.220125647211898,1.4473942154123258,6.513284930213875,0.035096531431340214,0.7962093387895677,0
0.40283432654587137,12.529804242536752,24.476469543601233,22.919185407695295,0.7341281882131871,3.2823114434020817,0.17073787130257184,3.9935950533989257,0
0.36203818352110695,15.338937201228475,45.475552811221185,17.823759014974158,0.9430979391321556,2.83568372834401,0.058899887763355877,4.094606773662827,0
0.43732827754100345,14.957669226361661,32.78488515384957,12.955196266039803,0.495308527497506,2.6426177364074905,0.01447211227414602,2.606217244649115,0
0.5862393472382759,25.109740838754316,29.626233685935382,21.375011491459055,0.9398129414059734,5.704077225916241,0.12021811399198666,2.5147404042399852,0
0.5953125045376086,23.71072450372062,24.966712104035167,12.539489914273181,1.1285434305262967,5.618315439034928,0.01740910822043892,0.6537604892599529,0
0.5513085420097293,17.268073805899178,30.559866387647126,26.47603536334822,1.1441278462714535,3.6319079392419167,0.023229324368539764,1.3474702778851775,0
0.5725095786847997,24.162482040447426,23.7810457326094,19.18968948981588,1.0154727460568194,5.010170792256468,0.005386148426012188,3.6792437892214824,0
0.5516178287114959,20.330950817961707,51.72875418185981,25.97588705755708,1.1778526849517952,8.054264768310262,0.1151125173494825,2.270327794324835,1
0.43585184047770476,20.077513781548298,34.82051158415541,17.598927829338002,1.5092109071885584,3.0518796861635566,0.016851461211451164,3.9996256800329,0
0.543192254467394,21.731667244898986,34.53639566589826,21.34425393200496,1.3424609374875198,1.096514781979101,0.0149821741492508,3.261763046445611,0
0.5800409525227682,24.387901057074842,39.704613401342655,21.046744286673444,0.8954958141180727,5.910151151440741,0.12645082591921494,2.8069696603225713,0
0.5754291329813574,20.14445845420866,42.69876135413256,19.77477940994538,0.7097792027066523,4.7791976721968235,0.08187306177566464,1.162236913671057,0
0.6188913371474642,22.987656791616484,42.567105252437116,17.836702433017038,0.9187697166852393,3.5799498263697975,0.00760391186299623,2.3478995187989815,0
0.5708303847201064,21.457299480501003,43.588975551260575,21.9622800923526,0.8106034468765304,6.304160474709816,0.07333716674454697,2.421489240894687,0
0.5351448207541583,23.975900270893998,29.95323559367315,15.369183682583959,1.0902695095729265,6.6784502893375794,0.12211138350560569,2.676012160719248,0
0.6070150238316427,29.31273221668218,32.61706556034511,13.952823355204707,0.7637612921141004,0.5834439602398147,0.004088233790250443,1.8721410829747849,0
0.497347874075094,17.478399707775132,41.152253243538205,26.21413446663414,0.9854355134819316,3.694804181337023,0.08720993013236157,3.30697716449398,0
0.41181253487722824,19.70304582906217,30.78088750688304,23.635839944460503,1.167602810907262,9.63503246239371,0.03963954252524367,5.617099280890279,0
0.4836933036056236,12.838699891047838,34.9591469437822,20.3294580430112,0.9798608254365646,6.166809831596382,0.05531168026996043,1.81310208314301,0
0.4255097355193551,13.437821217497337,38.19011011539851,28.32571191271891,0.8107372354504407,6.352207276594299,0.033947850833171526,6.858908944475903,0
0.4324821725025618,14.422951531542148,41.28148065848301,18.661172406375776,1.2349628115171383,7.345788557262956,0.05983382186766867,3.916567327788612,0
0.48554813292844823,15.364399248815763,20.77855230103839,26.613516099944896,0.6242038110492345,5.034137650399452,0.001734637798733469,1.5417196488471732,0
0.42075800790000384,12.079555146637414,40.71796519911156,20.87787042462911,0.9344409888245073,6.59336832018324,0.07192292240545065,1.351396027680107,0
0.46920384703609597,20.007150617857228,33.130207537186195,14.876246249618049,0.9916679953237331,6.436124087674405,0.0016956136828111,5.466528864957917,0
0.31063853330462143,11.783338239001273,40.65966168691505,29.24020095885425,1.0031817316799263,6.078082993505518,0.030375990753800625,0.7407156192071617,0
0.5213293707372939,21.991391022307084,41.21545353883863,24.953554233120425,1.0360992112156162,4.355976058765191,0.008182743022938501,2.2474081116053966,0
0.5001205475362224,22.076239959813435,47.86332048895326,19.39489484495218,1.1220879639618986,5.3441178447325175,0.0867427663018111,2.2654964328272746,0
0.4182911368931809,17.528496455244838,45.82762918096962,23.635856297669747,0.9929185121909299,3.823276871386444,0.018819173594489858,2.6603751537432476,0
0.5659245668432406,24.610272202180745,45.77257330088237,17.981482830010467,0.9263883435712639,5.02562860913299,0.03026538225147803,3.9659204855883274,0
0.5937570137626559,23.54168369177943,46.54936255332991,24.14574517529771,0.9184821310680609,2.663018215801466,0.027996481722606704,1.5461447655277665,0
0.3392440135631026,10.008780377606868,37.33103187852757,8.044607173580204,0.877696839592329,3.418752017454095,0.07403068405003983,2.146560154887973,1
0.42372752214337855,20.12254342819753,35.25748069629472,14.900993331527031,1.157508664865373,4.435375916150141,0.0328064792201506,3.2469831166378387,0
0.42308576502127015,15.156094202507425,41.98253666542668,24.896298721434814,0.8706943041046971,3.1125891371398478,0.07778498502968288,3.232268107868044,0
0.4060096898891135,13.433598699277264,40.85664761146418,18.751722308905403,1.1693542218016488,3.989965458509647,0.0038175083352400955,4.8060439626034945,0
0.5829474841931749,22.7841457403138,32.527470106093915,21.03771147444371,1.0037998164519741,4.672148046488968,0.010634541585393332,1.0122857399688794,0
0.48061738612271965,16.48626268701925,38.23858727046614,13.266071689422827,0.8957490386287741,5.804524689328755,0.04009614826370303,3.8489000688964436,0
0.4735485158689389,17.68964948878926,34.719228265723245,29.239334978510513,1.123681443148827,6.898514603705818,0.14695656301808036,2.3800570962770857,0
0.2996137635593247,13.016712307063386,28.168536732319552,25.952648218588383,0.8545092150553764,4.072431257243784,0.0038849894201115074,3.3624308859562495,0
0.5635418030209226,23.586697338575284,45.3236859310108,18.996573908123352,1.1276368081456425,7.670209234537248,0.002201994578266847,1.7779066588022985,0
0.37607416051465276,12.34947622130922,35.441593940240715,17.976520715683368,1.042545224238357,6.877222157250987,0.008512772788757382,4.1223380484838525,0
0.5059932630266328,18.776614402219078,51.3896660615908,25.148021807098466,0.8807350621816159,6.008187663887884,0.051242976213753004,1.6065868141970592,1
0.5277376937958191,24.332506766143496,21.99606183840134,29.912352250844638,1.1057269630669118,5.307298258593238,0.0254574279304986,3.8172973751352925,0
0.6360658595838651,26.931834736556425,30.54576981725307,24.768801279056767,1.1093179451377277,5.638241683737083,0.08730653754909953,3.653684239384618,0
0.3691179600880888,20.989913521569175,35.26111069352697,30.85901333698301,1.2315039211619916,7.374102301332764,0.0037325756874351914,2.0462394381476225,0
0.19804878441791746,11.462335897941282,44.099048781031314,15.38824335469041,1.1932294024818593,7.447159319518548,0.010933558791501116,6.351806933259992,0
0.5183849544753695,24.168277384694598,38.19575498081748,,1.0982548041452567,7.669893456767286,0.017835633337146824,3.7236135862114588,0
0.6800511181510853,23.038439074676006,37.48378203344601,14.055294409733257,0.7744818097582473,5.082653663754006,0.04927267464253775,1.55011454622642,1
0.6238946352939437,27.247366466658015,25.981889659566825,22.208803248247396,1.4897173976348115,6.109934329997226,0.05778655068326458,2.9661425767863916,0
0.5209659415274626,20.67931725600777,25.74446882216423,20.87801774902185,0.7192767577856379,7.687093013244103,0.006631064285661359,1.5757619139466965,0
0.4508363814367953,16.380509846857063,37.58003728231924,19.24024438264007,1.1898526348564618,3.7525679301672143,0.1439461157740832,3.558242947537577,0
0.5807122596637311,23.732536408146828,24.08715204945313,24.04629314061649,1.0862567633772597,4.363166292563393,0.020854935984847018,4.154737500998377,0
0.40264538002955313,18.941449805016575,30.74497799768537,26.16164302607332,0.7651715255037771,5.032073326026957,0.06244306302839464,1.4727183779328554,0
0.5476357769356219,23.407925850437515,39.00733863268686,12.37168795356579,0.9751398122243001,6.799197475958813,0.03713869521689897,0.5971881218757937,0
0.5505470159166627,19.386459232640327,27.141405821785792,17.015139860494422,0.9842494227510719,6.830344301437245,0.012600183444232187,0.4708614585800265,0
0.606020990749888,26.46821637077338,47.84284769889445,24.1007179706153,1.2611165431621048,4.5382717776041295,0.09361431971830601,5.27581964081817,0
0.7759660038911078,29.12587752941642,44.79149075390312,17.66130658070709,0.8573378199439576,1.98278109124058,0.0852528647546158,3.0404682195039197,1
0.5392415967178767,22.219713225607926,22.428640013293595,16.00896961820923,0.9476109987151292,5.492367888591935,0.02521500257811309,2.9957423288459237,0
0.44910363742925014,17.0540952947386,27.541030054544102,25.092687138251975,0.5327860789957474,3.1633677253431975,0.04441038703320431,2.2210390190646243,0
0.49744256878080056,19.241103996025146,16.7137820440404,13.5524996513801,1.3469525586247155,2.020127590719555,0.014908557613225504,1.6383728460840943,0
0.3230924095110882,15.222425305565055,28.739269099614933,18.492100961044475,0.7859063513959857,2.472256878532567,0.05853522395280443,0.6836793861988981,0
0.4305286868910942,14.100566316196074,41.131107812579195,21.643220129024044,1.065382172847835,5.6527620156911205,0.018482712930089858,5.500553696273576,0
0.4590717561886896,24.198455470378384,31.688840461801146,17.130900430449408,0.9797184340556272,7.722074721865614,0.09292020533593849,1.1813025499849934,0
0.4475911602065408,12.440388200378141,,23.915778280065872,0.980399806643332,5.077789032472488,0.012255726787599732,3.4124448639302036,0
0.5152354872033722,18.816416438370318,22.82132545374605,17.155615124013156,1.161972396974175,5.422761309291929,0.000745704348948185,3.4578506625283554,0
0.41775800676177993,17.820955940296418,41.38380203665524,27.043097467229597,1.334252492060727,7.365789877755851,0.01563345261933951,2.097041181755653,0
0.6121030667324472,26.23706516860382,30.5591261765732,19.371268512521137,1.0502987339883982,1.9110901818328916,0.010601062111149742,1.4250546489387599,0
0.5000207064918197,19.699401097957676,35.09735745826324,23.356350683526767,1.1310156035261052,6.040352843200543,0.03549294632968724,3.256313721604045,0
0.49906996788613855,19.790626606440917,34.25700398885558,23.730119764914082,1.0657783073454081,4.976820431362357,0.011389170670815688,1.7834400310546847,0
0.46721052834870824,19.92007138993118,24.827611832861727,16.862299986279638,1.2035062847861253,6.1321149176641345,0.07202483006046652,1.2030701069016543,0
0.5155190683858979,19.927554303062877,25.775325346081743,9.732567256720557,0.9074167241027346,4.033032183192368,0.013812097248575251,1.4202581347554177,1
0.5825098264667634,27.479936832475254,42.74235575202741,21.803778773319173,1.2150781108832829,3.364125419147036,0.0613737037440516,2.0116228029285645,0
0.41328697842890993,19.049526479851203,38.19193726001357,20.361441735624346,1.2220999731294768,5.281017808571211,0.04319332596866132,0.6970193861787388,0
0.43418835109247433,19.986007096715877,43.400392332427415,22.779130137875637,1.216507401736582,8.298382646668923,0.21433530082578126,0.33569362796039004,0
0.46962739712233353,15.88662571478209,37.597265884020146,18.867362638085808,0.8679704265327048,6.721820209082925,0.4610079252403727,0.519507015753823,1
0.36541290765267853,14.378351032890032,36.14392507847373,17.84786150599642,0.9663324731525619,3.984614459639817,0.10182909721799699,2.6598560250824503,0
0.4180742140278502,15.821570714951898,21.19191505066587,30.042365054908498,1.047893397756087,2.3180559280374404,0.07135235317261839,0.32687419010694585,0
0.45237791264553406,15.078312378752965,32.83706642591064,12.63822969244611,0.7258315910341988,1.635865432604429,0.024425198626544714,0.3812956138683773,0
0.5874389180712728,24.57804927468821,34.78092543677005,23.66975239182119,1.318984041617203,7.632198903700963,0.06997439615883859,4.67441953678601,0
0.5262561329001925,19.43730804266825,50.624857586180596,17.126990709083046,0.9975446932995649,3.0898354237283447,0.1569518919991673,1.4003799941705322,1
0.5193589911367544,22.74057113502089,40.49565305678942,18.32110691129789,1.0567855775209443,4.348973174010127,0.001182758285243508,2.638434950800213,0
0.5850897962167972,20.193017159988894,47.28848945367623,18.414485837130172,0.8845991120545594,7.642422252155153,0.03860028866680448,4.361157020863148,0
0.4862628211600603,24.607634684927874,39.78030164715783,15.982828629143714,0.7346244881265954,1.7721970890420167,0.01229491850689711,1.6061664478519664,0
0.539046484992889,18.872861423939373,29.309574184404166,22.856121051181198,0.8791940229050458,7.984529018950118,0.04080828038490363,4.290238498749736,0
0.48967782470675036,20.245019999871325,35.93699372919881,26.953217979749788,1.0438408375267176,4.492719092214996,0.031409851872412235,2.6715540051966356,0
0.5265362349399628,23.437027328762714,36.889789170113865,22.350068306233307,1.1346857625507387,2.7028333695225224,0.04287380872090559,3.391762982250558,0
0.44172413423884177,15.957044078953333,27.486755441834546,20.516909981060476,1.032358308120544,4.505298145702174,0.04003241277000842,5.009945590903076,0
0.25611828417235705,12.802137297193134,31.92490098725663,15.067797504503767,1.06934480324839,3.554806437197045,0.16107776954574582,1.8519683378557994,0
0.48657208378136957,15.775332557853533,33.35386405058262,22.584126329122256,0.9325947250637246,5.881639597811431,0.04016887773039923,3.6721514882365955,0
0.642274813609994,30.047345641947445,47.844958660520945,30.781748158646494,1.0992497132490857,3.7037351322244447,0.09361554395401224,0.15695904534768257,0
0.5926215402241592,23.747309403863643,18.354075796872173,18.096526881024538,1.2965665732771814,1.176715578161914,0.019269911580623886,0.36356327599788996,0
0.5965397484591171,22.07235571445804,44.646547365728345,18.12008210324067,1.1409578884877973,4.558874931182021,0.02882163033448514,3.5662496008689,0
0.6236130721806218,24.046977569942566,27.50563812032494,17.194554345095014,1.161908377650588,2.286909895426922,0.03178293601935161,1.9922774563632482,0
0.5088657590961437,22.78138817202391,24.023366501843086,17.552928827527897,1.0588032798613263,5.40863976797664,0.016336950955362688,2.7632114973885322,0
0.5197315707405595,19.035896954071067,44.43953704030771,6.273502231638076,0.6993689860800796,2.6257393354333516,0.023884878510534082,1.1576356334219673,1
0.438234810456565,15.281319349994266,40.85518455387505,22.025176929278565,0.7910666938737514,4.023974393655828,0.045629016131549544,3.4667081028304385,0
0.468392714397295,18.071098783140584,45.03614961904952,15.772239118226931,1.0909751601327686,5.365175608428673,0.04339738615754009,5.152567456762306,0
0.5615771149771142,18.932198260774662,41.40561558036461,11.948684406041,0.9978121896079828,4.575082549931461,0.050589906435077506,2.375852779219111,0
0.6203884437168816,30.27716947250071,51.47876001389922,23.765949748662745,1.0879685772945655,5.50086056600209,0.021679181368974038,2.798402673966312,1
0.48605537243190006,17.743031123631834,39.469790695555886,14.589911074790319,1.3352846835688148,6.360574331435513,0.018977551979193635,2.7840615074522974,0
0.45498107351485884,20.694093299135563,33.748180991014735,18.30665473058121,1.1452071998458668,2.684132600537388,0.04728827928657168,1.33564839513495,0
0.5000527958856598,20.63052208636971,37.74341101857074,27.3322119559429,1.2517772411485644,4.871204918750585,0.007127842759972001,2.071710151245532,0
0.5601206748929115,19.45122484427056,44.94775302676771,12.953921009877433,1.018936277894146,-1.6590075950162584,0.014586616084577923,0.6699765879483698,0
0.3556145183866458,14.206716607827644,28.764997397919064,12.33700882701119,0.8385568645031121,5.494666603365047,0.002152042350657274,6.267320807394421,0
0.2703819046862762,13.167284525383291,29.784891339748953,21.34653094781169,0.9884267681571318,4.398371739250315,0.003769100463357663,3.675474346879646,0
0.44494631505084165,17.233068596774746,32.52831988321674,25.747436820051842,0.8390496372561724,3.0331004730440574,0.013944923359340756,3.4928356567452528,0
0.3779287574085841,18.69648913389645,18.163337609877342,12.128291411340186,1.3116589913544896,5.631438844593048,0.0009861248204801184,2.83062468350205,0
0.4491859802352689,21.031985387756347,36.104627267340376,22.038448684185887,1.1580782153070939,7.345395154370134,0.014079075412100798,6.674449676210172,0
0.48522196811825286,22.165623288705103,19.91097036839179,22.90499769980846,1.1041024993256559,4.047964504802113,0.05320711177499522,0.25684789850033996,0
0.4546751590976987,16.808036047088958,35.42447450346095,9.704197581538399,1.2471886404456207,3.1103710195165597,0.0031526920427257226,0.9013307683909745,1
0.6452467534470745,22.57034279453852,41.922318049082,23.9925066895361,0.5959887170953548,5.330050524877423,0.02870040237826852,4.48154140304921,0
0.532674476460232,19.4662162423209,31.184988314849313,24.383029399210898,1.117627590268532,2.3287866667072787,0.12215491835615254,4.861495727245208,0
0.5300474359610828,21.790620260443475,48.416926961494966,18.441072133719878,0.7378708431391254,3.6792372589289215,0.07833923871614973,2.3474685189969513,0
0.5622207144043402,24.126188716770674,23.315992804652097,26.26173181149004,0.9985488603068677,7.444804323301005,0.018223656567015228,5.734981781073849,0
0.3861166882219231,8.929953314595581,44.53008545305466,25.682277871624226,0.9376584815065571,5.124358459624576,0.12938384561359642,3.4092886535648033,0
0.6039111787420268,24.13210754484582,40.40109645125537,20.515589628586024,1.1323473224193896,1.2410660721076674,0.01999750444717429,6.887857214570348,0
0.49242357134645404,20.171210529827714,21.27173401351449,17.742773048375334,1.045637457792191,1.406016705441198,0.003763959614084893,4.397180332302519,0
0.5670480617241213,21.849289700018193,56.68635439232426,15.135860537085215,1.2690234347223577,5.3241713852935515,0.256268284919777,3.2805045843597487,1
0.39281427669598445,19.586392584887015,34.49003771596827,19.812182453169044,0.8796205678134773,6.7247811518353755,0.10201970648064361,2.1921144067482277,0
0.34462412339839354,15.050305158688355,27.980127822754945,22.848794598520897,1.1418228779266568,1.7647570827476997,0.03136167869877068,4.228045287811504,0
0.5817889658025028,27.202134356342803,23.743302441727863,18.379115694796795,1.0324446433797665,5.899425214993017,0.05488711199237947,0.9446958897481903,0
0.5376409526097516,20.85775654333937,33.23985577872261,9.01249497368985,0.6729419459856895,7.6606870149794375,0.05561955071938394,1.644257165451604,1
0.409794844564249,19.204226260090735,33.98074502088032,26.34356947288285,0.8162767082953934,8.775717975917278,0.010813500834174199,2.386606342482776,0
0.4130336918725306,21.426546858483782,35.821164228317315,20.95111610922447,0.9700243932955663,5.6624455197197525,0.011160217230206238,4.996204589849141,0
0.6125434784414769,28.436819485477063,32.61763075020832,18.10187751661583,1.2224584899783455,6.013605189104949,0.03170437297298613,3.617708643290144,0
0.3810588107132672,11.965927648244488,40.06580248092075,24.285791942116443,1.092744611511423,0.733631144743712,0.1212789755446892,4.208645891577987,0
0.6642672953255964,25.809663580396712,31.89896133869403,27.62319298241378,0.7664998352238571,9.199505095991977,0.0005022023925812645,4.2778426844350275,1
0.4099379265352131,15.362022945059136,19.520287062076232,5.990442152560542,0.971936754390568,3.849019573807757,0.0762791170599989,4.8510833944212965,1
0.5638391925608383,24.02133130766251,33.80510803480287,22.17131824961036,1.403561289758606,3.133057683149917,0.0029623888899071873,2.9223742499005616,0
0.46713815242510154,20.74458676204766,16.060178773013774,12.866753945948265,1.0222446669681715,4.489587731120751,0.03252566445462001,3.7120427326948287,0
0.5603187431082343,19.89607170225216,37.83016504713112,22.495552533994704,0.9345348849855208,8.023346828370862,0.05078799194959624,3.4279264647092593,0
0.44558859978858073,18.027059533294043,27.165598157738916,20.639636011872895,1.098347928151244,9.416092095087096,0.058039163465333034,4.913200617084038,0
0.48372070939277056,13.289046379242414,36.306882839326406,23.17863263220275,1.152678615916394,5.250817358951688,0.0030129453145208347,2.389845066345098,0
0.5040919175395722,24.489511718988556,45.512599852196836,17.503761927526725,0.9087663305039881,6.996168345207311,0.027116125636368393,1.7174946796483188,0
0.39978125442185275,14.45412745484403,27.410010437856,10.633799440904241,1.1005149548742874,5.086408097371008,0.043833944725217885,0.5797842914322863,0
0.5740824345420126,23.130889201213996,43.49005006809694,17.748159043716658,0.9342221006658381,2.924409053963632,0.0034163798543741437,2.4153125180346917,0
0.44867864335284147,17.018196592149472,31.532883466510775,22.034238175698917,1.1438655203658876,7.953487341576581,0.007256754600424186,1.7167792038623244,0
0.47714000846599813,22.52368306368017,49.02555841652468,25.076961643376116,1.0339386315942567,3.755745039287222,0.054479999510802825,2.823529642476745,0
0.40056506253914875,7.5100831773738115,32.078779094414294,14.140843497637373,1.0963935654105785,8.071061546743765,0.03686939609525252,0.7186876899903669,0
0.24376663412046895,9.70083433784103,28.276056115946467,25.135302134365087,0.8481632907664991,7.5970826595381675,0.008826636895288491,0.64158075595507,0
0.4808972237399831,18.91843267710623,40.497907603162304,16.760638551767393,0.8357427231854282,6.228072527914416,0.03831163544711492,1.1923155181353682,0
0.7412615421612916,28.289552523676615,31.513682163010913,21.812249407972633,1.189099460931879,8.657949512508706,0.12191587298181501,6.062054874171865,1
0.5784604287898024,28.317096788498993,28.26840388696793,17.450530235671835,0.9841207237229013,9.464692066371477,0.0007855174286688373,2.1390205450281576,0
0.4980739620265605,17.260970104495108,31.17728119436967,20.91085313856051,1.0570069484198723,4.649513274071377,0.05144970892220168,2.8084789227180846,0
0.47371091707917323,21.26382521487391,34.64314774253599,24.459388172851373,0.9387209145826961,3.3824117631671378,0.003825180757255996,4.786659761985571,0
0.5022465892812047,21.158621937366437,45.73744104995883,13.86492961355732,1.1797453548027288,1.2714603254870553,0.0003235165239483794,2.9657401561275343,0
0.554711911517521,25.97303421830739,19.527298036323383,16.600470516265844,0.8784380039940685,9.489364510860511,0.008164460637466486,2.93180993036094,0
0.3819187184691155,13.275181484432105,35.184645271603365,20.924812936710435,0.9728797520198235,4.120635982163101,0.02748756045102942,1.258750374163542,0
0.6114321694668872,22.25838008130421,39.999228757232345,32.00791830515176,1.1571985625406263,7.270073714203479,0.08106135639292383,5.35540133785156,0
0.5715381315441244,26.14973498419717,36.54758859993437,15.68405143916586,1.2345935398328531,3.517489264981034,0.01654935016520239,1.6527261635816104,0
0.5718185725707935,24.14870682782207,45.47892135546827,30.200669429984593,0.8952481417946633,8.07653128182407,0.04913130497052201,1.5784207454043788,0
0.5438475738809727,17.11909091520863,34.4052373619318,30.022116518375853,1.3919367963911766,3.5997648163691736,0.02647975347510606,3.3981940328378606,0
0.501961665769399,18.460551587386153,33.523588462512436,19.513444246492043,1.0626483387387233,2.6165617327653137,0.013350317592913287,4.109320081358474,0
0.567286123596682,23.85059290541146,39.73863637610675,18.5092373690005,0.7914143476382525,4.582987138092499,0.03610276249983517,2.2547704922517977,0
0.5591814133741378,24.88054919960528,35.794510519610796,16.53967400667654,1.0738104097179937,3.9364485980767254,0.07984200258120328,1.2815459297244782,0
0.4645959289058976,16.54614519665704,31.876730093756233,19.658987348336655,0.9234001571033085,6.192599570922425,0.08933631884254278,1.6781076170007685,0
0.4426398227103099,8.962824938961571,39.129152316691034,12.96640283720221,1.0868136974366354,4.897210145614952,0.09370909817754698,2.390338916585785,0
0.5101856295261986,21.977094738259044,29.77977365426684,19.61880491339701,0.9914287504679324,6.255404789103843,0.020666634769952258,3.3381797777332167,0
0.6549020151495187,22.535118536148822,30.110582783845384,27.48440136925428,1.014854738038029,4.417957053829412,0.07886210637722739,1.603738664598382,1
0.3760892924346099,8.991555303017163,30.77604782587509,16.944574687616413,0.8176813246827708,3.6697852579623893,0.011924184032288742,8.359192541149241,0
0.353247473424756,5.632921162037816,45.82455328133126,18.796378480054745,1.198012246143272,3.832878904207853,0.0670517308383085,5.796784116297093,0
0.5164760841236516,23.10098594553929,9.231869152114292,11.49429762866379,0.7687745265697936,9.089877596062053,0.1481965917804938,2.5697132839245436,0
0.5050887701856018,20.589403158638973,38.164790678103536,21.870310440655217,0.778247020919001,5.450341864453872,0.0006919577788835195,1.264131982116321,0
0.5173341664370408,20.016397515344877,35.27417451360178,21.32240842475687,1.0734720698294973,1.032475581093911,0.02902342918097994,1.0761015093170452,0
0.5243953197908501,25.142885880522286,21.55303632609504,20.318511798828855,1.320568849435594,3.9595819730918382,0.05217368569183022,5.777163303593857,0
0.4776797745365195,21.019165030529997,37.47781423308802,18.915864748889284,0.9294813805871186,5.193732064951751,0.060495481369773924,3.712883891886783,0
0.6489863438602083,30.808353882574078,38.80601593465226,18.536210406137727,1.140194464540793,8.690799362500758,0.009684562874918626,0.6984142610443221,0
0.33990960215234844,9.418177669592948,39.7171138508592,22.50950116850336,1.214668035372709,7.057397431779799,0.17910589145289035,4.086851641362715,0
0.4171502975219754,16.582360029017124,13.785375495640409,19.855916992056883,1.1629368874588137,3.15656432703617,0.04776007249027252,1.0609664245785648,0
0.48967452398509526,14.736840834559768,45.93111529483551,21.57485935777666,0.9377583421652638,9.836711507144901,0.008976708332587666,1.5054473955521772,0
0.3356811188845833,12.739097759816929,29.09810636252127,21.074914087272738,0.7817906565611851,4.9376792703970445,0.0010368012361410435,3.942433551866915,0
0.4824145595567929,18.550734820971684,40.49254197402541,25.61713643547881,0.558490486865729,7.492659622149889,0.07645380865739175,2.216970399514422,0
0.6661470165728018,28.525721574701286,40.92859024545829,23.38497048687527,0.9474319001075213,2.6899830052001947,0.00415303625212126,5.494777631952761,1
0.5020886488295961,20.22023759660954,27.986423315045656,20.96430921575095,1.235617473712435,0.20367380949820468,0.0076022819115694855,4.347355989073629,0
0.5230700905718684,22.793025037714482,40.2836796188124,27.592110153260897,0.7751668030476132,2.1831370192632784,0.042763312660049485,3.0104109240590544,0
0.373983523482742,17.069661338726362,31.916054072701133,22.101342645282806,1.1400419695037531,-1.5006669523914118,0.046254655903913325,0.6692577506646,0
0.43836385919605225,23.999340399991517,18.428982565294742,26.524813443952095,0.8099694939896256,9.224178654505817,0.05805957549917227,2.198953724889633,0
0.4624803619676063,17.553324512845876,44.341935404222234,23.034713041933188,1.0212145152773677,5.429065837772832,0.02500368275047033,1.3768140248023735,0
0.4682284903243766,15.906071510975927,28.79964029587008,10.790404605342285,1.1415583228310036,3.1507119631039373,0.07433860063965207,2.1519900333985307,0
0.6281643795003768,25.8648260259643,28.164052298095566,26.524173816596647,0.8681009126323145,5.9052480599602415,0.18317735156280512,4.1374543274264095,0
0.5557691060725125,19.82392416148187,31.77547305570622,20.675881206713346,1.0340969361393828,5.378668072360331,0.015810589643803632,2.831393223060559,0
0.3888542043062968,20.00005047756148,37.1778938026191,19.74022614549611,0.9169817326549342,6.241866791227983,0.06070597484006018,1.8293199574692305,0
0.5246504778432005,20.136364996892322,34.54183671342318,21.406741737447884,1.1410297317876354,7.419062802272537,0.13188097486619507,1.851961807211453,0
0.5498221748496785,20.296157890365173,39.384535397657366,18.275084190214663,1.0470634336969273,4.420157693949969,0.057963798354453366,1.1672761576428927,0
0.6140149038521266,23.14664899063171,24.28408506777073,21.135144301944727,1.0113015348858534,3.2403213877980264,0.05714537455306073,1.5011822038226712,0
0.6580540686568374,28.47741501668842,29.060909036554122,17.04061966828454,1.3116699920283956,6.655550428743835,0.012665486033151119,3.1021303889068625,1
0.3984905808172131,15.46638228299407,34.07202342142773,26.37136129367185,1.1324612284736604,6.604665555768932,0.03829989566449019,3.9604793601827977,0
0.41891424887896617,14.8315694947675,50.18309834126964,19.43205943189475,0.8619296267747422,5.2014716162426895,0.0413365394250495,1.7339040412535804,1
0.37424221410853836,19.965744317212128,34.089499692689934,18.087080786387833,0.9828272198404476,9.355108377361546,0.06022023862319579,3.9260186799264285,0
0.47659801408930186,16.495411041586827,43.68177810929305,15.375370921403631,0.9848202429840679,4.124355754276696,0.2875665064179543,2.471308029027063,0
0.5466358374446334,21.972131719884317,35.30844135027454,21.343878945743207,1.0160639145250423,3.2002840567294637,0.001711139950250297,5.056510598194238,0
0.5987334516589102,25.906256521187103,31.13073090049945,20.93553550062546,1.504901855321499,5.836182855013203,0.003372880811917986,3.5435846220845733,0
0.49240489763574774,14.80219057417869,33.02620460708447,21.94212306838753,1.0741703785421994,3.6501242861730034,0.004057795113080616,3.0454877823437903,0
0.46801524767451563,20.1613914111984,33.65264230376895,14.863740562474355,0.5928194859790448,5.9910330482897916,0.06792990043118116,3.3781664584646864,0
0.515175799224874,17.44170894255361,39.829165911685905,11.994094005942134,0.891440205656607,3.3339834883211203,0.007329603956094355,4.0626337732093125,0
0.4164857098369977,19.127776735981914,45.996890140612436,23.127956512532798,0.6135255825008383,4.199515434136229,0.0487028616812383,1.913507464384604,0
0.7089538721694774,25.470201851022164,37.87744678149057,27.42320930938254,0.9340403485908321,8.78168084007833,0.01962760785607981,5.882302969507513,1
0.3392338972881941,15.647662987074344,44.496621429934045,14.86823188805052,0.6025379540547142,4.188825286504642,0.0305617685337111,1.3140636924918048,0
0.5184740578895725,24.05646151446704,27.281682098962516,27.94720641780849,0.8256819057863144,3.4022969119654074,0.012145835390593024,3.421803888497404,0
0.7023606219229639,30.678734453816972,31.682955929487754,21.419555293681903,0.6958556940731759,7.341357577413,0.1005355514506599,3.5267754732805545,1
0.5006799844559998,20.7811493229543,29.205579726338666,19.96468547724585,1.0768320355934955,2.8979160994266127,0.044112623646865884,4.158619424942913,0
0.48099609649985053,18.545941031204922,37.515556726998824,18.01225651727111,1.0001078725257757,3.6141135397058637,0.14462563963784816,0.9190014719195615,0
0.46425545771895727,16.84095957975376,32.12833291856469,13.077409902875017,1.0605924614997462,6.153122241017989,0.04273582801635486,6.731422819684382,0
0.4819608318237592,23.69153734540168,40.838183496273565,24.938642579623,0.9790897222862948,6.876822847746584,0.006614210282678043,1.4965737600905868,0
0.637284847467653,23.39290823820319,27.551986306940467,16.121968192811984,0.7211404499591164,7.4409527821621495,0.00936894219731829,3.825946364228174,0
0.2788138088670493,8.041354133971984,35.34424778657025,16.100966621311997,1.1027042738509472,3.5055563355590307,0.2258303923041409,3.344223038759204,0
0.6533433701296325,28.129841610283787,40.494863288098045,24.959631549434775,1.3844449120538906,6.19201734597224,0.0646520779644149,4.05596902159591,1
0.3576042847549855,11.915760980639934,18.477577799675117,10.585082766641367,1.0818425157213094,4.067783600911641,0.002526718597317852,2.511926493924961,0
0.4733347670765585,16.08320019066396,51.97305045864162,12.382010946659166,0.9148150801364868,3.788688732978735,0.060832812517736146,0.8479521253771966,1
0.45707555797013383,13.95220953229606,32.734784920961,19.909328782459593,0.7143865647789109,7.406425564584571,0.026566133584635766,4.0837627411233814,0
0.558855326977072,20.905483560701327,18.799680690590616,21.46642214502426,0.8183866058480069,3.900891208280828,0.01835130137494292,2.681841335647634,0
0.34018756481162526,13.35935752077553,36.26475118861429,22.423673239844618,1.0906079313144117,5.55640919204196,0.008365389107977945,2.9636030966196407,0
0.5462172666081943,22.577965847309866,35.26754774378521,18.491007533018735,1.2146236053598751,5.311158938461277,0.09159906799126144,0.45541039674639894,0
0.7024309623286853,30.95115722604586,34.34484496342006,32.65184834320845,1.0521732349443953,2.858491247322995,0.0032985174985225105,6.527398732921327,1
0.3636825995407189,16.127997752626136,42.92952890341333,18.86053720617083,1.1599774579411968,6.932185710712641,0.017112929633389975,1.1972519667588135,0
0.5189706167610396,20.186208011782043,40.97955977141645,18.84606923948639,1.1415356488054487,6.120561787357907,0.01829175954694399,1.5278172618804662,0
0.4338017822203391,16.757484259674406,37.38300952819076,16.015066655930614,1.1013068782771835,1.0274187762591582,0.00877158436528287,3.0433260026560283,0
0.5425887206193036,23.234021231517694,38.60124507157318,20.619534082605355,0.8683052809477488,5.5548422224746865,0.03548262060754095,3.504990126538595,0
0.5019147777415752,23.89430159844872,34.16513240449531,23.074806160233873,1.0347847023950305,3.454053131666758,0.0005885820755976122,4.423227507773538,0
0.435851309095569,17.812994962272363,49.20392679392039,26.0178902726673,0.8303244392235724,7.194150612825256,0.0179034754668314,1.14002113635744,0
0.5487872284871074,20.544096576853068,23.166431853137865,12.55357867779891,1.0034857905916204,2.1092003264384838,0.13562508775393375,6.675987075813596,0
0.6804348109786743,24.238794435890338,36.11721339372717,18.770023308221496,1.0661727062133823,4.287046062740912,0.0185915733931727,2.103150948838764,1
0.4809096208272701,14.90076903985413,35.520197049510244,22.23351805404572,1.3357567614773709,5.724049101976932,0.022350257635949618,3.825887153609633,0
0.5719757942148181,24.877840784723293,41.506243248516746,22.935287672972677,0.7380536051264736,5.10868058828375,0.03204339819990817,1.8681575944046442,0
0.3706727042128836,16.560843739434016,28.249168980600807,20.032743289022697,1.0963015261982612,6.525916513427942,0.041241827805742926,5.370698446160924,0
0.4043563623181991,17.906345068047948,21.05061918082771,22.71211984766051,1.296247318324719,1.9631560279814217,0.08269787967098861,1.8066986828289544,0
0.5472406277880377,21.503646772465345,36.254584128785545,15.955180535370998,1.1517695531677594,8.303828673734756,0.010555884088429812,2.2049502258774343,0
0.6484116028535964,30.157268351819113,37.249843937748835,27.789527161591785,1.1665890885650083,6.050289317576543,0.1026872773659488,4.574501286938954,0
0.5355613348785659,19.970097911388187,46.916795275581194,24.963140514897148,1.1175389803735625,7.719436426001792,0.07084785619672783,5.1387425342126525,0
0.46869419694768455,21.613575589529,24.83710362939931,13.275361064674138,1.2596668979550834,6.748480338466483,0.0641238119560723,3.938318649381349,0
0.4999291405423354,19.880936936724787,44.23755013373376,14.624484759416223,0.7825043663775264,4.976779771089913,0.004540268639347655,2.654572068224727,0
0.3749592266030283,13.173316770083119,53.93931491221697,14.76539124946547,0.7228146668059507,2.4316035781776786,0.001093914187772766,2.746013143623585,1
0.5604515326355367,24.19565222737475,31.977880899820182,23.38984985448264,0.9987331719069488,3.872893637502598,0.04507167014472829,4.706900661577247,0
0.5882333062323409,24.75824060534562,24.67246224405421,13.576361167912664,0.567767579285658,8.179126665725155,0.09943763300882624,5.138985279425176,0
0.45479096671669195,19.262556946468457,31.74420506901303,18.3448783289596,1.2461291608356022,7.770875563312765,0.04390658970407059,1.4912390863927047,0
0.4529957852240498,18.363666675130588,35.11203973897105,22.27352198208387,1.2441430390990882,3.76080003979262,0.011991275321000786,0.6286446376110859,0
0.5265878229652049,20.949833673457704,39.510303000055316,19.669170327267825,0.9133298889830948,-0.6366085724043575,0.00474410795811824,0.8615174677098174,0
0.45632802639594044,25.418237034448932,30.26884216129562,21.294437578563528,0.9258458806678981,4.574620531389763,0.06013142754826262,4.899053433070174,0
0.49338673853741777,23.28823947708523,47.44158827317874,14.670986443256208,0.9855305049698657,4.424594223741767,0.06396540829697459,2.558013609905288,0
0.7099721789166515,30.5673678416226,26.083741479935505,22.97427186698622,1.0104041300879238,4.500454775919233,0.00946922407260848,1.8912520270087443,1
0.47529742992540036,19.34729467162618,21.0863587826176,16.933940537620018,1.0254347838388571,6.057078403662803,0.0014297645764269693,1.7227034960391112,0
0.4641659847978778,21.58811099370512,43.85368339429854,18.376901628010295,1.1116464213756607,6.752425158643327,0.026236383314127854,5.96957097881454,0
0.4352458194364841,70.44823689507481,16.803031750350403,21.18865863952993,3.3419584855005495,6.980599094199048,0.04369973546931794,5.051257256091591,0
0.5744191971499937,23.055382144321857,33.36696184901827,20.515391107654242,1.1886386606955588,5.8914182802707336,0.061209185374190705,2.893894826613116,0
0.4818775826781897,18.364410331329843,59.941449033664384,20.119900095077966,1.0891895554250606,1.398458596154728,0.08302209115930483,4.126251772598946,1
0.4350626961678574,17.159755833726233,34.90365157632055,16.246865890116222,0.8786073108254728,4.317600534613408,0.04714937544673161,3.568908264073179,0
0.6321304032273012,15.773938921457882,26.033858794430003,18.502252944004038,1.2670225335608194,9.608179567098379,0.005876187697304355,2.006051503726935,0
0.6419603004513638,26.310214535947477,34.54082028970565,20.010917954185178,0.7283486027755026,5.748433469604957,0.05737673644171162,3.514503358378226,0
0.4399576434261295,16.1328774967141,34.59359369104373,13.124573834164575,0.9815668378357048,5.73563913688773,0.20731340663817208,2.3552237217047307,0
0.3133460048639384,17.311850189406186,36.28519952282493,17.687335168433105,1.1933834802150936,5.718971879547716,0.1180025460203079,5.077553347451191,0
0.6007513689836922,24.08808697178295,40.298103857276956,21.938399395164232,0.8553853790175711,5.830759245011979,0.10265708541712604,3.0367097856512935,0
0.4315370174239996,13.694590438355096,26.687110653058085,13.612816980773287,1.0619111293534302,0.23377563782815347,0.017988998932842486,3.5512116757100824,0
0.5790625599162769,23.01286193426672,48.50038444189435,25.7829082579712,1.1086679193998097,4.520951366177863,0.0694726023591566,2.518767942426881,0
0.3029896182288164,8.981221473965142,36.960914274980944,26.348066312999215,0.8278952264037522,4.924214336410621,0.09522517411874598,3.072066004178696,0
0.5892597338299309,24.990611600334635,40.81435237121443,13.774247120199572,0.985504456081193,7.562990798506824,0.056710865239436775,4.075549181285171,0
0.3788828070719219,16.028154375895333,29.97480480195486,26.788098165250695,0.9686992339581579,5.0953457892445915,0.014421568092814722,2.9727167580110647,0
0.5730764119066525,25.7965753695909,45.29105709596427,19.28209205643933,0.8896524296335414,1.7069772267961176,0.153775553667252,4.6489208989848825,0
0.5014273067836434,17.684446896262042,32.94358072949548,22.092572795785273,1.460334970410155,5.860178312343504,0.02996639753425334,4.003136689940644,0
0.4046060580603355,16.28626661109786,37.22042010794826,17.516744739358767,0.8473787293109049,3.3923507035145093,0.006951929825931239,3.547444890961584,0
0.45929636870732193,14.27678936201297,27.535151382503127,24.61522413613381,1.2009860588135766,2.5664287178371645,0.005814214563730466,2.7964994075581813,0
0.56863184569567,24.849758173600943,27.024546988782987,22.030470094243334,0.9214397966237716,3.331681906566838,0.05213792614293559,3.2682922474338474,0
0.5105894453115234,21.9801913537813,40.50564245162306,15.929233717011982,0.7826727622229437,6.085008459329031,0.02878684595580528,3.8888276758326947,0
0.5584412980472484,23.825066984972647,31.451145358340913,14.173990000173557,1.0205628486310139,7.517522479520137,0.0049625097086946,1.3285135802044388,0
0.6976440584515485,27.910619432132762,28.16941529996498,12.698487823953887,1.1298186768775,5.965859890355174,0.06742384162850946,1.9800804047182872,1
0.34357583882889486,14.987352225522166,29.854533263783757,20.93970888216378,1.1841019150131358,6.264046447234043,0.08030347142224735,0.8820383246735246,0
0.6617212574968624,31.281867624800284,40.59162457373937,22.86235705889868,1.312453022131014,5.946090545676002,0.06462483546437547,3.5337573855477844,1
0.5104355937523213,19.56214097896681,29.967697110371113,23.254828393897206,1.58904925798702,5.202654353720937,0.01129868246857402,2.097035670631706,0
0.4101215951676872,16.820799357837743,34.058760547182686,19.41009452696311,1.0501028407511195,6.393861269925515,0.05852294541053711,1.5366482721424548,0
0.366968637426101,11.42036659949981,35.12022200229678,14.21501772167818,0.8673815652349224,0.16244906586115881,0.0005390353221449792,2.5213813147319963,0
0.48108796092229666,16.638735552096872,19.66120891191761,16.589626009881083,1.0905748653589782,5.222176702609667,0.018200239924562666,1.0853152728888302,0
0.5921650111924459,23.980040326977758,23.230988757011858,25.76174319480963,0.9467574099187017,2.9101499307554968,0.025443171789789665,1.012190422796986,0
0.4872450879622466,22.801604158595588,37.6902231139805,17.576857176999592,1.1851932259704459,7.325805145088278,0.09016537930539453,1.8171402695742316,0
0.6511154930247347,25.27577724823467,29.103765110778422,20.71708815340738,0.7405671407268557,4.705689389566279,0.02474715220615546,1.7346639580125052,1
0.35488243099484407,13.487547651857392,43.453799290243346,14.621747582125563,1.4736669084800875,5.061896176535661,0.0005666713770935325,3.327307624917065,0
0.49879110521539455,18.73098847510266,42.734456834004355,21.682915227295176,1.1712096189551024,1.9898562514923932,0.02171996558631608,0.773134081700796,0
0.3747606555586881,13.386156209814553,40.7533493308435,17.71157719160461,0.6631991964407671,7.033661778025703,0.03454988445457085,2.8274419905322086,0
0.5363631882624967,22.339441897626337,49.55817429850078,25.233563568878818,0.8581942195370056,6.254656240547619,0.14880117534957416,0.6913158960069054,0
0.5886887390097301,19.05577662485327,34.335285378054536,23.867788531034066,1.1632162088227878,6.113895764681006,0.14153997121642203,5.116466335860227,0
0.4579238206318947,22.15977155527597,40.191055407230714,17.5214702671255,1.2352688112342909,3.3739542956623554,0.009975870373477,1.8131144817748137,0
0.23957861433728656,7.586877679103082,30.32479218723175,19.366679863261684,0.7455524745536073,3.45272031012374,0.010237349386177796,1.8811659401533536,0
0.5198948146796495,22.961503043500404,54.61895930294979,17.244418799796858,1.1426051700865898,5.447198908891811,0.008919352743266825,4.867358646297296,1
0.543673855173351,17.93695841475241,50.86906921948815,12.902834017274952,0.6105320254676153,3.6110031795038977,0.07777636126881035,0.9089750700399446,1
0.5404294754961698,23.62369941148545,35.09504347614234,15.712787852263917,0.9821328269057908,5.869785925354677,0.0003020122990128103,3.5075559024951,0
0.6235782191822155,26.958962590732114,38.09268983924154,20.991086638604102,1.2224093684206414,0.6781747944665559,0.006801135995489623,5.644788766022582,0
0.3928946320350951,16.86839149742149,45.874380794918444,21.62629749114791,0.8896968539794039,4.024910887186815,0.03860515071619276,2.493470958516241,0
0.568021610545045,19.737578856402422,33.82288396148714,20.742739517963194,0.6986155401723972,8.593506930852982,0.01422183833367445,1.3777708890667504,0
0.6192507512477975,25.51867461870613,29.747007433602363,18.49133473020682,1.029242959275512,5.8789716559915295,0.004845177630600742,1.131222350238645,0
0.3221412415993483,9.336481109770766,41.99191800805506,24.665333028604927,0.8790562266729044,5.333587329061985,0.022304825753149977,3.348848145872984,0
0.5319651825918977,20.520317538387353,35.62751396866936,20.317709522804687,1.125911673213167,8.970453071342714,0.016024563121710342,2.4361836926012743,0
0.44958201689923283,21.07151997883529,36.463955597162084,23.516269140479736,0.8229347135563879,0.32809276239712837,0.03578030590076781,0.3158372771589932,0
0.4918477326898354,22.064015088805643,28.325829255456277,11.131124338987407,0.8454726220693799,3.3693777704237853,0.19372093429628418,2.8980057412595013,0
0.5347676483538336,21.436254761774645,21.258622813092828,0.3879987419082873,0.5957995358247512,4.197653656505222,0.0066368503724520776,3.0143811345969107,1
0.4512771435886448,15.126666015777264,36.88913927903281,21.4189401391904,1.0339889422102966,6.71670246601078,0.023318647792930778,1.7482906082320753,0
0.4324291920838388,19.23393081987613,42.239696331953596,12.876171731392553,0.9678190123446803,6.751312726456472,0.1344013636334662,4.205244331958652,0
0.5034152417488025,20.194753383046177,33.19354600739167,18.93774148643472,0.7623230658519858,3.267986582034748,0.10472696446053167,0.17863159757462144,0
0.39127540611371975,8.690069449857521,46.49143615647093,18.48951479487697,1.0387597427534183,6.995908644285099,0.02506613225395793,3.457756586096452,0
0.39141748711148144,18.004588963408814,29.368669396675642,27.937003012077685,1.205414060128828,4.193370465356585,0.06002448794548511,4.273439510603686,0
0.5679373282956504,22.64479463021694,26.56236436027264,21.999982764718034,0.95688641131621,7.423279251298334,0.004597925892162172,4.852020490956276,0
0.3851205964841344,19.01217760331459,34.46215754243095,20.829295133993362,1.0536333899643948,2.9347146037558844,0.062333761541636404,3.478885511091412,0
0.5666312500909212,19.379438447108434,34.33925939718968,24.18495577316837,1.0546622499170328,4.753376801867679,0.18033314843531292,2.1262914140915563,0
0.5462591292853951,12.320253731827801,41.15974985068178,21.842487934195194,0.7591340345642079,4.019665369246879,0.03855415534320443,2.793873966677621,0
0.32741932712094035,13.93402465987317,28.800297407488124,17.711615035057836,1.4113171641415192,7.112060743131428,0.034506609215062996,1.289760023861597,0
0.4322435347664345,18.1644324207033,45.94475389451918,25.3573796512728,0.9058300339755432,3.954437566867658,0.010370807620101204,1.7910200887105456,0
0.6194109403047372,19.704422729370133,50.73533570006603,14.451249360558629,1.1312232403720541,4.915102941976488,0.05022717107240006,1.9144965965355685,1
0.40188344688603184,13.139839237841455,34.68684778425327,21.61623593766781,1.15384305544581,6.013622795326098,0.04463326134629166,3.3617883068226435,0
0.45355957376906125,26.408036181922157,44.99768336147455,12.262151029318444,0.9720809745768496,6.090516966052239,0.052768022993887734,0.46133779041737044,0
0.5462060893251897,20.931411730546177,26.54802343499792,21.019719287579974,1.1213590050119269,6.7739052149463435,0.0013214744469515899,3.0432473836061713,0
0.5783390509282595,25.32643896625903,43.60177232945533,20.964948208864648,1.0491638443632778,5.422249553689333,0.03978375097399263,1.7357043129153977,0
0.47484611139555044,17.041864973716866,43.3782112684757,28.382274809573314,0.7164720485545188,4.163502169440338,0.04518536722810191,5.296903780249842,0
0.44024898053083583,11.339050524673961,,12.175130532791103,0.9335454597499824,4.300602509282499,0.011630039985558897,3.3952139772524594,0
0.6422369861698508,25.178704706406315,34.87549528903765,,0.8774898195291876,5.051344630415224,0.01168071250572867,0.6638161121884866,0
0.673889966379758,26.158784974332004,11.36600847006375,24.11341213287072,0.9076509917307746,5.499184952148767,0.016163263486503078,3.2844863521173884,1
0.5978858050781796,22.715797487122067,29.866182850782966,21.676586281986538,0.7391993644326724,4.705656704303127,0.06219142852018688,4.426579250679116,0
0.5085318142565024,19.997350063740917,29.992671858523185,20.901525256687517,1.225286743349206,5.038406841931095,0.04660399429735874,3.0553183211970785,0
0.4191734278359074,17.559741928373207,27.17396049551618,15.219321485207303,1.3203985309226827,1.9654922788557894,0.09346313020569136,1.9732663857990613,0
0.4169555593443435,16.227871520012318,35.97794403637653,17.045908259542855,1.1956005951996818,6.334710568909356,0.017524602860650412,3.2655748681957855,0
0.5522514105265758,18.29803791722094,31.648292435830122,26.225205041116283,1.2541058448294287,5.36222457777886,0.12155960857799278,4.153980659007732,0
0.5418398220888684,23.132147258240554,28.403103921879826,19.74245403123036,0.9310730325983687,7.003740827082177,0.06807153439871581,7.235636779362553,0
0.6401598592946429,19.75827910581845,26.52959881401744,21.876798480722368,0.8727486330027927,5.00032101481417,0.025127305520808708,4.960881625911334,0
0.5650450092536139,16.450727998291953,29.27589611611817,19.424058356117605,0.8442825906376576,1.5232048429564276,0.0050054976246987,3.94116860021317,0
0.3496919698240182,16.20522027706543,43.97199369479942,14.084572423751174,1.1288129845914445,4.28310762138665,0.014851862296469176,2.9318277691830446,0
0.6051947617722919,25.728851287297747,29.711799562980048,24.669052130374983,1.04541261062883,4.600140153763166,0.1570589670808364,0.9389742074808758,0
0.4001939372685587,15.835571395520239,30.88049034853382,22.51616192266248,0.9845556576803148,6.485806610867198,0.0185795225913038,3.3168452532515307,0
0.46160287280476486,14.277769397925379,31.34641907981403,31.528184186835944,1.2590297088390687,0.8594529109732099,0.020016487842424317,1.9988172687280124,0
0.5250200206251694,18.87706800298455,37.711948110475355,14.922093101747276,1.0809882707630687,5.08235903389787,0.010510683378722572,4.7685798609688295,0
0.6995667489783964,27.194429716076346,38.64999590822826,24.112864606002404,0.8322684724958831,6.027350431586612,0.08221456510822205,1.4568671042335968,1
0.8109918556005361,27.651992318299104,10.642747686054705,13.442280169814994,0.8638182341728611,3.6770242294369604,0.01612363062991341,3.134059123144675,1
0.5606723059136183,20.209806262475034,43.17308171062086,20.78673283836539,1.136398659850829,5.149256019633695,0.020043154311345963,5.296160859985973,0
0.48168033812796124,21.22420453964849,46.490944273950035,24.882532945315823,1.2083465705309195,3.745926981700311,0.026751485380499675,3.00981129604546,0
0.553450564848055,26.419938686789852,26.598507701106644,9.639324419517566,1.110336046451194,3.540854133559219,0.02843406224533044,4.619460431242265,1
0.5887655425873837,22.292317445519693,27.221614042121324,18.975337628791962,1.3793777495744162,4.183160299737366,0.026495392715788275,3.9574233932907585,0
0.46793323744428084,20.986794560719527,31.39797289777383,17.1839513297869,1.3270014331462838,3.5786160150659785,0.035033137126344344,6.919867338180704,0
0.6795211355912323,84.53306318634647,28.951967844347163,16.49021350852439,2.555710118309517,6.367236623872666,0.0842384915619755,2.3158017730197122,1
0.5230070759191402,22.89863676010644,36.79141499157285,21.926063261296772,0.8322838681036995,3.5300962463292445,0.08554171498817649,0.8522695706989072,0
0.5497743089091395,19.579127112183134,19.427797709129088,25.603428532112975,0.7380024976536464,3.194179985904145,0.08005194757392209,1.0187780646118934,0
0.5665924252054462,23.585733858341754,26.05657913570608,19.333606423854224,0.922523650997057,8.535857333679067,0.005330555928815383,0.804271268248278,0
0.5421586610614456,20.943089187738696,47.31357760139926,21.0274321378001,1.1506426892832313,6.921480023648071,0.08039166085104132,2.028762659102134,0
0.5838940500469613,27.317004031229953,27.574240261215856,20.571543765296237,1.3653294158623877,1.2769732786815995,0.006405975934041414,3.2047227304968646,0
0.43827468134530767,14.907680308792552,44.9474262248234,20.00901753178207,1.0834894068821599,3.4704634202949327,0.006660787553785495,3.3957479031480413,0
0.44416982460539695,19.64961187690137,37.84270556472109,14.553286811439468,1.2337445588462472,5.484925943445422,0.14769380147227604,3.164013365162272,0
0.3899845767028305,14.760860678223619,20.525858283293935,25.542223008614464,0.9509385027624395,5.647510134462987,0.08557293519963093,2.5350349465231314,0
0.5439501230620226,21.283088488451913,,21.47597684079418,1.12455382504551,2.019014268526213,0.04019393436206994,7.217589182389644,0
0.5778936503512114,22.56418433457083,34.05866158245718,21.974407450012887,1.1646713658954346,7.317130985644644,0.10396016029534799,3.084800074331717,0
0.5457772866151885,19.294072151125203,31.356263550002076,15.967451854872088,0.6040811448294943,6.650448838363252,0.22717856101752987,4.1657712191775484,0
0.6674492433347538,26.655672835670135,36.95965674537603,17.7038980100538,0.917312239524698,5.963803264080678,0.047162811061852224,2.0322286919596264,1
0.49944039811709534,19.78967125831835,38.797067884534336,19.11932901144611,1.189940076855574,7.713456981424242,0.047453409182129466,3.4660004692168638,0
0.5668741655592513,23.398687367590238,40.66073457579696,12.329376532755742,1.054893667127313,5.904579985141837,0.07020805711741292,1.489981944449983,0
0.39082991238606857,15.88671193252133,44.42602278038402,11.559828374011609,0.7606969903698134,5.897161758503694,0.01320732448814286,0.5311660868057616,0
0.4612900297525599,20.845584838939104,38.26508730222685,16.996260346807162,0.5139755248545288,8.115358543644485,0.00914357709152805,2.4636273598880387,0
0.5695537757565777,25.552676878405215,23.994927289709103,22.61260383221195,0.9268438509395988,7.202439161455418,0.07126855023571954,1.8418493152049855,0
0.5849102110743144,20.244538477489172,31.21083633879047,16.734313050350295,0.9856828614212242,3.3169850821769375,0.02114873513776492,2.3421550382414775,0
0.4706033052335818,21.430449711115585,58.54438668214897,14.905974012046432,0.823215410034331,6.26639035734383,0.007255355606406904,2.1956306163816883,1
0.49284007481419334,16.15459371123817,40.79592848305382,15.926571733811649,1.0286169874055988,3.671464270082836,0.018907897716984954,1.123979621640875,0
0.34821262533191905,15.692072677689968,53.95429840649197,17.723287884273436,1.1012773494465788,6.008309101900556,0.022207973684548618,1.3915331545969805,1
0.46429707991933905,20.43109955088217,46.16347265759348,18.23070518589948,1.1341374341452466,5.953227014039629,0.16794665108076245,1.2777911422799897,0
0.5890383163519786,17.827581979091633,36.93441657244599,30.82760726103278,0.5288162150135356,2.233065375088028,0.059859743175577865,2.3052519449599425,0
0.5575205016106566,22.57975780401449,37.41125655824894,25.27310314243659,0.737142980438376,4.75630877737793,0.03784230989827517,0.10135925729008474,0
0.5500665721381209,20.59717454544389,34.707359680985235,25.12387056140864,0.9390754703290529,5.530514047160804,0.17348420623116026,1.616374534515722,0
0.504977368718096,17.92279897491771,21.097563073228002,25.842901821366908,1.1144346262074927,4.127419618011686,0.11672429813097854,3.0848919424997563,0
0.5007063158628177,24.080809626609724,35.144378019745794,15.005895653329752,1.097846802710007,5.62941988478152,0.03587208142437076,3.876418464069751,0
0.4339678860526553,15.397678020193956,44.685396420337575,13.888176925063805,1.094373989575335,6.611795554002137,0.11805290784762007,2.030897794191017,0
0.5698828420202535,20.37618289345599,30.20288004143037,14.465648542329717,0.9233164116062136,4.938813871538489,0.02590129569277081,2.5816578624470727,0
0.542097294438939,21.91097659757284,38.29562399249448,26.67253066668919,0.9344733125380078,5.449198953416519,0.013095561603288997,3.2813813483408922,0
0.5492018847992799,24.024844630866447,41.81272836714558,17.264041055587544,0.8543341463156519,7.76684815711195,0.01324244893417333,4.2201683879504905,0
0.44739651573324196,17.4709148712993,27.722556485500196,13.743219088803565,1.1536388256211696,5.946393166450452,0.054282166187611225,0.5612589254198509,0
0.28466570801287555,14.885739957522778,31.389577085250682,17.845018998900933,0.8159022424520843,5.401648579348947,0.034764505821115524,1.8920500926753259,0
0.6097152711753696,25.98153783290706,26.856708076182727,18.806972341426864,1.170007279037914,3.0838412407172786,0.053786433420364016,3.105562972297981,0
0.4521162543991596,11.550016216772093,28.422675146484746,21.34206636847281,1.0415706476275293,6.342052022777698,0.05793021233720637,2.2706150981560596,0
0.41372242359568795,14.960496053306493,24.69915773077551,21.254755103560214,0.9909911043089693,5.660299898783877,0.001128789967070267,1.0739123251869702,0
0.5693478911913994,21.088389349600877,27.796412308975786,15.85909718063246,0.8686579200447067,7.567478867402816,0.002777728159115602,2.494436263657874,0
0.460798736008087,19.870032300611747,46.35564544638271,23.428281962568555,0.7288916277671746,5.093757086606622,0.038036808318276744,3.873651604793318,0
0.6059936384046622,16.365294367064156,27.67618376727766,16.80403233124921,0.8704694487243909,1.3674669997320086,0.010600010836480028,7.427204068743728,0
0.5617005949576698,30.11505292445996,36.01167375248552,19.218618316474785,0.9339986262750227,1.5997582623434763,0.050056192622721755,4.732654463411519,0
0.5683569323200478,24.327355577484543,30.977049970632354,23.433870352516774,0.5261951376837497,6.471361527519466,0.040168836444952005,3.2179411527990816,0
0.36340442887994656,14.982807566950935,44.43092749629551,16.790892980278294,0.9605289689330672,3.8596128046036933,0.0440655314053966,2.555476888377898,0
0.6211943985386401,28.392479090803043,45.489298372828934,17.15324288209431,1.184871473605201,5.873535502220995,0.01800943978821332,4.5382143211485815,0
0.5261250531233856,28.075964283373303,41.912559857111575,22.958340248465653,1.1134435810867744,5.2284652890047125,0.05106083186025563,2.52686350644312,0
0.4630722860753797,21.135131376780397,37.449076424822046,15.711334116974903,0.9007588248516984,4.666320664612159,0.08844883977100024,4.051456975490795,0
0.5143388467342251,23.419993158783868,33.15152370527281,18.076039881979646,1.0093872596830455,4.807277428823554,0.31254425083788334,1.4639496372039598,1
0.322376476710168,13.287129141799866,25.465002366470003,22.778710890214462,0.8887670861156001,3.269220989909546,0.09114529187651361,1.2517103481662508,0
0.5408652811480671,21.21003398582184,50.54823104897758,30.270462207179875,1.0297521466671393,4.968444622200659,0.04076560057774559,2.4495763368447054,1
0.39706284918179285,14.45512763525701,28.922615857979572,23.027022523813734,1.3080215647488063,3.8310131344112026,0.010748204207430088,0.8428489236208019,0
0.36473297141564653,12.110982881482236,40.30917077626273,22.36319881495006,1.1936997605249753,4.25548695974859,0.057198144235864126,1.990568323740518,0
0.3477640813782109,11.849520956029945,43.476524580987174,22.654007918363646,1.1041588611385507,4.352701910581678,0.1387526161671047,2.762586651325046,0
0.6112688374989925,20.399085606930754,30.557756024757364,14.634048629664754,0.9014230175232564,4.546613460202561,0.011904391882153914,2.9479905274412737,0
0.4370736606307211,17.255332073173776,43.304100218527694,20.57798369339954,1.1499876785889678,6.8443469130141725,0.01478541788886803,2.7222520627666897,0
0.6533727709916499,21.080908107986836,41.11370562671084,19.851167558317993,0.6626246097253894,4.740418341590613,0.00806765948603957,0.22733345268876448,1
0.4464198536947702,18.42954372022194,48.823710683054124,21.60792270186378,0.9495293036018219,7.047404673180197,0.06672717086250839,2.5168144335937646,0
0.32926420424070535,13.061576345501189,31.24522826858631,20.582540262379354,1.11674228396479,8.075709902652964,0.026091084932436094,5.8756428008526775,0
0.3883475560051341,15.974708135365427,24.713087861762283,21.898498387085564,1.1480842428095503,6.709889302112299,0.003237361219669517,3.5815219531018765,0
0.6235811620006939,23.37685176996778,30.95608195644391,18.44266402550399,1.1339768980431482,6.068937070137022,0.10395207768039866,0.9267283267434969,0
0.48441018220633325,28.60698839879484,36.67082834027465,20.293044586858965,1.0589661378419388,5.653664418967041,0.040785168760880966,6.589201752646795,0
0.4451712703509399,21.887198514578536,35.46570181668045,13.86085716971504,0.9608550041832234,6.73071741810014,0.020105608674082488,2.1951028992238193,0
0.5160018225852787,16.90644540315698,31.852496829803595,18.40046360998543,1.1075951939652977,5.178721477192479,0.021078426962419808,3.8508114946666354,0
0.5501782736167545,22.705735206950877,19.72642032818206,26.954167740883218,0.8094277918827399,6.969139691914397,0.017142210140731137,2.783167417292316,0
0.6117398815902461,22.645576834797872,38.763863969032855,21.59404169814128,0.83106454734135,6.228211610579368,0.030392546146676264,2.595767718721519,0
0.6448499229892927,22.750557739449466,50.7787558326576,19.895394813084614,1.0123469352920593,4.280319078439224,0.02055215846687678,1.179130152287032,1
0.4640231354210914,14.54070920347185,38.71400990498403,29.480616381271734,1.0346395285417496,6.791701760205612,0.03969771549508333,0.9603824791325233,0
0.3673952313917962,15.992459327949609,39.873084152428106,13.195825108494605,0.6348769642870706,5.182960011955137,0.07425432529641189,1.3738875141205793,0
0.4586534838876724,16.301998650298174,39.57956244924081,14.452722222768902,1.0910292761899036,4.7877359847753675,0.05611369397677686,1.4283721546658523,0
0.5260280506582886,23.944600098407154,38.1763733590592,28.563557056381363,1.1545456755838788,4.0476016792020255,0.017439370393040766,2.0129407255213816,0
0.4036241073789389,19.126310938748873,42.45332773494476,20.22980468024467,0.984542952506741,5.332037695749144,0.03761737333730878,2.1423326737091726,0
0.4042849085104957,20.293139496054177,38.16298944948532,18.78708481855103,1.4748932566567985,6.992925230825967,0.09166851371145393,5.348625507277043,0
0.5343787881549885,18.81799122797723,32.49858264277379,14.003978374521784,0.8634129787369628,6.777880011186075,0.0035321885347898117,5.160525411727212,0
0.4951347648429549,21.231487425794224,28.632088719929968,22.23848133197506,0.9277825673226261,5.706787594917913,0.004076626139982858,3.124743642331964,0
0.5032796995411587,22.02855063157325,33.0082107577546,22.72229934763731,0.9209866187745581,6.19928728145007,0.04061569130375445,5.968954078416724,0
0.42415046652999305,15.543484135887828,37.513035971605326,14.527528195825518,0.9847624777417965,7.543393583045116,0.05095981433603683,6.03718580602243,0
0.47695992857942326,16.763081270998303,32.471336311016216,19.29862207224786,0.9342550374067418,4.7000674176582775,0.011875628129486778,2.126174174071122,0
0.40757668557316956,21.131629420254704,37.514709465051446,18.32242083983467,0.7186378910790256,2.7691599929395876,0.06836776742795549,1.4023288846908453,0
0.5890198411124787,24.24328127169531,38.51320106960334,21.279885732093856,0.8906903407527049,7.602259704357145,0.05196013228479066,3.8956955316786583,0
0.6035249334723752,26.048900591030222,41.66543545016145,14.403748788896781,0.9804758608451848,3.9404434959385632,0.12838568308520745,2.153779536951242,0
0.3153812137761906,10.149020515563842,45.262359750711845,26.259737272565786,1.2457144164123994,3.619323753312191,0.009253518678085697,4.742282355215377,0
0.407048913980759,12.624103159663777,35.62405934783086,24.579118907988022,1.4404486546745827,1.4076044893308972,0.0695903293496451,3.0591515186848417,0
0.3503470744909921,12.305533656163355,24.537787478818714,18.18412220633592,1.2670947795701308,6.142566106328593,0.004367467554818606,3.6686056193794037,0
0.4349976065593102,17.02784010020242,32.23916722544648,18.917906441808142,0.8449241940654787,1.7570947508955572,0.04165408398566664,5.226664869005349,0
0.4916562030209639,16.47358810038651,35.352500539252794,19.31788924861192,0.8608380778747668,3.4994823846165266,0.04013640051688944,2.909979691110328,0
0.355035478030147,14.17188469525473,20.31384995058328,16.10845723496748,0.9681342844981298,6.176473589030118,0.024582617619611002,1.8872762805601044,0
0.4078140186874687,11.247045183293247,,,1.3569117777707174,6.443842504816744,0.09307835966718785,2.926753742033398,0
0.39960426279185013,12.624028244264387,36.13902330008373,18.648648161626955,0.9669151895636213,3.6965917035635325,0.00021901119878073706,1.0411080018739662,0
0.5207267329398944,22.8418030624264,38.05082267664228,28.06434185353564,0.7344985018925139,4.73169334601519,0.036717149944943496,3.046538962755034,0
0.506934433703625,22.088748908978683,45.92421170021012,24.733091541652183,0.899764572609393,3.2548109471876936,0.012240935336863252,3.4247200835314424,0
0.42782624466627467,15.937419490490388,29.958857358861223,24.67327353668312,1.1514112003638834,3.9032064243776343,0.06803106154120696,1.9402425367643414,0
0.5176820872139398,17.653990561326733,39.592335447072244,21.849628065021953,1.1379880553792174,5.532430520305814,0.00220111729607772,3.738745228901756,0
0.44533199154127345,14.731069007072906,34.121087015184514,14.413364955343827,0.9599566667016688,3.9967066424070845,0.08905720704057432,1.7624777780401035,0
0.47283448896739466,17.793574820871846,33.527305063872646,19.792544477113104,1.1366829347120062,4.511569919648662,0.09103642032615494,4.360428494484141,0
0.6673452090298537,28.627363836130026,28.822460897564966,24.8524422980669,0.5453655594906336,2.070586636764866,0.0894479733657832,4.771810153352627,1
0.6340461051790348,28.14658128119437,48.32482570949222,13.70867685316356,1.0207658470065395,7.265912329612275,0.008277265024917555,6.533418055588878,0
0.3700418763072402,13.312079845843702,31.99599967939543,23.18276603436632,1.172137084273726,6.0201331863421315,0.049767578808475106,2.8301114383864467,0
0.5829732417879174,19.85845239356235,40.595713975165616,,0.833427344969093,6.585810743674403,0.0007235784519801377,2.177884498643805,0
0.5811396554491592,24.04911713156537,19.99994090022451,25.30908322994866,0.8327322927007423,7.580850649233724,0.09418143392382344,6.086541011957573,0
0.38517367112473816,12.93634193311198,44.439908237518296,27.070145677809936,0.6267103694473048,3.349574248908567,0.0641824111342013,2.7249808332211636,0
0.5818777643754861,21.720352658435836,43.41768924765647,21.091693752210805,1.3179791189621388,4.283211033943953,0.03787401743511459,2.4827573277764,0
0.6537931918412553,30.127555944961323,35.77947288237842,24.83965974382495,0.8559692045956866,1.210331264835578,0.06557631077865814,1.900746322142043,1
0.3877455193755586,17.991167060719647,33.18446027089661,16.410733928229824,1.0482086555724224,11.280845820204474,0.0049536879755420204,6.2133232336903665,0
0.4082497178985736,16.803911652697302,38.200000044908535,23.979319061706132,1.120783408296675,4.700829369365247,0.037608336728149665,4.570367204043898,0
0.6017661466843502,20.25488886403584,53.31032528704232,23.271940670303817,1.3024135898282907,7.077455799829824,0.017214490143151004,4.503298580265012,1
0.5271495310825648,21.720170945714568,20.894106408772117,21.449555870188316,0.969220445202873,2.5236777113290825,0.17989614273007748,6.964971774715698,0
0.5551476275239523,25.393876973320673,41.25621910059302,26.58003709859249,0.8921140412443163,6.992776851286019,0.09728679093095295,2.655066786462888,0
0.5340589216400496,20.23545586830538,27.70706158276878,17.30607581076306,1.0346135297141108,8.715181753299332,0.06607698613573759,6.015845530536458,0
0.5390695920928145,25.61612595367272,34.84065282960215,19.064712417631686,1.2568160553084575,4.879438501944037,0.13571420602045822,4.889698693071913,0
0.3673527871688917,18.57234735531029,33.0169590473707,20.477310206791483,0.9659654937198432,2.9782370068207973,0.02129691080557408,2.378262823395132,0
0.6047317706621449,29.180469322916217,31.573453937617955,14.851945144552996,0.8090261836831847,4.722407198108928,0.11557115112878119,3.250300542575758,0
0.6169589992427773,25.59408934930515,34.916278967578165,21.134659719001238,0.6918484383369274,0.5464769500855473,0.019669779343036084,6.54150063677579,0
0.47706092559319724,20.84461212314593,25.926630837777676,11.405347935230765,0.7557405230789549,4.9242265979563165,0.06598727803950186,1.8500100402164819,0
0.49565230501861374,24.06865406573782,43.233443489023735,25.234772672141048,1.172878299481333,6.641934278625992,0.06666933176893668,4.6554455717196666,0
0.3468892497444278,15.21775180098404,20.646851910411197,20.23318683282983,0.9358751047386377,4.928484711252971,0.0009260161891017351,1.0463286983308988,0
0.5514254756017835,20.553316700700698,39.31811610262674,17.395535480481183,0.878495818015858,4.431720890622065,0.022397212675223137,6.169705459593059,0
0.5572057441714144,20.942601257272994,32.387713179723434,15.828131938524393,0.8568065553632115,6.055136232224066,0.0009811984556585601,1.9169633046552124,0
0.4937808983000689,20.466900793323976,25.63260084954037,18.82710485190406,1.0170091720400363,6.208049693899105,0.29201478875615344,2.4762053736140803,0
0.6124353359870502,20.625729173643354,36.61906696478956,23.44129855386207,0.9521089812468833,1.6801888749896348,0.00651664063864503,2.443775959423172,0
0.46659227690200594,18.23391432998766,22.544391306348174,22.738694893687803,0.9453735712561495,5.177645924557577,0.03913290892983916,1.2979640636044134,0
0.55646059258936,25.548065058265163,35.317710573757076,16.472310263607696,1.2698647855621479,9.871970248458487,0.07816500092191211,3.255142070459953,0
0.39803356613078844,9.347581091735695,23.616984737507565,15.769801636861828,1.3076032563723268,2.329967508703952,0.011236215143500107,3.566519635944277,0
0.4976447849125762,24.509237701886594,38.69017667454265,23.284493531598237,0.6779956654182007,4.829162334333867,0.03318453258473466,0.8671162277091631,0
0.48256457420971643,22.669705624498135,27.605141330956997,16.388262976924853,1.0655185462285914,8.883492244103405,0.0467518628695563,3.0113217098269045,0
0.5225307922040942,19.521937840672337,31.392047863765526,20.29954887039752,0.8446275802757215,7.208350313087351,0.00872985860453526,2.151831335034782,0
0.46304730711666414,20.152064768281996,37.3515951035453,20.618773212621385,0.9503497772277812,3.973206638447877,0.07537915520979471,3.0271033822920517,0
0.4868527404328332,19.483552798032306,28.819663105262112,21.560310658633693,1.061855677025339,5.4122707592452075,0.017786373731433144,5.777243865339966,0
0.5826047171441506,26.994159791082076,,24.291352150909358,0.9574560166138162,4.995776640030353,0.011850910307086298,3.77854361640998,0
0.45632357627617826,21.20099247935695,22.88935599004117,13.685185315663386,1.0460919761255267,3.503856391356665,0.040854944143136396,1.5970173172572166,0
0.339342289926132,9.373479427496253,40.047004828769246,10.444203373697562,1.1345940412063835,4.851495785013835,0.026408222784658444,1.9376933569489532,0
0.6749583904205421,28.760122857214213,49.11931044440617,17.16276359385824,1.058915360108064,4.4400677343869415,0.126465467768224,5.372678909656088,1
0.6381454078690487,24.908932753832204,57.33767094327969,29.00764203916093,0.8706327391664753,5.225497876153499,0.1060393078863775,2.4832282905963847,1
0.3707737304894381,15.079446931131825,35.72934517333152,30.110870500436892,0.8741600786059353,3.5032336386179335,0.033019545017125056,0.9960476024698323,0
0.5689707805245194,20.57431551807133,41.305633126377494,29.15588567782944,0.7120589406763929,2.446763599510678,0.02225687058925155,0.6684690848995879,0
0.4497025229448657,23.232512125157132,20.754994616740085,19.035093161196553,0.8292159404958563,4.917438453215259,0.019690513144548602,4.171904150094329,0
0.526348721533106,24.174134321031964,47.021874610444705,11.089424590075856,1.3924136723797056,8.43023643635756,0.01556893996561991,5.086240705006667,0
0.5294224129013494,18.957583024135076,,8.284804491740797,0.8415992851809511,5.164405852525593,0.03932323126738284,0.7266339620170005,1
0.4765592199683678,15.058536978004016,31.128532440390135,16.929809192252943,0.761324237511236,4.336812442136909,0.08173230035635402,3.499777088545663,0
0.42162343344136033,15.707919444720869,44.89744640231207,19.0096318492532,1.0639855723689546,6.508171610076997,0.018608040832601147,3.2870270556636787,0
0.4309458947683741,18.54134372900888,32.96419138683727,26.503127005279794,0.977927048141628,4.683360774809243,0.010541859908575157,3.050452173096904,0
0.40838080845187574,17.0558498699137,31.335798535883548,24.339027297712228,0.960881352630155,8.73606584991822,0.032263948842634525,4.830291719978808,0
0.4168177791769555,20.43210964138295,38.80267940341993,21.1370253949581,1.281809193282418,4.992174981409843,0.003576648497382109,0.6647108987621325,0
0.4932821709950645,22.101046006345136,26.49316400135745,15.550776145294291,1.109825335111673,6.400994126316327,0.0604122636048835,1.5467301260241828,0
0.4284240010889248,20.045667120815715,43.17299811519958,15.19610220877555,0.8940014136593049,3.4907912352134542,0.03652773661960824,1.0665867535858917,0
0.568205206571262,23.70877446468179,26.552081504585253,21.270638435357178,0.915104816481644,6.006178506673325,0.03429614770903794,3.1866835027884246,0
0.6487246155335927,21.78108843071074,26.59956168141451,23.485254894198633,0.899482697218863,5.550186953887509,0.01786557014679147,2.078387093775738,0
0.4419946758629957,17.092691441079122,27.722481692733325,21.959406311227923,1.1749479243160514,4.886987750681584,0.1175223391206413,3.6942895822687376,0
0.5239404500535377,24.137887221867505,41.076000300128975,14.827010201966726,0.9383704741093725,3.9964844776605597,0.004742260447726732,0.03444665571813683,0
0.5499685110302934,21.844171655637798,30.06579710784234,23.25333814396043,0.6413692995091699,3.723939668695251,0.10194339831327265,0.8957586933652728,0
0.5472002270919274,23.397280189548336,24.21603372506265,22.129554835507058,0.9903360642531311,5.564705327959305,0.023636784088515328,5.17481830967418,0
0.5075955267916087,19.34757612592595,30.154560000513616,14.646667969049108,0.6925947997744142,6.257878219392947,0.10627365243178324,3.1850460731906822,0
0.5742682418359722,19.881294127813355,34.743661034556105,16.07839514849872,1.4368461203509804,4.745674407411737,0.06523783088598738,1.4963486180746082,0
0.5482248952680657,21.558963618584297,25.552220130684915,23.442479872807834,0.8068664172305537,5.5745358582415845,0.005500271365622759,1.800751927299461,0
0.3762337577672702,15.97649263978877,25.786551127725254,18.827462324270545,0.9676270469284539,4.924170643734461,0.08905174512923923,6.262196715079239,0
0.5869156064389274,21.509561099172764,51.89037067279668,27.945736508182286,1.0516405469402275,5.197052049810775,0.057313006584414655,2.6735462117737314,1
0.5887290837266742,22.842029614496965,28.115476769488904,22.505646380322883,0.942268367864154,4.59911003464555,0.0016417566931023614,2.3554035509545828,0
0.42367138958214184,14.128465857327727,32.415661049815945,17.566844059053654,0.9419939197067615,5.035945158736617,0.007176355307131509,4.903559347124774,0
0.5037937835447602,23.509486094482696,32.06210399360571,19.948971998045337,1.0843654572321755,10.396080913634853,0.05047900542128021,1.2957763625350514,0
0.568332899281107,21.84994869848018,31.629145537836465,20.31691696318859,1.3052431917592557,5.6232685976148495,0.054324379966432794,2.68087549986407,0
0.47906861804206385,23.521011357061102,39.970773919752816,16.35804843379145,1.1535018163634594,6.290593916862086,0.06864945013210048,2.6695355772439715,0
0.6072978047766012,28.878155742686776,42.585143603776395,15.437059009111866,1.2957027757147086,5.876047210656194,0.06369212457213036,3.432220326602187,0
0.7363872494619361,29.212352084312215,32.55236454774726,23.5069494690475,0.7906761783812997,4.474366353405881,0.05386993795666078,6.525310498834931,1
0.4214013967365018,13.830709671818022,25.10817370726121,24.226366485210477,1.0634725266510723,7.587978426583335,0.07267278163903752,0.4197928376344746,0
0.3618955396846225,8.218127954184888,45.19552182279123,23.018907347764795,1.0310492104116558,4.417672459147317,0.04279338956586243,3.0734968194337786,0
0.5303818595604876,16.799163163339127,34.23727127042654,27.57659047161901,1.070218258335347,7.110109097885102,0.015108755247035767,1.6219554023218816,0
0.5721562505126143,18.764745545808594,48.84257451885735,17.29113381994199,1.2752463941271146,4.331586003867103,0.12173536750623529,2.5172012931441996,0
0.4769133626155231,23.211943387005437,17.035312819478698,28.371353830355652,0.9558421700415892,3.080054961711918,0.0009190974244501467,5.025589144568039,0
0.6453260663321034,26.160516414964974,36.56322577026656,15.495394407229236,0.9188993266891825,5.730792416472386,0.022829635537864056,3.529293499369834,0
0.3661394200276751,15.814390373382967,50.348850671009664,14.936572183157537,1.1067961594837328,2.7906632877957867,0.06525789746741566,1.325387487561336,1
0.5692918623031611,16.110411465321064,32.17388691649474,11.200205589253748,0.6443594544868305,6.0712804500332185,0.02785709612387067,2.62423601359397,0
0.43941391792411066,13.982657429312642,33.19605261332291,17.771023430865917,0.9526295901755644,2.6116826878173667,0.0012573991961587734,0.8171332992409168,0
0.6719377906207297,29.538750954168048,37.36409353272271,17.481388315852733,0.9731604621429094,4.361983939054293,0.0034129197309966937,0.7038192898375326,1
0.6992515353168118,28.83038374982023,30.529633448920343,22.629686401273254,0.8159282767386149,2.136540606950517,0.05229682262380956,0.8604232102471153,1
0.4233343412216652,16.491757812809816,32.503424543578134,21.219454708102255,1.2114118022713154,10.648334018805459,0.1674273046408825,4.203303489414801,0
0.44504428640914195,19.496298532166044,32.297479246468775,14.035133144904316,0.7875519365313431,1.6920808807673713,0.04013288542923304,2.6773119155482443,0
0.5859587886979802,28.345744966326656,29.980634124589013,18.03636880787091,0.9728253903272408,5.019627480792809,0.03533774921139359,5.047471024730457,0
0.46128693502104856,17.78835001023079,44.830852401604474,18.142689894561574,1.0586314450645937,7.286608548660027,0.01916012934287013,2.156056408580473,0
0.4954588782067762,20.026464536245257,38.68862425837148,11.120088765190538,1.2706903122952238,7.072771817174051,0.01483215001992169,4.994166330152431,0
0.502538842054241,20.679344438363557,37.005025856826414,15.095266364933153,0.9978887130238293,6.702684244346274,0.0010604148088671562,1.1303503398784096,0
0.30803268438023435,19.49763628103135,41.46856805512093,16.145931846929553,1.1872307188256421,4.365543223557049,0.01593833615505316,4.219709660274169,0
0.49861622539057626,13.646580222365973,32.88515333437226,27.16812509910473,1.1401190794554255,7.702177892674004,0.029811046353072503,4.833347388493061,0
0.4310272225935826,19.29075794810973,28.806369453176796,20.957253579786762,1.0246915112338284,6.826782181604365,0.011029202921182812,2.7211462596232643,0
0.4506877177600228,17.683101964123722,30.179005563083543,23.3108437697375,0.7820973183453089,5.424599235320954,0.004570030971708388,0.9217628804462596,0
0.6443632003468814,27.474843192427798,35.01426432883687,12.50682251425394,0.7130838278191303,5.481161515453184,0.06324418318155649,1.3004121619651716,0
0.3743493105720743,13.0018547608988,26.526306333016784,25.97107241506996,1.0213010802838374,4.392154704769255,0.1125092483758359,1.5644961057865179,0
0.5813205186747977,23.105925654416556,30.997911867306595,26.505510315120464,0.8914606252194772,3.1806959483339234,0.1380504570061529,3.7219123794912736,0
0.47210370696681914,21.01838001706925,30.871066865028524,10.00827516427687,1.1838522183362583,7.474301950957432,0.04811656709195944,6.5573141970971065,0
0.47202398315041655,28.219689929148185,,16.47341638042076,1.1491713036197155,7.624415987203063,0.00271090904816794,0.610224579286318,0
0.5790371896051711,25.58559615241306,12.809480480528666,22.47882786507755,0.96307780111259,3.2317817179401573,0.06751984858198459,3.010431593760796,0
0.534005129456889,18.816008384184038,33.56304222875493,23.22194226769091,0.7684574152117462,4.692429669707616,0.005832045327691503,1.3111291632861553,0
