timestamp,zone_id,machine_id,machine_type,operator_shift,temperature_C,vibration_level,sound_db,pressure_psi,runtime_minutes,power_consumed_kWh,machine_status
2025-06-01 00:00:00,Z3,M1000,CNC,Night,82.70016753209205,3.974734578109236,66.17272425512073,110.61741802657116,1769,1.54,OK
2025-06-01 00:01:00,Z1,M1001,Drill,Morning,82.22273689262374,1.8209023505217914,71.0534531948738,139.82383641946134,1318,3.82,OK
2025-06-01 00:02:00,Z3,M1002,Drill,Evening,26.032275309058257,4.224744035840037,63.953327040197394,177.72621589841768,5554,0.67,OK
2025-06-01 00:03:00,Z3,M1003,Motor,Evening,45.972497552350724,2.981129904746832,84.1574347650415,171.35942412768026,3379,1.15,OK
2025-06-01 00:04:00,Z1,M1004,Motor,Night,25.87669854266457,0.8822224375170826,59.064901877828795,160.26008162312905,2773,2.22,OK
2025-06-01 00:05:00,Z1,M1005,Motor,Morning,42.096865883474536,2.641855920167628,64.73334135502151,145.7279897133472,2990,2.94,OK
2025-06-01 00:06:00,Z3,M1006,Conveyor,Evening,50.25722683644253,5.896666603293807,70.90558027195861,137.08133094848458,3044,1.16,OK
2025-06-01 00:07:00,Z2,M1007,Motor,Night,66.15842422840416,4.288465539064962,79.51133922483854,146.191789888641,375,1.16,Warning
2025-06-01 00:08:00,Z3,M1008,Drill,Evening,52.20100148261189,2.43153739664026,70.82677269035479,169.54429160755302,3036,4.49,Fail
2025-06-01 00:09:00,Z3,M1009,Motor,Night,52.61894893577031,0.19625135849859765,72.07816469028407,175.25476530589404,660,3.63,OK
2025-06-01 00:10:00,Z3,M1010,Drill,Morning,62.726470247996446,1.7512632326540527,72.23577701381839,143.4553308769433,1403,3.44,Warning
2025-06-01 00:11:00,Z3,M1011,CNC,Morning,34.360355321882835,0.8902889939483076,76.38226097886597,213.40578273818983,740,2.99,OK
2025-06-01 00:12:00,Z1,M1012,Conveyor,Morning,47.42110270554204,0.23248799034975276,65.23590771783998,152.31009439442641,303,5.87,OK
2025-06-01 00:13:00,Z3,M1013,CNC,Morning,52.44665061273941,4.178386695247953,67.42258361561562,141.32611375162745,1085,0.77,OK
2025-06-01 00:14:00,Z2,M1014,CNC,Evening,56.963970170529834,3.0935810945702484,88.44738959036712,186.89173596523878,4881,1.49,OK
2025-06-01 00:15:00,Z1,M1015,Drill,Evening,61.154309853383175,5.692662672515912,78.2191927775761,99.04258675594312,3179,4.06,OK
2025-06-01 00:16:00,Z2,M1016,CNC,Morning,82.50974684599562,1.5035371518035565,81.08625737482276,162.0008423641339,1210,1.25,Warning
2025-06-01 00:17:00,Z2,M1017,Drill,Morning,73.62504241621642,2.9965785978613044,75.46422825164173,148.18004018416758,3034,3.74,OK
2025-06-01 00:18:00,Z2,M1018,Motor,Morning,48.460349632620975,0.9087384723796283,73.87775801405807,186.20460799678398,228,3.62,Warning
2025-06-01 00:19:00,Z2,M1019,Motor,Evening,56.08006410822798,2.1076899582506363,78.65704756876224,165.1230839662548,3119,5.84,OK
2025-06-01 00:20:00,Z1,M1020,Drill,Morning,55.05841294361815,2.6668350571011215,80.82090946940906,153.47755424604145,1854,5.36,OK
2025-06-01 00:21:00,Z1,M1021,Motor,Morning,,2.4380190482825284,81.76860539753375,166.56584493866373,267,5.7,Fail
2025-06-01 00:22:00,Z2,M1022,Conveyor,Morning,64.08773738731365,3.0803109459232516,73.98752352144528,123.6104421969812,2774,1.12,OK
2025-06-01 00:23:00,Z2,M1023,CNC,Night,32.10330670543638,4.457414344877081,82.64301245022656,174.17049586197146,2849,5.27,OK
2025-06-01 00:24:00,Z1,M1024,Conveyor,Morning,73.21071582009726,4.299626378181831,55.27026568936303,116.38535607466322,4349,1.21,OK
2025-06-01 00:25:00,Z1,M1025,CNC,Night,85.40326186073032,1.8459981238630512,82.13829607780097,158.96243452035912,4965,3.98,OK
2025-06-01 00:26:00,Z1,M1026,Motor,Night,55.95239188992275,2.954468817204526,71.58475234604958,150.89035852715062,2134,4.46,OK
2025-06-01 00:27:00,Z3,M1027,Conveyor,Morning,55.65953362323257,4.191144562439166,79.42705957041358,,5300,1.38,OK
2025-06-01 00:28:00,Z3,M1028,Motor,Night,62.35566370813007,4.553604761144259,69.80537819443309,151.72355145240124,5144,3.98,OK
2025-06-01 00:29:00,Z3,M1029,CNC,Morning,75.29078965440316,2.008264973018771,64.38644375937778,157.04966879265746,3459,0.79,Fail
2025-06-01 00:30:00,Z2,M1030,Drill,Evening,55.135594247741366,4.062246682200359,77.71763225053334,133.62810065105523,2269,2.11,OK
2025-06-01 00:31:00,Z3,M1031,Drill,Evening,74.00917749152605,3.4967197637815515,62.987755813430404,124.6894500289348,989,5.57,OK
2025-06-01 00:32:00,Z2,M1032,Conveyor,Evening,67.32742008679864,1.4010163296916065,71.80258057421834,162.30443508570994,4492,1.44,OK
2025-06-01 00:33:00,Z2,M1033,Motor,Evening,95.42417166007036,4.200236943878602,68.50056247116677,159.05787502902024,937,0.86,Warning
2025-06-01 00:34:00,Z3,M1034,Motor,Night,55.07006977256556,3.2273148126487032,73.59973969365218,155.6704772313511,439,2.94,OK
2025-06-01 00:35:00,Z2,M1035,Conveyor,Morning,30.359993284187496,0.38791409051021075,81.37767295677818,150.22104430887208,2358,5.18,OK
2025-06-01 00:36:00,Z3,M1036,Drill,Morning,38.50591318971729,2.559219658932946,71.08123771636407,135.83592457561008,2007,0.92,OK
2025-06-01 00:37:00,Z3,M1037,CNC,Morning,60.17892356100236,3.059786312377459,77.51662037930089,206.80453631661922,3345,2.46,OK
2025-06-01 00:38:00,Z1,M1038,Conveyor,Evening,75.41823141031128,2.0912632817736094,80.91476830581671,142.5417289937978,4130,5.45,Warning
2025-06-01 00:39:00,Z3,M1039,CNC,Evening,50.212362893689146,4.842342638247787,70.1419595936497,128.3721659132804,4816,1.15,OK
2025-06-01 00:40:00,Z1,M1040,Drill,Morning,56.536013251870045,4.896702736017158,70.25797177024718,151.36068188025334,3743,2.21,OK
2025-06-01 00:41:00,Z3,M1041,Motor,Evening,70.27264105997364,2.4262647616307325,85.95463121760169,145.47647384222205,518,4.78,OK
2025-06-01 00:42:00,Z3,M1042,Drill,Morning,45.52151098682314,2.2616617179693868,74.36489088177674,141.96217978958774,268,0.0,OK
2025-06-01 00:43:00,Z1,M1043,Conveyor,Morning,50.83095901207773,2.8031479899460185,79.073110345055,196.85690226514964,4733,5.08,Fail
2025-06-01 00:44:00,Z1,M1044,Motor,Morning,42.48409968584609,2.699879151289979,79.0124887388738,121.75630454988482,5444,1.11,Fail
2025-06-01 00:45:00,Z3,M1045,Conveyor,Morning,77.67342139323843,2.1112471592971156,65.41609915137617,150.93592671984266,5475,5.56,OK
2025-06-01 00:46:00,Z2,M1046,Conveyor,Morning,83.12509217694551,-2.563194913984937,68.91299299062403,123.4331743767872,4185,5.64,Warning
2025-06-01 00:47:00,Z1,M1047,Drill,Morning,36.308775157604096,5.632217813399421,78.00277890832017,136.4743807150993,5161,1.35,OK
2025-06-01 00:48:00,Z2,M1048,Conveyor,Morning,57.867217515176655,3.0006269456672134,58.46148090621085,193.4028987473758,1388,0.69,OK
2025-06-01 00:49:00,Z2,M1049,Drill,Evening,81.10888462597417,2.7325348321063854,73.30961906369261,157.03612639304734,1694,5.94,OK
2025-06-01 00:50:00,Z2,M1050,Motor,Morning,65.98042775433356,3.487753695077926,68.07772902085775,156.7342648797096,3273,3.15,OK
2025-06-01 00:51:00,Z1,M1051,Drill,Morning,52.66141150501358,2.879913377198865,83.88404913581323,126.51296929680365,1389,3.65,OK
2025-06-01 00:52:00,Z2,M1052,Motor,Evening,36.80756820583652,2.3545262330318257,77.7689236252396,139.38446103208045,3865,3.89,Fail
2025-06-01 00:53:00,Z1,M1053,Drill,Evening,77.29416827734296,1.491531020412076,84.52997037912542,195.57803803896257,3029,4.84,OK
2025-06-01 00:54:00,Z2,M1054,CNC,Evening,65.40772822416746,0.24208083525645607,74.68700293157318,162.4840561609228,2335,4.97,Warning
2025-06-01 00:55:00,Z3,M1055,CNC,Morning,37.905204183873664,0.9684316050684094,74.08888645786382,141.50712870892738,3674,1.57,OK
2025-06-01 00:56:00,Z3,M1056,Conveyor,Night,77.84836580812487,1.3249888999347794,72.56056384736348,161.01518142424848,4576,1.8,Warning
2025-06-01 00:57:00,Z1,M1057,Drill,Night,35.99394657363195,3.9763832370614534,70.97544480355926,156.69159658028022,500,5.32,OK
2025-06-01 00:58:00,Z3,M1058,Drill,Evening,56.69270768748883,4.0869347201465915,96.47725071244788,129.0140086537031,1661,5.01,OK
2025-06-01 00:59:00,Z3,M1059,Motor,Night,56.03077944941806,1.6773013432998434,81.45735612634577,140.77979378694815,2099,3.9,OK
2025-06-01 01:00:00,Z2,M1060,Conveyor,Evening,,-0.9954812106560924,66.47049163250574,206.36340255269664,102,5.97,Warning
2025-06-01 01:01:00,Z1,M1061,Drill,Morning,56.084307121797714,3.0136810792528146,96.11447095329743,159.80006458616603,5543,4.54,OK
2025-06-01 01:02:00,Z2,M1062,Conveyor,Night,56.030359705489126,2.3676866765110223,71.76016051998181,110.77394971726143,2746,1.69,Warning
2025-06-01 01:03:00,Z2,M1063,CNC,Morning,39.553824826534594,2.330606269949803,77.56921600141484,162.75525370616026,3276,5.16,OK
2025-06-01 01:04:00,Z2,M1064,Drill,Night,50.394034814120914,4.433906213646547,82.51677897497493,182.57720682569865,3085,2.78,OK
2025-06-01 01:05:00,Z2,M1065,Drill,Morning,47.74056808679036,3.2079789382092785,62.696368583419996,127.39054549618182,5735,0.7,Warning
2025-06-01 01:06:00,Z2,M1066,Conveyor,Night,48.52166450992961,1.535430527219881,68.38138558680721,138.578942582913,3537,2.27,OK
2025-06-01 01:07:00,Z2,M1067,Drill,Morning,60.0942678733781,1.1903804490614256,88.18531859656552,186.34427387396295,1327,4.7,OK
2025-06-01 01:08:00,Z2,M1068,Conveyor,Morning,23.48735421236111,2.6060829645225656,73.20137069330883,150.87281172065576,2474,5.78,OK
2025-06-01 01:09:00,Z1,M1069,Drill,Night,37.34654631874653,1.6403808567155371,82.98936093408697,146.42804443021777,1679,2.02,Warning
2025-06-01 01:10:00,Z3,M1070,Motor,Morning,58.33471689589268,2.891403563958574,71.37225247482924,116.59854925303802,3746,1.86,OK
2025-06-01 01:11:00,Z2,M1071,Conveyor,Morning,61.81882024655897,4.539213066602949,74.23952315610526,176.76415771202167,5684,3.6,Warning
2025-06-01 01:12:00,Z2,M1072,Drill,Morning,56.49850802034157,0.9303263826008248,89.282054928612,145.28827408123433,2562,4.96,OK
2025-06-01 01:13:00,Z2,M1073,CNC,Night,59.38808265322558,3.131669152213453,78.50009793838419,95.72542662108077,4163,4.61,Fail
2025-06-01 01:14:00,Z2,M1074,Drill,Night,53.863250795171226,4.372574974004085,72.24121786455201,110.68406213084364,3317,3.58,Fail
2025-06-01 01:15:00,Z2,M1075,CNC,Morning,59.72243095155506,2.8707189962728368,69.53309231357721,135.96048462043257,2436,3.97,OK
2025-06-01 01:16:00,Z2,M1076,CNC,Morning,66.51213330393324,4.082371342676479,70.26499686069437,123.1789426709341,5769,1.83,OK
2025-06-01 01:17:00,Z3,M1077,Motor,Night,66.40700593031491,2.5690912618268067,84.93248024589673,127.10095615750053,307,2.88,OK
2025-06-01 01:18:00,Z3,M1078,Conveyor,Night,49.66562382812256,3.2562421191354556,81.12398646911136,208.61674738258577,3996,1.9,OK
2025-06-01 01:19:00,Z2,M1079,Drill,Morning,73.72642109374425,3.6611773985132645,65.81058694341127,167.6880753416526,5471,5.36,OK
2025-06-01 01:20:00,Z3,M1080,Motor,Morning,62.356630417549795,2.1419963426052977,75.69742845496563,85.56637442514142,5918,1.12,OK
2025-06-01 01:21:00,Z1,M1081,Drill,Morning,78.48320934509654,5.986014025784999,74.46546822555196,142.14195221948745,1089,4.24,OK
2025-06-01 01:22:00,Z2,M1082,CNC,Evening,81.49308646900623,3.8663702704978826,77.52874215654636,147.7626648161533,4555,1.93,OK
2025-06-01 01:23:00,Z1,M1083,Conveyor,Night,38.35909917940131,4.9544782480753815,70.17143104686905,113.07665165158414,2394,3.12,OK
2025-06-01 01:24:00,Z1,M1084,Drill,Evening,47.114586916969365,4.606535919541152,83.78244489319539,163.35965763839857,4004,2.15,OK
2025-06-01 01:25:00,Z2,M1085,Drill,Night,72.20322059955825,3.490933903925117,74.9892857817118,98.96526687150202,666,2.28,Fail
2025-06-01 01:26:00,Z3,M1086,CNC,Night,35.02661369806579,5.078684133539712,77.98749214068327,177.42367394425926,5718,1.93,OK
2025-06-01 01:27:00,Z1,M1087,Drill,Night,81.3026544404006,3.281872066787876,68.72247820708547,186.03824954307208,5152,4.64,OK
2025-06-01 01:28:00,Z2,M1088,Drill,Night,54.84176707781006,1.9053370752384557,69.12549489863551,208.81462697392507,4163,2.51,OK
2025-06-01 01:29:00,Z1,M1089,CNC,Night,68.62549552663528,3.022228847344445,96.2600888741352,110.64176864417718,2234,4.49,Warning
2025-06-01 01:30:00,Z1,M1090,Motor,Night,58.25414005708836,1.490749631377303,89.40063961941347,115.7275660374966,1236,3.01,Warning
2025-06-01 01:31:00,Z1,M1091,CNC,Night,,-0.15255649216470335,74.4425506969367,167.31680085631828,1623,3.51,Warning
2025-06-01 01:32:00,Z1,M1092,Motor,Evening,75.83316903197962,1.721186635411462,87.26403160581552,179.56700137664944,1374,3.49,Fail
2025-06-01 01:33:00,Z3,M1093,Conveyor,Morning,101.26084545805995,3.109322299456312,84.70190011409943,170.2238165339643,3311,5.87,OK
2025-06-01 01:34:00,Z1,M1094,Motor,Morning,52.27487585466462,4.592887178232122,69.99831176760688,,176,2.52,Warning
2025-06-01 01:35:00,Z1,M1095,Motor,Evening,55.16462173732136,1.7167211931354684,69.20053438878291,184.42068404912584,5684,1.64,OK
2025-06-01 01:36:00,Z1,M1096,Conveyor,Evening,20.263506850994105,4.515243680290732,80.34941300281054,155.0562598882308,1353,5.51,OK
2025-06-01 01:37:00,Z3,M1097,Motor,Evening,80.2725435518418,1.1839755212896845,77.08048510490258,144.68625216448518,2928,1.46,Fail
2025-06-01 01:38:00,Z1,M1098,CNC,Evening,73.67647984263004,1.6207163007908247,71.78396306929024,115.7955698018649,625,5.09,OK
2025-06-01 01:39:00,Z1,M1099,Motor,Night,33.99924206917629,5.173734905094678,80.7698123499899,142.54736486960505,2654,1.33,OK
2025-06-01 01:40:00,Z3,M1100,Conveyor,Morning,29.026718069296706,3.0714315299437436,63.46013659525643,146.3777899417276,3608,4.12,OK
2025-06-01 01:41:00,Z3,M1101,CNC,Night,30.761530752521022,2.739567082073035,75.92001222281965,126.25788566689363,3715,1.33,OK
2025-06-01 01:42:00,Z3,M1102,Conveyor,Morning,69.67753688059227,3.35291998486174,65.08861077149795,149.0443949710734,4274,5.58,OK
2025-06-01 01:43:00,Z1,M1103,Conveyor,Morning,71.17487129421123,1.1903951239229313,65.35206925179949,123.44052582301293,394,3.61,OK
2025-06-01 01:44:00,Z3,M1104,Drill,Evening,46.14999083446818,2.5037278071392666,69.34588168278074,177.83330840867924,1168,2.31,OK
2025-06-01 01:45:00,Z3,M1105,Drill,Night,67.48890047074198,3.0039917371898275,77.90629821075191,160.645611729479,4971,1.27,OK
2025-06-01 01:46:00,Z1,M1106,Conveyor,Evening,62.383156814867284,4.8470714042691485,69.59810392892295,138.50990777904215,5057,2.54,Warning
2025-06-01 01:47:00,Z3,M1107,Conveyor,Night,54.49095439718672,0.4943742910478983,65.25513113639694,154.72101519565211,197,4.38,OK
2025-06-01 01:48:00,Z1,M1108,Conveyor,Morning,74.5529524002795,5.644485473063656,78.81799362141557,122.37275594104625,968,2.62,OK
2025-06-01 01:49:00,Z2,M1109,Drill,Evening,41.925965981579424,2.8130283925124355,86.94197635552828,124.90768092201841,3908,1.85,Warning
2025-06-01 01:50:00,Z3,M1110,Drill,Evening,77.21308820390843,1.3341656265494863,80.1108034736161,134.15363404306945,3155,3.68,Warning
2025-06-01 01:51:00,Z2,M1111,Motor,Morning,49.07217668978471,1.062547925798413,89.41438979674916,145.20179823977247,4764,2.8,OK
2025-06-01 01:52:00,Z1,M1112,Motor,Morning,86.72305022950567,3.409723975506309,86.2734271488207,153.5300453122256,2504,1.41,OK
2025-06-01 01:53:00,Z3,M1113,Conveyor,Morning,44.920409647778,0.9791857798972115,71.10057429992051,153.62890917240014,1276,1.35,Warning
2025-06-01 01:54:00,Z1,M1114,CNC,Evening,54.72641882099809,2.1598146823603517,80.05727855491288,117.0305583375675,4167,4.39,Warning
2025-06-01 01:55:00,Z2,M1115,CNC,Night,60.8788070631353,2.6251454086833026,74.26695365155875,147.98177792769604,4318,5.86,OK
2025-06-01 01:56:00,Z1,M1116,Drill,Evening,60.78477821733725,4.715513609107239,83.49679824958447,129.54861698546114,1269,1.78,OK
2025-06-01 01:57:00,Z3,M1117,Drill,Night,67.36242750927143,4.52768018889596,74.26550754189144,64.77583156373416,1364,4.75,OK
2025-06-01 01:58:00,Z3,M1118,Drill,Evening,40.714763726299836,2.035511414821561,68.69042792632587,226.88963828807374,923,0.98,OK
2025-06-01 01:59:00,Z2,M1119,Conveyor,Evening,59.44031387630047,2.680975244668617,85.98724753880204,130.0337318511772,470,2.6,OK
2025-06-01 02:00:00,Z1,M1120,CNC,Morning,62.071975596040815,0.6069226497363815,77.54236440578696,131.42119614637986,3016,3.29,OK
2025-06-01 02:01:00,Z3,M1121,Motor,Night,52.083926639578095,-0.058643269865580105,69.69176262952615,116.3390969409852,2054,1.98,OK
2025-06-01 02:02:00,Z2,M1122,Conveyor,Evening,66.06087926189126,1.1564213286110705,71.01018959940941,123.56267613257066,4283,3.41,OK
2025-06-01 02:03:00,Z3,M1123,Motor,Evening,39.804451297683286,4.6846460419887155,69.64063484449213,145.2831921271471,2051,5.35,OK
2025-06-01 02:04:00,Z3,M1124,Motor,Morning,55.103191664239745,4.17012108333219,66.98602053832226,183.7953331030007,5764,5.69,Warning
2025-06-01 02:05:00,Z1,M1125,Conveyor,Morning,48.70223813394501,3.575154393894921,71.17987726205159,145.141283211308,2954,1.05,OK
2025-06-01 02:06:00,Z3,M1126,Motor,Night,55.14853605676471,0.8135632700691344,77.98416970984965,141.91094226913313,1148,2.0,OK
2025-06-01 02:07:00,Z1,M1127,CNC,Evening,81.70553189881805,1.9325106339132818,75.51248536148944,180.00684942553468,3086,5.89,Warning
2025-06-01 02:08:00,Z3,M1128,Motor,Night,81.996835892361,1.7132684577320676,71.49426450894273,136.89008673662292,959,1.99,OK
2025-06-01 02:09:00,Z2,M1129,CNC,Evening,79.05624690871831,2.7510024440691563,86.9640597503778,150.52873488939164,629,4.31,OK
2025-06-01 02:10:00,Z3,M1130,CNC,Night,53.06614079878723,2.656419665051826,58.91493220896289,126.96074836967547,774,1.89,OK
2025-06-01 02:11:00,Z1,M1131,CNC,Morning,73.6142741520031,1.4970647149562573,77.44908732124568,192.12833752381425,359,2.46,OK
2025-06-01 02:12:00,Z1,M1132,Drill,Evening,61.68543190388706,3.5238252118478153,73.85792596145924,176.21275600089615,517,1.55,Warning
2025-06-01 02:13:00,Z2,M1133,Motor,Night,60.68384555254513,3.3434195703063585,67.23855016162815,146.17531576166584,1343,5.21,OK
2025-06-01 02:14:00,Z3,M1134,Conveyor,Morning,58.83957978571246,1.9067653513605802,77.91563476630174,140.01391795323184,1969,5.35,OK
2025-06-01 02:15:00,Z3,M1135,Conveyor,Morning,86.37626786068688,3.456417587448797,73.24201430111076,149.20401358408154,5016,2.13,OK
2025-06-01 02:16:00,Z2,M1136,Motor,Night,80.48757908334696,4.686428052495781,84.97658772971116,146.54043553473,3227,5.03,OK
2025-06-01 02:17:00,Z3,M1137,Drill,Evening,71.17344627670646,5.142091165684869,81.94452193929173,111.32950836693317,2899,2.47,Warning
2025-06-01 02:18:00,Z3,M1138,Drill,Evening,57.4454855173406,3.7359932349147886,90.24904589099188,177.06668628563438,934,1.04,OK
2025-06-01 02:19:00,Z1,M1139,CNC,Morning,60.593411373818434,3.691901915114034,71.13345655588806,144.32155549389034,1986,4.67,OK
2025-06-01 02:20:00,Z3,M1140,Motor,Evening,67.95849906806602,2.639791628963533,86.17243591798012,197.45850940115363,4996,3.78,OK
2025-06-01 02:21:00,Z3,M1141,Motor,Evening,52.17586632218966,4.544569343302738,65.67316185587663,160.54539276906456,5824,2.01,OK
2025-06-01 02:22:00,Z2,M1142,Conveyor,Evening,74.07473573946756,1.3944728229903194,74.11490800579537,86.97283374675769,5465,1.89,OK
2025-06-01 02:23:00,Z2,M1143,Motor,Morning,46.1813233283564,4.370775215112247,71.27802357892583,117.95941375377373,5314,5.87,OK
2025-06-01 02:24:00,Z1,M1144,Drill,Night,,2.568592898728796,79.81956330327527,96.34862233204348,376,5.24,OK
2025-06-01 02:25:00,Z3,M1145,Motor,Evening,25.654266753110555,5.236405240802594,79.62620638594842,117.64879864202754,3560,4.95,OK
2025-06-01 02:26:00,Z3,M1146,Conveyor,Morning,51.74072210096805,3.8823096105601116,67.79504325417622,109.1599581452655,1774,1.2,OK
2025-06-01 02:27:00,Z3,M1147,CNC,Morning,91.16515699379165,2.8982006533903495,80.26553739187533,156.314187259546,1505,4.65,OK
2025-06-01 02:28:00,Z1,M1148,Conveyor,Night,75.54287241587866,2.64526852664359,71.95608733724886,142.09786645984312,5363,1.68,OK
2025-06-01 02:29:00,Z1,M1149,Conveyor,Evening,83.03202674901786,3.788419281672655,68.46562112038644,168.51349795072224,2654,5.88,Warning
2025-06-01 02:30:00,Z2,M1150,CNC,Evening,49.99038498968427,3.715686521529083,74.90574910286138,149.04751043315096,1010,0.79,OK
2025-06-01 02:31:00,Z1,M1151,Conveyor,Night,61.55659255200654,2.402485493249208,63.18524670909986,143.99227329637912,5290,2.44,OK
2025-06-01 02:32:00,Z3,M1152,Conveyor,Night,79.22988379641457,3.1377536374025197,82.45045079991017,200.0801737317336,3477,2.86,OK
2025-06-01 02:33:00,Z3,M1153,Motor,Morning,69.49642402058066,4.344585131022903,74.55503351646624,155.57056584646256,1230,5.03,OK
2025-06-01 02:34:00,Z1,M1154,Motor,Morning,67.62848816037479,0.9549656131796254,74.73003502561568,147.98721206243565,1177,4.71,OK
2025-06-01 02:35:00,Z3,M1155,CNC,Night,84.45872955495093,4.08881733083057,74.30266698330794,128.66397699829892,3857,2.56,OK
2025-06-01 02:36:00,Z3,M1156,Motor,Evening,44.39317551579108,3.7818218675390307,88.17480069353427,120.60216210825931,2095,3.61,OK
2025-06-01 02:37:00,Z1,M1157,Motor,Morning,57.236429408317456,4.779971213342236,87.15102151063857,169.26252545980253,1672,5.1,OK
2025-06-01 02:38:00,Z1,M1158,Conveyor,Morning,33.68871655995969,1.9265194480451433,85.8060887471935,167.7673999458715,1928,0.6,Warning
2025-06-01 02:39:00,Z3,M1159,Drill,Evening,43.573409220965985,3.0085741291393364,74.31966684592929,189.28946847372498,3839,4.91,Warning
2025-06-01 02:40:00,Z3,M1160,Motor,Morning,76.11278088268456,3.307602564007343,66.0750007000805,161.97278983257038,3178,5.71,OK
2025-06-01 02:41:00,Z3,M1161,Drill,Evening,46.23976100711815,4.108194775800353,74.87216445692869,140.17242906401137,4268,0.68,OK
2025-06-01 02:42:00,Z2,M1162,Motor,Evening,71.03286381187645,3.6436753937415003,77.51520336581746,162.77525696925792,2553,0.75,OK
2025-06-01 02:43:00,Z2,M1163,Motor,Evening,84.87727562952121,1.1406673517815882,81.50088243114622,147.9924849449015,2445,2.39,OK
2025-06-01 02:44:00,Z2,M1164,CNC,Night,57.33092737512092,3.4365660492924692,77.48946192880194,300.0,4389,0.98,Fail
2025-06-01 02:45:00,Z1,M1165,CNC,Night,67.7979515969972,6.006343161405612,66.78804579048331,183.3582956713011,551,3.14,OK
2025-06-01 02:46:00,Z2,M1166,CNC,Night,71.1496819431438,3.9176363639419725,70.71667623727825,145.7860913404053,5566,4.51,OK
2025-06-01 02:47:00,Z1,M1167,Drill,Evening,41.677574054001525,5.4570704168049,69.99090775000862,193.93274099536848,2897,3.62,OK
2025-06-01 02:48:00,Z1,M1168,Conveyor,Evening,50.753214820484295,4.564592065942218,79.31242440324657,179.708681690538,1039,1.58,OK
2025-06-01 02:49:00,Z2,M1169,Motor,Night,44.945081824922966,5.0436029031576135,79.50877962591974,150.44210848577677,5758,4.1,OK
2025-06-01 02:50:00,Z2,M1170,Motor,Morning,51.94915334875457,3.4649529914770576,80.55705510464696,166.76858187644845,884,4.27,OK
2025-06-01 02:51:00,Z2,M1171,Motor,Evening,70.74166047121649,3.7827676644181754,77.40828683737882,157.6374221745046,5468,5.63,OK
2025-06-01 02:52:00,Z3,M1172,Drill,Morning,51.072049035865625,3.383276634962062,58.52640392185084,150.54984982010734,3051,1.31,OK
2025-06-01 02:53:00,Z2,M1173,CNC,Morning,59.472701596022745,3.006511297574284,61.19312257380153,197.82862641182527,5322,4.31,OK
2025-06-01 02:54:00,Z3,M1174,Conveyor,Evening,44.36307574603147,4.113292470103657,73.87849894928287,162.94011152476727,4229,5.51,OK
2025-06-01 02:55:00,Z1,M1175,Drill,Evening,78.39633246800554,2.2184970914891986,75.78462336373114,128.97579098422352,4866,3.26,OK
2025-06-01 02:56:00,Z3,M1176,CNC,Morning,51.82335014664994,5.82807347402195,85.02932469722383,124.30075807678479,3597,2.49,OK
2025-06-01 02:57:00,Z2,M1177,Drill,Morning,,,75.62236118396025,125.32257698869431,2555,1.44,OK
2025-06-01 02:58:00,Z1,M1178,Conveyor,Night,60.9139364077404,4.217082179875738,67.19240535312282,162.23761252295432,1089,5.27,OK
2025-06-01 02:59:00,Z1,M1179,CNC,Night,38.89500633055381,5.068007125955383,80.29731846221895,141.46215819202357,4575,2.67,OK
2025-06-01 03:00:00,Z1,M1180,Drill,Evening,57.43459880181563,2.7350673690593954,74.86198645708606,158.33234291531943,4958,5.59,Warning
2025-06-01 03:01:00,Z3,M1181,Conveyor,Night,44.058347588007535,1.3305340332927544,71.78356171572771,173.4099071240343,458,20.0,OK
2025-06-01 03:02:00,Z2,M1182,Motor,Night,68.8402406606723,,62.083204736239125,200.7178382608072,4721,2.57,OK
2025-06-01 03:03:00,Z1,M1183,Conveyor,Night,56.079558265097006,3.3050929650753824,75.68149606488986,142.03816915779106,4254,3.66,OK
2025-06-01 03:04:00,Z1,M1184,Motor,Night,62.448153825410316,4.219974108902615,76.83054328783568,114.78623481666924,5373,0.65,OK
2025-06-01 03:05:00,Z1,M1185,Drill,Morning,54.459703349301556,2.835818101744024,67.0308295671516,194.81005163326816,2007,1.95,OK
2025-06-01 03:06:00,Z3,M1186,CNC,Evening,51.66986544205012,5.597887023483596,80.95486230565021,113.57247944202322,1920,4.41,OK
2025-06-01 03:07:00,Z3,M1187,CNC,Night,45.39566985576559,-0.17551207830952276,80.23837438920786,112.5892823136052,5035,4.23,Fail
2025-06-01 03:08:00,Z2,M1188,Drill,Morning,72.54334405232294,3.564266326925602,75.39130065914381,194.16125649917245,5668,2.44,OK
2025-06-01 03:09:00,Z3,M1189,CNC,Morning,57.40270347300453,5.0126242256273965,75.09378286353633,176.655788193437,4527,4.95,OK
2025-06-01 03:10:00,Z1,M1190,CNC,Morning,55.27963659452424,3.158008567244094,82.568301973314,162.12100853065454,5146,1.8,OK
2025-06-01 03:11:00,Z2,M1191,Motor,Night,57.0267915233676,3.453538039525367,77.94024295024825,148.75197506366317,1003,3.04,OK
2025-06-01 03:12:00,Z1,M1192,Drill,Night,49.81707309771338,2.348982281149487,69.38195640841312,144.01989956511864,3083,3.1,Warning
2025-06-01 03:13:00,Z1,M1193,Conveyor,Evening,55.32972859835962,3.0310327617999264,73.41881373119882,133.72934937514154,2114,2.37,OK
2025-06-01 03:14:00,Z3,M1194,Motor,Night,63.08444722040231,0.4922150802955425,79.45479521548863,142.9239206431146,2589,5.75,OK
2025-06-01 03:15:00,Z2,M1195,Drill,Night,44.48794501414852,,58.74143260534352,148.81461547423194,2143,4.33,Warning
2025-06-01 03:16:00,Z3,M1196,Motor,Morning,46.659720103811885,1.8198673093466575,67.54779160968297,115.63875270151445,4310,3.47,OK
2025-06-01 03:17:00,Z3,M1197,Conveyor,Evening,80.6742614043401,4.003685986543947,80.4571013307118,129.4942871006886,2241,3.31,OK
2025-06-01 03:18:00,Z2,M1198,Conveyor,Night,54.55865200800666,2.1429453610683984,84.6710208337289,97.20204377839511,5766,1.38,OK
2025-06-01 03:19:00,Z1,M1199,Drill,Night,51.72658786613985,2.18628667509027,83.1683899221441,151.94818630250782,5409,2.55,OK
2025-06-01 03:20:00,Z1,M1200,Conveyor,Morning,39.84192591661087,2.4331149595722903,82.14634649798225,151.95253002710817,4980,4.2,OK
2025-06-01 03:21:00,Z2,M1201,Motor,Morning,72.76016456211359,1.8770329462270239,76.03795090137153,194.46288590662948,2086,5.59,OK
2025-06-01 03:22:00,Z1,M1202,Conveyor,Night,44.16111279733735,3.403533403892546,66.76877272249848,159.38887305081397,5983,4.99,OK
2025-06-01 03:23:00,Z2,M1203,Motor,Evening,59.77061008557813,,73.42701292341413,136.09894832711555,938,2.15,OK
2025-06-01 03:24:00,Z2,M1204,Motor,Evening,34.37722396025114,4.237527869582639,59.05384759504652,144.99112495750668,5034,2.89,OK
2025-06-01 03:25:00,Z3,M1205,Conveyor,Morning,72.27259200546175,3.979125123431914,85.40524868968603,162.17055781277753,4301,0.96,OK
2025-06-01 03:26:00,Z2,M1206,Drill,Morning,77.65284365427871,3.829136617477051,68.46309758020553,155.69031566362503,3970,1.06,OK
2025-06-01 03:27:00,Z3,M1207,CNC,Night,67.26780518217024,2.5065474990038346,70.73323391981438,164.45714798028996,5037,3.09,OK
2025-06-01 03:28:00,Z1,M1208,Conveyor,Morning,36.98279802892055,2.4103443744931816,83.46895242112461,159.42611933844836,3999,3.42,OK
2025-06-01 03:29:00,Z1,M1209,Motor,Night,72.58143215863846,1.6931834964773156,62.08298434312365,143.68389337025,4650,1.95,OK
2025-06-01 03:30:00,Z1,M1210,Motor,Evening,47.58976500539471,1.666134466658848,65.48477900779655,136.60516772317501,3408,4.04,OK
2025-06-01 03:31:00,Z1,M1211,Conveyor,Evening,42.435421819175815,3.291392114518891,77.14377075060108,135.26094490100084,5615,4.37,OK
2025-06-01 03:32:00,Z3,M1212,Drill,Night,54.248084313635204,1.9208759388298786,79.16304332053983,126.86821788444853,770,2.15,Warning
2025-06-01 03:33:00,Z1,M1213,Drill,Morning,53.949484899802655,5.202486200033938,74.42639363860673,122.94701790563687,248,4.67,OK
2025-06-01 03:34:00,Z2,M1214,Motor,Evening,52.424270232295655,2.9437487653882606,74.68733509651274,195.96159827156188,5193,1.63,OK
2025-06-01 03:35:00,Z2,M1215,Motor,Morning,79.10511371857041,5.252085160739311,85.14702363115556,153.1177537911514,372,3.49,OK
2025-06-01 03:36:00,Z2,M1216,Drill,Evening,90.1773899466394,3.857650581856751,80.0905475604852,146.11746372229163,5950,4.92,OK
2025-06-01 03:37:00,Z3,M1217,CNC,Night,39.46295193975803,1.8341453482924326,79.00935947622037,137.60289209567733,2926,3.45,OK
2025-06-01 03:38:00,Z1,M1218,Conveyor,Night,49.667514085131145,2.906930717127273,81.20517194234995,160.72197773327332,3857,5.49,Warning
2025-06-01 03:39:00,Z1,M1219,Motor,Night,62.14122504067435,0.48982148832342576,72.59527780249105,180.09159715140183,4930,0.82,OK
2025-06-01 03:40:00,Z1,M1220,Motor,Evening,54.16925263594159,3.2856380325979275,92.38532531314416,168.0816119063935,701,3.74,OK
2025-06-01 03:41:00,Z3,M1221,Drill,Morning,65.99098123917774,1.971347388232024,56.53974785334013,173.03972718278777,2185,3.59,OK
2025-06-01 03:42:00,Z2,M1222,Conveyor,Morning,73.73978033918692,1.329812987677108,86.66336819295026,135.33678044540054,941,4.13,OK
2025-06-01 03:43:00,Z2,M1223,Drill,Morning,71.24048913405062,5.283220137822071,82.21686014994488,149.89676895541552,3914,5.08,OK
2025-06-01 03:44:00,Z1,M1224,Conveyor,Evening,69.14600351774749,4.545881611476431,76.98630601240683,135.66554720352602,5091,4.49,OK
2025-06-01 03:45:00,Z2,M1225,Conveyor,Evening,84.88643281379585,4.504558468143694,75.6402316608169,152.67578497008105,793,4.85,OK
2025-06-01 03:46:00,Z2,M1226,Conveyor,Evening,36.16579075625836,4.173166914976417,73.75557362290316,181.81477520145526,677,2.09,OK
2025-06-01 03:47:00,Z3,M1227,Motor,Evening,82.20163187931922,1.1476664338113256,83.82754870370727,160.98509612259605,5909,2.63,OK
2025-06-01 03:48:00,Z3,M1228,CNC,Evening,53.80512548865384,2.3992807607897437,74.68108420800093,190.6678591499013,1561,3.95,OK
2025-06-01 03:49:00,Z3,M1229,Drill,Morning,71.7768783101344,2.4907445377951696,69.1769220838153,142.78690973874646,4053,3.54,Fail
2025-06-01 03:50:00,Z3,M1230,CNC,Evening,44.55500657580835,0.435394388851603,82.21586308257345,129.82597364957383,452,5.79,OK
2025-06-01 03:51:00,Z1,M1231,Drill,Evening,46.372554121600835,2.1644983577340158,87.67812987247886,162.80321216735697,2466,1.53,Fail
2025-06-01 03:52:00,Z3,M1232,Conveyor,Morning,69.93175937223042,2.1808530365744345,59.58264701536997,152.97145908057047,3656,2.43,OK
2025-06-01 03:53:00,Z2,M1233,Motor,Evening,31.069049658752316,3.188998421242443,93.85673464616255,158.06755632911668,5234,3.65,Warning
2025-06-01 03:54:00,Z1,M1234,CNC,Morning,74.84163117432469,6.798581400357515,66.70614961976287,154.33050407416246,4146,5.27,Warning
2025-06-01 03:55:00,Z2,M1235,Motor,Morning,78.89945253512383,2.968655585092892,67.31761378787718,,5488,5.61,OK
2025-06-01 03:56:00,Z2,M1236,Drill,Night,62.6667728074344,3.1897716818545008,65.0408822440591,154.89340119425,3754,2.35,OK
2025-06-01 03:57:00,Z2,M1237,Motor,Night,62.126415533678355,2.624684590853787,75.006792419717,174.33426339572927,5634,0.87,OK
2025-06-01 03:58:00,Z3,M1238,Motor,Night,47.49545782637322,4.106569320080617,64.76225372025092,176.90269269754884,209,2.82,Warning
2025-06-01 03:59:00,Z3,M1239,CNC,Night,70.11674103605503,1.3891241870313342,65.73391948919291,137.7620850203657,4983,2.67,OK
2025-06-01 04:00:00,Z1,M1240,Conveyor,Evening,65.21497869611139,,69.49159961933107,155.77514829326213,1926,5.93,OK
2025-06-01 04:01:00,Z1,M1241,Motor,Night,46.17741905964266,2.8137611887997713,76.10764540155472,186.9277770720397,4945,2.87,OK
2025-06-01 04:02:00,Z3,M1242,Conveyor,Morning,54.12780074867712,2.4072152504534037,76.87882879174009,138.30273127351188,3966,2.18,Warning
2025-06-01 04:03:00,Z2,M1243,Drill,Evening,57.60996862956295,4.4550556104957,84.92957823528067,133.7638400141862,1877,2.51,Warning
2025-06-01 04:04:00,Z1,M1244,Motor,Night,54.107967052212196,1.6636161119327197,84.74519018555931,169.86007409922178,626,2.68,Fail
2025-06-01 04:05:00,Z3,M1245,CNC,Morning,39.556328799750375,4.078876474583,83.19689051278083,165.47398017451198,2726,5.02,OK
2025-06-01 04:06:00,Z3,M1246,Drill,Evening,,5.107755083393041,72.90706263147419,129.0755979566972,1458,0.95,OK
2025-06-01 04:07:00,Z3,M1247,Drill,Evening,56.34734316147158,2.637985841395486,60.2705457760273,115.01348507606221,2824,2.24,OK
2025-06-01 04:08:00,Z2,M1248,CNC,Night,60.23047163839964,6.079262419619807,60.09348481356805,155.28890255740868,1250,5.81,OK
2025-06-01 04:09:00,Z3,M1249,Motor,Evening,51.3260011890386,3.966437289391881,83.1418390088785,139.53507255337684,4758,1.34,OK
2025-06-01 04:10:00,Z3,M1250,Motor,Morning,67.12907210957985,3.9850413894966437,81.75003577365896,107.89809363428967,4363,4.58,OK
2025-06-01 04:11:00,Z3,M1251,Drill,Evening,62.98044276572105,5.048798002778985,70.06636430044763,132.81993690378837,2163,2.46,OK
2025-06-01 04:12:00,Z3,M1252,Motor,Morning,78.19176583695628,5.44610243195456,63.474109989620466,165.06524537586438,1623,3.7,OK
2025-06-01 04:13:00,Z1,M1253,Conveyor,Evening,67.20898069408477,3.3927584796095704,66.62279181464727,146.21473222722514,1853,1.05,Warning
2025-06-01 04:14:00,Z1,M1254,CNC,Night,56.95973397244334,4.195358162065407,76.39755441759623,189.1526011254665,753,2.19,OK
2025-06-01 04:15:00,Z3,M1255,Conveyor,Morning,48.904247737461596,5.094512239741392,76.4124879988395,97.81906473953151,5448,3.25,Warning
2025-06-01 04:16:00,Z2,M1256,Motor,Evening,72.98929025874968,1.2572833854578445,83.340250185016,183.4498092871787,1868,1.77,OK
2025-06-01 04:17:00,Z1,M1257,Drill,Evening,55.76135851820313,0.4057464005510285,71.39716434234003,141.40241550584528,5159,3.48,OK
2025-06-01 04:18:00,Z3,M1258,CNC,Evening,57.42423650105669,2.913669119391143,73.04771177198685,137.7894666010905,181,1.71,OK
2025-06-01 04:19:00,Z1,M1259,Motor,Morning,57.42042590560988,0.36976296387093033,84.00257044773151,111.22015408379367,1513,4.08,OK
2025-06-01 04:20:00,Z1,M1260,Motor,Morning,53.97588434014306,2.5290073555380714,57.99924078889892,161.627046228569,902,5.47,OK
2025-06-01 04:21:00,Z2,M1261,Drill,Morning,57.68191508655196,3.471560301298706,77.53962357533621,104.33095015016065,3344,0.97,OK
2025-06-01 04:22:00,Z3,M1262,Drill,Night,88.89311344098866,2.58654185091731,72.32616977094452,170.44759111494793,5238,0.0,OK
2025-06-01 04:23:00,Z3,M1263,Conveyor,Night,44.28266918808462,2.787610427844464,80.70207823162994,112.16589837395597,3453,5.14,OK
2025-06-01 04:24:00,Z2,M1264,CNC,Morning,47.78243683857585,1.4975002295686124,79.10085282289074,116.10735099407724,3607,3.97,OK
2025-06-01 04:25:00,Z2,M1265,CNC,Evening,80.76486627231375,4.182215315956416,5.0,120.21963458293295,5602,0.93,Fail
2025-06-01 04:26:00,Z3,M1266,Drill,Night,54.37793423257392,1.4048049493164905,70.94132114816814,132.10125081516256,2556,3.17,OK
2025-06-01 04:27:00,Z3,M1267,Conveyor,Morning,53.24068073887658,-0.1543525965825503,120.0,173.5518985274875,2139,1.65,OK
2025-06-01 04:28:00,Z2,M1268,CNC,Evening,75.5229578516015,2.68899184120017,80.99993198609457,187.59891334054134,5280,1.6,OK
2025-06-01 04:29:00,Z1,M1269,Drill,Night,38.69706574077374,4.372529887379934,76.91819056051705,134.68516127649931,4244,5.67,OK
2025-06-01 04:30:00,Z1,M1270,Motor,Evening,72.32181643880108,3.1197461878244646,86.1880988436137,148.83592246734835,2164,4.69,OK
2025-06-01 04:31:00,Z2,M1271,CNC,Evening,60.684246439823156,1.2528044773796476,71.80479971071563,162.2479327268128,2612,4.33,OK
2025-06-01 04:32:00,Z1,M1272,Conveyor,Evening,66.97203196247966,3.1529264511095043,82.31468478118421,141.76719090665236,5896,1.81,Fail
2025-06-01 04:33:00,Z2,M1273,Conveyor,Evening,66.69046432878189,3.6574555571525247,66.44059163548688,161.2689406823249,2021,1.15,OK
2025-06-01 04:34:00,Z1,M1274,Conveyor,Night,50.58026120276043,3.1354750372783893,53.36168161712828,149.8980132123992,2821,5.29,Warning
2025-06-01 04:35:00,Z1,M1275,Motor,Night,75.76775670224859,2.6031236296671207,74.24388847705785,143.66350303108672,5938,0.53,Warning
2025-06-01 04:36:00,Z3,M1276,CNC,Night,51.747934327828965,3.7290580224641228,70.4665459595758,114.50460762744757,2281,2.63,OK
2025-06-01 04:37:00,Z3,M1277,CNC,Morning,66.13273528498112,0.392359645769782,66.59342859372224,153.72607994811673,5494,2.03,OK
2025-06-01 04:38:00,Z1,M1278,Motor,Night,78.56586728293705,1.6590669138561294,82.18484314789293,173.95939261620143,1570,3.64,Fail
2025-06-01 04:39:00,Z1,M1279,CNC,Evening,80.68352549769705,1.0421878532920346,84.66597338834846,130.54305380649294,5969,1.88,OK
2025-06-01 04:40:00,Z3,M1280,Motor,Night,55.99310496088961,5.022579557982235,75.8433702349269,100.79323414526677,1972,2.21,OK
2025-06-01 04:41:00,Z3,M1281,Motor,Evening,66.94702911361516,4.068047581482581,73.53984744305468,142.01123394261742,3986,5.18,Fail
2025-06-01 04:42:00,Z3,M1282,Motor,Morning,54.607668146945706,3.2776875514710264,75.50166699122018,187.744266120188,2244,3.82,OK
2025-06-01 04:43:00,Z2,M1283,Conveyor,Evening,97.55694340903162,0.8240675199707876,69.77659004878937,180.29874838719377,2442,1.3,OK
2025-06-01 04:44:00,Z1,M1284,CNC,Evening,71.70189008810728,4.116221683422179,79.50076758742722,135.48844485543535,713,4.5,OK
2025-06-01 04:45:00,Z3,M1285,Motor,Evening,61.26087653755403,5.0798102024877245,62.68502411070849,161.38787512474642,5904,1.64,OK
2025-06-01 04:46:00,Z1,M1286,CNC,Morning,64.68843260186614,3.8572421046953433,66.41537497255845,165.33864782876418,3545,2.88,OK
2025-06-01 04:47:00,Z2,M1287,Conveyor,Night,66.10658123169101,2.947233875244664,68.66991078954558,,222,4.06,OK
2025-06-01 04:48:00,Z2,M1288,Motor,Night,66.55115311175223,3.9475770477759227,79.33084344785223,111.23544259498738,863,2.0,OK
2025-06-01 04:49:00,Z3,M1289,Drill,Morning,56.400026735301644,3.4093741713790333,72.58008114365406,123.27929423425888,4625,2.61,OK
2025-06-01 04:50:00,Z2,M1290,Conveyor,Evening,54.08509051147237,4.389114350459608,85.88312315762458,99.75611596908365,5307,4.54,OK
2025-06-01 04:51:00,Z1,M1291,Drill,Night,57.7221995741026,4.3555284626894295,81.42647805102807,133.0397700413782,1425,5.66,OK
2025-06-01 04:52:00,Z3,M1292,CNC,Morning,42.90462442429189,2.66840169508451,68.59125459550124,176.65763918672087,2304,3.41,OK
2025-06-01 04:53:00,Z1,M1293,CNC,Night,70.7741161046169,2.009037925673835,80.06772632318896,136.00702100110797,653,0.55,OK
2025-06-01 04:54:00,Z1,M1294,Conveyor,Morning,47.97442436026541,2.4002655889707336,71.73434377478385,117.29527675449233,1159,2.36,OK
2025-06-01 04:55:00,Z2,M1295,CNC,Evening,44.10074881522925,3.8037755025074014,78.7854439601917,155.66591043705245,1842,2.69,OK
2025-06-01 04:56:00,Z2,M1296,Drill,Night,59.78468300153777,2.4908405223032877,81.81417730874378,156.30922091968387,443,2.37,OK
2025-06-01 04:57:00,Z2,M1297,Motor,Morning,58.0481605546517,1.8742055727692644,83.91771681450173,124.57376367621664,2465,2.9,Warning
2025-06-01 04:58:00,Z2,M1298,Motor,Night,63.74451713683483,2.99856994312019,76.61617255870334,137.34885232038,4669,3.98,OK
2025-06-01 04:59:00,Z2,M1299,Motor,Night,51.47691945905385,4.661185396003427,87.80098949184175,153.76441301614065,5106,1.17,OK
2025-06-01 05:00:00,Z3,M1300,Conveyor,Night,54.1118616265354,3.202662100701095,78.53051484849017,168.64966241729473,4436,2.0,OK
2025-06-01 05:01:00,Z1,M1301,CNC,Night,70.38179257632736,2.585673005999359,76.08041727566105,133.7781886627737,2857,3.29,OK
2025-06-01 05:02:00,Z1,M1302,Drill,Morning,69.4682580074279,3.4806476894201475,72.57988489872051,400.0,1280,2.24,OK
2025-06-01 05:03:00,Z1,M1303,CNC,Evening,68.84287569265017,3.1260588135748018,69.94952783849305,197.8138672357985,3039,5.95,OK
2025-06-01 05:04:00,Z1,M1304,CNC,Morning,60.50951418527224,0.09954443848548333,78.35906980849364,143.14934423138055,3795,2.87,OK
2025-06-01 05:05:00,Z2,M1305,CNC,Morning,62.53383934998412,4.045138714528738,75.80606109583988,156.23585760535136,3637,5.28,OK
2025-06-01 05:06:00,Z1,M1306,Motor,Morning,63.456583315657554,3.611187659920664,77.08660480507511,166.20912390989074,3758,5.43,OK
2025-06-01 05:07:00,Z3,M1307,Drill,Evening,,3.024257698418619,78.84596662045034,105.32784912130197,99,5.1,OK
2025-06-01 05:08:00,Z3,M1308,Drill,Night,82.11069900219152,4.59353505108438,77.05281182514439,149.53682595753736,2086,0.76,OK
2025-06-01 05:09:00,Z1,M1309,CNC,Night,79.97382048731549,4.819499046375297,91.1063632554228,108.85709288315842,2310,5.71,OK
2025-06-01 05:10:00,Z1,M1310,Motor,Night,71.9136838650145,4.198152992210327,70.7762809265749,146.73056378081495,4245,1.21,OK
2025-06-01 05:11:00,Z3,M1311,Motor,Evening,53.61207620397603,1.7245487759466986,78.45834675295765,184.32809754591221,5752,0.69,OK
2025-06-01 05:12:00,Z3,M1312,Drill,Night,68.08716176925225,,73.17845427321006,125.0382918319514,2737,2.78,OK
2025-06-01 05:13:00,Z2,M1313,Motor,Evening,74.67554906654658,4.676003310002976,55.30822309139808,108.33952025630441,5449,1.57,OK
2025-06-01 05:14:00,Z3,M1314,Motor,Night,41.65204647418285,0.1841641095822002,73.45221741705244,197.1921444216648,5239,1.51,OK
2025-06-01 05:15:00,Z2,M1315,Motor,Night,85.41767642547745,2.7767287272568293,67.50802355265168,121.32357061494571,1607,2.08,OK
2025-06-01 05:16:00,Z2,M1316,Conveyor,Morning,33.90918583266307,3.6597387105466237,74.46542032927668,112.53552506932525,2953,1.87,OK
2025-06-01 05:17:00,Z2,M1317,CNC,Evening,70.56908729563614,0.37438839682874336,74.78877982934637,190.47578923475447,3981,4.27,OK
2025-06-01 05:18:00,Z2,M1318,Drill,Morning,81.79923459378703,3.351514858275449,78.0828631035147,120.33825195507114,5933,1.53,OK
2025-06-01 05:19:00,Z2,M1319,Drill,Morning,58.304048039594534,4.431643614878928,70.75856499747064,191.1228552432156,3194,3.49,Warning
2025-06-01 05:20:00,Z1,M1320,Conveyor,Morning,57.7430340026539,0.7716358948447866,71.75925667410448,156.85227070426635,4339,5.93,OK
2025-06-01 05:21:00,Z3,M1321,CNC,Evening,70.01491188970385,5.487255310041237,80.6055492224796,182.09892691683592,4682,2.88,OK
2025-06-01 05:22:00,Z2,M1322,Drill,Evening,87.77822837900808,1.485254885851635,68.52753176415102,,3092,4.03,OK
2025-06-01 05:23:00,Z3,M1323,Motor,Night,55.78398543087951,3.862104369715545,60.29237607432566,176.99255911821894,2962,5.83,OK
2025-06-01 05:24:00,Z3,M1324,Drill,Morning,48.28567212201083,2.8746053574620505,76.25625085541185,127.03877943548082,2662,1.26,OK
2025-06-01 05:25:00,Z2,M1325,Motor,Night,53.64336816588012,3.104273435550677,83.56678998054596,134.65993089941665,855,2.8,OK
2025-06-01 05:26:00,Z1,M1326,Conveyor,Morning,36.71229011570669,1.074757296488765,80.51344380517509,97.11221322263366,2146,5.18,OK
2025-06-01 05:27:00,Z2,M1327,Motor,Evening,73.46636848072734,4.890709443529588,76.40387356424243,174.2945369439463,4925,5.63,Warning
2025-06-01 05:28:00,Z1,M1328,Drill,Evening,52.28875420929211,3.4888251950253504,85.00516274679022,160.48923358288377,1386,3.81,OK
2025-06-01 05:29:00,Z3,M1329,Drill,Evening,56.87491268901667,5.431260265354734,83.65613791331933,124.81688436676444,1716,1.29,Warning
2025-06-01 05:30:00,Z1,M1330,Drill,Morning,73.6443169712851,1.1138741691314598,72.35268377816752,106.27744879205204,5783,5.46,OK
2025-06-01 05:31:00,Z1,M1331,Conveyor,Evening,54.34634513385227,2.728148049181959,76.98017382669656,157.04532871562859,4151,1.46,OK
2025-06-01 05:32:00,Z1,M1332,Conveyor,Morning,71.38635593082596,3.314293859553311,77.32368178109152,191.89886336930476,1725,2.44,OK
2025-06-01 05:33:00,Z3,M1333,CNC,Night,44.4286724427557,3.0905747209423873,74.30599497005944,146.55097693544192,1953,2.57,OK
2025-06-01 05:34:00,Z3,M1334,Drill,Morning,74.38079142485996,4.000178017008631,84.07398056699103,133.5388490369571,5141,2.96,OK
2025-06-01 05:35:00,Z1,M1335,Motor,Night,65.12857531898206,2.709122187114186,73.78287653282582,126.5731429963008,184,4.85,OK
2025-06-01 05:36:00,Z1,M1336,Conveyor,Morning,58.67131453770498,6.183039069451029,70.99776887196003,181.23371769415806,521,4.91,OK
2025-06-01 05:37:00,Z2,M1337,Drill,Night,61.963402319156934,3.0597634832822695,54.267669940998765,130.51880438974314,5697,4.46,OK
2025-06-01 05:38:00,Z1,M1338,Drill,Evening,40.698580580208954,-1.326231653643502,5.0,140.72052249955794,2311,0.62,OK
2025-06-01 05:39:00,Z2,M1339,Conveyor,Night,61.62001115920455,3.126301512509058,64.47665672957254,176.0433726979695,1248,3.61,Warning
2025-06-01 05:40:00,Z1,M1340,CNC,Evening,57.87495321965094,4.8921959772992745,74.67683078986852,165.9370401209079,1658,4.61,OK
2025-06-01 05:41:00,Z2,M1341,Conveyor,Evening,41.10851084343655,1.615040847224199,64.97048599629797,141.67726675033302,5157,2.95,Warning
2025-06-01 05:42:00,Z3,M1342,Conveyor,Night,49.933868596401844,1.5198672162431455,79.8694779333512,132.52557646876636,1002,5.7,Warning
2025-06-01 05:43:00,Z1,M1343,Motor,Morning,58.06132113071223,1.7394154404906148,83.86750086571232,400.0,3227,5.03,Warning
2025-06-01 05:44:00,Z1,M1344,Motor,Morning,50.89061722578238,1.3852847850343064,74.75074593129504,122.09075812235045,3138,4.01,OK
2025-06-01 05:45:00,Z1,M1345,CNC,Morning,23.818291424243746,2.280897429441009,67.12785826989007,144.7428703718154,1928,0.84,OK
2025-06-01 05:46:00,Z1,M1346,Drill,Morning,76.14581309413299,4.363945839523831,77.29120300945227,112.35308781644247,393,4.09,Fail
2025-06-01 05:47:00,Z2,M1347,Conveyor,Morning,57.86865187365502,5.289499092619041,90.14780046470422,179.72167944842587,1617,5.51,OK
2025-06-01 05:48:00,Z1,M1348,CNC,Evening,25.890746861451824,-0.6363754859058006,87.65984503459649,138.12785310292486,3641,2.59,OK
2025-06-01 05:49:00,Z3,M1349,Motor,Morning,,2.432318019633814,63.751370454100616,132.5093550321086,660,5.11,OK
2025-06-01 05:50:00,Z3,M1350,Conveyor,Evening,78.62088496969784,3.454046991565099,63.45455021225409,166.54156163461818,5524,2.22,OK
2025-06-01 05:51:00,Z1,M1351,Drill,Evening,54.76526923397497,3.304017545077786,61.40370848160042,114.36211571744649,5250,3.64,OK
2025-06-01 05:52:00,Z3,M1352,Motor,Evening,47.362537629499485,5.849909499934334,65.90416436999743,165.88453453047103,4164,4.07,OK
2025-06-01 05:53:00,Z1,M1353,Motor,Night,66.04786816140783,-0.016040864373100927,77.01273975014904,140.98643019831235,319,4.23,Warning
2025-06-01 05:54:00,Z1,M1354,Motor,Night,63.03490222326212,-0.8835959020327491,70.5464457986406,119.86751963049514,2224,5.35,OK
2025-06-01 05:55:00,Z3,M1355,CNC,Evening,68.1313488720056,6.0933187860573845,68.29063971292312,125.24342574345454,583,1.79,Warning
2025-06-01 05:56:00,Z1,M1356,Drill,Night,47.405695901174276,4.130150539871005,83.31287814013162,132.89499751095656,3600,1.94,OK
2025-06-01 05:57:00,Z3,M1357,Conveyor,Morning,76.4665803145745,2.142942619570635,79.24074495270101,138.89890811340655,5960,4.37,OK
2025-06-01 05:58:00,Z2,M1358,CNC,Morning,52.89806815236676,3.2573981596019324,61.362378982769506,120.03684815396966,5279,1.47,OK
2025-06-01 05:59:00,Z1,M1359,CNC,Evening,70.21148622983351,3.3648264338415994,82.85379739367708,157.36289973920114,581,3.05,OK
2025-06-01 06:00:00,Z2,M1360,CNC,Morning,48.04591109314464,2.106718814496031,79.0482777796963,119.38195040110828,3696,0.61,Warning
2025-06-01 06:01:00,Z3,M1361,Motor,Evening,99.7221597863023,3.212667556037151,79.22610606424298,90.87193867154278,1767,1.28,OK
2025-06-01 06:02:00,Z2,M1362,Drill,Evening,70.43285023447888,3.5322200619901793,70.43620780855545,197.99049071993807,1556,4.23,OK
2025-06-01 06:03:00,Z2,M1363,CNC,Morning,103.2634841486047,6.023295392044238,73.50156656164087,154.94818872747416,1798,4.61,OK
2025-06-01 06:04:00,Z3,M1364,Conveyor,Night,72.41402964489069,4.445176833428311,59.21822777442306,200.23728979113937,4206,1.13,OK
2025-06-01 06:05:00,Z2,M1365,Drill,Morning,51.57803464696974,5.608984710363113,81.93589338027701,123.90851624932375,998,1.75,OK
2025-06-01 06:06:00,Z2,M1366,Conveyor,Morning,72.44071190383794,0.9846427744906587,67.00858390958948,161.99486785719995,757,1.04,OK
2025-06-01 06:07:00,Z3,M1367,Drill,Evening,73.50866727289825,2.4792041105732134,68.03496775124844,172.3652174715815,282,2.88,OK
2025-06-01 06:08:00,Z2,M1368,Conveyor,Evening,65.59986216746644,3.363370475897438,67.92686964512227,145.2663435456686,5838,1.19,Warning
2025-06-01 06:09:00,Z3,M1369,Motor,Evening,69.45588708048085,0.11834887030055574,89.40320893523055,113.88875061053298,5166,2.91,OK
2025-06-01 06:10:00,Z2,M1370,CNC,Evening,71.42590694111513,4.7727890071639205,69.65036748190171,143.38797164444264,5489,4.53,OK
2025-06-01 06:11:00,Z3,M1371,Conveyor,Night,45.094784838513874,3.9633146584668935,82.53808218834979,165.65992332740598,4896,4.26,OK
2025-06-01 06:12:00,Z3,M1372,Drill,Night,44.02712392905072,2.449262220069204,74.80806316093775,164.70551124751745,130,2.04,OK
2025-06-01 06:13:00,Z2,M1373,CNC,Night,48.086745020783496,2.7249984847488227,68.36712229251617,149.9592846885486,1293,4.21,OK
2025-06-01 06:14:00,Z2,M1374,CNC,Evening,61.91313591555765,4.880800333235622,66.91679957376242,172.43219857929364,60,5.6,OK
2025-06-01 06:15:00,Z2,M1375,Drill,Evening,56.652432427898695,1.8068430785445517,69.96915130012806,171.25215303730883,2211,2.41,OK
2025-06-01 06:16:00,Z1,M1376,Conveyor,Evening,45.36644151115577,4.941278024493431,74.404308745793,136.9083099985124,1548,2.31,Fail
2025-06-01 06:17:00,Z1,M1377,Motor,Night,71.6297131577947,2.621941895120568,79.8138968511054,111.98950862854483,4367,3.64,OK
2025-06-01 06:18:00,Z1,M1378,Motor,Evening,64.2456723020472,4.133994079165375,71.23206656407667,154.76084770026972,1781,1.85,OK
2025-06-01 06:19:00,Z3,M1379,Conveyor,Morning,62.53393487056281,3.130146308368481,70.93270606575744,131.33406084948984,5363,4.08,OK
2025-06-01 06:20:00,Z2,M1380,CNC,Morning,56.130160422390965,6.349790769976778,67.95075884078341,153.59371502248226,5553,5.08,OK
2025-06-01 06:21:00,Z3,M1381,CNC,Evening,54.3265784645164,1.6689114148387114,65.44766286831822,183.63824633879747,37,3.03,OK
2025-06-01 06:22:00,Z1,M1382,CNC,Morning,47.38003257286535,2.140076066134599,64.7784718419819,160.93730039677743,5990,4.24,OK
2025-06-01 06:23:00,Z2,M1383,CNC,Morning,74.00610438806007,0.7408117834667536,82.90423134351681,182.40639273054325,5438,4.09,Warning
2025-06-01 06:24:00,Z3,M1384,Conveyor,Night,49.4476067752022,1.3548642494560186,70.76928732303303,124.71300497458574,3631,0.71,Warning
2025-06-01 06:25:00,Z2,M1385,CNC,Evening,63.14085700039225,4.0696921615417745,71.47779280355387,177.1863934670173,2664,1.51,Warning
2025-06-01 06:26:00,Z3,M1386,Drill,Evening,84.9301559440805,5.400245458297592,69.66709933615319,191.91494829129167,473,5.41,OK
2025-06-01 06:27:00,Z2,M1387,CNC,Night,55.01613382965974,4.2397213055404155,72.46514968057902,151.60805016770064,58,5.66,OK
2025-06-01 06:28:00,Z1,M1388,Motor,Morning,74.41053211078791,2.9919127504097003,77.96859339458747,208.05133484244223,2636,4.79,OK
2025-06-01 06:29:00,Z1,M1389,CNC,Morning,68.53063524053509,1.6595782475159195,71.10495343064302,128.56421970678485,2614,5.57,Warning
2025-06-01 06:30:00,Z2,M1390,Conveyor,Evening,64.6720134489158,4.347628007440726,76.44591909944457,134.0291532560137,2614,2.18,OK
2025-06-01 06:31:00,Z3,M1391,Motor,Morning,66.4552266285713,1.5770971422212434,86.34566791598112,166.24838876071172,4999,1.86,Warning
2025-06-01 06:32:00,Z1,M1392,Conveyor,Night,58.57640146093605,0.9765723985413608,68.44268787050235,151.36163862075472,4478,2.61,OK
2025-06-01 06:33:00,Z1,M1393,Conveyor,Night,60.521639531901606,2.537296000185143,71.48425384007832,131.4273166804693,1411,0.8,OK
2025-06-01 06:34:00,Z1,M1394,Motor,Evening,51.77829077661413,-0.05091092533274422,80.12848215529446,165.4776019153942,84,4.95,OK
2025-06-01 06:35:00,Z2,M1395,Conveyor,Night,60.621856817011334,0.9279226881716269,86.9783693374554,158.88853783330984,1533,5.91,OK
2025-06-01 06:36:00,Z2,M1396,Conveyor,Night,51.221610063247546,5.828985503824231,65.06151777699039,135.34308308669378,3797,5.03,OK
2025-06-01 06:37:00,Z3,M1397,CNC,Evening,75.08482639614896,0.649787363312397,61.393567801217344,154.7262906511093,2674,3.55,OK
2025-06-01 06:38:00,Z3,M1398,Drill,Night,34.50753856982334,1.217777428431283,74.99514919302166,168.97563801577314,2873,2.12,OK
2025-06-01 06:39:00,Z3,M1399,Conveyor,Night,67.21579936688224,3.1077493615599967,74.16898482422556,134.7885303375372,3120,1.59,OK
2025-06-01 06:40:00,Z2,M1400,Conveyor,Night,65.0488005213342,3.1858558200450227,80.60135436932879,10.0,1090,2.5,OK
2025-06-01 06:41:00,Z2,M1401,Conveyor,Morning,63.690239462640506,2.6480635539317188,79.38048277296811,128.32391931196634,2834,4.17,OK
2025-06-01 06:42:00,Z3,M1402,CNC,Evening,75.36748423298229,-0.005060623336672787,74.72829419300581,133.15439047562882,4224,2.96,OK
2025-06-01 06:43:00,Z3,M1403,Drill,Evening,55.70814614935579,4.272733991456684,83.39371882693433,177.78968283050693,2076,20.0,OK
2025-06-01 06:44:00,Z2,M1404,Motor,Evening,63.83150766858075,2.335419900363005,69.55185876117872,165.34365732766076,5664,5.2,OK
2025-06-01 06:45:00,Z3,M1405,CNC,Morning,34.251871677203205,4.830674283262352,120.0,,3190,1.06,OK
2025-06-01 06:46:00,Z1,M1406,CNC,Morning,53.770246767971656,2.0327735677067293,65.27434216948544,140.64438437393665,4787,1.22,OK
2025-06-01 06:47:00,Z2,M1407,Drill,Evening,,4.473741508710865,74.66297379059746,162.242419364829,4228,4.22,OK
2025-06-01 06:48:00,Z3,M1408,Drill,Morning,39.91257396695278,4.9441251736191525,63.31094689167975,153.47164042970846,1208,1.77,OK
2025-06-01 06:49:00,Z2,M1409,CNC,Evening,62.39615050576117,2.2995865863692697,66.0732516241896,165.45510612959882,3577,4.85,OK
2025-06-01 06:50:00,Z1,M1410,Motor,Morning,49.83724392174304,4.32067529115847,88.67561469991936,152.8995414945574,4741,3.75,Warning
2025-06-01 06:51:00,Z2,M1411,CNC,Night,58.335195423423976,1.0071829828254042,60.40369945715544,146.68505816301666,2581,1.76,OK
2025-06-01 06:52:00,Z2,M1412,Drill,Night,50.73483766857604,3.3955342306042406,73.26678643668193,145.92094660406894,5708,3.13,OK
2025-06-01 06:53:00,Z2,M1413,Motor,Evening,41.29206593559854,4.833341562532259,81.61772098179735,177.2794828398634,3787,2.73,OK
2025-06-01 06:54:00,Z2,M1414,Drill,Morning,65.79004972439701,3.7777392689461857,92.77084465351543,167.37348966076559,515,5.3,Warning
2025-06-01 06:55:00,Z1,M1415,Motor,Morning,59.25604856962881,6.609335884279859,76.41660033412839,160.11859509363654,5959,0.68,OK
2025-06-01 06:56:00,Z2,M1416,Conveyor,Night,69.18943679530798,3.8615369884367334,76.87376100850153,152.22082747251943,2212,5.43,OK
2025-06-01 06:57:00,Z2,M1417,Drill,Night,71.91656861998291,2.4520931210887484,75.31748305398199,136.27953271549455,2974,4.09,Warning
2025-06-01 06:58:00,Z3,M1418,Drill,Morning,78.37888105633522,7.261329589502247,83.4578752374733,142.33115839596152,932,4.56,OK
2025-06-01 06:59:00,Z2,M1419,CNC,Morning,62.00230118163997,5.450551526021325,78.45362852190318,176.61677811092193,1663,0.51,Warning
2025-06-01 07:00:00,Z3,M1420,Drill,Morning,79.02931536904812,0.5956386573024046,70.39929770565692,174.2625623634054,556,3.96,OK
2025-06-01 07:01:00,Z1,M1421,Drill,Morning,45.36338238913569,1.823754592607528,83.92409353142982,133.78568925761417,1671,3.74,Warning
2025-06-01 07:02:00,Z1,M1422,Conveyor,Morning,73.63439743842197,1.4427628394380148,71.30247427321738,152.49799619312253,992,3.45,OK
2025-06-01 07:03:00,Z1,M1423,Drill,Morning,66.8908562449178,3.9684444067635836,62.212031039328004,162.46168306535162,1628,4.82,OK
2025-06-01 07:04:00,Z1,M1424,Conveyor,Evening,63.4963897877218,3.856737055225183,62.23740366851538,160.82961028516658,1691,3.56,OK
2025-06-01 07:05:00,Z3,M1425,Conveyor,Morning,66.67098351244675,3.8451778985932483,73.39145482860253,160.6370670765858,4852,5.21,OK
2025-06-01 07:06:00,Z2,M1426,Conveyor,Night,45.58891682496807,0.5551358107515738,75.8243325261711,122.1981295405816,1104,1.78,OK
2025-06-01 07:07:00,Z1,M1427,Conveyor,Evening,42.04879785112466,2.0428626800924263,82.64503418438991,120.71289778630474,1270,4.93,Warning
2025-06-01 07:08:00,Z2,M1428,Motor,Morning,85.64742279115498,2.776072117914534,80.12653129424882,179.25486858403283,2902,1.49,Warning
2025-06-01 07:09:00,Z3,M1429,CNC,Night,57.46916732704094,0.2671191760189169,75.63880756165075,187.72562997229636,4744,4.97,OK
2025-06-01 07:10:00,Z3,M1430,Motor,Evening,,1.6922583501631638,83.09208393145882,112.96197152391358,1409,5.67,Warning
2025-06-01 07:11:00,Z3,M1431,Drill,Night,150.0,5.034650565248598,75.10190325304761,149.30599658388343,3646,2.35,OK
2025-06-01 07:12:00,Z1,M1432,Motor,Morning,37.77332541754745,0.6688860030456176,64.67611173776042,170.35126993333307,5087,3.41,OK
2025-06-01 07:13:00,Z2,M1433,Motor,Morning,58.675216817815766,5.182890740577721,62.932381424179546,94.90553740600637,1330,4.12,OK
2025-06-01 07:14:00,Z2,M1434,Drill,Morning,54.876181177369084,4.636723638803254,85.22950166084526,123.16655354802388,4723,0.94,OK
2025-06-01 07:15:00,Z2,M1435,Drill,Morning,60.02601535113676,2.5638941702932785,57.0381616687835,147.69507444682174,2054,0.0,OK
2025-06-01 07:16:00,Z3,M1436,Drill,Evening,61.30730910573262,2.026690500948473,73.39407475432665,135.0690335985446,953,2.48,OK
2025-06-01 07:17:00,Z1,M1437,Motor,Evening,97.3419162189104,4.247741433217951,98.8543479500402,155.2285875286387,1842,5.3,Warning
2025-06-01 07:18:00,Z3,M1438,Motor,Night,54.92130028891568,1.8183897586565538,78.67386755448399,186.7620506920922,2802,5.32,OK
2025-06-01 07:19:00,Z3,M1439,Drill,Morning,83.6991016191517,1.8930030750808142,73.33165743616907,128.68005931216916,9,4.35,Warning
2025-06-01 07:20:00,Z2,M1440,CNC,Night,84.63036322567417,2.964197393992907,61.524307466774566,151.25682228288437,5692,4.11,OK
2025-06-01 07:21:00,Z3,M1441,CNC,Evening,71.30436427907976,-0.1953503936803771,87.93896454506573,141.38009692514544,2609,4.54,OK
2025-06-01 07:22:00,Z2,M1442,Conveyor,Morning,56.47310501176332,0.8250366023974407,84.71062296555566,153.40913270182847,121,2.51,OK
2025-06-01 07:23:00,Z1,M1443,Drill,Morning,39.57791495800906,2.5265081264977756,80.47837529870718,150.14500297790235,4782,2.72,Warning
2025-06-01 07:24:00,Z2,M1444,Conveyor,Evening,67.1691581600086,3.713544048318899,74.99552213618549,215.92995497831356,2560,3.55,OK
2025-06-01 07:25:00,Z1,M1445,CNC,Evening,75.28218119551417,1.797639092881982,79.57609797553101,187.2394364711895,3037,5.66,OK
2025-06-01 07:26:00,Z2,M1446,Conveyor,Evening,86.21531196424476,2.7035842829674763,73.81103153116918,110.47661198406921,440,4.48,OK
2025-06-01 07:27:00,Z3,M1447,Drill,Evening,45.75063068629827,0.5798108877935517,67.21391271612535,127.49663092568728,2749,3.53,OK
2025-06-01 07:28:00,Z3,M1448,Drill,Evening,56.34710416222099,4.39872577840548,82.6506794520385,130.55356854478464,590,4.74,OK
2025-06-01 07:29:00,Z1,M1449,Drill,Morning,45.842031143657294,3.3301234943414726,74.59473074734233,119.14311289680498,1368,2.54,OK
2025-06-01 07:30:00,Z1,M1450,Motor,Evening,50.49783011344616,3.4628188539588254,79.1755517172703,115.79092548027162,1989,4.52,OK
2025-06-01 07:31:00,Z1,M1451,Conveyor,Morning,69.9658130135344,3.7323759269773427,74.03101407552187,145.54083938263045,1361,2.76,OK
2025-06-01 07:32:00,Z2,M1452,CNC,Morning,49.810428459513965,3.1171912552421785,78.69455505637475,131.50781089970897,3773,2.04,OK
2025-06-01 07:33:00,Z2,M1453,CNC,Evening,47.63593234024486,2.2743408621390016,74.884058154738,127.73015833835089,5303,3.85,OK
2025-06-01 07:34:00,Z1,M1454,CNC,Evening,71.95493795583411,4.694481823080462,74.25960118328366,200.5118494273199,2064,4.28,OK
2025-06-01 07:35:00,Z3,M1455,Motor,Morning,66.7610818506532,3.2353217216411596,75.23991676382016,133.228059481008,5502,3.03,OK
2025-06-01 07:36:00,Z2,M1456,Motor,Evening,65.25016796902761,2.751420856989863,98.68695752370436,138.92080680466998,2415,3.61,Warning
2025-06-01 07:37:00,Z2,M1457,Drill,Evening,50.206689627014015,2.987018019119244,81.4192558878555,168.53641217481538,2951,4.32,OK
2025-06-01 07:38:00,Z2,M1458,CNC,Evening,79.39534917322052,2.9550524002668896,95.68846333519618,138.83678819813966,5435,4.72,OK
2025-06-01 07:39:00,Z1,M1459,Motor,Night,60.21735295979687,2.736351594112032,74.93518068793453,120.85816223870742,5616,5.43,OK
2025-06-01 07:40:00,Z1,M1460,Drill,Morning,95.70285208132154,3.6691595437618614,72.52753624508384,143.55150740370672,2768,2.45,OK
2025-06-01 07:41:00,Z1,M1461,CNC,Night,62.41749254205067,1.596209666816447,66.4064235329962,200.21833557240257,3416,5.73,OK
2025-06-01 07:42:00,Z1,M1462,Conveyor,Evening,24.999782372292593,,87.82584957298047,137.96394774337688,1576,4.01,OK
2025-06-01 07:43:00,Z1,M1463,Drill,Night,24.331866978346966,3.8388955341429534,67.75852074280715,127.20583160425375,5003,4.83,OK
2025-06-01 07:44:00,Z3,M1464,Motor,Evening,69.35924912768203,2.7821409889083055,89.47648605909352,160.50575827122555,114,4.35,Warning
2025-06-01 07:45:00,Z3,M1465,Motor,Night,79.50741228496209,4.457089653214644,66.87049335383762,142.35213780850074,1368,1.63,OK
2025-06-01 07:46:00,Z1,M1466,Drill,Evening,48.24257805114226,3.6133185009477957,82.09327894905941,218.47485319182613,138,0.89,OK
2025-06-01 07:47:00,Z2,M1467,Drill,Night,91.51468159165726,2.171058134885652,62.27194013221083,130.32757620683498,4923,4.49,OK
2025-06-01 07:48:00,Z1,M1468,Motor,Night,84.94498405491154,3.862644544693012,71.46435438727468,193.34326800525125,4941,3.31,OK
2025-06-01 07:49:00,Z3,M1469,Conveyor,Night,63.15820145161722,4.795786436938403,75.1766522355706,179.08473874722614,3373,4.36,OK
2025-06-01 07:50:00,Z3,M1470,CNC,Morning,68.09180913534198,3.670469334181881,70.22007187437211,140.46636742195267,5648,3.12,OK
2025-06-01 07:51:00,Z2,M1471,Conveyor,Night,73.41795326082774,3.9983774146001947,73.64538718532832,149.91211763359007,1315,2.22,OK
2025-06-01 07:52:00,Z3,M1472,Drill,Morning,88.34992345980773,2.742343724094895,73.68363915536911,124.2530035363872,73,2.07,OK
2025-06-01 07:53:00,Z1,M1473,Conveyor,Evening,70.23203950118372,4.489559824320754,81.4554684002405,136.5389617594247,3846,4.52,OK
2025-06-01 07:54:00,Z2,M1474,Motor,Night,62.81897478406724,2.1289643776055343,58.30598568810607,140.28885425994164,483,2.02,OK
2025-06-01 07:55:00,Z1,M1475,Drill,Evening,70.08451796379973,3.507814538610775,70.49664217577549,153.9463382752614,4111,4.43,OK
2025-06-01 07:56:00,Z1,M1476,CNC,Evening,68.0604042217384,6.854259228653899,85.03709078216765,114.68299685064844,1549,2.61,OK
2025-06-01 07:57:00,Z2,M1477,Motor,Night,73.86615280912491,3.80832158403849,79.49983938653276,157.7871167584073,1359,4.74,Fail
2025-06-01 07:58:00,Z1,M1478,Motor,Morning,36.44965060380695,,85.1702900970161,146.35328946758378,1896,1.29,OK
2025-06-01 07:59:00,Z3,M1479,CNC,Night,64.73780174921183,2.3650616374629005,81.07031483818147,159.95269502532082,5246,1.63,OK
2025-06-01 08:00:00,Z1,M1480,CNC,Evening,66.90660761369604,2.892987454064483,66.33187914392151,163.68266605610896,4224,4.27,Warning
2025-06-01 08:01:00,Z2,M1481,Conveyor,Evening,58.90729249421742,4.276868672594116,120.0,144.35161390360537,510,3.58,OK
2025-06-01 08:02:00,Z2,M1482,Drill,Night,71.76249666326338,3.2186662637510732,75.80154240074211,162.20494442228215,422,1.62,OK
2025-06-01 08:03:00,Z2,M1483,CNC,Morning,88.81751430853562,2.027208280142405,5.0,147.82059596435172,2432,5.47,OK
2025-06-01 08:04:00,Z1,M1484,CNC,Morning,62.0732569665666,2.024554510816965,81.41731665995528,168.58682473570164,1906,2.02,OK
2025-06-01 08:05:00,Z2,M1485,Drill,Evening,70.37581621061535,3.2280739965344702,79.1869392614208,157.90314540899308,4327,2.82,OK
2025-06-01 08:06:00,Z2,M1486,CNC,Evening,84.0939714067733,3.0635924801081864,80.35539410673049,154.52603752865105,958,1.61,OK
2025-06-01 08:07:00,Z1,M1487,CNC,Morning,62.42346758912783,3.6824642536785315,78.750764333333,,824,2.63,OK
2025-06-01 08:08:00,Z3,M1488,Conveyor,Night,46.67305196461786,4.3762348436773415,78.53440902196859,182.3953978237503,64,3.2,OK
2025-06-01 08:09:00,Z1,M1489,Motor,Evening,69.23668273631887,7.091039553614248,72.86965304482464,160.12963073237557,4928,2.12,Warning
2025-06-01 08:10:00,Z2,M1490,Motor,Morning,26.97500794802886,0.8069497248485993,79.28378309616001,116.96343817503504,4710,4.73,OK
2025-06-01 08:11:00,Z2,M1491,Motor,Evening,25.5244944305598,4.030293190929662,82.58773344218156,138.20123076840298,3348,2.67,OK
2025-06-01 08:12:00,Z1,M1492,Motor,Night,64.99518070674387,3.147461562582435,83.48262455225668,144.28537979182911,800,4.51,Warning
2025-06-01 08:13:00,Z3,M1493,CNC,Morning,24.825444253772005,0.23313565333411734,82.51293455682811,149.97192099235485,277,1.64,OK
2025-06-01 08:14:00,Z2,M1494,Drill,Evening,40.272483863577136,4.874296085477591,87.06450916921658,154.41768378066268,1717,2.57,Fail
2025-06-01 08:15:00,Z2,M1495,Drill,Night,54.29852154734516,3.631759839872921,83.9831369864314,126.39458214307972,2413,0.54,OK
2025-06-01 08:16:00,Z2,M1496,Conveyor,Evening,49.1787547538117,4.199709439230235,80.02814331280616,148.30005348962686,1238,4.67,OK
2025-06-01 08:17:00,Z1,M1497,Conveyor,Night,57.78290244679324,0.4508715823534759,65.85071360269038,142.14696631862824,4523,3.94,OK
2025-06-01 08:18:00,Z2,M1498,CNC,Night,76.69305211152745,2.6693746087526873,65.85385341736733,177.118606068849,5620,5.0,OK
2025-06-01 08:19:00,Z3,M1499,Drill,Morning,63.577212170458964,1.381204582658556,73.0149247739092,125.1230422669681,1486,3.01,OK
2025-06-01 08:20:00,Z2,M1500,Drill,Night,47.41019397330811,6.244651414020918,75.37402948838175,149.56553499979586,4681,4.9,Fail
2025-06-01 08:21:00,Z2,M1501,Motor,Evening,80.31661609176413,4.716825518616572,86.1840122496261,132.8653721914885,3298,4.06,OK
2025-06-01 08:22:00,Z3,M1502,CNC,Night,38.56714145183713,1.978548325071807,52.7623449136357,196.57489788799484,4470,0.52,OK
2025-06-01 08:23:00,Z2,M1503,CNC,Night,63.32825263158149,0.6950416485755966,66.73434989805523,181.41534006633702,5619,1.9,Warning
2025-06-01 08:24:00,Z1,M1504,Motor,Morning,36.89871037482443,3.2910825995756325,73.44623268428131,108.94105211523505,2995,3.22,OK
2025-06-01 08:25:00,Z1,M1505,CNC,Night,63.78476858595809,4.63863300344154,67.02513897093849,130.09465787285654,92,3.9,OK
2025-06-01 08:26:00,Z1,M1506,CNC,Night,55.220588941611034,0.3974195918461061,68.61514129303788,171.773082301693,3531,0.86,Warning
2025-06-01 08:27:00,Z3,M1507,Conveyor,Evening,76.23356867289552,1.6023379935102455,71.00670323291651,161.43207620108004,5696,4.38,OK
2025-06-01 08:28:00,Z2,M1508,Drill,Morning,70.81034206791344,1.341622936479062,67.43339308740585,160.64829456615786,5009,3.49,OK
2025-06-01 08:29:00,Z1,M1509,CNC,Morning,51.192910020125055,4.300419248865881,68.82060538067618,154.77131764398973,5441,3.39,Warning
2025-06-01 08:30:00,Z3,M1510,Conveyor,Morning,48.31590538775638,2.445256367183231,85.90586050955562,173.77999712669785,1840,2.11,OK
2025-06-01 08:31:00,Z2,M1511,Drill,Night,55.27354900451836,2.508095216433742,79.91454672129584,169.52441510993648,3527,3.77,OK
2025-06-01 08:32:00,Z3,M1512,Motor,Morning,88.1335719005151,3.2619820209584516,81.11154675793603,142.7360965070125,5397,0.65,OK
2025-06-01 08:33:00,Z1,M1513,Conveyor,Night,84.2860272166212,1.6825787815064788,74.72701794033635,120.01853750182683,1621,0.86,OK
2025-06-01 08:34:00,Z1,M1514,Conveyor,Night,45.47597721947024,0.8344698949086529,83.0888417013741,107.74836847017133,1561,4.54,Warning
2025-06-01 08:35:00,Z1,M1515,Drill,Evening,72.00338007002023,5.054527743540428,81.78238654378228,147.4090318690725,5849,2.27,OK
2025-06-01 08:36:00,Z3,M1516,Motor,Evening,-20.0,5.193728562719391,79.78830331552288,104.00245839390598,1416,2.41,OK
2025-06-01 08:37:00,Z3,M1517,Conveyor,Evening,53.289863084139526,3.269373689194768,69.76668755886311,300.0,2964,1.65,OK
2025-06-01 08:38:00,Z1,M1518,CNC,Evening,46.08653470706312,3.37823325850143,71.463702812881,142.29921154706474,4190,2.95,OK
2025-06-01 08:39:00,Z3,M1519,CNC,Evening,76.03919186358661,4.891520964870011,83.46504078985895,198.59777591153596,5875,0.79,OK
2025-06-01 08:40:00,Z1,M1520,CNC,Night,40.63923720317382,3.23498033490561,70.86613006839237,158.57823181230768,5054,2.15,Warning
2025-06-01 08:41:00,Z1,M1521,Motor,Night,66.44025353133708,2.3713831410845314,64.69180690988435,149.26937051094203,1130,3.4,OK
2025-06-01 08:42:00,Z2,M1522,Conveyor,Morning,60.010651823489454,3.0590086901661944,70.71185540188817,109.59575700674176,1413,3.06,OK
2025-06-01 08:43:00,Z3,M1523,CNC,Night,57.36826755405735,5.089752955751209,87.47524545775295,118.44197286709989,5879,6.0,OK
2025-06-01 08:44:00,Z1,M1524,Motor,Night,85.07374426116597,3.0799825026432086,70.71970668486722,167.03385355665674,3597,2.64,OK
2025-06-01 08:45:00,Z1,M1525,CNC,Evening,86.39545788501466,1.9959261980196712,77.62123833589354,142.17258347527334,3744,2.63,OK
2025-06-01 08:46:00,Z3,M1526,Drill,Night,57.83410772320543,3.220503073927646,70.07449659702841,213.38439370098752,2118,3.27,OK
2025-06-01 08:47:00,Z2,M1527,Conveyor,Evening,54.81125549100009,3.9843347063036463,81.10740443588293,147.92371762911847,663,1.55,OK
2025-06-01 08:48:00,Z2,M1528,Conveyor,Morning,37.39690021795249,3.804380242358548,79.29439352562417,154.22305700346885,5064,5.32,OK
2025-06-01 08:49:00,Z1,M1529,Motor,Morning,59.93611519141185,3.829235922107414,63.0705220706771,117.0775754630518,2634,3.65,OK
2025-06-01 08:50:00,Z3,M1530,Motor,Night,89.29954883618987,1.7599834812998547,77.14425589668784,173.6857891378829,2774,1.56,OK
2025-06-01 08:51:00,Z2,M1531,Conveyor,Morning,58.068969907081154,4.155155349837685,61.53930490161146,126.85697781460559,3969,4.86,OK
2025-06-01 08:52:00,Z3,M1532,CNC,Night,70.93138924715669,3.0426989088184335,70.56745762056872,163.1103020477672,5262,0.69,OK
2025-06-01 08:53:00,Z3,M1533,CNC,Morning,39.03754014121104,1.9323132487958175,74.90852866694098,170.2948328542657,3490,5.9,Warning
2025-06-01 08:54:00,Z1,M1534,Drill,Evening,53.47837605399597,4.14322757047805,89.77492732369997,152.37983147670064,1571,5.26,OK
2025-06-01 08:55:00,Z2,M1535,CNC,Evening,66.93697958703976,2.319541726624854,77.54329972079341,193.92427339093257,1523,3.69,Fail
2025-06-01 08:56:00,Z1,M1536,Motor,Evening,61.58793597072079,0.6385539771666702,68.86331130189566,134.73242320874377,987,1.11,OK
2025-06-01 08:57:00,Z2,M1537,Motor,Evening,72.37001001615843,1.499096428334517,72.4623191798672,191.88850532803872,3238,1.68,OK
2025-06-01 08:58:00,Z2,M1538,CNC,Night,50.95992173162004,2.7275446004293755,82.39357419554003,118.22634953500244,5321,2.04,Fail
2025-06-01 08:59:00,Z2,M1539,Motor,Morning,33.75017176764502,3.8674534231669186,68.97186526608026,169.9757122969909,3845,1.83,OK
2025-06-01 09:00:00,Z2,M1540,Conveyor,Night,76.83135345483406,1.7038950718678634,83.77582798401193,146.4396629677136,5304,3.24,Warning
2025-06-01 09:01:00,Z2,M1541,Conveyor,Evening,45.95776066093637,2.639006309343698,70.81558977562084,132.2966852221683,3693,5.7,OK
2025-06-01 09:02:00,Z3,M1542,CNC,Night,67.59906041252975,1.175089152505413,67.67744675590306,108.4680312816996,98,2.94,OK
2025-06-01 09:03:00,Z1,M1543,Conveyor,Morning,66.76285299732623,4.473049374359716,71.07197631277784,143.48327140207968,2288,4.14,OK
2025-06-01 09:04:00,Z3,M1544,Conveyor,Night,35.04370207452012,5.5759966709333275,62.06972476729544,141.90462299548238,1514,4.29,OK
2025-06-01 09:05:00,Z2,M1545,Drill,Morning,75.73688125860038,5.4139237867324805,57.619384150792314,154.32265557386145,4297,5.29,OK
2025-06-01 09:06:00,Z1,M1546,Drill,Night,51.50149208206546,4.447469325729207,74.33971688543313,168.12037440776848,633,0.69,OK
2025-06-01 09:07:00,Z2,M1547,Conveyor,Morning,60.825819329804425,4.293764935680392,74.46161697325152,129.78834567236638,4841,2.72,OK
2025-06-01 09:08:00,Z1,M1548,CNC,Morning,54.627261540516656,-0.107819286604804,77.05169427629333,193.956692029265,4585,4.82,OK
2025-06-01 09:09:00,Z3,M1549,Drill,Evening,84.33887253349363,3.2657598483301578,74.30020652219542,136.53663219235955,578,4.98,OK
2025-06-01 09:10:00,Z1,M1550,Motor,Morning,80.15235312276094,2.255861064510138,93.63402499284658,165.054849475685,3959,5.6,OK
2025-06-01 09:11:00,Z1,M1551,Motor,Evening,32.81498124343916,4.320699541567351,76.34727474618158,152.25418458158208,272,4.37,Warning
2025-06-01 09:12:00,Z1,M1552,Motor,Evening,93.88240682862283,-0.8063968135219932,63.98829715106716,145.03225715861043,5338,1.85,OK
2025-06-01 09:13:00,Z1,M1553,CNC,Evening,49.82539901227206,3.289451554155267,66.04068115437933,151.0014295566258,4881,3.28,Warning
2025-06-01 09:14:00,Z1,M1554,Conveyor,Night,91.53655015472756,2.678334324251396,75.00243735478982,126.4928120457349,3954,0.68,Warning
2025-06-01 09:15:00,Z2,M1555,Motor,Night,56.15685641790023,4.677644899397107,71.51658705953224,140.31084668568923,3927,4.06,OK
2025-06-01 09:16:00,Z1,M1556,CNC,Night,54.88624940862098,5.321980580512108,65.17216082269229,116.50611866759627,452,3.55,OK
2025-06-01 09:17:00,Z1,M1557,Drill,Night,56.29008400383266,1.6067309744808476,74.52921533893709,136.26824159699325,1175,4.17,OK
2025-06-01 09:18:00,Z3,M1558,Conveyor,Morning,53.988155325307645,1.6744343461547773,74.64620616494126,138.33332682455153,4911,5.62,OK
2025-06-01 09:19:00,Z1,M1559,Drill,Morning,97.86594806734833,3.3457449318175705,87.76554986797372,171.13053406928358,413,4.28,OK
2025-06-01 09:20:00,Z3,M1560,CNC,Night,58.85455201019049,5.600644037282312,67.67128234302324,141.7018701663236,1550,2.26,OK
2025-06-01 09:21:00,Z2,M1561,Motor,Morning,55.46555351191966,3.090217015924524,71.65817755273461,138.7979594065657,4526,1.59,OK
2025-06-01 09:22:00,Z1,M1562,Motor,Morning,61.15516136239416,1.0812578769685044,87.74093111276505,155.50100416635098,4990,5.2,OK
2025-06-01 09:23:00,Z3,M1563,CNC,Evening,,2.091197330755061,77.62868966344487,154.5213152330641,1946,1.57,OK
2025-06-01 09:24:00,Z3,M1564,Motor,Evening,83.95680801435375,3.3039962466951924,67.62436217984495,135.22398321712612,5203,1.39,OK
2025-06-01 09:25:00,Z2,M1565,Conveyor,Evening,37.93378746460303,3.3603036428459343,69.28214252391273,159.85570981296996,191,1.64,OK
2025-06-01 09:26:00,Z1,M1566,CNC,Evening,50.78987089392892,1.94386854661144,65.2867299597227,145.53382005804863,40,3.3,OK
2025-06-01 09:27:00,Z1,M1567,Drill,Morning,74.04990464770188,2.061313959330567,75.61818102138928,135.18341748362482,5983,1.18,OK
2025-06-01 09:28:00,Z3,M1568,CNC,Night,60.63528196151148,1.5276480081654025,83.24927987868537,137.61302922652516,1859,5.66,OK
2025-06-01 09:29:00,Z1,M1569,Conveyor,Morning,68.2382277375007,4.711756775780693,88.0472102050586,173.73376723379857,5892,5.81,OK
2025-06-01 09:30:00,Z3,M1570,Conveyor,Morning,82.99746175028145,1.7478372310599155,63.10974615252178,138.36430016851105,1332,5.86,OK
2025-06-01 09:31:00,Z1,M1571,CNC,Morning,75.0570232249872,2.3028086941225743,81.95293789586664,156.52813341265357,3449,0.72,OK
2025-06-01 09:32:00,Z3,M1572,CNC,Evening,62.06214517711718,2.2601206252140713,76.31450238240438,117.93999339048841,135,5.7,OK
2025-06-01 09:33:00,Z1,M1573,Motor,Evening,91.34013974777697,0.5910641287269129,72.90455708130602,177.8826249598065,5909,5.99,OK
2025-06-01 09:34:00,Z2,M1574,Conveyor,Evening,50.5749577680565,1.7048770427732765,71.66129568096547,135.42514314603773,4201,5.68,OK
2025-06-01 09:35:00,Z1,M1575,CNC,Night,58.49535538511171,4.842206398929807,59.63254531284228,160.00723741859719,4614,4.19,OK
2025-06-01 09:36:00,Z1,M1576,CNC,Morning,59.5433950274585,1.186068237313908,80.10398903254597,143.71079679992258,1941,4.36,OK
2025-06-01 09:37:00,Z2,M1577,Conveyor,Night,58.463673509745306,1.5545365472604487,64.44914579325321,159.72085394481147,1565,1.17,OK
2025-06-01 09:38:00,Z1,M1578,CNC,Evening,43.9618401455826,1.001181339331111,69.01443347953833,161.0860055091173,4221,5.31,OK
2025-06-01 09:39:00,Z2,M1579,Motor,Night,36.24525262259253,2.864082659653109,78.34387707642637,146.3834184947474,388,0.83,Warning
2025-06-01 09:40:00,Z1,M1580,Conveyor,Morning,66.2580236156879,5.828215081899435,60.46691543640715,103.35088629264325,1558,2.25,OK
2025-06-01 09:41:00,Z3,M1581,Motor,Morning,50.497893216740145,2.8009586677093927,64.4336484574824,177.275377735206,5820,5.95,OK
2025-06-01 09:42:00,Z3,M1582,Motor,Evening,88.6171318347192,3.1001431880315846,84.74930127314832,146.50243344247912,2121,2.82,OK
2025-06-01 09:43:00,Z1,M1583,Motor,Evening,58.91186515147141,1.806829146199517,75.97647103658184,159.20015017935165,1028,1.22,OK
2025-06-01 09:44:00,Z1,M1584,Motor,Night,56.22766113762764,2.9075729328115916,69.70238906300501,167.2929672477067,3534,5.83,OK
2025-06-01 09:45:00,Z1,M1585,Conveyor,Evening,76.41509679603982,4.843575459521423,76.00796923442807,138.57064632142428,81,5.91,OK
2025-06-01 09:46:00,Z3,M1586,Motor,Evening,66.03288956171582,3.2143640814572603,80.3558107000779,162.92838641511156,5656,1.53,OK
2025-06-01 09:47:00,Z1,M1587,Motor,Morning,57.367238583194265,6.197655123093245,83.99814312990141,131.309947646894,775,5.26,OK
2025-06-01 09:48:00,Z3,M1588,CNC,Evening,50.38902378353335,4.889219568458537,66.10051859712169,159.6885714119637,3038,2.65,OK
2025-06-01 09:49:00,Z2,M1589,Conveyor,Evening,114.86552705998612,2.8705254818326003,66.80129469670257,150.4925690869468,4373,2.6,Warning
2025-06-01 09:50:00,Z3,M1590,Conveyor,Morning,65.42678643392608,2.841318186611827,79.86674638942982,139.43762141248857,2887,1.94,Warning
2025-06-01 09:51:00,Z3,M1591,Drill,Morning,76.26644366076594,5.446384706435447,80.12330054800081,151.17480425782495,1878,0.75,OK
2025-06-01 09:52:00,Z2,M1592,Conveyor,Night,44.655817196497566,3.2059883637828435,64.24824814583907,123.6201631650962,2271,1.97,OK
2025-06-01 09:53:00,Z3,M1593,Conveyor,Evening,51.33021920364488,5.113382340407584,67.10151459608963,157.72599819184742,1607,0.8,OK
2025-06-01 09:54:00,Z1,M1594,Drill,Morning,91.68518832435433,6.00436101019,73.45002159310837,160.32055197557045,3139,5.58,OK
2025-06-01 09:55:00,Z1,M1595,Conveyor,Night,80.95396409033452,2.6936709482638364,75.1886099554441,158.64100349760287,605,4.14,OK
2025-06-01 09:56:00,Z3,M1596,Conveyor,Night,66.86433155599924,3.5279330489025233,75.41543901843625,187.55427068852458,4735,5.38,OK
2025-06-01 09:57:00,Z1,M1597,Conveyor,Evening,54.276436623044646,4.470006276849569,64.12540954654048,147.6256571473746,3414,4.45,OK
2025-06-01 09:58:00,Z3,M1598,Conveyor,Evening,56.48946342065136,4.15125005853378,75.3346221640279,149.34693319680238,3665,1.22,Fail
2025-06-01 09:59:00,Z1,M1599,Drill,Night,49.85833897115806,4.140736099380752,69.26103444103646,120.7432649719575,5885,5.67,OK
2025-06-01 10:00:00,Z1,M1600,Conveyor,Morning,42.64726004792038,0.9997892592333977,65.66945898727737,189.31173728857263,5852,5.45,OK
2025-06-01 10:01:00,Z3,M1601,Conveyor,Night,73.85766276391522,1.7273749077573013,74.91203161270904,112.54641512163732,5462,2.41,OK
2025-06-01 10:02:00,Z1,M1602,Drill,Evening,68.08246834188088,,74.09605096249854,155.71409016749695,2144,1.11,OK
2025-06-01 10:03:00,Z3,M1603,CNC,Morning,71.0411822451341,4.821631205203014,81.41354590604782,134.6304731572854,4270,4.37,OK
2025-06-01 10:04:00,Z1,M1604,Motor,Morning,54.946530180566036,1.1469376393096709,68.11225306189236,151.55791531686597,3765,0.0,OK
2025-06-01 10:05:00,Z1,M1605,CNC,Night,63.834584626997454,5.284840060768259,76.88136349582865,117.2985181968352,1376,5.43,OK
2025-06-01 10:06:00,Z2,M1606,Drill,Evening,53.51934352538798,4.169751171118024,62.450598492571274,172.29158674427197,3462,0.79,Warning
2025-06-01 10:07:00,Z2,M1607,Motor,Night,49.09037905844541,4.731345337084161,72.80115458229982,126.1205100425115,347,1.28,OK
2025-06-01 10:08:00,Z3,M1608,Drill,Night,85.00593654213264,1.605700384132502,78.70942267996524,179.15632782748716,0,3.79,OK
2025-06-01 10:09:00,Z2,M1609,Drill,Night,61.82260945261115,3.1084535440351955,79.38416981695305,126.80973870359274,62,3.91,OK
2025-06-01 10:10:00,Z3,M1610,Conveyor,Morning,67.61181507429811,3.4484141791969742,79.43867036774914,174.38031047761012,1783,0.68,Warning
2025-06-01 10:11:00,Z2,M1611,Motor,Morning,72.53631020786251,3.3824505030340406,81.43500637800265,129.22587809027465,3814,2.68,OK
2025-06-01 10:12:00,Z1,M1612,Conveyor,Evening,62.01061329349536,3.4434861012700764,71.43368132918032,134.63475721837065,225,3.71,OK
2025-06-01 10:13:00,Z3,M1613,Motor,Evening,63.60949116037732,2.585210279407333,78.96580350738371,149.953847790897,1042,4.56,Warning
2025-06-01 10:14:00,Z3,M1614,Drill,Night,43.70062234569439,3.2028106215954892,89.94995810033298,128.80183241290544,844,2.24,OK
2025-06-01 10:15:00,Z1,M1615,Drill,Night,46.55827457345122,4.55034593259778,71.26293880315336,128.06560538549897,2680,0.0,Fail
2025-06-01 10:16:00,Z3,M1616,CNC,Night,45.782778673073295,1.2502315373386648,86.04158412718425,129.09146742503611,4119,4.98,OK
2025-06-01 10:17:00,Z3,M1617,Motor,Evening,69.08187625230804,5.320575178358105,82.01178364433362,157.97138961514852,1234,5.75,OK
2025-06-01 10:18:00,Z2,M1618,Conveyor,Morning,61.06335979233098,4.472848434552671,72.86941254125722,149.98876503294346,1984,1.77,OK
2025-06-01 10:19:00,Z3,M1619,CNC,Morning,46.559526543516185,1.552197160975,73.53699599057911,151.31578069734113,4256,1.89,OK
2025-06-01 10:20:00,Z1,M1620,CNC,Night,68.7014826245281,3.5757540651829824,75.94721887733776,141.8841786409781,1278,5.67,OK
2025-06-01 10:21:00,Z2,M1621,CNC,Night,68.15184691431159,4.352248164237067,81.5613199522528,163.71749749651673,1594,2.68,OK
2025-06-01 10:22:00,Z2,M1622,Conveyor,Night,49.57551013050953,1.1470600141714744,78.2210770522681,176.25145077801557,2551,4.45,OK
2025-06-01 10:23:00,Z1,M1623,CNC,Night,59.58258683056089,3.0629676500649015,71.20001922225454,164.39042660503065,1952,3.87,OK
2025-06-01 10:24:00,Z1,M1624,Conveyor,Evening,68.20712512590715,2.882227048747491,58.34357598590297,144.77571121876676,1695,2.07,Warning
2025-06-01 10:25:00,Z2,M1625,CNC,Morning,47.12466968820865,2.031629186239658,80.37739167135055,119.48037290814187,954,4.09,Warning
2025-06-01 10:26:00,Z3,M1626,Conveyor,Night,68.49340147343926,3.13853525514602,59.54001819965046,100.57298250789805,3291,4.11,OK
2025-06-01 10:27:00,Z2,M1627,Drill,Evening,64.51535406245343,2.0995701360558146,64.07216234439923,148.37837874067264,356,3.76,Warning
2025-06-01 10:28:00,Z1,M1628,Drill,Night,45.012004417484604,5.061460603456106,71.78018244238656,100.17021467771119,3595,1.05,OK
2025-06-01 10:29:00,Z2,M1629,Drill,Night,63.29695102497153,2.060033518008885,65.28737120264768,145.01736666661068,968,5.97,OK
2025-06-01 10:30:00,Z1,M1630,Drill,Morning,65.48472879983856,4.187968410019737,77.54022742242793,185.06557997016426,241,2.7,OK
2025-06-01 10:31:00,Z2,M1631,Drill,Night,50.60998310791801,0.5169204185697533,72.6304944030619,121.16324873421978,3446,4.01,OK
2025-06-01 10:32:00,Z3,M1632,CNC,Morning,51.790745252006865,2.757285294225058,81.28184784337964,117.84732629965222,4234,5.37,OK
2025-06-01 10:33:00,Z2,M1633,CNC,Morning,44.87370103603215,3.018466736027038,62.13825973423461,165.92335573535556,2144,2.83,OK
2025-06-01 10:34:00,Z2,M1634,CNC,Morning,53.26501546314159,2.7085634240767043,69.70481827050561,79.85646451774512,146,4.76,OK
2025-06-01 10:35:00,Z1,M1635,Conveyor,Evening,59.81876984344278,2.4055225542069136,75.03359501863383,159.54520350988625,5176,5.85,OK
2025-06-01 10:36:00,Z1,M1636,Conveyor,Evening,51.83216761958519,1.9987274619823163,75.34182504404765,186.7127318931873,5161,2.47,OK
2025-06-01 10:37:00,Z1,M1637,Conveyor,Morning,37.72668152634169,4.131811170022354,80.55229124381377,128.18787726512474,542,2.73,Warning
2025-06-01 10:38:00,Z2,M1638,Conveyor,Night,49.671179630450595,4.49918678264307,67.68329135685164,123.89400632205292,691,5.48,OK
2025-06-01 10:39:00,Z3,M1639,Drill,Morning,53.74061839781997,2.8767586712150246,71.25591771997601,164.75058243998825,1025,1.38,Fail
2025-06-01 10:40:00,Z1,M1640,Drill,Night,72.25258064448377,1.3550437379675404,79.05879728704296,120.73140556434447,4050,0.66,Warning
2025-06-01 10:41:00,Z1,M1641,Drill,Morning,68.92147372165395,5.690923997080242,57.411514085143914,170.2704680933615,4005,5.5,Warning
2025-06-01 10:42:00,Z2,M1642,Motor,Night,72.54331618312503,1.6803038506381789,78.07948201513834,122.76725179377834,3359,5.02,Warning
2025-06-01 10:43:00,Z1,M1643,CNC,Evening,48.91471654501548,0.8108666122752792,81.11158892555937,194.21005838336046,5257,5.85,Warning
2025-06-01 10:44:00,Z3,M1644,Conveyor,Night,62.12326168619015,-0.01893287477965533,64.33071421857409,166.55764114320573,5736,0.82,OK
2025-06-01 10:45:00,Z3,M1645,Conveyor,Morning,23.654302514976997,3.1491778453689907,72.4798164137199,150.95109525474498,2951,1.36,OK
2025-06-01 10:46:00,Z1,M1646,Drill,Evening,66.43380597271482,2.6738754217271454,86.94127853205718,192.76887357730885,729,1.08,OK
2025-06-01 10:47:00,Z1,M1647,Conveyor,Night,69.16346510851196,4.546434973719509,80.27862638184918,175.78859269629254,4499,4.26,OK
2025-06-01 10:48:00,Z2,M1648,Conveyor,Night,54.72562248208614,3.916626845168321,78.57577818376693,159.21541942358277,2555,3.83,OK
2025-06-01 10:49:00,Z3,M1649,CNC,Night,64.43144717582672,3.4353018368775565,82.9276745209959,103.41950165653796,1150,2.48,OK
2025-06-01 10:50:00,Z3,M1650,Drill,Night,37.276135869449206,2.5929492068058755,89.43636094090002,132.46264897326535,1735,0.82,Fail
2025-06-01 10:51:00,Z1,M1651,CNC,Night,47.98399514400264,4.6649659082965,75.14827255854698,177.13523972176267,1038,4.02,Warning
2025-06-01 10:52:00,Z2,M1652,Motor,Evening,71.48173857648413,5.801084852628799,71.7424879662238,117.49684891980999,2912,3.64,Warning
2025-06-01 10:53:00,Z3,M1653,Motor,Evening,67.66879917809362,4.513468798694856,82.90830728779146,130.85691816743238,4840,1.12,OK
2025-06-01 10:54:00,Z3,M1654,Motor,Evening,53.82218233432849,2.304702553726185,73.50037491240393,124.44755531233473,2540,5.5,OK
2025-06-01 10:55:00,Z2,M1655,Drill,Evening,72.17043476107065,4.1723483308232625,67.57585073584845,160.05892065803107,4414,20.0,OK
2025-06-01 10:56:00,Z2,M1656,Conveyor,Morning,62.074471751998665,2.3968654117991774,70.67946997610206,174.09029527157202,1242,4.59,OK
2025-06-01 10:57:00,Z3,M1657,Drill,Evening,52.436685541167606,1.3423990262100385,77.49863665646704,174.11497296478092,772,5.37,OK
2025-06-01 10:58:00,Z3,M1658,Drill,Night,57.25759034095059,1.6514414068170822,71.40323358071295,128.6795150981934,1916,3.69,OK
2025-06-01 10:59:00,Z2,M1659,Conveyor,Night,53.168734630326966,2.4627323937933814,72.00019802057669,159.71646305921703,3412,1.86,Warning
2025-06-01 11:00:00,Z3,M1660,CNC,Evening,,3.155939518445316,66.78147348283836,127.5029345738576,2499,2.2,OK
2025-06-01 11:01:00,Z1,M1661,Motor,Night,78.85028708853152,6.090871728863188,86.4829321296225,144.73628750654916,3440,5.37,OK
2025-06-01 11:02:00,Z1,M1662,CNC,Evening,51.47963350061113,1.6774657865821987,72.25898624250023,163.00420247365042,5039,2.14,OK
2025-06-01 11:03:00,Z2,M1663,Motor,Night,,4.985232734536992,69.30791223507808,176.53438341572962,3545,4.6,OK
2025-06-01 11:04:00,Z2,M1664,Drill,Morning,37.05977519229962,2.5241106724611466,70.15901754715509,96.26507515847109,1213,5.95,OK
2025-06-01 11:05:00,Z2,M1665,Motor,Morning,20.460481986163103,-0.024577481168015503,81.42020779969715,152.46586728521248,2931,6.0,Warning
2025-06-01 11:06:00,Z1,M1666,Drill,Evening,70.5224530217848,2.241410995604493,79.5855886280253,185.18233258824856,418,3.43,OK
2025-06-01 11:07:00,Z3,M1667,CNC,Evening,-20.0,4.765045489751536,70.98516236685703,155.80548574188418,3781,5.05,OK
2025-06-01 11:08:00,Z1,M1668,Drill,Evening,77.89557876892061,3.517004278993854,75.25850430380336,152.0653318198328,4960,5.95,OK
2025-06-01 11:09:00,Z3,M1669,CNC,Night,57.76441025744727,3.6066767979959353,77.21363539081987,135.9248212129908,788,2.56,OK
2025-06-01 11:10:00,Z1,M1670,Conveyor,Evening,55.17011209059607,4.99275601326657,69.36735445995515,184.51882419465701,1871,1.89,OK
2025-06-01 11:11:00,Z3,M1671,Conveyor,Morning,52.38415330045288,1.4454955665964084,62.675017700880055,137.08039761971818,4590,1.13,OK
2025-06-01 11:12:00,Z1,M1672,Conveyor,Night,53.751635552426954,1.4223743548616246,79.12029935544996,147.4962652387668,5158,1.27,OK
2025-06-01 11:13:00,Z2,M1673,Drill,Evening,76.7968552611028,-0.39559291394463614,69.8101266880138,138.24467053670676,2025,5.19,OK
2025-06-01 11:14:00,Z1,M1674,Conveyor,Night,59.602271269065625,4.315623106864177,78.52278680307136,152.7048877128741,2446,3.74,OK
2025-06-01 11:15:00,Z3,M1675,Motor,Night,65.67106194002105,3.8437263504444044,77.56821313798035,185.6412999762049,4823,5.31,OK
2025-06-01 11:16:00,Z1,M1676,CNC,Evening,53.369897520593945,4.085949779386671,75.44633841004409,127.34733673558343,560,4.84,Warning
2025-06-01 11:17:00,Z1,M1677,CNC,Night,79.8127185933106,1.2254831639148294,71.59098280968266,152.81383160629665,2651,4.21,OK
2025-06-01 11:18:00,Z1,M1678,Motor,Morning,31.42891680847891,0.5936265661202209,69.92857421987345,159.7766125053952,5248,3.85,OK
2025-06-01 11:19:00,Z2,M1679,Drill,Morning,41.692137379229315,1.020572537350001,65.89266075971021,129.69169662576633,3904,0.77,OK
2025-06-01 11:20:00,Z1,M1680,Drill,Night,65.69565786351836,1.6161415914619435,70.0820163648873,148.52460359723202,539,5.3,OK
2025-06-01 11:21:00,Z2,M1681,CNC,Evening,86.25916126846403,5.330938363369281,79.5505200924015,196.28350298727696,4755,2.8,OK
2025-06-01 11:22:00,Z2,M1682,Conveyor,Night,56.623497003618446,4.5001900856737524,86.18260593699195,105.7877668028012,5959,3.58,OK
2025-06-01 11:23:00,Z1,M1683,Drill,Morning,47.36443791408985,2.3126690390695197,85.00879473793854,139.46998154606496,3136,0.62,OK
2025-06-01 11:24:00,Z1,M1684,Drill,Night,75.00994057737516,3.4488779898899775,76.16338412939903,156.2639876732523,3289,5.65,Warning
2025-06-01 11:25:00,Z1,M1685,Motor,Night,64.85547663022349,1.9824566307783917,86.1783524854531,140.6014257666936,2610,5.47,OK
2025-06-01 11:26:00,Z3,M1686,Motor,Morning,79.35320717991365,3.5464196411724855,72.54545897711375,222.1561867641028,5546,3.49,Warning
2025-06-01 11:27:00,Z1,M1687,Conveyor,Night,40.64473372883487,1.2928563933870025,64.67162653987944,163.71726841203233,4912,3.68,OK
2025-06-01 11:28:00,Z2,M1688,Drill,Night,78.17502729016388,4.125377168960897,90.3669953536822,123.8907709285131,1944,4.38,Warning
2025-06-01 11:29:00,Z1,M1689,Drill,Evening,36.77313814847592,1.7254450536234105,79.26246629165416,91.58101611699227,3145,1.96,Warning
2025-06-01 11:30:00,Z3,M1690,Motor,Evening,55.67741780767699,4.208872542814735,62.72295399568064,158.50689656879635,2758,1.72,OK
2025-06-01 11:31:00,Z1,M1691,Drill,Morning,66.1917412923589,2.3588656377084867,87.4723886290989,131.10952190481152,5311,4.21,Warning
2025-06-01 11:32:00,Z3,M1692,CNC,Morning,62.79020067298641,1.8148860696025892,69.05262011912973,182.22246265696634,3260,1.07,OK
2025-06-01 11:33:00,Z3,M1693,Motor,Morning,75.90888503973551,5.419495075874485,70.79294193819894,143.1283609272404,4107,3.0,Warning
2025-06-01 11:34:00,Z1,M1694,Conveyor,Evening,32.60009974486165,3.2654192773406483,83.17106511266564,135.79120898326175,1895,3.21,OK
2025-06-01 11:35:00,Z2,M1695,Motor,Morning,62.11511219548555,2.516727943427164,85.89365690925356,135.36882107137538,2500,2.6,OK
2025-06-01 11:36:00,Z3,M1696,Drill,Morning,77.99463049175921,4.137267462526896,66.9940877724699,174.66272934573198,2829,1.52,OK
2025-06-01 11:37:00,Z1,M1697,Conveyor,Morning,60.889413406081445,0.9900133956376722,86.76792609621423,160.3895759958491,3873,2.45,Fail
2025-06-01 11:38:00,Z1,M1698,Motor,Evening,42.86490480349946,4.6602953838905385,81.99389437127553,193.89891809477194,47,2.36,OK
2025-06-01 11:39:00,Z2,M1699,CNC,Night,75.1126109223998,2.7908329403873258,68.60200950449087,144.6223220949203,2364,3.25,OK
2025-06-01 11:40:00,Z3,M1700,CNC,Morning,50.27534594784456,3.9011815735026563,73.03274988573196,171.55698530132582,2256,4.21,OK
2025-06-01 11:41:00,Z3,M1701,Motor,Night,47.63515481905682,0.6781898084653708,87.12908717258846,171.98440211029117,5666,5.83,Warning
2025-06-01 11:42:00,Z1,M1702,CNC,Morning,45.7479637067474,2.4263610628005066,62.51550717913365,166.84533632658898,4672,1.29,OK
2025-06-01 11:43:00,Z1,M1703,CNC,Night,57.01972330576556,3.006870209018226,86.04571500713774,137.25355452383394,753,5.3,OK
2025-06-01 11:44:00,Z2,M1704,CNC,Evening,62.74590330559306,4.545448820427793,81.7712570226922,161.8352007511447,5155,2.06,OK
2025-06-01 11:45:00,Z2,M1705,Conveyor,Evening,40.963499179453805,4.020616595906224,79.0731260981656,147.56893899839997,2802,3.75,OK
2025-06-01 11:46:00,Z3,M1706,CNC,Morning,44.04531184905084,2.4112844435738747,76.05356550856806,146.91209322271143,4649,3.51,OK
2025-06-01 11:47:00,Z3,M1707,CNC,Night,49.58275686206673,3.476921635985072,90.76110385969983,129.85474270786835,3652,3.56,Warning
2025-06-01 11:48:00,Z1,M1708,CNC,Evening,45.675170281700396,4.884853652590473,91.94338880563922,96.99153146923192,402,4.48,OK
2025-06-01 11:49:00,Z3,M1709,Conveyor,Morning,60.551373398241445,2.70001727486616,70.07816199985876,181.20940910495463,5226,2.6,OK
2025-06-01 11:50:00,Z2,M1710,Motor,Morning,65.4183239460132,2.536702559347039,79.89763829785333,160.78895923214952,2086,2.26,OK
2025-06-01 11:51:00,Z2,M1711,Drill,Evening,63.358107153998894,0.16544303587063114,89.99501197742265,116.42004450807684,2227,5.19,OK
2025-06-01 11:52:00,Z1,M1712,CNC,Evening,63.37997833121704,2.581391496985785,68.71964335199992,167.9427615136995,3410,1.71,OK
2025-06-01 11:53:00,Z2,M1713,Motor,Morning,85.06487572932916,0.3905594419732177,76.94511659449502,181.70338732475605,2990,1.49,OK
2025-06-01 11:54:00,Z2,M1714,CNC,Night,66.35525399440732,2.828497981450189,83.03100353825992,169.44168616790404,4643,0.59,OK
2025-06-01 11:55:00,Z2,M1715,Conveyor,Night,71.75946371833871,4.482202714864121,58.88085276047145,127.70904552917673,1149,1.66,Warning
2025-06-01 11:56:00,Z2,M1716,Motor,Night,53.78076375334541,-0.17945921257022324,81.62844182958311,131.70020268660505,62,3.35,OK
2025-06-01 11:57:00,Z1,M1717,Conveyor,Morning,74.16009213992237,4.851313236931185,66.29254381271681,136.3030996288138,4939,3.46,Fail
2025-06-01 11:58:00,Z1,M1718,CNC,Evening,53.064712143100174,2.504665310015702,76.53865091964535,171.52712015509528,3153,1.9,Warning
2025-06-01 11:59:00,Z3,M1719,CNC,Morning,66.17172491382885,2.9592526993100914,84.15475880713454,161.97399647920025,1008,0.9,OK
2025-06-01 12:00:00,Z2,M1720,Conveyor,Evening,39.429496977264265,2.2463703297921875,55.886554432480565,219.75729053870464,5938,4.6,Warning
2025-06-01 12:01:00,Z3,M1721,Drill,Night,62.493511979821825,0.4301446761770107,81.28687110195116,108.97787345705294,2031,4.67,OK
2025-06-01 12:02:00,Z1,M1722,Conveyor,Night,45.369296472459936,1.8255162385556394,91.30663187704664,148.68504158578338,1322,5.99,OK
2025-06-01 12:03:00,Z1,M1723,CNC,Evening,74.04053481725862,6.146115102674227,70.73359200267309,101.80611851642004,2081,5.45,OK
2025-06-01 12:04:00,Z1,M1724,Conveyor,Evening,73.13814692998177,1.3559317556198227,79.61352117427299,164.91619761836284,751,5.59,OK
2025-06-01 12:05:00,Z1,M1725,Drill,Morning,53.00058918661361,0.6171864574116745,85.6822906455951,176.67236546618142,4144,4.89,OK
2025-06-01 12:06:00,Z1,M1726,Conveyor,Night,90.7436239293681,3.211936541110654,62.25643961432021,186.05265291920358,657,3.89,OK
2025-06-01 12:07:00,Z1,M1727,Drill,Morning,55.711825557097875,2.8713352272415253,81.05895806827002,154.71305232161973,1660,1.21,OK
2025-06-01 12:08:00,Z1,M1728,Drill,Morning,35.819716489912096,2.5150053138065283,83.19012986078225,102.16726572680676,700,3.92,OK
2025-06-01 12:09:00,Z2,M1729,Conveyor,Morning,48.3132304445598,3.021671915028384,80.10896175949414,148.7462857298438,1080,0.81,Warning
2025-06-01 12:10:00,Z3,M1730,Conveyor,Night,44.337884664632234,3.966303916044235,75.69298153764097,160.919747350609,2156,5.37,OK
2025-06-01 12:11:00,Z1,M1731,Motor,Morning,65.69403152679382,2.119254600322029,66.99669774555099,124.87134363289633,1540,3.15,OK
2025-06-01 12:12:00,Z2,M1732,CNC,Morning,41.46955459991321,3.291615312423925,86.13138682828995,143.37553341193896,3032,4.34,OK
2025-06-01 12:13:00,Z2,M1733,Drill,Morning,51.911789762906324,4.535811993195006,75.27602852185326,118.07375913509883,1983,0.79,OK
2025-06-01 12:14:00,Z3,M1734,Motor,Morning,64.71828255805156,1.5070669998678075,67.76895669901124,134.68238676605344,314,3.44,OK
2025-06-01 12:15:00,Z1,M1735,Conveyor,Morning,62.07968842067704,-0.4832720159079438,72.45579335668344,172.81166423508282,3081,2.16,Fail
2025-06-01 12:16:00,Z3,M1736,CNC,Morning,59.81034281487331,4.006212738143875,77.94708393067742,167.0040736697823,5796,2.07,OK
2025-06-01 12:17:00,Z1,M1737,Motor,Night,61.89000778566101,6.754443863404459,62.51052034492632,115.11951226408897,5113,2.64,OK
2025-06-01 12:18:00,Z2,M1738,Drill,Morning,54.442498537385184,2.988968019526777,75.14344282067295,132.37537130904838,4733,0.5,Warning
2025-06-01 12:19:00,Z2,M1739,Motor,Evening,35.94371916500504,3.302898301598934,71.66498226353609,151.42729961939352,2314,3.07,Warning
2025-06-01 12:20:00,Z2,M1740,Drill,Morning,54.04742668883033,2.556287350359014,85.68821185092791,155.6631079636968,2135,3.18,OK
2025-06-01 12:21:00,Z2,M1741,Conveyor,Morning,67.03124676472929,5.382091262265389,60.000875221698166,133.4276060863514,1649,5.25,OK
2025-06-01 12:22:00,Z3,M1742,CNC,Night,57.94597517085894,2.8833646005827,82.51006114001987,161.9114363330398,3219,2.97,OK
2025-06-01 12:23:00,Z1,M1743,CNC,Night,65.87232559695751,,86.33675860482012,149.11794448713093,3800,0.0,OK
2025-06-01 12:24:00,Z1,M1744,CNC,Evening,51.19825455735772,4.366295721403805,60.303290902817096,85.5842558284861,2478,5.97,OK
2025-06-01 12:25:00,Z3,M1745,Conveyor,Evening,74.91504119816894,2.273590556704767,61.262540113543395,135.70824181808248,4067,3.64,OK
2025-06-01 12:26:00,Z1,M1746,Drill,Night,21.655231987929994,1.0729594483862184,89.28720037253183,134.9943567472357,1775,3.1,Warning
2025-06-01 12:27:00,Z2,M1747,Conveyor,Night,150.0,4.323450569318541,67.76502361117653,166.95684250974358,1966,3.23,OK
2025-06-01 12:28:00,Z1,M1748,CNC,Morning,80.23320520681918,2.1126791884917813,99.7586329639076,167.4014809294512,1767,4.95,OK
2025-06-01 12:29:00,Z2,M1749,Conveyor,Night,82.46547774062194,1.5368099584859807,60.55327971583867,108.19743072680299,3815,2.37,OK
2025-06-01 12:30:00,Z3,M1750,Conveyor,Evening,56.52260746136287,6.15007223785978,76.36037923989696,160.9617939249142,241,2.64,OK
2025-06-01 12:31:00,Z1,M1751,Conveyor,Morning,40.10702766535674,2.732104795165932,74.81285010197826,148.1509038649827,4797,4.66,OK
2025-06-01 12:32:00,Z3,M1752,Drill,Evening,80.49709263515038,3.741339123445999,73.33443385948034,153.1606102031184,2949,0.9,OK
2025-06-01 12:33:00,Z1,M1753,Motor,Morning,59.22202249791659,3.0442923615116646,78.70369888564626,134.65432453265674,4836,5.26,Warning
2025-06-01 12:34:00,Z2,M1754,Motor,Night,57.61545691095179,1.6705207644445073,79.16517139783254,148.45425193080797,5910,2.87,OK
2025-06-01 12:35:00,Z3,M1755,Conveyor,Evening,46.60718038683404,4.034150430032884,73.65872813896716,,4876,3.7,OK
2025-06-01 12:36:00,Z1,M1756,Motor,Morning,41.25168778712614,3.4718684756800866,66.88660844938184,152.80464397728562,2256,4.67,OK
2025-06-01 12:37:00,Z2,M1757,Motor,Morning,68.45794753386531,2.0109302525401014,83.38208291393104,148.93933235955265,4111,1.96,OK
2025-06-01 12:38:00,Z3,M1758,Conveyor,Night,70.0480718213799,3.6497855067845077,80.0244213046627,138.01991564509458,3368,5.4,OK
2025-06-01 12:39:00,Z3,M1759,Conveyor,Night,63.02316002699132,2.2285348588049967,75.9166695249286,176.30639834359908,5081,5.89,OK
2025-06-01 12:40:00,Z1,M1760,CNC,Night,48.53931327609236,1.3432569598372048,79.77093985933888,117.98030458331974,366,3.22,OK
2025-06-01 12:41:00,Z1,M1761,Motor,Evening,44.02501762336276,1.1914991184718153,81.15153160072904,129.95075995542706,2827,5.65,Warning
2025-06-01 12:42:00,Z1,M1762,Drill,Morning,38.516270171701606,3.405087931444468,68.90614365214944,116.54471545536532,1252,0.51,OK
2025-06-01 12:43:00,Z2,M1763,Conveyor,Night,51.5918223588304,2.4259036051073335,79.48544298785446,155.01712937625413,2487,5.42,OK
2025-06-01 12:44:00,Z1,M1764,CNC,Evening,44.91219652876554,5.252556028565943,70.57571419585327,179.4936901603861,4785,2.21,OK
2025-06-01 12:45:00,Z3,M1765,Drill,Evening,34.36035457063432,2.935562829993065,81.4162668526944,,3603,2.21,Fail
2025-06-01 12:46:00,Z3,M1766,Motor,Evening,69.77017518529573,1.822195059819627,73.46080330861415,123.26486163062847,3521,1.75,OK
2025-06-01 12:47:00,Z1,M1767,CNC,Night,40.214042077725495,3.236726457965868,79.89375658945376,190.91116209262427,5155,2.24,OK
2025-06-01 12:48:00,Z1,M1768,Conveyor,Night,74.75884022146101,1.0585990176380906,71.52963760232382,161.28207666621,4942,1.67,OK
2025-06-01 12:49:00,Z3,M1769,Drill,Morning,65.91107565170195,2.873803139212946,80.30961948750138,156.93810359085697,4517,5.48,OK
2025-06-01 12:50:00,Z2,M1770,Conveyor,Morning,64.41511781427599,3.4787501647174133,67.16984616707194,145.24523394567495,1643,5.44,OK
2025-06-01 12:51:00,Z1,M1771,Motor,Night,84.97963569090138,3.293508461452958,75.2893510389077,166.72535429643705,1212,1.06,OK
2025-06-01 12:52:00,Z1,M1772,Drill,Evening,40.71296048903213,4.954199895779638,82.84506012087947,156.54638910696676,4703,1.29,OK
2025-06-01 12:53:00,Z3,M1773,Motor,Evening,73.10657994073193,6.896275688766676,78.7376372579674,137.9682892905155,5434,5.24,OK
2025-06-01 12:54:00,Z1,M1774,Motor,Evening,55.535361404678554,4.007096057011927,76.53622986759369,142.1549343296785,19,2.69,Warning
2025-06-01 12:55:00,Z2,M1775,CNC,Morning,98.56605234944311,4.76819449167828,89.42849071720512,124.50282997467414,675,1.43,OK
2025-06-01 12:56:00,Z3,M1776,Conveyor,Evening,54.288083532911855,6.815193989485859,83.18909494791137,121.38587031181257,4477,3.31,OK
2025-06-01 12:57:00,Z1,M1777,Drill,Morning,51.86537495811572,1.4906612282752862,81.84431959402502,142.58369512257917,608,2.79,OK
2025-06-01 12:58:00,Z3,M1778,Motor,Morning,66.383036622859,3.1959411131625126,80.26422223133204,178.85537230728684,61,1.71,Fail
2025-06-01 12:59:00,Z1,M1779,Motor,Evening,56.86637201687041,2.2830052018700124,81.26157497797331,124.14591969596646,1265,4.46,OK
2025-06-01 13:00:00,Z1,M1780,Drill,Evening,48.623055565501964,4.263986565391608,88.25681608441731,170.90925073143526,2285,3.97,Warning
2025-06-01 13:01:00,Z1,M1781,Motor,Night,45.44584824096244,3.4074283792149314,71.65865049823203,130.02662865858002,1154,1.05,OK
2025-06-01 13:02:00,Z2,M1782,CNC,Night,81.87306732581105,1.7723515201440994,83.07523172220193,105.33492318255753,1628,5.59,OK
2025-06-01 13:03:00,Z2,M1783,CNC,Evening,42.548075521500124,3.0164217245205664,77.85190311019821,163.6649939647269,1626,3.57,Fail
2025-06-01 13:04:00,Z3,M1784,CNC,Morning,63.3463134057075,4.570384109483827,71.93505970292806,190.71920218936955,3716,1.88,OK
2025-06-01 13:05:00,Z1,M1785,CNC,Morning,75.84276209439143,1.0444130534624005,74.20219917566976,128.6066229932993,5242,1.63,OK
2025-06-01 13:06:00,Z1,M1786,Motor,Morning,76.56742478163949,1.8039831665415313,76.75323745237074,110.753227277496,5559,1.25,Warning
2025-06-01 13:07:00,Z2,M1787,Drill,Morning,50.9752139672784,1.579087372437287,68.12047945864462,161.37286877700055,5022,2.84,OK
2025-06-01 13:08:00,Z1,M1788,Drill,Morning,56.90722799061356,3.489594833230365,81.91210220400357,126.92064511320012,1442,1.25,OK
2025-06-01 13:09:00,Z2,M1789,Drill,Night,53.99709748478441,4.86077411942244,74.17718860728769,,1653,2.79,OK
2025-06-01 13:10:00,Z1,M1790,Drill,Evening,36.97471856001188,-0.014601697959017113,75.67943329794139,178.78698985509604,2502,1.32,OK
2025-06-01 13:11:00,Z3,M1791,Conveyor,Night,68.06276074530173,3.141597845217875,85.85762039942246,158.26543739007337,3269,4.11,OK
2025-06-01 13:12:00,Z1,M1792,Drill,Morning,60.577554684522134,1.6136689240872235,76.03798564181442,170.24420770863676,281,4.82,OK
2025-06-01 13:13:00,Z1,M1793,Conveyor,Morning,81.60877620902818,4.508104162244976,87.42134755536884,170.41530384086752,4981,3.52,OK
2025-06-01 13:14:00,Z2,M1794,Conveyor,Morning,47.651923540478656,2.644547586643119,70.80148392883885,174.74866780446575,1024,4.24,OK
2025-06-01 13:15:00,Z1,M1795,CNC,Morning,76.33044837926543,3.1960109086160964,66.22344128964279,151.13026918893704,4818,5.66,OK
2025-06-01 13:16:00,Z1,M1796,Conveyor,Evening,77.38851225426308,2.99799450719691,72.68005482444093,169.47691068484136,5894,4.01,Warning
2025-06-01 13:17:00,Z2,M1797,Motor,Morning,60.70607530211831,4.686328204784767,52.482282404065494,154.11004365390778,3403,2.5,OK
2025-06-01 13:18:00,Z3,M1798,Conveyor,Evening,27.437076437494966,6.0729472961966735,82.24609401976755,159.78300429838063,1235,2.97,Fail
2025-06-01 13:19:00,Z3,M1799,CNC,Morning,52.31148513833565,1.2980020051778385,66.68881166970004,226.29278299796562,4182,5.23,OK
2025-06-01 13:20:00,Z2,M1800,Conveyor,Evening,86.78806686456176,1.5711658230080219,70.05843662842985,156.04001308964166,4760,1.22,OK
2025-06-01 13:21:00,Z2,M1801,Motor,Night,64.45583657237864,3.4822468538320606,80.73022849296741,112.55600167991585,4957,2.29,OK
2025-06-01 13:22:00,Z2,M1802,Motor,Morning,70.40099558807829,1.775396477547122,75.95296878334312,145.06452056205896,5818,3.68,OK
2025-06-01 13:23:00,Z2,M1803,Motor,Evening,58.66250127547548,4.400375655600412,71.47563633535904,142.23685610894316,785,4.22,OK
2025-06-01 13:24:00,Z2,M1804,CNC,Night,56.64835635205307,4.641176188626506,58.70766101982585,143.38015995613463,5672,4.7,OK
2025-06-01 13:25:00,Z3,M1805,CNC,Morning,31.989831469507408,2.180135531630313,85.40646423917755,173.83606065632415,3317,2.25,OK
2025-06-01 13:26:00,Z3,M1806,Drill,Morning,71.9210882558296,1.8546941000377875,80.78464026781171,178.26478494160074,1667,1.3,Fail
2025-06-01 13:27:00,Z2,M1807,CNC,Morning,76.19521807083565,2.587831467520921,91.44577063758601,147.35911893256508,3008,5.75,OK
2025-06-01 13:28:00,Z1,M1808,Motor,Evening,45.73706571799968,3.1560273209445278,70.22896131207675,115.20314128702695,3194,0.92,OK
2025-06-01 13:29:00,Z2,M1809,Motor,Evening,57.31717317737539,3.4722557848427877,63.364397884975936,152.4773893795777,4789,1.03,OK
2025-06-01 13:30:00,Z1,M1810,CNC,Night,55.29388083968564,-0.379225588573755,82.95804228211539,136.41528144760832,3775,3.22,OK
2025-06-01 13:31:00,Z2,M1811,Conveyor,Evening,66.30229940979429,1.5488167217248223,73.4955206607972,155.26011784928298,2446,5.01,OK
2025-06-01 13:32:00,Z2,M1812,CNC,Evening,51.83454627736358,2.393850976694124,130.0,146.9759526952522,3790,4.76,OK
2025-06-01 13:33:00,Z3,M1813,CNC,Morning,73.97011384774504,1.8045160023796694,87.95932229861245,180.40894046002717,5350,5.66,Warning
2025-06-01 13:34:00,Z1,M1814,Motor,Morning,61.069864741867335,-1.2970648385294297,78.10522477171341,156.87020116159744,533,1.28,OK
2025-06-01 13:35:00,Z1,M1815,Drill,Morning,21.758654166229533,0.1674413019679597,76.33839120436427,136.49520889446262,401,2.57,OK
2025-06-01 13:36:00,Z3,M1816,Motor,Morning,66.64080412788965,1.0419622116234497,76.84002229044472,115.36169381540381,3663,2.05,OK
2025-06-01 13:37:00,Z3,M1817,Drill,Morning,74.94526481386177,2.827073698720172,61.90201451228268,148.79964590254025,129,5.23,OK
2025-06-01 13:38:00,Z3,M1818,Motor,Morning,42.71907509602592,2.3456967097780357,83.86430567586437,148.8890661513445,2339,3.19,OK
2025-06-01 13:39:00,Z3,M1819,CNC,Morning,66.13090402461862,2.052646376207138,84.3766892979933,143.43848128240836,4371,0.65,OK
2025-06-01 13:40:00,Z1,M1820,Motor,Night,87.44939504631316,4.194772441189261,79.24456019970019,169.38309378508913,2959,4.39,OK
2025-06-01 13:41:00,Z1,M1821,Motor,Night,61.68099562767358,4.194200497385642,62.87676292055335,115.43053772406056,1858,2.64,OK
2025-06-01 13:42:00,Z2,M1822,Motor,Night,77.12443296494234,3.2248779802228107,74.0308093989039,10.0,2973,3.42,OK
2025-06-01 13:43:00,Z2,M1823,CNC,Night,53.367675446452196,3.180180424077988,86.50820620314283,151.32293998715338,4150,5.42,OK
2025-06-01 13:44:00,Z3,M1824,CNC,Morning,59.730535673142654,1.7150091735998827,70.47397069621226,136.01229452612563,3649,1.91,OK
2025-06-01 13:45:00,Z3,M1825,CNC,Night,56.93068068110482,1.8945115040152078,84.47402441530929,141.08226904558967,2786,1.82,OK
2025-06-01 13:46:00,Z3,M1826,CNC,Morning,54.19319360478665,0.43852592531217294,75.44077194125484,148.49371580339567,3097,1.95,OK
2025-06-01 13:47:00,Z2,M1827,Drill,Night,-20.0,2.6238728523325037,80.70003071612769,167.14912333534068,3512,2.36,Warning
2025-06-01 13:48:00,Z2,M1828,Drill,Evening,35.53977328613524,4.178611934566796,71.70286869740174,147.4856586612568,4860,1.09,Warning
2025-06-01 13:49:00,Z2,M1829,Conveyor,Night,55.036797984250555,5.0314948451618395,75.67504705316533,100.75788859120459,1220,4.33,Warning
2025-06-01 13:50:00,Z2,M1830,CNC,Night,80.06709683140177,2.632830213141805,78.49372198535103,134.93007477455717,641,1.64,OK
2025-06-01 13:51:00,Z2,M1831,Drill,Morning,45.5446491472225,3.737503248014536,66.33412820884652,162.394606882502,3314,5.59,OK
2025-06-01 13:52:00,Z2,M1832,Motor,Night,44.00800092790034,-1.2839838642917947,77.19130503183209,169.06684096916388,5943,1.69,OK
2025-06-01 13:53:00,Z2,M1833,CNC,Evening,60.918185570921324,2.350607519402364,53.49179760162511,170.4464469544026,723,1.91,Warning
2025-06-01 13:54:00,Z3,M1834,Conveyor,Morning,61.667747150358664,2.3154564298001046,70.18798570542582,177.52944174905156,5309,2.13,OK
2025-06-01 13:55:00,Z3,M1835,Conveyor,Morning,65.6619707858098,5.236752471338074,79.35106411491023,152.96093192724973,4897,4.73,Fail
2025-06-01 13:56:00,Z3,M1836,Conveyor,Night,58.29392140223042,3.589400191382127,83.9621033644045,156.57912452174116,737,2.85,Warning
2025-06-01 13:57:00,Z3,M1837,Motor,Morning,61.077962466875,3.7413831343209107,78.78201713439383,124.65228634351045,4853,5.01,OK
2025-06-01 13:58:00,Z2,M1838,Drill,Morning,-20.0,3.6634924664984894,63.87746580935226,95.63561718038639,5687,4.82,OK
2025-06-01 13:59:00,Z1,M1839,Motor,Morning,40.86305767050054,3.068164098498332,83.26286503092464,114.56043541055254,1299,5.61,OK
2025-06-01 14:00:00,Z2,M1840,CNC,Morning,58.92912197534024,5.298547996273694,65.88680214781813,132.45406120773904,5937,4.66,Warning
2025-06-01 14:01:00,Z1,M1841,Conveyor,Morning,70.86895494663696,-0.4579193219476094,79.91358841139481,116.00738621672974,3480,0.79,OK
2025-06-01 14:02:00,Z3,M1842,Motor,Morning,67.72581939528501,3.219315613073127,66.15333004325714,142.67682649849644,339,5.11,Warning
2025-06-01 14:03:00,Z2,M1843,Motor,Evening,33.836368095910686,4.694704277459345,68.81435036510274,138.4477934839686,152,5.66,OK
2025-06-01 14:04:00,Z3,M1844,Drill,Night,63.77888044963624,0.1629098202110275,67.34920691255614,173.44567534755143,5684,5.97,OK
2025-06-01 14:05:00,Z2,M1845,Drill,Evening,46.60845711214246,4.2568767806584535,76.11166871425375,125.7715878053033,1421,1.19,Warning
2025-06-01 14:06:00,Z3,M1846,Conveyor,Morning,80.88246007832073,1.8582551381020251,73.43572389100348,,5563,3.87,OK
2025-06-01 14:07:00,Z1,M1847,Motor,Morning,64.8940467439257,3.1647238932630617,79.07127550104553,139.50580766457898,3051,1.6,OK
2025-06-01 14:08:00,Z1,M1848,Motor,Night,73.4442594019591,1.82946092858186,74.85092129061513,124.83553584182829,426,1.94,OK
2025-06-01 14:09:00,Z1,M1849,Drill,Evening,60.31752216622289,4.438727514823533,62.85701237130369,131.8072136507976,3558,4.6,OK
2025-06-01 14:10:00,Z2,M1850,Motor,Night,59.00917501653784,2.5674571781646507,77.2064997447838,98.71850737299388,1135,5.88,OK
2025-06-01 14:11:00,Z1,M1851,Motor,Evening,82.4376737647987,4.268695284535818,60.90267479653704,168.70867067234084,2372,3.77,OK
2025-06-01 14:12:00,Z2,M1852,Motor,Morning,74.59161594937524,3.652994754396512,67.92916805560797,185.0565313437006,3329,5.18,Warning
2025-06-01 14:13:00,Z1,M1853,Drill,Night,61.76787978371322,1.809311273911742,72.08869334336799,143.31334707397207,949,0.55,Warning
2025-06-01 14:14:00,Z1,M1854,Conveyor,Night,57.00500360793903,3.752788785593288,71.53437274248284,150.72655218485778,1373,0.7,OK
2025-06-01 14:15:00,Z2,M1855,CNC,Morning,34.39237911703695,2.0046464129809016,61.82069871595179,142.60355398985354,956,3.78,OK
2025-06-01 14:16:00,Z2,M1856,Conveyor,Night,64.8685130231121,3.0961921407599604,85.96927642830553,129.4977179617484,1701,2.64,OK
2025-06-01 14:17:00,Z1,M1857,CNC,Evening,58.10844046020428,2.5401084577653004,88.1840223204536,167.6225715052719,2941,5.39,OK
2025-06-01 14:18:00,Z2,M1858,Motor,Evening,68.30934070623414,4.34986779958316,93.0062008344716,157.97670812879036,2482,2.16,Fail
2025-06-01 14:19:00,Z1,M1859,Conveyor,Evening,72.8672826230218,3.8104834061061266,84.18121133991725,77.19664051552209,1303,2.88,OK
2025-06-01 14:20:00,Z2,M1860,CNC,Evening,78.4938164257087,2.9539176770928863,71.8364276896778,124.13473131477211,370,3.4,OK
2025-06-01 14:21:00,Z3,M1861,Drill,Morning,65.05489366341607,1.9714323342665085,71.6985638324114,98.67346876089935,2980,2.0,OK
2025-06-01 14:22:00,Z3,M1862,Drill,Night,44.30459302307692,1.0965127652539226,71.2568493106142,10.0,2296,5.5,OK
2025-06-01 14:23:00,Z3,M1863,Conveyor,Evening,27.760296736228,3.203484628936047,90.8851014898062,145.70428068885653,4798,3.05,OK
2025-06-01 14:24:00,Z3,M1864,Conveyor,Morning,47.629502094648124,2.051563660272362,74.07566824827872,156.01753904240698,5770,2.83,OK
2025-06-01 14:25:00,Z3,M1865,Motor,Night,80.00232749257601,0.18300576363926213,85.15386325536181,141.1676216229944,2125,5.17,OK
2025-06-01 14:26:00,Z1,M1866,Conveyor,Night,87.35237203949161,1.0049571885056243,84.53147982175551,177.56741815725218,2966,2.22,OK
2025-06-01 14:27:00,Z3,M1867,Motor,Morning,56.431488723462365,5.4388129583125755,76.51638284864697,171.51762931486084,4145,5.0,OK
2025-06-01 14:28:00,Z3,M1868,Motor,Morning,38.08561118576473,2.010035422515832,63.38687325016396,144.6130204244871,2742,1.17,OK
2025-06-01 14:29:00,Z3,M1869,Drill,Evening,50.2737963749574,4.623244166265602,74.24865089079267,192.94982639188063,5088,1.51,OK
2025-06-01 14:30:00,Z3,M1870,Drill,Night,77.06708734046806,2.4650254092025787,76.17573020970362,154.63295355582184,4021,5.73,OK
2025-06-01 14:31:00,Z2,M1871,CNC,Night,51.134802397093395,4.85936645274122,85.22337031922387,113.49687312152946,2364,5.13,OK
2025-06-01 14:32:00,Z1,M1872,Drill,Morning,68.83685921501271,4.7507460262115675,75.15566329680233,152.500468437839,5230,2.63,OK
2025-06-01 14:33:00,Z3,M1873,Drill,Night,62.52837451947053,1.7614568596490139,65.33115549100155,162.93601644315714,5453,4.01,OK
2025-06-01 14:34:00,Z3,M1874,Conveyor,Evening,70.6500488855558,0.018036499788592675,82.90327998185364,146.66938118629315,5970,5.69,OK
2025-06-01 14:35:00,Z3,M1875,Drill,Night,87.27016498420556,0.1450192844545195,73.1796694200201,139.71292386892594,762,1.67,Warning
2025-06-01 14:36:00,Z1,M1876,CNC,Morning,68.84672213301508,1.7870077440664396,54.63800360290771,194.10903290574925,4062,0.82,Warning
2025-06-01 14:37:00,Z2,M1877,Conveyor,Morning,62.20374414956894,5.834451638336312,77.59987659661397,120.3534385321168,1004,3.46,OK
2025-06-01 14:38:00,Z1,M1878,CNC,Evening,88.92560348713378,2.384156887616191,79.00617035296168,80.90715437225126,3755,1.28,Warning
2025-06-01 14:39:00,Z2,M1879,Drill,Evening,65.24328152437592,3.2178659251101815,68.2564944570737,190.4763507732461,2846,1.53,OK
2025-06-01 14:40:00,Z3,M1880,CNC,Night,48.105787540025986,4.9550052993050855,73.4636335950153,119.3488150977588,349,5.4,OK
2025-06-01 14:41:00,Z3,M1881,Conveyor,Night,70.31197934654229,3.1654820446675322,80.2617362077916,142.83454903754466,2964,0.54,OK
2025-06-01 14:42:00,Z1,M1882,Motor,Morning,66.71183313199455,3.113836557781162,77.65427840961826,140.56419612344376,686,4.99,OK
2025-06-01 14:43:00,Z1,M1883,CNC,Evening,55.381464865941005,3.93399479091772,62.49874439908001,180.793712267463,4637,3.34,OK
2025-06-01 14:44:00,Z2,M1884,CNC,Evening,52.2362092130059,3.4334546332649807,85.02840133197894,185.87140949067168,3126,3.58,OK
2025-06-01 14:45:00,Z2,M1885,Conveyor,Evening,55.52610769027638,2.8507993424947724,88.65064495630921,117.69061364737018,4456,4.19,OK
2025-06-01 14:46:00,Z1,M1886,Conveyor,Night,52.02165963747365,1.9178259852038366,70.91852891174526,183.922740704635,2755,2.87,OK
2025-06-01 14:47:00,Z2,M1887,CNC,Evening,56.013602719306625,3.1177333362981843,59.72102741661931,183.46025790540455,3524,1.14,OK
2025-06-01 14:48:00,Z1,M1888,Drill,Morning,47.358050966372076,4.641599695624711,81.16890245442362,150.48387352312426,3624,1.07,Warning
2025-06-01 14:49:00,Z2,M1889,CNC,Morning,65.79232032239723,5.6730068804980816,69.61526048657525,173.31356388299645,2732,4.65,OK
2025-06-01 14:50:00,Z1,M1890,Conveyor,Night,64.66801970938229,3.4384149623533653,79.283590360682,175.8207488486189,1693,1.72,OK
2025-06-01 14:51:00,Z1,M1891,Motor,Night,65.17802665844204,4.132741702643959,92.6173637325363,143.68930371935252,2892,0.65,OK
2025-06-01 14:52:00,Z1,M1892,Motor,Evening,,3.404596060744218,62.62953936648919,146.06083606124196,3811,5.89,OK
2025-06-01 14:53:00,Z2,M1893,Drill,Night,57.33505115962407,2.8690059533945957,68.62703296150141,164.73320117686055,4180,5.89,OK
2025-06-01 14:54:00,Z2,M1894,CNC,Morning,81.63008696480273,3.7713856179190266,73.44416325161241,109.28687583410473,684,2.58,OK
2025-06-01 14:55:00,Z2,M1895,Motor,Evening,61.01108830256704,4.783999251468726,85.33342689087154,141.15483333713527,4340,0.64,OK
2025-06-01 14:56:00,Z1,M1896,CNC,Morning,78.95650269083215,1.670457245971282,103.44493703642621,119.99103134241629,2919,4.5,OK
2025-06-01 14:57:00,Z2,M1897,Conveyor,Evening,45.0537602525053,,76.97668149679701,185.5894550749755,3756,5.07,OK
2025-06-01 14:58:00,Z2,M1898,Motor,Night,68.83766751302068,2.2004876255453008,61.94221807420384,140.86043438744184,5454,1.19,OK
2025-06-01 14:59:00,Z1,M1899,Drill,Evening,48.979454450099766,3.317492914949556,72.23582900599021,156.9093430773338,3283,1.25,OK
2025-06-01 15:00:00,Z3,M1900,Conveyor,Evening,51.65772107559998,4.304807426431847,68.80109211009612,144.53970160068724,4691,5.02,OK
2025-06-01 15:01:00,Z1,M1901,Drill,Morning,53.821412401086725,1.5157382627167677,80.77268382148631,142.91289786354417,4026,5.57,OK
2025-06-01 15:02:00,Z2,M1902,Conveyor,Morning,52.881015470943325,-0.7328647839372167,78.01507762639146,155.27415718966552,1156,4.85,OK
2025-06-01 15:03:00,Z1,M1903,Motor,Evening,52.95593015277224,2.2358270149934754,66.66549305596321,131.73390837994666,3061,1.6,Warning
2025-06-01 15:04:00,Z3,M1904,Drill,Night,78.25912634835848,2.7091286615126458,68.33211660602295,145.0379412133107,5919,2.76,Warning
2025-06-01 15:05:00,Z1,M1905,Drill,Night,60.681167596764595,1.2565897748828427,72.11954221940529,144.8539250691228,5893,3.8,Fail
2025-06-01 15:06:00,Z2,M1906,Conveyor,Morning,63.37583083814414,1.8658636067740322,73.085133519498,139.41961750329273,4445,1.38,OK
2025-06-01 15:07:00,Z3,M1907,Drill,Night,53.142600546728254,4.300925115130497,74.66248867064338,159.7764226936312,2329,1.66,OK
2025-06-01 15:08:00,Z2,M1908,Conveyor,Morning,72.85408955577164,3.1171801043941487,75.39098572155534,138.82510169963797,1292,2.06,OK
2025-06-01 15:09:00,Z3,M1909,Conveyor,Night,65.32584417358379,3.518433177913977,84.8788043018763,190.27787456029893,1884,3.3,OK
2025-06-01 15:10:00,Z3,M1910,Conveyor,Evening,55.36607033475393,2.466476652584179,71.83031190382847,165.72410270101318,1560,3.31,OK
2025-06-01 15:11:00,Z1,M1911,Conveyor,Morning,36.23574161060036,1.8688343835625112,70.65146527802733,116.26724863146492,983,4.98,OK
2025-06-01 15:12:00,Z1,M1912,Motor,Morning,63.24444687602806,2.4556526558637843,64.28980783288094,163.77194860096554,2067,4.64,Warning
2025-06-01 15:13:00,Z2,M1913,Conveyor,Evening,68.63519283803187,3.748320291269538,73.2091261390598,132.76300756230256,1863,5.53,OK
2025-06-01 15:14:00,Z1,M1914,CNC,Morning,45.317282425149806,0.7630196829881748,77.0495699695444,153.39225438513634,1979,5.08,Warning
2025-06-01 15:15:00,Z1,M1915,Drill,Night,55.56908071951256,5.475255389748017,61.20722910725457,131.72011398431627,1736,1.9,OK
2025-06-01 15:16:00,Z3,M1916,CNC,Night,68.05740752191434,3.8622877435236043,72.26057125284342,95.13990281559558,2452,2.32,OK
2025-06-01 15:17:00,Z1,M1917,Motor,Morning,36.43607914317349,2.1961798435639275,84.28235303936034,149.45666267679016,5234,3.25,OK
2025-06-01 15:18:00,Z3,M1918,CNC,Night,50.26721724885165,4.220110676829751,80.18644834160969,114.13960602880101,1918,0.58,OK
2025-06-01 15:19:00,Z3,M1919,Drill,Morning,65.65363412439602,4.833523600609662,77.98746538208634,160.4928847182831,700,5.47,OK
2025-06-01 15:20:00,Z3,M1920,CNC,Evening,76.57527658277415,2.5044929255963426,79.96969839179604,154.36962064516302,4046,0.74,OK
2025-06-01 15:21:00,Z2,M1921,Motor,Morning,92.78669718406752,2.675122815352408,70.410365840883,134.9028864014855,2073,2.27,OK
2025-06-01 15:22:00,Z2,M1922,Conveyor,Evening,89.37982152550636,5.240211320209507,69.3446417127523,195.6384259505997,4661,3.63,OK
2025-06-01 15:23:00,Z2,M1923,CNC,Night,62.156542234740144,6.178462720377148,85.17527024590525,119.01781331739049,3753,3.35,Warning
2025-06-01 15:24:00,Z3,M1924,Motor,Evening,52.736596777770714,3.0441534863521613,81.62911503539901,134.39155871859583,394,4.1,Warning
2025-06-01 15:25:00,Z2,M1925,Motor,Night,73.84683401656329,1.2626784793665387,69.02981582695116,121.9827104404063,1956,3.4,Warning
2025-06-01 15:26:00,Z2,M1926,Drill,Morning,51.84610614414514,2.2940967676131625,59.97020832257611,201.0329008064805,3048,1.76,OK
2025-06-01 15:27:00,Z1,M1927,Drill,Night,48.56857072581523,4.549523616703802,69.19587561215747,183.80610354115197,3452,1.61,OK
2025-06-01 15:28:00,Z2,M1928,CNC,Morning,55.421009214523494,1.4546770559793083,79.34827381972731,114.44695339173923,522,5.49,OK
2025-06-01 15:29:00,Z2,M1929,Conveyor,Morning,53.539900497343396,2.6875752003614717,69.73391885821417,129.36047395866024,1562,1.95,OK
2025-06-01 15:30:00,Z3,M1930,Motor,Evening,66.18945934598814,3.4388773221474445,77.64054248640413,130.20853353862256,2909,2.05,OK
2025-06-01 15:31:00,Z3,M1931,CNC,Evening,50.963975667984585,1.615927970388499,86.35816443119118,136.2318245559286,5202,2.77,OK
2025-06-01 15:32:00,Z3,M1932,Motor,Evening,61.276830859467225,4.644651842814115,74.2557833776554,123.93048365416713,2849,1.27,OK
2025-06-01 15:33:00,Z3,M1933,Motor,Evening,83.9243017710798,4.040951272806562,76.87168122387904,134.8562240747178,549,3.29,OK
2025-06-01 15:34:00,Z3,M1934,Conveyor,Night,61.832110711110715,6.014318864287938,80.47923085199653,175.12180672649995,1468,4.16,OK
2025-06-01 15:35:00,Z3,M1935,Conveyor,Night,82.75113432182667,4.172191343786658,66.34332593337972,198.6728084019747,832,4.82,OK
2025-06-01 15:36:00,Z2,M1936,CNC,Night,78.03084901598923,1.5586655466509423,68.81560619990358,111.39004552806442,4482,4.41,OK
2025-06-01 15:37:00,Z3,M1937,Conveyor,Morning,68.88060355050949,3.7955535913637872,80.80928927922838,123.97232191831968,5058,1.31,OK
2025-06-01 15:38:00,Z3,M1938,Conveyor,Night,,4.482032510273784,75.29574016439287,155.33898610950584,1421,3.01,OK
2025-06-01 15:39:00,Z1,M1939,CNC,Night,75.60761966023657,4.5592182211880194,75.97406888247544,110.49235900959873,285,0.71,OK
2025-06-01 15:40:00,Z2,M1940,Conveyor,Night,56.25037622042889,1.8347367781638957,75.2662866228588,155.98580053478062,2745,0.6,OK
2025-06-01 15:41:00,Z2,M1941,Drill,Evening,59.96985517459559,1.6554934464667872,82.82635175169567,163.50256967824322,3765,2.92,OK
2025-06-01 15:42:00,Z2,M1942,Motor,Night,64.95298011248391,1.2905443213364827,78.4857011235974,167.51631375067436,4464,1.89,OK
2025-06-01 15:43:00,Z3,M1943,Motor,Morning,59.91948791409777,5.4070979912083,78.59056072856649,162.8036131624059,1445,4.26,OK
2025-06-01 15:44:00,Z3,M1944,Motor,Evening,49.19598422384195,3.9343182357630573,84.77758526044619,136.61878632108994,5837,4.48,OK
2025-06-01 15:45:00,Z3,M1945,Motor,Morning,37.09351627525696,1.7681720636869338,87.85259086459752,145.45826096333238,1466,5.42,OK
2025-06-01 15:46:00,Z1,M1946,CNC,Night,74.38699395488219,3.190783408135681,92.94873379014437,120.51181034641762,1776,4.68,Warning
2025-06-01 15:47:00,Z3,M1947,Motor,Evening,68.55513190209541,2.814469029898464,70.36789044147781,161.60846636594064,5639,0.77,OK
2025-06-01 15:48:00,Z1,M1948,Motor,Morning,34.19083511255487,1.5411277965514758,94.755259312069,190.08400667837805,3655,2.54,OK
2025-06-01 15:49:00,Z2,M1949,Motor,Night,48.79818975694715,3.054275915934905,66.22581645235853,161.5550224766847,914,2.0,OK
2025-06-01 15:50:00,Z3,M1950,Motor,Morning,62.685981439100765,,90.48197922434501,132.62498160432366,287,2.62,OK
2025-06-01 15:51:00,Z1,M1951,Drill,Morning,66.63858530340852,5.896879641977849,69.92832113046899,174.86979631748065,4190,1.38,OK
2025-06-01 15:52:00,Z1,M1952,Motor,Morning,37.223195115493624,2.0164687113505906,74.44848163036197,209.1411673694734,2088,1.04,OK
2025-06-01 15:53:00,Z3,M1953,Drill,Night,58.661420001863675,0.43590101370699275,75.14860756130379,156.07874429034038,4426,3.37,OK
2025-06-01 15:54:00,Z2,M1954,CNC,Night,68.09481892880946,1.426569396966034,5.0,163.8618210963667,5932,4.46,OK
2025-06-01 15:55:00,Z2,M1955,Conveyor,Morning,54.727322971510795,1.6610288648516667,75.69374933404768,166.94252735165108,1804,4.36,OK
2025-06-01 15:56:00,Z2,M1956,Motor,Evening,63.837444726515905,2.359609235950657,68.47729512129887,109.88856835370656,1178,2.98,OK
2025-06-01 15:57:00,Z1,M1957,Conveyor,Evening,52.68672176933285,1.4302444063092863,65.1204525706344,139.72194568286787,2551,3.37,Warning
2025-06-01 15:58:00,Z1,M1958,Conveyor,Night,73.63794527549283,4.2331830087284095,74.69021093579013,137.1533394617382,4370,3.34,OK
2025-06-01 15:59:00,Z1,M1959,CNC,Night,48.01071429200593,1.3259508554857804,87.71901512194347,170.8716662223987,1588,4.3,Fail
2025-06-01 16:00:00,Z1,M1960,Conveyor,Night,42.8688264135843,3.0300269524488455,72.9678420878642,167.95923269735204,1956,0.76,OK
2025-06-01 16:01:00,Z2,M1961,Drill,Night,60.43390296092326,6.000288275283262,82.52816732299372,146.98158143167632,1775,4.4,Fail
2025-06-01 16:02:00,Z3,M1962,Conveyor,Night,38.497110415672566,3.830352407645436,68.23466965827345,135.65304852478212,4862,3.7,Warning
2025-06-01 16:03:00,Z1,M1963,Conveyor,Evening,28.423332179058146,3.676135517568539,64.73219143492373,107.83510100733042,987,1.59,OK
2025-06-01 16:04:00,Z1,M1964,Conveyor,Night,76.2560294708102,5.78597430111774,78.63088125564288,149.61468678479343,5855,0.77,OK
2025-06-01 16:05:00,Z2,M1965,Motor,Morning,45.23663277658772,4.868474346355459,89.04489908081156,126.13579713052914,1203,1.1,OK
2025-06-01 16:06:00,Z3,M1966,Motor,Morning,39.995226261242806,3.8476865510289056,76.67163561706523,123.03746651054719,3330,3.39,OK
2025-06-01 16:07:00,Z3,M1967,Drill,Evening,47.823618345755875,2.5339097250832965,81.61317957229659,173.15671910306466,1119,4.67,OK
2025-06-01 16:08:00,Z2,M1968,Drill,Morning,47.15024052883807,2.96596668781531,130.0,170.54799487616958,196,2.34,OK
2025-06-01 16:09:00,Z2,M1969,Motor,Evening,57.86832808254684,2.8930441985006903,74.70775720254285,137.7851460475125,3975,2.59,OK
2025-06-01 16:10:00,Z3,M1970,Drill,Evening,43.5976989947105,2.397861678641837,73.78349374671001,110.77389296730915,525,5.64,OK
2025-06-01 16:11:00,Z1,M1971,Motor,Morning,67.47279213384233,3.318054767824387,78.77670680504507,129.35471049390733,4727,1.67,Warning
2025-06-01 16:12:00,Z3,M1972,CNC,Night,69.69351196736572,3.526121545571484,80.20015284894535,174.8313490331798,1410,1.07,OK
2025-06-01 16:13:00,Z2,M1973,Conveyor,Morning,40.87512824076697,1.1330572992626613,63.80819929053432,161.69296542440603,4503,2.39,OK
2025-06-01 16:14:00,Z1,M1974,Conveyor,Morning,50.728550655774185,5.448063749943447,77.365805010166,138.20488006444106,1292,4.6,OK
2025-06-01 16:15:00,Z1,M1975,Drill,Evening,52.154141399421206,3.6146962696099223,74.99454872445443,151.4688294219227,1194,3.94,Warning
2025-06-01 16:16:00,Z2,M1976,Motor,Morning,57.52488957950487,2.605825557074074,68.6838492871175,98.12945205107951,1948,2.79,OK
2025-06-01 16:17:00,Z2,M1977,Motor,Evening,76.24025275475523,3.331763968094186,74.44151687857851,96.23689032413044,3655,5.81,OK
2025-06-01 16:18:00,Z2,M1978,Drill,Night,77.10470122503912,4.395553336737901,65.6774013450982,199.42816301302645,4786,4.54,OK
2025-06-01 16:19:00,Z3,M1979,Motor,Night,97.4830107924868,0.7999703811211614,62.91257816101053,162.6631554584914,2217,0.84,OK
2025-06-01 16:20:00,Z3,M1980,CNC,Night,25.959391062687324,2.842408910279631,75.53478599712822,150.04155160648136,4254,4.6,OK
2025-06-01 16:21:00,Z1,M1981,Conveyor,Morning,46.135564152725564,1.2212163377065006,82.2166161871646,140.07609539979345,3580,0.63,Warning
2025-06-01 16:22:00,Z2,M1982,Drill,Evening,87.21013771612476,6.98550573146343,72.22167409477314,105.95415026171312,5785,4.08,OK
2025-06-01 16:23:00,Z1,M1983,Drill,Night,32.989495233347476,3.2072790716529225,67.3141658895386,174.83035318715224,1017,1.66,OK
2025-06-01 16:24:00,Z1,M1984,Motor,Evening,86.8689759625606,1.2333815286007401,68.557609715296,121.57778092174007,3153,4.33,Warning
2025-06-01 16:25:00,Z1,M1985,Drill,Evening,62.21026909714867,8.39920017104609,79.39155614213242,167.60456613333707,5176,2.2,OK
2025-06-01 16:26:00,Z1,M1986,CNC,Night,62.761991595338166,2.1959721318294165,88.33908174354077,153.30001913856404,3590,5.3,OK
2025-06-01 16:27:00,Z2,M1987,Motor,Night,40.80303020820794,2.686380122885689,81.16364953141837,148.69763839691282,4207,2.35,Warning
2025-06-01 16:28:00,Z1,M1988,Motor,Evening,53.23255169993555,2.794802640021956,85.40633519398845,117.44084202338493,4069,3.91,OK
2025-06-01 16:29:00,Z2,M1989,Motor,Night,86.21064539564858,1.7280704151464468,66.61901041783865,117.77374988318485,47,2.07,OK
2025-06-01 16:30:00,Z2,M1990,Motor,Evening,59.2847529713816,3.3710280262442143,74.40856066612157,159.74835965781472,3663,5.54,OK
2025-06-01 16:31:00,Z3,M1991,CNC,Evening,53.332514576846926,-0.3161102495400385,83.14952680339526,151.98042061050046,4471,4.8,OK
2025-06-01 16:32:00,Z2,M1992,Motor,Night,66.08578794568854,4.628847574315937,63.80657935018214,151.17917683158447,827,1.84,OK
2025-06-01 16:33:00,Z3,M1993,Drill,Morning,57.11673599546015,1.308292693894169,69.7330142909887,157.15103981284219,4722,5.72,OK
2025-06-01 16:34:00,Z2,M1994,CNC,Night,65.17726724709661,2.3770177165345325,82.53615325633226,101.58141274682396,5122,2.46,OK
2025-06-01 16:35:00,Z2,M1995,Conveyor,Morning,47.253880017601176,4.1272795105292435,77.0674061663068,175.37859599851217,5987,4.09,Warning
2025-06-01 16:36:00,Z2,M1996,Conveyor,Evening,58.84271027087842,2.693308472540827,67.27911254173853,141.10250648464108,2089,4.59,OK
2025-06-01 16:37:00,Z3,M1997,Drill,Evening,50.383856018389224,2.7546783793535603,61.95342874234472,179.24112555301093,2056,0.63,Warning
2025-06-01 16:38:00,Z3,M1998,Drill,Morning,32.94050038957984,1.4818838359053434,85.69852145092005,99.79189988035395,818,5.77,Warning
2025-06-01 16:39:00,Z1,M1999,CNC,Evening,67.22936680871528,6.143472326205675,58.57292493167263,164.22565013818576,4752,2.39,OK
2025-06-01 16:40:00,Z3,M2000,Conveyor,Morning,41.49340737666667,3.797223573309885,80.05916143176243,163.98948244485652,3984,1.54,OK
2025-06-01 16:41:00,Z3,M2001,Conveyor,Morning,57.528886048438466,1.3758225775962498,70.73564451690642,112.84668316608358,3680,5.18,OK
2025-06-01 16:42:00,Z3,M2002,Conveyor,Evening,73.89102368741867,3.267273669086777,83.37654653090681,134.0185970599466,1811,4.37,OK
2025-06-01 16:43:00,Z3,M2003,Conveyor,Morning,37.53279815189355,1.2697980080230349,66.66281360152877,123.51234010124503,4885,0.98,Warning
2025-06-01 16:44:00,Z1,M2004,Conveyor,Night,69.07026145424403,5.5836214409841745,95.91839148289415,171.5803155626313,5555,1.14,OK
2025-06-01 16:45:00,Z3,M2005,Motor,Night,55.50279814547006,3.299456941062819,78.21839084550706,157.7222120722311,3114,4.43,OK
2025-06-01 16:46:00,Z2,M2006,Drill,Evening,45.50214898609404,1.5366802081394,79.53655375028471,189.97122064754384,5250,0.91,OK
2025-06-01 16:47:00,Z2,M2007,Motor,Evening,90.34384933329102,4.046386103435875,68.81562250578526,155.07384835704914,1629,5.54,OK
2025-06-01 16:48:00,Z3,M2008,Conveyor,Morning,59.99165556367747,2.58288649192753,73.9329573264094,168.30610467223894,1543,4.58,OK
2025-06-01 16:49:00,Z3,M2009,CNC,Morning,51.47860665634889,1.0676570167162787,74.14040741795056,179.3002685345127,3579,2.35,OK
2025-06-01 16:50:00,Z2,M2010,CNC,Morning,48.29680616450398,3.5715695008503148,89.36854663401346,163.86066816269317,5769,2.5,OK
2025-06-01 16:51:00,Z2,M2011,Conveyor,Morning,73.21743702655044,3.529262751206841,78.20461417142229,140.3954199262055,1904,3.29,OK
2025-06-01 16:52:00,Z1,M2012,Conveyor,Night,50.819156603048825,4.706600448851097,79.35063765122591,135.7426388684616,1436,2.49,OK
2025-06-01 16:53:00,Z2,M2013,CNC,Night,71.34777147811539,3.0967553353766966,79.26119101185492,148.00666431178658,5031,4.81,OK
2025-06-01 16:54:00,Z2,M2014,Motor,Evening,59.96280253315259,3.1605904304378263,80.02888719267678,169.91459474525226,3317,5.86,OK
2025-06-01 16:55:00,Z3,M2015,Motor,Morning,76.74282096650772,3.2401995548177758,63.88437192205768,130.8474234536762,3520,3.71,Warning
2025-06-01 16:56:00,Z2,M2016,Conveyor,Morning,44.36190828775674,5.392924491760544,91.39414486429371,166.30383815449244,3059,2.95,OK
2025-06-01 16:57:00,Z1,M2017,Motor,Evening,46.45405141355993,2.5348897150888936,67.98009142244032,158.06580795775764,4116,1.73,OK
2025-06-01 16:58:00,Z2,M2018,CNC,Morning,55.78492028954897,3.704182453208597,74.6927653146473,118.66734692001296,998,4.09,OK
2025-06-01 16:59:00,Z3,M2019,Motor,Morning,-20.0,3.9251181780234177,87.25186318017302,165.0883814797607,1431,4.27,OK
2025-06-01 17:00:00,Z3,M2020,Conveyor,Morning,54.681644569544844,3.5246647788461396,90.47700237389888,153.5480253213088,4552,4.27,Warning
2025-06-01 17:01:00,Z2,M2021,CNC,Morning,99.47160608139777,2.478143090910644,81.4476326378518,136.23689472024267,5563,0.65,OK
2025-06-01 17:02:00,Z3,M2022,Motor,Morning,90.94870506527862,3.1809060109612552,70.96244248203563,153.18571431785674,3061,5.45,OK
2025-06-01 17:03:00,Z1,M2023,Drill,Evening,64.48582612231564,2.8595133578507235,76.0218764235544,137.20872441789822,264,2.36,OK
2025-06-01 17:04:00,Z1,M2024,CNC,Morning,66.25458111075686,5.938815540167705,76.33573823286284,156.19180161724444,3731,4.59,OK
2025-06-01 17:05:00,Z2,M2025,CNC,Evening,56.45351729880629,2.3133543218530415,76.61912365847307,145.80099075883618,2274,4.68,OK
2025-06-01 17:06:00,Z2,M2026,Drill,Morning,44.25261699722804,1.6311322106216577,65.1595757807003,111.75189419975959,3875,4.08,OK
2025-06-01 17:07:00,Z2,M2027,Drill,Night,57.26891639167122,2.9906974628503864,85.0808762591639,146.54910945294398,3317,2.67,OK
2025-06-01 17:08:00,Z3,M2028,CNC,Night,71.5667662719308,2.8849527038569907,76.07671180750224,138.93290261422976,2046,3.85,OK
2025-06-01 17:09:00,Z1,M2029,Drill,Night,79.58440142352013,3.295265280252945,69.22224984840047,165.88965885746987,3144,0.72,OK
2025-06-01 17:10:00,Z1,M2030,Conveyor,Night,74.93562630784058,2.3138300966980028,71.01285529802047,171.9942123986436,3221,4.69,Warning
2025-06-01 17:11:00,Z3,M2031,Conveyor,Evening,37.35338560268683,3.165560219899315,77.1588002840697,137.27495595423724,3140,1.05,OK
2025-06-01 17:12:00,Z1,M2032,Conveyor,Evening,55.6615848276943,3.194410558456817,63.776746803532745,130.2651130853562,5064,2.68,OK
2025-06-01 17:13:00,Z2,M2033,CNC,Morning,37.966986527010114,4.358984534040007,82.02748060932765,107.99614880602599,4900,1.07,OK
2025-06-01 17:14:00,Z2,M2034,Drill,Night,77.53265336104079,3.1395095755637277,76.87784241927794,129.6490719245648,1253,5.1,Warning
2025-06-01 17:15:00,Z2,M2035,Drill,Evening,53.81423407799501,3.1537125459473834,87.52551693620873,141.91828064019325,722,3.53,OK
2025-06-01 17:16:00,Z1,M2036,Motor,Morning,59.293348265534505,3.7745195695627753,75.62066976907657,116.51841659614465,5191,4.3,Warning
2025-06-01 17:17:00,Z2,M2037,Motor,Morning,67.20075402007502,4.301482594772276,66.31785648171561,172.3284148082555,5097,4.25,OK
2025-06-01 17:18:00,Z3,M2038,Drill,Evening,101.49209879717849,1.5244863185601316,65.41757448098132,156.55404901101736,83,5.13,OK
2025-06-01 17:19:00,Z3,M2039,Drill,Night,64.0241240968429,1.1215191601997678,71.87435508870057,146.98958214950252,4835,1.23,OK
2025-06-01 17:20:00,Z1,M2040,Drill,Morning,56.425934432906224,5.543219444075717,72.72076186702775,149.5832173901216,3370,4.13,OK
2025-06-01 17:21:00,Z3,M2041,CNC,Night,41.384368181945405,4.056113156892237,70.46190628273935,157.65112383962781,3819,3.66,OK
2025-06-01 17:22:00,Z3,M2042,Drill,Night,81.87959172754658,2.6709200455058957,76.02784426334748,165.8273744467377,3364,0.67,OK
2025-06-01 17:23:00,Z1,M2043,Motor,Night,57.27545303554387,3.0295529049496963,70.25885044891459,170.22519092118162,1757,1.61,OK
2025-06-01 17:24:00,Z2,M2044,CNC,Morning,84.85713697391549,2.41115746000526,77.03364715539391,142.271725117173,4318,1.97,OK
2025-06-01 17:25:00,Z2,M2045,Drill,Night,76.58419669423085,3.316921086662328,70.83481267465385,146.45162633039283,2780,0.9,OK
2025-06-01 17:26:00,Z2,M2046,Motor,Morning,53.05565846087293,1.5422442158929681,80.05362966187657,154.3242526486041,3287,2.45,OK
2025-06-01 17:27:00,Z1,M2047,CNC,Night,39.11585728716143,4.260250477634889,72.51920965298541,145.4309668003842,2452,0.65,OK
2025-06-01 17:28:00,Z3,M2048,Drill,Morning,64.0885367580541,3.2631800979427528,84.96965337813945,171.80793539717178,5288,3.54,OK
2025-06-01 17:29:00,Z2,M2049,Drill,Night,50.77644706842597,3.317440644050027,80.21835759831723,180.68306095345244,328,1.66,OK
2025-06-01 17:30:00,Z2,M2050,Drill,Evening,60.59018763684458,1.659086425982217,76.54868271849364,158.60183286320404,425,2.08,OK
2025-06-01 17:31:00,Z1,M2051,CNC,Night,75.73574410281506,3.7864006451589534,73.33858186688073,127.29520896766907,5673,5.51,Fail
2025-06-01 17:32:00,Z2,M2052,Motor,Night,35.196268265627495,1.6935425352809386,62.84792219737102,162.71002802080187,769,3.27,OK
2025-06-01 17:33:00,Z1,M2053,Motor,Morning,63.969207661023205,1.9617737101368211,86.30839523739138,159.59247635527066,5315,1.98,OK
2025-06-01 17:34:00,Z3,M2054,Conveyor,Morning,71.39394286328604,3.131432885162627,69.5537833726616,125.19894936706258,3975,3.79,OK
2025-06-01 17:35:00,Z1,M2055,Drill,Night,72.12165842634094,6.760997849423478,75.72585707521776,159.56499898321817,607,1.61,Warning
2025-06-01 17:36:00,Z1,M2056,Conveyor,Evening,39.546867432188655,3.257199200032214,77.75043458828705,136.3952370338497,1852,0.91,OK
2025-06-01 17:37:00,Z1,M2057,Conveyor,Evening,66.29004704660946,-0.8532013195013537,73.53190752337552,168.65234537693206,2672,0.61,OK
2025-06-01 17:38:00,Z1,M2058,Motor,Morning,78.05304872860039,2.0362479249588743,85.83680843486422,162.506763045,2124,5.73,Warning
2025-06-01 17:39:00,Z3,M2059,CNC,Evening,65.14850697600113,4.025593668330861,65.22903266073003,155.57466347089309,1300,4.49,OK
2025-06-01 17:40:00,Z3,M2060,CNC,Night,58.264586908371946,1.3073085825238142,88.8714784558987,150.96366834722923,5015,4.9,OK
2025-06-01 17:41:00,Z2,M2061,Motor,Morning,77.09419410860166,4.24665366171849,80.37246046006653,96.66569816659151,465,5.9,OK
2025-06-01 17:42:00,Z3,M2062,CNC,Night,49.58521784341755,3.2382308621475446,73.02863530532424,119.64312238356659,1964,5.62,OK
2025-06-01 17:43:00,Z3,M2063,Conveyor,Morning,37.052506376950944,4.486990788886164,73.1181600485497,146.72996950525322,5567,4.55,OK
2025-06-01 17:44:00,Z2,M2064,Drill,Morning,,2.1617188361235042,57.265427968769266,187.9845886950884,1945,4.32,Warning
2025-06-01 17:45:00,Z3,M2065,Motor,Morning,68.02567787555998,2.044824127600926,68.21413783865519,164.11702670331948,5279,2.35,OK
2025-06-01 17:46:00,Z1,M2066,Drill,Morning,75.5840514215465,3.8474777374267672,72.16876995989566,195.35115822647288,2539,1.07,Warning
2025-06-01 17:47:00,Z1,M2067,CNC,Evening,67.95753861251899,2.988707437541761,76.40883980824727,152.07467984135607,2360,3.66,OK
2025-06-01 17:48:00,Z2,M2068,Drill,Night,72.53731603087287,2.8979657823205884,85.07664995561781,149.22873090436818,5750,3.67,OK
2025-06-01 17:49:00,Z2,M2069,CNC,Night,-20.0,5.3534548034235945,91.30036499863161,185.62812966467598,2039,5.74,OK
2025-06-01 17:50:00,Z2,M2070,CNC,Night,54.90934490552834,3.9062113905926776,77.17813679042058,146.0196423790163,1184,2.93,OK
2025-06-01 17:51:00,Z1,M2071,Conveyor,Morning,57.78091047138615,0.015115549956408625,76.64487449714373,125.33825233797042,3934,4.3,OK
2025-06-01 17:52:00,Z3,M2072,CNC,Evening,79.30751689724814,4.1986021837745815,71.07718585990506,157.9188529404341,3217,3.66,OK
2025-06-01 17:53:00,Z1,M2073,Conveyor,Night,41.84764463653969,4.048453200622683,61.27919885341704,178.06284954980984,5794,1.47,OK
2025-06-01 17:54:00,Z2,M2074,Conveyor,Evening,66.43699292283442,4.777366930835148,70.15370779035827,129.35131217296976,2782,3.76,OK
2025-06-01 17:55:00,Z3,M2075,Conveyor,Morning,49.24936756624468,1.5904523706397367,73.35599136203182,164.72608849195083,777,3.47,OK
2025-06-01 17:56:00,Z3,M2076,Motor,Night,76.50392404846454,3.4872087378151844,82.8031553653213,147.66908728339175,3379,3.22,OK
2025-06-01 17:57:00,Z1,M2077,Motor,Evening,59.730967791372905,3.167445031864772,79.15611625265558,161.2837446141764,2418,3.32,OK
2025-06-01 17:58:00,Z2,M2078,CNC,Morning,60.113909030671856,1.56355222878037,76.77236179120848,157.83834692612746,4077,1.4,OK
2025-06-01 17:59:00,Z1,M2079,Conveyor,Evening,85.93319831095029,4.420149851859871,70.35359925208598,139.64239020910432,4262,3.05,OK
2025-06-01 18:00:00,Z3,M2080,Motor,Night,43.8593583082703,2.637681001035926,59.14306600764695,147.34530347378643,2439,3.83,Warning
2025-06-01 18:01:00,Z1,M2081,Conveyor,Night,63.23729209827904,4.729098586878502,59.62595161013877,141.16930433165487,4831,3.19,OK
2025-06-01 18:02:00,Z1,M2082,Drill,Morning,57.298108033532685,1.8857118223987859,61.6901082644639,152.96870550099308,5020,3.19,OK
2025-06-01 18:03:00,Z2,M2083,Drill,Morning,67.98616974064547,0.809121793800907,72.66394659036226,128.84756996651097,5269,0.93,OK
2025-06-01 18:04:00,Z2,M2084,Drill,Morning,88.9399618003342,2.636150726953283,82.95235550174391,134.82287661262941,5587,1.55,OK
2025-06-01 18:05:00,Z3,M2085,CNC,Evening,50.92137735112226,3.347869773843671,82.73652455968707,139.6509898620177,1989,2.27,OK
2025-06-01 18:06:00,Z1,M2086,Conveyor,Evening,42.039034314689324,2.1987061091716322,81.34972609661949,159.79257264053473,1066,2.81,Warning
2025-06-01 18:07:00,Z1,M2087,Drill,Evening,47.86008861476991,-1.596685303137341,70.87923613185569,114.61165176779552,944,3.77,Warning
2025-06-01 18:08:00,Z1,M2088,Motor,Morning,56.50772876668621,3.575473717378155,84.15410532893688,147.3217591289767,28,5.25,OK
2025-06-01 18:09:00,Z3,M2089,Drill,Night,60.963462505549906,3.5684710357830385,67.55143538968125,132.29477506116203,1897,1.38,OK
2025-06-01 18:10:00,Z3,M2090,Drill,Night,61.717931936798735,4.030750917811449,81.82714751087101,139.71470215787667,5751,0.58,OK
2025-06-01 18:11:00,Z2,M2091,Drill,Evening,87.0399142676315,2.429261346673834,61.603389441695555,,5968,2.97,OK
2025-06-01 18:12:00,Z2,M2092,CNC,Evening,84.37258566982263,2.3474224014271394,65.58310204890225,154.86429952290771,5150,2.88,OK
2025-06-01 18:13:00,Z2,M2093,Motor,Night,79.5441973360044,5.160482659202237,88.2209204877645,146.0721676270275,1697,3.54,OK
2025-06-01 18:14:00,Z1,M2094,Conveyor,Night,97.71657954926013,0.6368929712674261,73.36932308936636,167.79025559136468,2814,5.08,OK
2025-06-01 18:15:00,Z1,M2095,Motor,Evening,72.36147684993946,2.62932330949854,69.5522411246684,160.043285135416,3365,4.91,OK
2025-06-01 18:16:00,Z2,M2096,Conveyor,Evening,76.6253262526896,3.2134527691977084,83.82206966932523,111.57384789024886,2488,1.05,OK
2025-06-01 18:17:00,Z1,M2097,CNC,Night,72.0715578284065,3.9090327450213613,84.73897298845817,126.00002356761678,5507,5.64,Warning
2025-06-01 18:18:00,Z2,M2098,CNC,Morning,69.6135797069068,3.2546507736064783,71.53375353520622,145.6723178468997,5885,1.11,OK
2025-06-01 18:19:00,Z3,M2099,CNC,Evening,65.91594786274263,1.6170110423076614,77.2277076235371,148.9266201499231,1665,3.99,OK
2025-06-01 18:20:00,Z2,M2100,CNC,Night,54.04714432627019,4.751420922031281,76.09525940325715,128.2054807563544,4619,4.2,OK
2025-06-01 18:21:00,Z3,M2101,Conveyor,Night,41.29832628243203,3.0028611184153613,52.383188474159994,182.5993592628637,1570,4.24,Warning
2025-06-01 18:22:00,Z1,M2102,Drill,Night,58.0401904655683,0.4979959402629537,63.833119369890184,171.61719351930589,1733,1.96,Fail
2025-06-01 18:23:00,Z2,M2103,Conveyor,Night,68.48660549508095,3.3137649761600914,82.53803531345662,108.8814789375611,759,2.32,OK
2025-06-01 18:24:00,Z1,M2104,Motor,Morning,61.08392851460985,3.712915306832196,68.33916600765801,158.6356590089621,2157,3.52,OK
2025-06-01 18:25:00,Z3,M2105,CNC,Night,44.01996458821116,5.941115930097172,79.23870316852052,148.85508658193885,1351,1.6,OK
2025-06-01 18:26:00,Z3,M2106,CNC,Evening,57.511754250249325,3.613127023305438,77.10432361076427,181.09687601428152,3476,0.61,OK
2025-06-01 18:27:00,Z3,M2107,Motor,Morning,56.72995787125293,0.7769616419773167,84.72346216102305,110.7529018114092,1268,3.59,OK
2025-06-01 18:28:00,Z1,M2108,Conveyor,Night,59.064680370468295,0.8296480637874653,64.08966809273714,201.49637028100125,1785,3.06,OK
2025-06-01 18:29:00,Z1,M2109,Drill,Morning,67.36373023389989,4.888064187297401,78.15364672769002,128.92635846000118,3949,4.11,OK
2025-06-01 18:30:00,Z1,M2110,Drill,Evening,70.59387055365454,1.7957954799762912,74.47668433491644,159.4631704733006,5948,1.31,OK
2025-06-01 18:31:00,Z1,M2111,Motor,Night,52.499228235381715,0.6756284037822606,68.68180527460042,134.84107557735828,2607,5.13,OK
2025-06-01 18:32:00,Z3,M2112,Drill,Evening,74.71681782018771,4.500766301637649,68.62562871776609,140.59602703097443,398,1.3,Warning
2025-06-01 18:33:00,Z3,M2113,Conveyor,Night,76.97457179502469,2.286396281677994,76.8198470466053,107.76455026299396,2630,5.4,OK
2025-06-01 18:34:00,Z2,M2114,Conveyor,Night,64.80452899572818,4.420520946239412,80.03736136841434,179.92216909791404,2446,2.97,OK
2025-06-01 18:35:00,Z2,M2115,Motor,Night,69.97125407929602,1.6279207420058828,75.50877026035435,143.25881619396233,1669,3.52,OK
2025-06-01 18:36:00,Z1,M2116,Conveyor,Night,74.76347163692922,5.21071850049882,75.75771401485822,144.9585521825081,238,5.43,OK
2025-06-01 18:37:00,Z3,M2117,CNC,Night,43.53533025630793,4.308095560399914,71.01204476771181,207.81204763790197,3536,2.15,OK
2025-06-01 18:38:00,Z3,M2118,Motor,Morning,75.82097002472693,1.9159719500979795,71.5425134636022,173.98606772491468,5699,1.5,OK
2025-06-01 18:39:00,Z3,M2119,Conveyor,Night,48.1490869110307,0.5094142996580384,68.66023713313682,133.29096809569202,3861,2.95,Fail
2025-06-01 18:40:00,Z2,M2120,Motor,Night,49.60947545057432,6.457745788131212,70.85118678643977,134.7436024908881,3103,1.84,OK
2025-06-01 18:41:00,Z2,M2121,Drill,Morning,62.94433751722141,2.6846884470102808,79.75740473467998,156.49503026487162,1146,3.4,OK
2025-06-01 18:42:00,Z3,M2122,Conveyor,Morning,27.839398114879963,1.8559025293864242,80.65124499547079,169.26824783784434,1557,2.01,Warning
2025-06-01 18:43:00,Z3,M2123,CNC,Morning,62.634304623386406,5.079462403244248,64.7929950735509,193.81105124520354,3738,5.25,OK
2025-06-01 18:44:00,Z3,M2124,Conveyor,Morning,74.72671420433704,4.41863978011866,67.82850659774721,109.79751603027944,2157,3.84,OK
2025-06-01 18:45:00,Z2,M2125,Motor,Morning,35.31114230330975,4.77419481496887,69.31681581064647,168.17548268385204,5390,0.5,OK
2025-06-01 18:46:00,Z3,M2126,Motor,Morning,76.33513986819676,2.852237583723403,74.48770510586867,172.19173278587618,3451,4.93,OK
2025-06-01 18:47:00,Z3,M2127,Conveyor,Night,49.51818572208818,5.821582035485436,61.53477755170877,130.26232871661526,299,2.32,OK
2025-06-01 18:48:00,Z1,M2128,CNC,Night,63.102926707392015,1.0340727291729574,67.96874361809327,140.99350246181797,3698,2.26,OK
2025-06-01 18:49:00,Z1,M2129,CNC,Evening,51.696382394918075,2.171925717663718,63.915347895823416,109.24170888610576,4053,2.61,OK
2025-06-01 18:50:00,Z2,M2130,CNC,Night,68.59377726193568,3.5848181335723255,78.20385707368094,137.47765760871926,5861,3.97,OK
2025-06-01 18:51:00,Z3,M2131,Motor,Night,75.37421334245646,4.75216701635567,74.76260046134188,155.80235211806107,4859,2.93,OK
2025-06-01 18:52:00,Z3,M2132,Conveyor,Morning,69.70515546573746,3.9917385307872446,71.29961979646104,189.85293653805059,248,3.96,OK
2025-06-01 18:53:00,Z1,M2133,Drill,Morning,59.940282757594495,2.8757013962298132,66.49378175385583,192.1591364737163,2568,1.31,OK
2025-06-01 18:54:00,Z2,M2134,Motor,Night,52.86216995109862,2.287278199140781,71.42322838968644,124.26751245964036,4129,5.84,Warning
2025-06-01 18:55:00,Z1,M2135,CNC,Evening,58.96046955943331,4.760266287539032,70.48246307393663,186.4464794964202,4323,4.51,OK
2025-06-01 18:56:00,Z1,M2136,Conveyor,Morning,69.83957197439463,4.146594019915545,88.07733242015897,101.2663686197288,4680,1.88,OK
2025-06-01 18:57:00,Z1,M2137,CNC,Night,70.35399598759378,1.6882143109634036,82.97615769265416,,2860,4.48,Warning
2025-06-01 18:58:00,Z1,M2138,Drill,Night,68.26239873264183,1.6435959029054594,69.47433659256863,142.45474732308006,723,3.66,OK
2025-06-01 18:59:00,Z3,M2139,CNC,Evening,40.761336876644336,2.181767768340727,76.32156272761965,156.2947347688587,569,1.1,OK
2025-06-01 19:00:00,Z3,M2140,CNC,Evening,59.65466312346885,1.9893572015709378,82.55366917268796,152.66275851367217,219,1.48,OK
2025-06-01 19:01:00,Z1,M2141,Drill,Morning,50.49856553704272,4.544761368819701,69.4718865016297,159.1424631054515,1394,0.73,OK
2025-06-01 19:02:00,Z2,M2142,Conveyor,Evening,69.97393529858742,3.6535984833270265,63.663114072213844,145.4260643622446,2834,4.95,OK
2025-06-01 19:03:00,Z2,M2143,Motor,Night,48.52542369932105,3.836680860604647,60.62513183253901,173.98971720948748,2122,3.53,OK
2025-06-01 19:04:00,Z2,M2144,Conveyor,Night,66.78080637126337,3.287504455195164,85.17813535931685,167.29589093526795,5737,2.24,OK
2025-06-01 19:05:00,Z2,M2145,Drill,Evening,55.76718358778206,3.3581560730060316,73.47150094824066,142.76092821382218,4231,1.19,OK
2025-06-01 19:06:00,Z1,M2146,CNC,Evening,31.81355725101388,0.6272738769895332,77.3306018629976,171.05984225475868,4000,3.16,Warning
2025-06-01 19:07:00,Z3,M2147,Conveyor,Evening,73.96438928831996,4.191275486527153,70.40610099744752,201.710883513027,4349,3.39,OK
2025-06-01 19:08:00,Z2,M2148,Motor,Evening,59.620691672040635,2.1547777791128357,64.85680865208252,133.16853863025827,3089,4.36,Warning
2025-06-01 19:09:00,Z1,M2149,Drill,Morning,79.13965943648537,2.950267000425011,66.34959340128722,191.8834128983519,49,5.83,OK
2025-06-01 19:10:00,Z2,M2150,Conveyor,Evening,35.02036381983544,2.290240616796999,64.27172166165913,135.41311708500024,514,2.89,Warning
2025-06-01 19:11:00,Z2,M2151,Motor,Morning,55.62718033623756,3.2188073477275134,81.799955315751,185.25814889876244,2791,2.73,OK
2025-06-01 19:12:00,Z1,M2152,Drill,Night,56.75393368560203,3.8596408908659936,86.9404892666564,136.35159999116834,2778,2.53,OK
2025-06-01 19:13:00,Z3,M2153,Motor,Evening,64.05309436857468,1.4867174512150065,75.29795169980018,169.1415606289065,2618,5.05,OK
2025-06-01 19:14:00,Z3,M2154,Drill,Morning,40.12219043764501,3.3791238363660034,62.85760725439681,154.49082776494922,1837,1.36,OK
2025-06-01 19:15:00,Z1,M2155,CNC,Evening,68.16056785160669,2.326496131869215,78.97267352668487,105.36853830190276,4671,2.39,OK
2025-06-01 19:16:00,Z3,M2156,Conveyor,Night,88.6749360942155,4.982188163814005,85.11987731994034,197.8888093121413,1165,4.49,Warning
2025-06-01 19:17:00,Z1,M2157,Motor,Night,67.11806019698298,1.328061895530558,82.77333413986715,127.61370027479883,4998,0.59,Warning
2025-06-01 19:18:00,Z1,M2158,Drill,Night,61.39308602735268,1.496225595653919,74.76695161212005,118.26001721608021,2249,2.09,OK
2025-06-01 19:19:00,Z1,M2159,Motor,Evening,39.3381388946194,2.4606446729447846,73.12414210698493,134.01403048321228,414,4.03,OK
2025-06-01 19:20:00,Z3,M2160,Motor,Evening,48.38630829664462,1.611534427479242,74.70266943032216,213.28118083157793,2268,1.52,OK
2025-06-01 19:21:00,Z1,M2161,Conveyor,Morning,59.162326487658405,2.6634284805196318,84.80199203981373,118.65716031049655,1104,2.16,OK
2025-06-01 19:22:00,Z2,M2162,CNC,Night,52.05335293735756,2.2081717408264305,81.08292342257106,154.45608794209068,4858,3.17,OK
2025-06-01 19:23:00,Z3,M2163,Motor,Evening,75.39384639406477,3.132618566552719,71.91394400301358,121.92094184147119,4658,2.82,OK
2025-06-01 19:24:00,Z3,M2164,Drill,Night,68.00554801452957,4.512108041736232,71.71267779367683,126.20729404587632,3356,1.08,Fail
2025-06-01 19:25:00,Z3,M2165,Drill,Night,100.38567881470456,3.106919408526412,71.14643961007452,110.01443577176124,2416,5.66,OK
2025-06-01 19:26:00,Z3,M2166,CNC,Morning,45.28712345363563,3.243531841224716,66.48293893158159,157.87920509496053,5611,0.74,OK
2025-06-01 19:27:00,Z2,M2167,Drill,Morning,60.49671917087599,1.4140160957818502,85.8147058859631,145.96950371877958,1934,4.62,OK
2025-06-01 19:28:00,Z3,M2168,CNC,Morning,39.24761441198564,2.7989106692773054,68.69741001802849,121.71584391066776,5465,0.89,OK
2025-06-01 19:29:00,Z3,M2169,Drill,Morning,26.663388381145133,2.367368292585904,78.92220852533403,171.83008669896103,203,3.07,OK
2025-06-01 19:30:00,Z1,M2170,Conveyor,Night,70.84081469179729,4.022461445460728,69.70857889345734,174.46801788019366,5672,1.46,OK
2025-06-01 19:31:00,Z3,M2171,Motor,Morning,67.44923074451034,1.8531495251959538,71.1822089437331,160.1804652045193,68,1.28,Warning
2025-06-01 19:32:00,Z2,M2172,Conveyor,Morning,47.18114348031315,1.70901661123315,74.08895386621623,179.26674847935345,515,1.19,OK
2025-06-01 19:33:00,Z2,M2173,Motor,Morning,61.395444293901356,3.476143795721023,79.36193939867366,141.2747433508824,3563,2.99,OK
2025-06-01 19:34:00,Z2,M2174,Motor,Morning,50.56098601611683,5.970154581559409,72.92620894571617,158.0593674146119,4456,3.34,Warning
2025-06-01 19:35:00,Z2,M2175,Motor,Night,52.58688817735086,2.736077064038005,65.88635862706134,141.37125856779898,1464,1.23,OK
2025-06-01 19:36:00,Z3,M2176,Conveyor,Morning,55.195730808505886,3.252312609345748,75.1526506486328,112.31667205155796,5150,5.89,OK
2025-06-01 19:37:00,Z3,M2177,Motor,Night,46.55152233893583,4.422032772532178,68.86662560646695,155.48116002078393,1652,1.92,OK
2025-06-01 19:38:00,Z2,M2178,Conveyor,Evening,49.25025135270065,3.7648558479229086,87.35070645531624,153.96694765936147,706,3.02,OK
2025-06-01 19:39:00,Z2,M2179,CNC,Night,49.67346834083619,3.774719220573296,72.92044398021929,149.2451423014486,1625,1.69,OK
2025-06-01 19:40:00,Z3,M2180,Drill,Night,66.34318270129997,2.8572113221229927,69.65624529543092,159.34688475608598,4752,3.22,OK
2025-06-01 19:41:00,Z2,M2181,Drill,Morning,18.386697360227785,2.8863972258326087,90.79840639722674,185.29756084274652,3785,4.66,OK
2025-06-01 19:42:00,Z1,M2182,Motor,Evening,56.58556107772796,1.8672771934102068,80.91111761953978,144.88950046048313,1345,3.37,OK
2025-06-01 19:43:00,Z2,M2183,Conveyor,Evening,43.6847718519349,3.729559881452074,67.82580708956627,126.07078076896934,343,2.07,Warning
2025-06-01 19:44:00,Z2,M2184,Drill,Evening,44.22670970662079,3.695331644997964,68.67268752002717,143.80622476354986,3786,1.87,OK
2025-06-01 19:45:00,Z1,M2185,Conveyor,Evening,52.115199388744124,4.075746791540704,78.79346384872545,146.57899916592993,535,4.67,OK
2025-06-01 19:46:00,Z1,M2186,Conveyor,Night,59.784904350402634,2.2678432941699818,75.34781040827919,174.5897143487048,354,1.15,OK
2025-06-01 19:47:00,Z3,M2187,Motor,Evening,56.7838220743996,4.245201599067908,82.12140434176379,152.66657758312797,3542,2.53,OK
2025-06-01 19:48:00,Z3,M2188,Drill,Night,44.03909235302694,4.700002182221905,69.69858959206734,121.29526604951899,5023,1.33,OK
2025-06-01 19:49:00,Z1,M2189,Motor,Night,70.82544777668366,1.1790628225856095,80.60887299838781,170.13644658927228,982,1.92,Warning
2025-06-01 19:50:00,Z1,M2190,Motor,Night,46.46094019709264,2.554691130963891,57.09369327113565,166.12819596984605,1345,1.34,Warning
2025-06-01 19:51:00,Z3,M2191,Drill,Evening,48.97940616110823,4.762535372941258,73.76446504592982,152.67756129411538,5691,5.38,OK
2025-06-01 19:52:00,Z2,M2192,Drill,Morning,64.26737678841775,2.0256664502206716,70.06256683191414,173.7061615909455,3009,4.53,OK
2025-06-01 19:53:00,Z1,M2193,CNC,Morning,64.80552846439113,3.7931437907750105,71.35962703466065,177.8901752810848,526,3.59,OK
2025-06-01 19:54:00,Z3,M2194,CNC,Evening,50.82450508300532,3.012864003003647,74.17700283099137,140.56398774285552,930,1.73,OK
2025-06-01 19:55:00,Z2,M2195,Conveyor,Morning,15.957569548512652,3.496318982135263,84.10802911674956,127.49596916225494,2756,3.31,OK
2025-06-01 19:56:00,Z1,M2196,Drill,Morning,46.71763670118227,3.058584454038317,65.76768096543162,149.70308950746877,2282,3.36,Warning
2025-06-01 19:57:00,Z2,M2197,CNC,Night,62.42832279360385,4.119256476846408,57.49565596472,163.41529313589575,1946,3.75,OK
2025-06-01 19:58:00,Z3,M2198,Conveyor,Night,70.32912080535046,1.4677242962041828,66.6955714311071,147.366126532416,3927,0.83,OK
2025-06-01 19:59:00,Z1,M2199,Conveyor,Evening,58.8105501370733,1.63001513381657,83.17948745542527,125.28941043110757,5382,5.85,OK
2025-06-01 20:00:00,Z2,M2200,Conveyor,Evening,52.81520929386577,5.196770325400285,61.8400693160674,154.06679931301798,2541,3.06,Warning
2025-06-01 20:01:00,Z1,M2201,CNC,Morning,94.39816508548986,6.150544919977977,70.42441887532098,99.16248325023736,1916,5.6,OK
2025-06-01 20:02:00,Z2,M2202,Drill,Night,54.41270817741968,2.9918708420604565,81.71661899849465,141.88847319476164,3360,0.55,Warning
2025-06-01 20:03:00,Z3,M2203,Motor,Evening,69.18349030186658,5.572899063227565,74.53257165396516,171.2791474872541,1593,1.86,OK
2025-06-01 20:04:00,Z3,M2204,Conveyor,Evening,39.974218568596555,1.8423380294797158,84.02965376680257,172.6359591863694,2925,1.07,OK
2025-06-01 20:05:00,Z1,M2205,CNC,Evening,43.64748226186549,2.202621174771064,58.720836132403974,56.00552683307768,3625,4.73,OK
2025-06-01 20:06:00,Z2,M2206,CNC,Evening,69.70988417193337,5.186231267618057,72.42712729975187,145.18539738867017,5469,2.26,OK
2025-06-01 20:07:00,Z1,M2207,Motor,Evening,75.66841913678056,4.206159792935038,85.69741733084,164.98189488053146,1223,5.12,OK
2025-06-01 20:08:00,Z1,M2208,Motor,Evening,54.15424664709894,5.409640646898387,65.98494683094268,120.59794818919214,1959,5.08,OK
2025-06-01 20:09:00,Z2,M2209,CNC,Morning,32.27046462554219,3.7028336535885074,83.27847874710469,140.7011331273418,965,4.17,OK
2025-06-01 20:10:00,Z2,M2210,Drill,Night,57.486639908981616,,73.11447693551871,180.19291889773766,5059,4.16,OK
2025-06-01 20:11:00,Z2,M2211,Motor,Night,62.84108851169342,,78.47303540044739,137.89591458555643,4992,4.35,OK
2025-06-01 20:12:00,Z3,M2212,CNC,Evening,61.48227058393237,4.803003807702016,85.11725525618033,189.96604172263264,5454,4.21,OK
2025-06-01 20:13:00,Z1,M2213,Motor,Night,51.54915502558492,2.800897196030742,78.43868920838472,131.4703570887496,3678,2.63,OK
2025-06-01 20:14:00,Z1,M2214,Drill,Night,57.70673821108593,2.5703497222414216,70.27000352504507,185.24700429045077,4312,4.26,OK
2025-06-01 20:15:00,Z3,M2215,Conveyor,Night,48.75334733573841,3.7257801044461836,79.49650201700183,150.8390888717804,622,5.44,OK
2025-06-01 20:16:00,Z2,M2216,Motor,Evening,43.3224266439471,2.1607406016822077,69.70560123775196,128.0418178199934,4448,2.33,OK
2025-06-01 20:17:00,Z3,M2217,Drill,Evening,71.33502780970207,3.443250724670251,77.1869348222831,,4787,5.7,OK
2025-06-01 20:18:00,Z3,M2218,CNC,Night,61.46697470104066,3.095252197007185,64.98525632460182,119.83812616046123,4726,0.57,OK
2025-06-01 20:19:00,Z3,M2219,Motor,Night,57.73974662066505,2.2643783088773692,75.23275738729836,130.10069389851677,2372,2.42,OK
2025-06-01 20:20:00,Z1,M2220,Motor,Evening,52.39278385841758,4.4711058478011205,84.51434462631012,162.247985182237,2948,1.23,OK
2025-06-01 20:21:00,Z3,M2221,CNC,Morning,57.2973966519738,3.968981908426161,72.60984221947953,152.0204348625654,3299,1.2,OK
2025-06-01 20:22:00,Z1,M2222,Conveyor,Night,62.404746431804945,2.469494123570061,83.74952351079449,156.84909390632194,1168,4.98,OK
2025-06-01 20:23:00,Z1,M2223,CNC,Morning,85.9302236372146,2.9775581025898896,99.74743624536724,140.79204192109398,4749,5.55,OK
2025-06-01 20:24:00,Z1,M2224,Motor,Night,69.81805274740717,2.5930866002282444,74.7684214815103,120.01516221589586,391,4.78,OK
2025-06-01 20:25:00,Z2,M2225,CNC,Morning,50.00536317076371,2.042028541135571,79.91353724993589,133.69360592371763,3809,5.87,OK
2025-06-01 20:26:00,Z1,M2226,Drill,Morning,50.16354385941464,,78.81490067905645,183.00998203616678,2407,1.69,OK
2025-06-01 20:27:00,Z1,M2227,CNC,Morning,47.824783495131065,2.2742583834658916,76.80082927339262,116.5754775987856,4864,1.27,OK
2025-06-01 20:28:00,Z2,M2228,Motor,Evening,56.992192031205384,2.063958752526566,81.30316819327116,191.11168583374862,4892,3.36,OK
2025-06-01 20:29:00,Z1,M2229,CNC,Morning,47.81322824638673,3.1723360617530383,73.01523974501869,157.89647466396357,5027,5.06,OK
2025-06-01 20:30:00,Z3,M2230,Conveyor,Morning,67.12235617484438,3.6610482022923687,69.69964719780366,135.07987735367257,4260,0.72,OK
2025-06-01 20:31:00,Z3,M2231,CNC,Morning,20.347256163029208,1.7967229952956725,62.78941782855593,99.94867538806605,4828,5.98,OK
2025-06-01 20:32:00,Z1,M2232,Conveyor,Night,68.02752463912117,3.5602460425905083,72.25793205530537,103.23286039704766,580,3.81,Warning
2025-06-01 20:33:00,Z2,M2233,Drill,Morning,64.13066231708146,1.5656313256999876,82.21147332108293,141.1029025035025,820,5.88,OK
2025-06-01 20:34:00,Z3,M2234,Conveyor,Night,78.94113724721458,2.8120612265423173,67.48162311045495,138.0738983560607,1247,2.51,OK
2025-06-01 20:35:00,Z2,M2235,CNC,Morning,,2.0963713490087503,76.97342317226206,152.94371436157613,123,3.02,OK
2025-06-01 20:36:00,Z2,M2236,Motor,Morning,49.7445332211892,4.119260457118566,74.01512109175255,192.97860835846717,4439,4.64,OK
2025-06-01 20:37:00,Z3,M2237,Conveyor,Evening,71.4644712140776,3.175159649991897,70.03425501565921,163.43985040675602,1874,4.86,OK
2025-06-01 20:38:00,Z2,M2238,Drill,Night,57.47898784178549,2.834748111252331,60.17567736197387,146.7827804313857,523,1.78,OK
2025-06-01 20:39:00,Z3,M2239,Conveyor,Morning,30.985398638335948,2.0621253598276725,85.90283759296629,180.42110891850055,3123,5.61,OK
2025-06-01 20:40:00,Z2,M2240,Conveyor,Night,62.38247909593338,2.5067380374351913,79.13752424306703,153.76634816847763,4224,5.27,OK
2025-06-01 20:41:00,Z3,M2241,Conveyor,Night,50.636198691439574,5.743591218489077,96.32230262167408,189.99272484400447,5254,0.6,Warning
2025-06-01 20:42:00,Z1,M2242,Drill,Evening,60.003322745954996,2.248373818916181,83.63530411166033,133.19784266581595,3198,1.21,OK
2025-06-01 20:43:00,Z3,M2243,CNC,Evening,84.77174745412866,3.719110376394725,85.72435182918838,121.30523070356003,2785,3.23,OK
2025-06-01 20:44:00,Z3,M2244,Conveyor,Evening,63.37180354098238,2.8310305246684666,61.00517015181281,99.99169309362854,2118,3.04,OK
2025-06-01 20:45:00,Z3,M2245,Conveyor,Evening,44.73997723215005,3.676237971861057,60.86531708350753,147.3647185630398,1210,4.4,OK
2025-06-01 20:46:00,Z3,M2246,Motor,Evening,74.46622508424305,4.255463809039858,75.3384964884207,119.13396191607276,1026,0.99,OK
2025-06-01 20:47:00,Z2,M2247,Drill,Evening,65.43813855204658,2.469032260018385,65.8150766121495,118.77992168775793,5404,4.05,OK
2025-06-01 20:48:00,Z1,M2248,Conveyor,Evening,42.97257256452137,4.0646601396676845,69.54970522524779,175.85798541004556,4117,3.89,Warning
2025-06-01 20:49:00,Z3,M2249,Drill,Evening,35.906433487880165,7.134959215508759,95.21011344099975,106.94745938316424,4261,1.78,OK
2025-06-01 20:50:00,Z2,M2250,Conveyor,Morning,45.33993661171919,3.851309991287557,84.51900937345489,152.588961812433,5429,3.48,OK
2025-06-01 20:51:00,Z1,M2251,CNC,Night,72.54452701007583,5.420372196899694,67.51475566134563,147.9191822432336,5596,1.72,Warning
2025-06-01 20:52:00,Z1,M2252,CNC,Evening,55.47596799535431,3.721569000159921,56.071035891441,152.30327870829075,497,1.31,OK
2025-06-01 20:53:00,Z1,M2253,Conveyor,Evening,61.217137784331165,1.6020575667037407,66.8405012951676,184.60256171864938,4529,3.65,Fail
2025-06-01 20:54:00,Z1,M2254,CNC,Night,39.92205493835747,,70.54244445649022,129.35771740972788,2805,5.88,OK
2025-06-01 20:55:00,Z3,M2255,Conveyor,Morning,72.94828468526136,,72.4298906459194,184.62371217745874,4932,1.8,OK
2025-06-01 20:56:00,Z3,M2256,CNC,Night,29.77224503463394,2.1060889540236394,64.76762999138703,105.99487359632374,1693,2.45,OK
2025-06-01 20:57:00,Z2,M2257,Motor,Night,50.169337258984726,2.8911221843965715,84.03880473864636,166.2685259266616,4758,1.91,OK
2025-06-01 20:58:00,Z2,M2258,Motor,Evening,66.27695788670691,2.767874881906872,69.30831364913398,186.9093344717777,724,1.97,OK
2025-06-01 20:59:00,Z2,M2259,Motor,Night,43.160528324409825,1.4101126413107083,80.18862138082167,48.648747880994165,375,2.72,OK
2025-06-01 21:00:00,Z1,M2260,Drill,Night,69.21193919175664,7.0626923770796886,120.0,149.11517687174796,4398,4.36,Warning
2025-06-01 21:01:00,Z1,M2261,Drill,Evening,46.96209032172597,4.211806371708295,82.50781644068834,147.08173387709786,2452,0.71,OK
2025-06-01 21:02:00,Z3,M2262,Motor,Evening,41.6089411077554,3.366585368763172,73.09663737245563,151.79621273013606,3859,5.76,OK
2025-06-01 21:03:00,Z1,M2263,Drill,Evening,79.29723096966711,3.1348201668764593,67.60010849073623,192.78894802475247,1686,0.75,OK
2025-06-01 21:04:00,Z1,M2264,CNC,Evening,62.308952896485074,4.8035229294328445,70.21130236718427,130.90922834178562,4803,5.35,OK
2025-06-01 21:05:00,Z1,M2265,Conveyor,Night,67.7855411707444,6.11335554346424,70.32411908513757,120.38728674551278,5012,5.42,OK
2025-06-01 21:06:00,Z2,M2266,Conveyor,Night,75.27314376829045,4.027628058018862,91.51640441260987,151.97806706897936,256,3.38,OK
2025-06-01 21:07:00,Z2,M2267,Conveyor,Morning,20.71051575748605,3.181789057176481,75.6120421747143,178.10783603265017,4494,1.25,OK
2025-06-01 21:08:00,Z3,M2268,Motor,Morning,69.52173959955479,5.208966107966425,75.03706251763101,163.9658720776205,3600,3.61,OK
2025-06-01 21:09:00,Z1,M2269,Drill,Night,48.58462223258479,3.2135388644037914,82.0562123256684,150.85804992077635,50,3.96,OK
2025-06-01 21:10:00,Z1,M2270,CNC,Morning,50.560908138391284,3.652972214437652,74.99944116196697,144.26922492969578,594,5.22,Fail
2025-06-01 21:11:00,Z3,M2271,CNC,Night,66.5616161649838,4.5015163800477564,83.97341055451496,99.82674177546912,4913,3.53,OK
2025-06-01 21:12:00,Z1,M2272,Motor,Morning,54.55438839885821,2.42028129318861,72.02337791439109,164.64656321543026,4731,2.76,OK
2025-06-01 21:13:00,Z1,M2273,CNC,Evening,68.9178161318478,-0.11375159610884644,71.21088199669849,167.63351457396465,3873,5.11,OK
2025-06-01 21:14:00,Z2,M2274,CNC,Morning,59.38735548725877,2.347379662004972,67.15781203188138,132.69166079616832,3436,5.9,OK
2025-06-01 21:15:00,Z3,M2275,CNC,Evening,62.523135220260855,4.159501394069079,89.80037864040561,138.38200333017718,1072,4.05,OK
2025-06-01 21:16:00,Z3,M2276,CNC,Evening,52.64667611977066,4.053826346577268,74.44140140987517,123.7942744759879,5748,5.31,OK
2025-06-01 21:17:00,Z3,M2277,Drill,Evening,44.02600066262792,5.0140051641189025,65.60766032302804,171.70308681973248,5237,3.79,OK
2025-06-01 21:18:00,Z3,M2278,CNC,Evening,48.89523643878742,2.4047534491957316,76.57461777583374,140.85334298264056,1476,4.29,OK
2025-06-01 21:19:00,Z2,M2279,Conveyor,Morning,58.45763804280083,5.371387864420145,69.79956898349248,146.26738331694978,4870,4.28,OK
2025-06-01 21:20:00,Z2,M2280,Motor,Night,87.55857589161809,3.2776017456779414,71.88319014836856,165.73160290859823,3020,4.38,Fail
2025-06-01 21:21:00,Z1,M2281,Drill,Evening,82.07859598670314,3.9066197438455204,77.48602745382175,158.17435133573647,1664,2.27,OK
2025-06-01 21:22:00,Z1,M2282,CNC,Morning,50.20056033210908,4.355419137441459,87.1678819220328,164.08202836917567,4492,3.67,OK
2025-06-01 21:23:00,Z1,M2283,Drill,Evening,60.90386515998713,0.9275015596594542,75.81268286538433,154.37093265088743,2730,3.77,OK
2025-06-01 21:24:00,Z1,M2284,CNC,Morning,55.68415539080929,1.4926542110596128,69.3117058363588,154.9279583780675,1395,2.23,OK
2025-06-01 21:25:00,Z2,M2285,Conveyor,Morning,61.953999283035365,1.4428642243991312,70.96068126164617,154.69094635910633,3897,2.42,OK
2025-06-01 21:26:00,Z3,M2286,Motor,Morning,63.88369121314164,4.60832577727323,80.25157749528375,161.32289398372527,5216,4.69,OK
2025-06-01 21:27:00,Z2,M2287,CNC,Night,67.91272523633401,2.5418150823911576,59.33327267370447,162.53767729285033,4624,3.7,OK
2025-06-01 21:28:00,Z1,M2288,CNC,Morning,16.48291827273887,6.041372959987077,66.65854178963126,119.38230098134872,4780,1.32,OK
2025-06-01 21:29:00,Z2,M2289,CNC,Morning,65.4974799883041,3.0050639623383884,76.70116860957872,135.0701437178692,4045,5.11,OK
2025-06-01 21:30:00,Z3,M2290,CNC,Night,54.01618456175029,0.7929392278777483,61.34664338100201,144.9160434124501,2660,5.36,OK
2025-06-01 21:31:00,Z3,M2291,Motor,Night,49.425931286525945,1.9913737339422242,72.49985696692109,161.29545641238872,2233,3.06,OK
2025-06-01 21:32:00,Z2,M2292,Motor,Morning,71.91385017243105,3.1760645448289915,71.17387971473987,189.93558407065606,3322,1.65,OK
2025-06-01 21:33:00,Z2,M2293,Conveyor,Night,82.00236624607153,3.7727847962902183,82.01958817660534,129.66942420916746,4197,5.71,OK
2025-06-01 21:34:00,Z2,M2294,Motor,Evening,70.3350471606211,1.5227434078764395,72.9977413350464,171.9662918845047,4218,5.35,OK
2025-06-01 21:35:00,Z1,M2295,CNC,Evening,52.22172589183358,3.8527211577094063,84.49353106082438,135.77633719298927,2101,1.84,OK
2025-06-01 21:36:00,Z2,M2296,Conveyor,Night,43.85991524791634,4.253314135568935,75.63098418590448,184.26292089111635,1306,1.03,OK
2025-06-01 21:37:00,Z2,M2297,Conveyor,Night,14.906333578354797,2.0385786006670044,89.21160904647414,197.80859829492385,1637,2.92,OK
2025-06-01 21:38:00,Z2,M2298,Conveyor,Morning,62.73773994872034,5.953735818088721,63.90008828486583,106.29965765928343,1140,4.22,OK
2025-06-01 21:39:00,Z3,M2299,CNC,Night,68.68524161691654,2.201011464974165,87.93701473014382,141.8416608573158,615,1.46,OK
2025-06-01 21:40:00,Z3,M2300,Drill,Morning,58.47204734852954,1.5001828886766853,71.71098275016489,91.2438829495613,4652,3.32,OK
2025-06-01 21:41:00,Z1,M2301,CNC,Evening,74.00619313256988,0.706166227910189,86.79159760981128,107.75409938602238,4209,2.84,OK
2025-06-01 21:42:00,Z1,M2302,Motor,Night,40.19714646251261,4.830961048038244,84.48187759908132,109.31186899365738,1566,5.4,OK
2025-06-01 21:43:00,Z3,M2303,Motor,Morning,57.43141565317427,3.0343243160188544,52.1847372737386,165.60164937028216,976,2.86,OK
2025-06-01 21:44:00,Z3,M2304,CNC,Morning,56.245485606181646,2.2810710158034153,78.83334568255871,160.9245911081776,4796,3.44,OK
2025-06-01 21:45:00,Z3,M2305,CNC,Evening,58.34836973615901,0.7887923468522593,82.98095810246318,170.0311113665262,1316,5.75,OK
2025-06-01 21:46:00,Z2,M2306,Conveyor,Night,77.51897494430861,2.4161236146495546,85.62874189336894,165.197912959373,2339,2.15,OK
2025-06-01 21:47:00,Z2,M2307,CNC,Evening,58.42736663851856,6.572168081514167,65.58690251376461,162.12662053665616,4356,2.09,Fail
2025-06-01 21:48:00,Z3,M2308,Conveyor,Morning,55.57811323841206,-0.21673125564167606,79.72274317611384,152.79642628361705,2096,4.9,OK
2025-06-01 21:49:00,Z2,M2309,Motor,Morning,45.94959780284203,2.0525123984511753,76.56058942932583,146.72799236636544,5125,2.03,OK
2025-06-01 21:50:00,Z2,M2310,Conveyor,Night,79.92869207132189,5.689175955063316,78.4512717357306,175.48994330111938,378,5.08,Warning
2025-06-01 21:51:00,Z1,M2311,CNC,Morning,38.532056661320595,4.873459570604284,82.99149189274415,150.30694722560096,3465,1.03,Warning
2025-06-01 21:52:00,Z3,M2312,Motor,Night,51.70500850728881,2.144061497578078,84.25367882181148,163.12947453971495,2271,1.11,OK
2025-06-01 21:53:00,Z3,M2313,Drill,Evening,85.4090560064624,3.305392645402959,69.75405636188422,91.74286664919651,1046,5.46,OK
2025-06-01 21:54:00,Z2,M2314,Conveyor,Night,67.02364947107301,3.694406107041614,77.12335465477325,400.0,1007,3.47,OK
2025-06-01 21:55:00,Z3,M2315,Motor,Night,59.69735022448095,3.200757872710901,75.32908253769702,174.50560634113162,109,4.45,OK
2025-06-01 21:56:00,Z1,M2316,Conveyor,Morning,60.32538083289426,5.676675314413764,73.08517902184276,133.2891266641704,2771,1.74,OK
2025-06-01 21:57:00,Z1,M2317,Motor,Morning,45.804330189632736,3.50963130818693,73.84979831064767,115.11606205418983,3883,1.41,OK
2025-06-01 21:58:00,Z1,M2318,Motor,Night,58.97209132713713,4.7032744364445564,76.5678979364531,166.03230828703425,2600,5.09,OK
2025-06-01 21:59:00,Z3,M2319,Conveyor,Morning,54.752012415063106,3.2723981536434232,70.18414718026187,150.0333581319607,5518,2.47,Warning
2025-06-01 22:00:00,Z3,M2320,Drill,Morning,62.69442899182506,-0.048583219089698204,82.06429422824705,139.82652071716038,3243,3.0,OK
2025-06-01 22:01:00,Z3,M2321,Motor,Morning,37.40637921560537,1.2113808699652748,85.1544663063348,187.7277742185273,1005,0.65,OK
2025-06-01 22:02:00,Z3,M2322,Motor,Night,65.96778011653979,1.5226832260409626,68.43538755531283,183.43585269788545,4793,2.62,OK
2025-06-01 22:03:00,Z3,M2323,Motor,Morning,75.24944512329463,2.626071214085991,85.54663910351297,145.30407000962327,305,4.74,OK
2025-06-01 22:04:00,Z1,M2324,Drill,Night,56.9426531231914,6.117621358521586,68.45045260619088,168.0593826204824,5701,5.02,OK
2025-06-01 22:05:00,Z2,M2325,Drill,Morning,69.7064758995871,3.5436171943131773,82.18229529351828,94.03240469403602,5827,4.34,OK
2025-06-01 22:06:00,Z1,M2326,CNC,Evening,64.65519412266866,2.8413178469028524,85.53183048472454,177.33397582243197,958,4.31,OK
2025-06-01 22:07:00,Z3,M2327,Conveyor,Morning,50.88389789750916,4.857836994233471,74.24391443136129,122.83533728159901,953,3.28,OK
2025-06-01 22:08:00,Z1,M2328,Drill,Morning,44.122114703143275,0.8221744867473775,68.51601806412977,113.69645161457927,5270,3.46,OK
2025-06-01 22:09:00,Z3,M2329,Conveyor,Night,46.22417266919012,2.265457244777642,70.29053601830697,105.36837380396119,2668,4.58,Fail
2025-06-01 22:10:00,Z3,M2330,CNC,Night,64.39338853732073,2.044007019089939,77.89485492519086,103.43620275553398,3538,1.86,OK
2025-06-01 22:11:00,Z1,M2331,Conveyor,Morning,59.15782302022193,3.597062339202207,90.71723529927971,177.00813852251105,2677,1.77,OK
2025-06-01 22:12:00,Z3,M2332,Drill,Evening,79.12639532822547,4.343754438530951,61.45813727170632,165.77861773212138,1630,0.0,OK
2025-06-01 22:13:00,Z2,M2333,Conveyor,Morning,71.86305168305842,3.7072283280408445,75.80193571849583,130.8535089347635,1791,0.65,OK
2025-06-01 22:14:00,Z3,M2334,Drill,Morning,71.83177474690952,3.730974724828368,74.2954228072239,171.37247591845522,2603,1.27,OK
2025-06-01 22:15:00,Z2,M2335,Conveyor,Evening,63.94621202568334,2.458336321173081,71.34782590585512,135.12546426977073,1971,3.64,OK
2025-06-01 22:16:00,Z2,M2336,Drill,Night,45.56701576017503,3.4811397871742096,74.35374446617108,158.09123603721557,66,4.56,Warning
2025-06-01 22:17:00,Z3,M2337,Drill,Morning,64.88008943962487,1.740243193829415,70.66242542520737,137.9422743275527,5275,3.46,Warning
2025-06-01 22:18:00,Z1,M2338,Conveyor,Night,60.95779747542334,4.011208402511699,84.94524329489926,147.00092177831766,834,2.45,OK
2025-06-01 22:19:00,Z2,M2339,CNC,Night,42.924279171663784,2.2490954930050187,85.7399504533338,127.29507730580889,205,5.88,OK
2025-06-01 22:20:00,Z1,M2340,Motor,Evening,78.14923887838067,1.317735659549439,75.70508216917618,131.00455927997345,2833,4.37,OK
2025-06-01 22:21:00,Z2,M2341,CNC,Evening,76.53434062393728,3.056729153748128,73.87083989210967,163.60240452381564,4250,5.07,OK
2025-06-01 22:22:00,Z3,M2342,Conveyor,Night,42.837762833744094,0.1303257534829676,71.05570661898348,167.61947416903124,1714,0.72,OK
2025-06-01 22:23:00,Z3,M2343,CNC,Morning,50.433076423252075,5.211555107994011,75.72225070202141,139.64689713048472,1532,1.8,OK
2025-06-01 22:24:00,Z2,M2344,Drill,Night,51.75074670839285,4.195648495367548,89.782648230941,111.86149389328644,5691,2.56,Warning
2025-06-01 22:25:00,Z3,M2345,Motor,Morning,69.14777315699422,3.505454775371704,74.17012611038913,211.78117612278078,3145,1.5,OK
2025-06-01 22:26:00,Z2,M2346,Conveyor,Morning,67.42087770680995,0.5644728819078746,68.28454081578992,150.91741645578097,3120,0.9,Warning
2025-06-01 22:27:00,Z3,M2347,Conveyor,Evening,60.666108191795345,1.949714725389878,71.81790486922519,157.80352073518506,5586,1.74,OK
2025-06-01 22:28:00,Z1,M2348,Conveyor,Morning,64.10785920598688,3.060837652307778,81.02775969415104,118.46675503968545,707,3.43,OK
2025-06-01 22:29:00,Z3,M2349,Motor,Morning,40.685517053317,2.605342843462189,69.25810636761916,180.3808387246108,178,4.33,OK
2025-06-01 22:30:00,Z1,M2350,Drill,Night,65.72041922037678,0.4671525518287911,74.73035124269981,184.19738157896512,5167,4.76,OK
2025-06-01 22:31:00,Z3,M2351,Conveyor,Evening,58.48671936680894,1.0253564916957882,78.78306508130191,107.29912855899215,5191,0.74,OK
2025-06-01 22:32:00,Z1,M2352,CNC,Morning,49.81435226162115,2.5753584046296325,69.86509715157578,147.44035930936457,112,2.85,Warning
2025-06-01 22:33:00,Z3,M2353,Conveyor,Morning,37.01240589104522,1.0750659021242512,60.88475423387959,145.48907573450907,756,1.17,OK
2025-06-01 22:34:00,Z1,M2354,Conveyor,Evening,60.40441734279528,5.057080985824893,66.42891628917518,209.71117041367103,896,2.87,Warning
2025-06-01 22:35:00,Z2,M2355,Conveyor,Night,65.35439844326714,3.7418075391087484,68.12986792901621,186.09034517819737,2868,2.89,Warning
2025-06-01 22:36:00,Z2,M2356,Conveyor,Evening,34.46277297440119,1.7948038361414533,73.16938155314686,113.73053965077072,158,3.24,OK
2025-06-01 22:37:00,Z1,M2357,Drill,Evening,60.27729105984645,4.75373224202357,75.35439729116221,131.79869551126814,785,5.41,Warning
2025-06-01 22:38:00,Z3,M2358,CNC,Morning,61.83359627772743,4.451559883010534,81.58961037901689,127.67514962048509,1803,4.93,Fail
2025-06-01 22:39:00,Z1,M2359,Drill,Morning,51.68655685278509,3.433437534580379,65.18195193068235,159.29190942127312,1839,4.0,OK
2025-06-01 22:40:00,Z3,M2360,CNC,Night,65.69757303592762,2.940620649804069,80.4262949656574,189.30522201911006,3168,5.37,OK
2025-06-01 22:41:00,Z2,M2361,Conveyor,Morning,58.01006375584021,2.5522892876552405,72.03261191080159,152.729350813758,2298,4.23,Fail
2025-06-01 22:42:00,Z3,M2362,Motor,Morning,64.24756508004546,2.190091938327515,60.71562160894522,162.5291559109457,4078,5.0,OK
2025-06-01 22:43:00,Z2,M2363,Drill,Evening,68.01370399312583,0.9948121211882195,75.10858927507364,133.39228239142142,1542,3.6,OK
2025-06-01 22:44:00,Z3,M2364,Motor,Morning,68.02210359225785,5.2924931326469995,85.53014041199975,162.39519245398677,4208,3.39,Warning
2025-06-01 22:45:00,Z3,M2365,Drill,Night,75.25230740169752,2.219230171843175,82.06491641326787,138.20205414963738,4354,4.48,OK
2025-06-01 22:46:00,Z3,M2366,Conveyor,Evening,65.0748778317687,3.0423009145684996,74.38983671182346,108.98101171673396,2154,0.61,OK
2025-06-01 22:47:00,Z1,M2367,Drill,Night,52.84438888834769,1.6346282155490717,84.00616492903,160.7717677283779,574,4.3,OK
2025-06-01 22:48:00,Z1,M2368,Conveyor,Evening,50.283149328702045,,76.53778144437844,149.75368945970968,3038,5.64,OK
2025-06-01 22:49:00,Z2,M2369,Drill,Morning,44.05036870697066,7.276166135804614,82.8495106225795,122.57006142038108,1381,4.43,OK
2025-06-01 22:50:00,Z2,M2370,Conveyor,Evening,62.26769464669359,1.9110031443821591,61.70718132024959,191.13463312759998,5902,0.7,Warning
2025-06-01 22:51:00,Z1,M2371,Conveyor,Evening,79.81967571978785,5.172893661812327,65.00261747791788,130.8386502634571,1222,2.58,OK
2025-06-01 22:52:00,Z2,M2372,CNC,Morning,54.623210910192746,2.9582917242691513,80.83228788458176,165.22753286097088,2474,4.95,OK
2025-06-01 22:53:00,Z1,M2373,Conveyor,Morning,66.7441237156494,4.019907695241969,87.31425995475858,140.93629523624588,1501,5.77,OK
2025-06-01 22:54:00,Z3,M2374,CNC,Night,48.71579993227259,4.866870383094378,78.33836584730004,188.58943047143953,858,2.54,OK
2025-06-01 22:55:00,Z2,M2375,Conveyor,Night,62.92207372740952,3.4084010766089965,71.02130501299358,144.06030215678587,3574,5.13,OK
2025-06-01 22:56:00,Z2,M2376,Motor,Morning,78.8902069211166,2.472439265429565,68.19587313141369,108.1342977847437,3729,5.25,Warning
2025-06-01 22:57:00,Z1,M2377,Conveyor,Morning,70.29371959997914,2.720863532576341,72.47747869124153,170.25005285547735,2965,1.18,Warning
2025-06-01 22:58:00,Z2,M2378,Motor,Morning,36.437819502912646,2.771357277530493,84.70909593373412,188.48859969224335,3191,5.15,OK
2025-06-01 22:59:00,Z2,M2379,Motor,Evening,68.56042224053317,5.79655583537312,72.25978369370084,139.30971506010016,1596,2.28,OK
2025-06-01 23:00:00,Z3,M2380,Conveyor,Evening,69.24338668190327,0.7738113342594142,83.38208993109936,166.97212024131122,1561,3.76,Warning
2025-06-01 23:01:00,Z2,M2381,Motor,Evening,62.602304598406334,0.34390956331081046,80.22058500363636,153.23579012621948,2522,3.46,Warning
2025-06-01 23:02:00,Z3,M2382,CNC,Morning,70.01283169053512,0.4439206242033489,88.71140640341595,140.4321011143622,2599,4.15,OK
2025-06-01 23:03:00,Z1,M2383,Drill,Night,47.497469404236924,1.6591028496413656,76.60209497229206,171.01900944055092,2391,4.57,OK
2025-06-01 23:04:00,Z2,M2384,Conveyor,Morning,,4.050124615797543,74.60322911054367,129.99910026619187,2675,2.92,OK
2025-06-01 23:05:00,Z3,M2385,Motor,Evening,76.65260911407152,,83.78137684544214,150.81238011967793,2183,5.39,Warning
2025-06-01 23:06:00,Z1,M2386,Conveyor,Evening,75.29924225199551,2.0887460378899387,67.51789763761585,156.43391816511132,276,4.95,OK
2025-06-01 23:07:00,Z2,M2387,CNC,Morning,68.22067461008956,2.9572627085102408,71.4478641831125,155.52723425896758,3882,4.82,OK
2025-06-01 23:08:00,Z1,M2388,Conveyor,Morning,46.75507164748676,1.3255520473682478,61.55996203576122,130.61483104115325,3604,3.02,OK
2025-06-01 23:09:00,Z2,M2389,Conveyor,Evening,44.39304344071083,1.464671568890448,64.96540352761603,201.4901304992171,2078,0.71,Warning
2025-06-01 23:10:00,Z1,M2390,Motor,Evening,61.718155116650316,3.8698002585173175,90.38697503783848,181.55613332055282,4342,3.21,OK
2025-06-01 23:11:00,Z1,M2391,CNC,Evening,62.71161358088761,4.571526091662596,80.53851658912559,174.7603139687397,4506,5.44,OK
2025-06-01 23:12:00,Z3,M2392,Drill,Morning,58.49442341584115,2.284771763354786,64.03438733621653,185.83032437444655,4077,1.55,OK
2025-06-01 23:13:00,Z1,M2393,Drill,Evening,47.92822532705021,5.452522681246204,84.55863195701644,151.7190386934346,4168,5.9,OK
2025-06-01 23:14:00,Z2,M2394,Motor,Evening,66.55441613085591,4.448408023179164,69.37041963043725,140.71774246424076,1120,4.94,OK
2025-06-01 23:15:00,Z2,M2395,Conveyor,Night,61.65248023041812,5.387588778383327,80.12760486666717,122.77410561164007,4768,4.4,Warning
2025-06-01 23:16:00,Z3,M2396,Motor,Morning,64.3473647482571,2.5485928963576225,80.00810883516537,132.41421030118377,5465,4.22,Warning
2025-06-01 23:17:00,Z2,M2397,Motor,Night,68.90150639436165,5.281029368448968,88.31992560066159,124.64941549240014,2523,3.73,Warning
2025-06-01 23:18:00,Z2,M2398,Motor,Night,55.89525318482981,6.269313959963664,70.69816199599636,136.79736296443733,5419,4.46,Warning
2025-06-01 23:19:00,Z2,M2399,Conveyor,Evening,52.66862433930845,2.3812236999659713,69.07816490255972,156.91189065332946,3370,2.82,OK
2025-06-01 23:20:00,Z1,M2400,CNC,Morning,76.61347984962934,2.768746442447871,53.48765988193233,300.0,4382,5.15,Warning
2025-06-01 23:21:00,Z1,M2401,Motor,Evening,48.639622702047475,1.5784222463904014,74.02581498645462,172.15883769472134,1908,4.33,OK
2025-06-01 23:22:00,Z2,M2402,Conveyor,Morning,52.96238700806988,1.2836773557587584,80.80263865587386,120.71230886927685,3520,4.74,OK
2025-06-01 23:23:00,Z3,M2403,CNC,Night,78.5137172314121,1.3011729881005576,81.89579068215579,167.2282329700751,4307,4.86,Fail
2025-06-01 23:24:00,Z1,M2404,Motor,Morning,,1.7828008023190614,85.01919503703007,178.59643593534275,4496,1.01,OK
2025-06-01 23:25:00,Z3,M2405,Drill,Evening,58.5207353453916,3.4121069684783567,77.31844593598714,143.6441217861165,4750,0.81,OK
2025-06-01 23:26:00,Z2,M2406,CNC,Evening,53.82045196330458,1.846200690867973,79.03824894591334,179.94375068938848,3105,4.91,OK
2025-06-01 23:27:00,Z2,M2407,Motor,Evening,33.25167778074304,3.3662438318803023,75.54496352570891,171.8950065025052,497,1.93,OK
2025-06-01 23:28:00,Z1,M2408,CNC,Morning,58.15038521992805,3.3972677267924283,80.65963868442321,118.3852264371758,3587,3.7,OK
2025-06-01 23:29:00,Z2,M2409,CNC,Night,44.84067354632178,2.294813409188432,67.52606114320008,204.79340466019676,5447,2.94,Warning
2025-06-01 23:30:00,Z1,M2410,CNC,Night,63.818706489653415,2.9060443431460423,63.73228135267799,132.10881089625107,4193,0.62,Fail
2025-06-01 23:31:00,Z2,M2411,CNC,Morning,76.58457765061668,2.208131410970531,68.37009592446974,,2413,0.72,OK
2025-06-01 23:32:00,Z2,M2412,CNC,Evening,26.787394002395175,2.5338903400853217,76.70898974069326,173.0305500099646,3800,5.05,OK
2025-06-01 23:33:00,Z1,M2413,CNC,Night,53.8962452399958,1.7867055383036778,64.59660267355802,119.39970245975063,462,3.84,OK
2025-06-01 23:34:00,Z1,M2414,Motor,Evening,66.78484849447472,3.1261570346742245,69.93404672316649,154.47448711265105,2760,3.38,Warning
2025-06-01 23:35:00,Z1,M2415,Drill,Morning,27.249766223553337,2.09918120181025,70.18964573571867,172.72290776348024,3457,5.69,OK
2025-06-01 23:36:00,Z2,M2416,Conveyor,Evening,80.04398040633347,1.2509011860933068,81.25456968772365,10.0,272,1.45,OK
2025-06-01 23:37:00,Z2,M2417,CNC,Night,65.69838055205226,3.890143333272806,80.28076368424303,152.4904039961578,1150,1.92,OK
2025-06-01 23:38:00,Z3,M2418,Conveyor,Night,76.24819232897852,3.9409368019281947,75.56388873807134,174.81682635922414,5207,4.66,OK
2025-06-01 23:39:00,Z1,M2419,Motor,Evening,51.54078205332856,,78.60851905310045,,3389,4.76,OK
2025-06-01 23:40:00,Z2,M2420,CNC,Morning,53.350188445857135,1.463403938093732,78.76632355173577,140.07317439288406,18,2.73,Warning
2025-06-01 23:41:00,Z2,M2421,Drill,Evening,57.585954678013955,2.27860903993352,72.09104354293623,188.6092303977205,1616,5.73,OK
2025-06-01 23:42:00,Z1,M2422,Conveyor,Morning,92.0731357132731,3.3457431076345845,70.66000554889817,182.6380514587833,3178,5.66,OK
2025-06-01 23:43:00,Z3,M2423,CNC,Evening,79.771580407456,2.2469401847816095,87.29349132497897,156.03069909856,5577,0.57,OK
2025-06-01 23:44:00,Z1,M2424,Motor,Night,-20.0,3.8563679757117324,55.086977561581406,133.52621391832227,4081,1.45,OK
2025-06-01 23:45:00,Z3,M2425,Drill,Morning,63.81602657476176,3.746899331225904,69.06957304850198,120.85370444919911,411,5.01,OK
2025-06-01 23:46:00,Z2,M2426,Conveyor,Morning,69.523557173774,3.7189430342865992,73.36973982872075,159.43864153622786,741,2.34,OK
2025-06-01 23:47:00,Z3,M2427,Conveyor,Morning,95.87332231487188,5.189500849956396,79.47961141855478,186.61281427642075,2671,1.03,OK
2025-06-01 23:48:00,Z2,M2428,CNC,Night,65.74079689585577,3.966115611687674,84.08405220882554,146.32118335557024,2779,4.82,OK
2025-06-01 23:49:00,Z1,M2429,Drill,Evening,60.68939094178155,3.2308366672221394,89.85385283350517,128.52295390646947,2624,3.0,Warning
2025-06-01 23:50:00,Z1,M2430,Drill,Night,54.92102405077518,2.709696770105195,74.26631453703895,170.62309712939987,5499,3.21,OK
2025-06-01 23:51:00,Z1,M2431,Drill,Morning,63.523728712791616,2.814203837734776,74.80211500248133,154.36281240459815,514,1.53,Fail
2025-06-01 23:52:00,Z3,M2432,Drill,Evening,51.19467272473186,1.4036847692398897,77.90088048492144,,206,4.13,OK
2025-06-01 23:53:00,Z2,M2433,Motor,Night,67.44138507115309,0.35143471957496786,70.75103249336863,136.86803322575275,947,3.53,OK
2025-06-01 23:54:00,Z1,M2434,Drill,Morning,38.51105055312688,3.6956341915965956,65.526101823553,140.75371971406835,2441,1.64,OK
2025-06-01 23:55:00,Z1,M2435,Conveyor,Morning,56.09249115890501,4.8354494063445985,74.22999626988785,136.75010840817174,1828,2.37,OK
2025-06-01 23:56:00,Z2,M2436,Conveyor,Night,71.01949282091005,2.504827615045895,80.96297833601439,162.47922807044588,3598,3.78,OK
2025-06-01 23:57:00,Z1,M2437,Motor,Night,65.53685481506031,5.380641238548896,73.05661243058816,141.5151079892222,2167,5.59,OK
2025-06-01 23:58:00,Z2,M2438,Conveyor,Night,53.06063069922523,2.7352313503777945,78.30748310974475,164.81060907427894,5768,5.56,OK
2025-06-01 23:59:00,Z2,M2439,Conveyor,Morning,56.51963234375042,0.06934202833048664,60.04946149702771,134.46570947645074,5926,2.08,OK
2025-06-02 00:00:00,Z2,M2440,Drill,Night,75.53002030038317,4.377373880594404,75.14723698735567,162.43753921586807,5656,4.55,OK
2025-06-02 00:01:00,Z2,M2441,Conveyor,Morning,41.843974559648686,2.281067644142782,71.7724272742854,167.59452925790237,5943,4.77,OK
2025-06-02 00:02:00,Z2,M2442,Motor,Night,41.931095281330045,4.513168016280021,64.79900995607052,158.2885737402203,1656,4.95,OK
2025-06-02 00:03:00,Z3,M2443,Drill,Morning,46.05549071733754,1.08370877410254,80.25770002867878,172.92608616898764,601,3.64,OK
2025-06-02 00:04:00,Z1,M2444,CNC,Morning,59.839832036000345,3.6180662432214747,89.76516455419453,137.96358769677025,5439,0.56,OK
2025-06-02 00:05:00,Z3,M2445,Drill,Evening,39.64892899115712,1.7993083746835312,82.91967140544708,167.31605332295865,711,4.69,OK
2025-06-02 00:06:00,Z1,M2446,Motor,Night,74.29502389148972,3.3021072998435335,83.42999204382751,155.8336328210245,5077,1.09,OK
2025-06-02 00:07:00,Z3,M2447,Drill,Night,46.135613117162016,4.149910041863034,80.69981627693443,129.75665383107642,1203,1.14,OK
2025-06-02 00:08:00,Z2,M2448,Drill,Morning,63.36533336614694,3.8016015019408282,80.17161159716976,102.32419946597291,1391,3.83,Warning
2025-06-02 00:09:00,Z1,M2449,Motor,Morning,51.31390348620896,3.104051749545139,60.60454451539587,107.67099678816732,2696,5.91,Fail
2025-06-02 00:10:00,Z1,M2450,Drill,Morning,59.01754378740411,0.9323113406816654,73.97639239942409,94.79096242728501,3272,1.83,OK
2025-06-02 00:11:00,Z3,M2451,Motor,Evening,150.0,4.095516270827648,79.06935813316694,160.65323193921012,4925,4.05,OK
2025-06-02 00:12:00,Z3,M2452,Motor,Evening,75.01974367814934,4.5471456569934,79.25123824960694,141.88077445645447,3131,2.17,OK
2025-06-02 00:13:00,Z1,M2453,CNC,Morning,45.57753002442899,1.4355044637651861,85.17364951415763,152.18030847626312,3730,5.44,OK
2025-06-02 00:14:00,Z3,M2454,Conveyor,Night,44.00674918434446,1.6559561785410004,66.74081880293457,145.48996041344955,2666,3.76,Warning
2025-06-02 00:15:00,Z3,M2455,Conveyor,Night,95.68513520103139,4.610336037049367,79.85817292326159,,549,1.64,OK
2025-06-02 00:16:00,Z3,M2456,Drill,Evening,68.31460966436411,2.6873376561461004,66.4796719680591,165.27281001119508,4741,1.94,OK
2025-06-02 00:17:00,Z2,M2457,Drill,Evening,74.43624612424613,1.6948299938916276,73.30640328128752,151.07252084339436,3982,2.88,OK
2025-06-02 00:18:00,Z2,M2458,CNC,Morning,66.88337094542848,3.4088316202789093,74.50429594211779,152.58551116485162,1244,1.17,OK
2025-06-02 00:19:00,Z3,M2459,CNC,Night,53.21279160020397,2.042213418068372,81.90056731239162,,3886,0.93,OK
2025-06-02 00:20:00,Z3,M2460,CNC,Morning,40.39725213817484,3.241563197108972,80.95962710720275,184.79457379584684,4012,4.24,OK
2025-06-02 00:21:00,Z2,M2461,Motor,Evening,55.51769418861512,2.380189993730478,75.96264470169311,99.88503627931391,2549,2.74,Fail
2025-06-02 00:22:00,Z2,M2462,CNC,Night,45.327609832116565,2.5087337698791834,57.783699830234326,133.2369776262863,3204,4.49,OK
2025-06-02 00:23:00,Z1,M2463,CNC,Night,46.228272413482216,4.665596075786178,78.55866986393643,171.6315323380864,845,1.11,OK
2025-06-02 00:24:00,Z1,M2464,Drill,Evening,36.25219006545455,-0.7027870201875102,72.8585881836897,177.69756245687745,4545,3.85,Warning
2025-06-02 00:25:00,Z2,M2465,CNC,Morning,61.71713939693244,3.8321261316528665,86.1344471329528,160.68000208795763,43,2.94,OK
2025-06-02 00:26:00,Z3,M2466,Motor,Morning,83.6011822128877,4.418176167399741,84.22794835472295,145.39682478738655,5677,0.82,Warning
2025-06-02 00:27:00,Z3,M2467,Motor,Night,68.37205084539673,2.067008788233517,67.49581674475473,196.53899269181989,658,3.5,Fail
2025-06-02 00:28:00,Z3,M2468,Drill,Evening,58.413144182224315,4.4066480315447265,79.65739391192469,154.44529374809437,4823,0.96,OK
2025-06-02 00:29:00,Z3,M2469,CNC,Night,59.39142190784772,1.5614640497387642,79.81528484928323,150.7696497544074,3930,5.05,OK
2025-06-02 00:30:00,Z1,M2470,CNC,Evening,14.283340314096051,2.0100246815045586,79.23346863693541,183.29463282607392,2867,3.98,OK
2025-06-02 00:31:00,Z2,M2471,Motor,Morning,53.642468671509356,1.8372494346134478,78.1966485979648,161.88877836809203,5143,3.56,Warning
2025-06-02 00:32:00,Z3,M2472,CNC,Evening,38.599861571694916,4.426938245403877,80.04123669174601,173.49575555472978,5776,1.23,OK
2025-06-02 00:33:00,Z1,M2473,CNC,Morning,62.01618791853414,0.3825784699982506,87.01188652459197,176.4243083349894,5293,2.08,OK
2025-06-02 00:34:00,Z3,M2474,CNC,Evening,56.10036016997648,5.460220839038362,70.58895733418771,140.6882094402476,3647,3.21,Warning
2025-06-02 00:35:00,Z2,M2475,Conveyor,Night,46.9604318818869,2.542592150829166,67.75352301394304,194.1932953090982,5238,3.98,Fail
2025-06-02 00:36:00,Z1,M2476,Drill,Morning,61.67845056732899,3.9223682312360335,81.26172108404403,88.44699722684842,2782,1.51,Warning
2025-06-02 00:37:00,Z2,M2477,Conveyor,Night,61.54918729510415,3.7930618820455964,59.933103242950736,100.50857730481853,1691,0.55,OK
2025-06-02 00:38:00,Z2,M2478,Drill,Night,82.77936059184641,3.2268476823097787,80.23219088450297,132.9946344431924,2225,2.4,Fail
2025-06-02 00:39:00,Z1,M2479,Motor,Morning,70.29626250670094,2.0989709077836602,78.81551174833638,139.4159860931311,3066,3.16,OK
2025-06-02 00:40:00,Z1,M2480,CNC,Morning,63.25459185055309,4.863558844391781,56.23597981110221,159.0656172858871,5951,1.51,Warning
2025-06-02 00:41:00,Z1,M2481,Drill,Night,45.78728289522911,2.2277231014183436,69.90930672311708,132.76388656226646,1947,3.21,OK
2025-06-02 00:42:00,Z1,M2482,Conveyor,Night,43.89841321338767,1.9031270134186433,87.60779620486387,149.7020402506794,1365,2.36,OK
2025-06-02 00:43:00,Z1,M2483,CNC,Night,68.98272011154911,4.316565425285299,63.34258775427248,144.8714331858052,3130,3.0,OK
2025-06-02 00:44:00,Z1,M2484,Motor,Night,56.99895941339355,3.218624429305305,76.70073291959542,200.11162659849356,4533,2.41,OK
2025-06-02 00:45:00,Z1,M2485,Drill,Morning,63.74048386689911,5.036732362674301,66.96075760004972,129.87560851874727,5547,3.96,OK
2025-06-02 00:46:00,Z3,M2486,Drill,Morning,74.6700078625734,2.9059993628167504,69.32842956750588,107.9238860859588,4521,0.74,OK
2025-06-02 00:47:00,Z2,M2487,Drill,Night,37.30291837287285,2.02368694095638,90.33055056341871,177.9750058135026,967,1.44,OK
2025-06-02 00:48:00,Z1,M2488,CNC,Evening,80.95553077543491,3.412115209535848,75.98755476628912,,1404,2.88,OK
2025-06-02 00:49:00,Z3,M2489,Conveyor,Evening,74.54072680423494,2.3285742658688946,79.13560550850339,147.70841772874385,485,2.46,Warning
2025-06-02 00:50:00,Z3,M2490,Conveyor,Morning,29.183396670185328,2.0671162330414417,74.10028338858788,133.84561374684068,1755,2.65,OK
2025-06-02 00:51:00,Z3,M2491,Drill,Night,95.29638673366466,4.24783229048381,62.878933487219015,168.42940245127983,3630,4.92,OK
2025-06-02 00:52:00,Z2,M2492,Motor,Night,64.82064478622185,5.747332600912541,65.52061434481871,115.64313611113175,2968,5.37,OK
2025-06-02 00:53:00,Z1,M2493,Motor,Morning,52.82192549365569,2.630307312122264,84.42744260513786,80.02020382760062,1579,1.87,OK
2025-06-02 00:54:00,Z3,M2494,Conveyor,Evening,67.78593335407389,1.537888220571104,76.22313718676588,182.39290721183235,2795,5.1,OK
2025-06-02 00:55:00,Z2,M2495,Motor,Evening,45.33788044591896,2.769815475150272,68.83769315234812,156.18677027057893,5992,3.02,OK
2025-06-02 00:56:00,Z2,M2496,Conveyor,Evening,68.19192529790327,3.7722018448438854,74.82358558994513,176.81611042893113,50,2.01,OK
2025-06-02 00:57:00,Z2,M2497,Drill,Morning,48.09755312497033,3.3862192927162056,80.29278370627159,181.5552993223227,5153,5.92,Warning
2025-06-02 00:58:00,Z3,M2498,Conveyor,Evening,90.30539303205902,4.791347541707568,78.6359107806665,127.0883446551918,1659,5.04,Warning
2025-06-02 00:59:00,Z1,M2499,Conveyor,Morning,60.901502908596015,3.99763475741355,68.84168639827324,151.5166249474183,5708,5.97,OK
