timestamp,line_id,weather,temperature_C,noise_level_db,voltage_kV,current_A,load_kW,humidity_percent
2025-06-01 00:00:00,TL-03,Sunny,39.92161199238292,37.46344284479761,226.6631250090921,156.68352834489795,35.51437817210523,48.18550930752483
2025-06-01 00:10:00,TL-04,Cloudy,33.93005577887246,28.644381994787157,224.62591292853952,146.89481902350502,32.99638282762741,
2025-06-01 00:20:00,TL-01,Cloudy,34.752681451737836,29.89316352825782,202.74193271209404,111.84384884245219,22.67543807627806,59.9558151400203
2025-06-01 00:30:00,TL-03,Cloudy,38.37409746083302,26.263941604260882,213.22435347664344,132.79229978440998,28.314552268207436,67.03172609918037
2025-06-01 00:40:00,TL-03,Stormy,29.386389892188507,17.878798698635293,231.94109403047372,141.72788933156713,32.87252170619358,33.61970942563983
2025-06-01 00:50:00,TL-04,Sunny,36.912048730920255,34.42022698180525,210.1883446886032,187.7537531468038,0.0,32.13624534645314
2025-06-01 01:00:00,TL-01,Stormy,35.83226104106528,33.684219485462165,215.35595737690613,161.13106249067516,34.70053422583744,43.779651944456184
2025-06-01 01:10:00,TL-01,Stormy,37.462256320040744,28.593362214408934,224.62060893251896,123.29036861800218,27.693557674490375,55.82737583173864
2025-06-01 01:20:00,TL-03,Sunny,36.44584321953909,30.33495358612436,227.83390509282594,159.72072578835275,36.38979668062083,54.968735905075974
2025-06-01 01:30:00,TL-02,Sunny,47.276500699554475,32.5796960885205,217.48461113955506,119.05392022123269,25.8923955439544,60.6977145498385
2025-06-01 01:40:00,TL-03,Sunny,31.81130007874342,22.187270715567287,214.02489805308358,171.65382107774147,36.73819155658587,38.003024716346914
2025-06-01 01:50:00,TL-03,Sunny,32.34501522499091,27.354736613268525,234.22369861698508,140.57750696364243,32.92658362337931,26.838561370311233
2025-06-01 02:00:00,TL-03,Sunny,31.88429736787618,33.971323398109135,237.3889966379758,148.12727622521658,35.16378547782045,58.58014195302145
2025-06-01 02:10:00,TL-03,Cloudy,32.22261440419873,55.0,229.78858050781795,176.5159329508438,40.56134566978756,41.71803727034765
2025-06-01 02:20:00,TL-04,Sunny,31.81306436346741,31.467789660833148,220.85318142565023,124.256728628315,27.44249383110704,29.81512135611362
2025-06-01 02:30:00,TL-01,Sunny,40.94508265553776,23.217090976882975,211.91734278359073,122.05763629774017,25.866129950663048,51.450637459593814
2025-06-01 02:40:00,TL-04,Rainy,42.102521239949276,32.33214991216763,211.69555593443434,138.3280134730799,29.28342571348957,57.931756882186775
2025-06-01 02:50:00,TL-04,Sunny,32.146268531252616,29.821792588512583,225.22514105265756,170.76757702038634,38.46115162163708,48.77942867878723
2025-06-01 03:00:00,TL-04,Rainy,30.838222134478855,21.924340920472453,224.18398220888685,119.61307849046315,26.815336260256174,45.42151613817511
2025-06-01 03:10:00,TL-03,Sunny,37.35707778193202,35.82369677228586,234.0159859294643,93.35688803778862,21.847004197469715,48.406377678540935
2025-06-01 03:20:00,TL-02,Sunny,32.23888477859514,26.327042116009753,226.50450092536138,140.97682283182002,31.931884897564483,46.29417237599217
2025-06-01 03:30:00,TL-01,Cloudy,38.164659088777555,25.948737814928094,204.96919698240183,161.03481599821842,33.007176921363666,36.51952888059833
2025-06-01 03:40:00,TL-02,Cloudy,36.0146151042565,31.002845986154714,230.5194761772292,174.00523499477657,40.11159562309157,42.853193230095684
2025-06-01 03:50:00,TL-04,Rainy,27.42127942501384,35.743186747143575,210.01939372685587,140.73677275829203,29.557451689770776,55.212799050138145
2025-06-01 04:00:00,TL-04,Rainy,42.737526006650306,24.920890905108017,216.1602872804765,141.77146785767997,30.645361220290944,53.216785413765
2025-06-01 04:10:00,TL-02,Rainy,43.97938836547761,30.30839924923986,222.50200206251694,173.07801468511494,38.510204780443786,51.6805980596682
2025-06-01 04:20:00,TL-02,Sunny,31.93605654757807,32.14408250165287,239.95667489783963,112.6051660060916,27.020361211140983,40.04851518146621
2025-06-01 04:30:00,TL-02,Sunny,33.06149220032008,33.46552803631572,251.0991855600536,142.2295844963398,35.713732829575754,48.184968378643326
2025-06-01 04:40:00,TL-04,Rainy,36.429326953624525,30.882207776386124,226.06723059136183,153.80847779850114,34.77105661738011,28.22934953557145
2025-06-01 04:50:00,TL-04,Rainy,36.67228394993513,28.164860804583387,218.16803381279612,158.98437442570068,34.685308375412504,51.784766638853895
2025-06-01 05:00:00,TL-01,Stormy,65.0,25.862048896756402,225.3450564848055,139.80386613618234,31.504110111252192,64.28857707813567
2025-06-01 05:10:00,TL-01,Cloudy,45.05102269383175,30.430719415231874,228.87655425873837,150.68882023411683,34.48913794049911,35.25867867957894
2025-06-01 05:20:00,TL-04,Sunny,34.11526386252975,24.639304940071966,216.79332374442808,100.2334529317402,21.72994341145265,44.14072326682245
2025-06-01 05:30:00,TL-02,Rainy,31.00851377730773,15.393247582526964,237.95211355912323,136.83503175332302,32.56018501463295,53.2910677871013
2025-06-01 05:40:00,TL-02,Sunny,28.103403859927365,32.18279902078834,222.30070759191403,159.07017425108936,35.36141229278623,62.528426344274834
2025-06-01 05:50:00,TL-01,Stormy,31.345349800290403,34.519674205430974,224.97743089091395,130.3541193149064,29.326734869515306,45.51775383699851
2025-06-01 06:00:00,TL-04,Rainy,34.83436513563102,18.18533782229081,226.6592425205446,151.17968443179194,34.266272757804934,43.077496707341034
2025-06-01 06:10:00,TL-01,Cloudy,43.97278931758894,24.95134647645031,224.21586610614455,158.93745001605396,35.63629801205159,30.31076857583917
2025-06-01 06:20:00,TL-01,Rainy,32.41194350481914,33.09577130502599,228.38940500469613,143.1490159828447,32.693718587329634,51.03438129308106
2025-06-01 06:30:00,TL-03,Rainy,36.11893975819449,40.2874773485585,213.82746813453076,153.40927541993142,32.803116951396845,70.42076040143743
2025-06-01 06:40:00,TL-03,Sunny,34.917885519636236,30.10396853837704,214.41698246053969,130.74534869430775,28.03402313778453,52.77358461964676
2025-06-01 06:50:00,TL-03,Stormy,40.94196636724042,26.35998529385433,180.0,145.86777440607906,30.486139874667312,49.77721020816287
2025-06-01 07:00:00,TL-02,Cloudy,47.63466212936811,29.0855177944758,224.39501230620226,162.20432339178444,36.39784114361868,53.22082310766986
2025-06-01 07:10:00,TL-04,Rainy,32.3456561353984,36.87438209574093,227.78936503512114,153.1394592193687,34.88354017740183,49.88907996051398
2025-06-01 07:20:00,TL-04,Sunny,32.552802787408886,26.770179104377323,224.57772866151885,138.26937460872128,31.05222209307531,41.8698562773987
2025-06-01 07:30:00,TL-04,Rainy,40.22080438534536,26.00403996674873,236.74492433347538,154.48432808581586,36.57338056338426,58.232799156777055
2025-06-01 07:40:00,TL-04,Sunny,38.409457448131555,27.58628238908984,219.94403981170953,164.29219581273236,36.135089256588785,52.25761523111754
2025-06-01 07:50:00,TL-03,Sunny,44.23353662868017,25.233356958706437,226.68741655592513,109.00117442845044,24.7091946327472,50.176132519336576
2025-06-01 08:00:00,TL-02,Stormy,37.91964092662982,30.613351579973976,209.08299123860687,173.18148129911796,36.209302137152434,40.2463397272175
2025-06-01 08:10:00,TL-02,Sunny,33.203539546064704,38.1233922923478,216.129002975256,143.27490522637856,30.96586241795149,63.03507931934759
2025-06-01 08:20:00,TL-03,Sunny,37.95327415346155,31.615396365580146,226.95537757565776,158.5097986648046,35.97465120541222,56.6470274533311
2025-06-01 08:30:00,TL-02,Stormy,40.54351790291454,28.738232489368563,228.49102110743144,173.94493847290457,39.7448566081433,44.47079162632698
2025-06-01 08:40:00,TL-03,Stormy,39.10241090598682,28.54094365542228,217.06033052335818,122.56652605539068,26.604330656682894,60.01824853681937
2025-06-01 08:50:00,TL-04,Cloudy,37.53637015553649,22.184045956516716,219.28400748141934,135.81117995144908,29.78121980053395,45.02429161614793
2025-06-01 09:00:00,TL-03,Cloudy,40.33337344794577,34.415548885735795,204.8212625331919,144.22902608248592,29.541171216147433,42.17996507488963
2025-06-01 09:10:00,TL-04,Cloudy,40.84647795222836,29.61081401493599,216.4297079919339,134.32492957751143,29.071905284497884,42.40296882519713
2025-06-01 09:20:00,TL-04,Sunny,41.91079495518763,29.09760043204687,228.90383163519786,184.69873151673616,42.27824734234159,32.28931446911909
2025-06-01 09:30:00,TL-01,Sunny,75.0,45.965537839224304,250.0,132.86455812346415,29.994446390116103,54.71542380418206
2025-06-01 09:40:00,TL-03,Cloudy,34.16440959841573,31.49376454182843,225.0066572138121,138.88906441026268,31.25096410650704,31.6885512166165
2025-06-01 09:50:00,TL-01,Rainy,35.733568432166614,26.24104474952408,220.4977368718096,154.08778063205955,33.976006908968984,37.71556168734237
2025-06-01 10:00:00,TL-03,Rainy,41.03254483254179,27.868212018972283,220.07063158628176,125.95700947847823,27.719438628647982,29.244119909214668
2025-06-01 10:10:00,TL-03,Rainy,30.91532164506382,35.74222854598378,213.39678860526553,142.08638576487473,30.320778426753183,49.13930307209107
2025-06-01 10:20:00,TL-01,Sunny,36.84336654436451,30.56635205268882,226.98828420202534,156.3490652250035,35.48940605201409,48.49679539728128
2025-06-01 10:30:00,TL-01,Cloudy,33.0333059383632,22.808610108413166,224.2097294438939,143.34279191234978,32.13884859240033,46.73303786813636
2025-06-01 10:40:00,TL-03,Sunny,35.143724114674086,34.596144672876015,224.920188479928,148.13226282200102,33.317936473882696,39.57422305329423
2025-06-01 10:50:00,TL-02,Cloudy,41.39225931303649,26.65927957230503,214.7396515733242,139.41335775103258,29.937575868123936,38.2776624656336
2025-06-01 11:00:00,TL-04,Cloudy,35.95549534009952,39.366488881087726,198.46657080128756,119.71059381638466,0.0,54.64369863546574
2025-06-01 11:10:00,TL-01,Rainy,35.23218274078074,35.40024032857324,230.97152711753697,156.43186422678477,36.13130657030368,44.494480682915125
2025-06-01 11:20:00,TL-04,Sunny,28.200719295100406,27.763390521706246,215.21162543991596,185.09866143294482,39.835383793736746,53.16358321536145
2025-06-01 11:30:00,TL-02,Sunny,38.731267830136105,36.40508180867556,211.3722423595688,150.36803261566877,31.78362823317068,41.14751313875777
2025-06-01 11:40:00,TL-02,Sunny,38.22742090570538,30.339277552637018,226.93478911913994,154.50528234495098,35.06262366674463,51.81062742771083
2025-06-01 11:50:00,TL-02,Rainy,45.8162736165273,34.263868375611096,216.0798736008087,163.8544551023372,35.405649947442406,63.032780373160634
2025-06-01 12:00:00,TL-01,Cloudy,33.461108825234994,32.42366408647237,230.59936384046622,124.61339006906601,0.0,55.861658003927836
2025-06-01 12:10:00,TL-02,Sunny,36.0957516383197,25.768216725045633,226.17005949576696,184.0502931625921,41.626665754796804,45.875861817835194
2025-06-01 12:20:00,TL-01,Sunny,36.246918418553776,26.78225083841269,226.8356932320048,154.04657592845604,34.94326184074799,52.571989703559275
2025-06-01 12:30:00,TL-02,Rainy,42.887266398817374,35.14980408790581,206.34044288799467,182.6371379817822,37.68542793895673,47.59334825469787
2025-06-01 12:40:00,TL-04,Sunny,34.52352233806524,28.326123339467294,232.119439853864,135.33934008952022,31.414891811771035,50.07880184694728
2025-06-01 12:50:00,TL-04,Rainy,36.3951076288517,27.981757683790015,222.61250531233856,186.3612384511565,41.486342184722076,46.743889478514966
2025-06-01 13:00:00,TL-03,Rainy,38.0394825485827,25.224387103253235,216.30722860753798,165.50310988069566,35.799519024222114,48.356647941146086
2025-06-01 13:10:00,TL-04,Sunny,35.93304561578179,32.11799532796731,221.4338846734225,161.06080171704716,35.664318992821585,52.12093353074175
2025-06-01 13:20:00,TL-03,Sunny,32.76783192724736,40.31262459621573,202.23764767101682,154.68048908706297,31.28221825357,40.06641300418049
2025-06-01 13:30:00,TL-04,Stormy,35.970449964491536,24.662335428728635,224.0865281148067,145.029427638511,32.49914091399152,
2025-06-01 13:40:00,TL-01,Sunny,40.36815874929886,30.12109728336379,209.70628491817928,174.01063316947744,36.49112341823122,36.11457446168789
2025-06-01 13:50:00,TL-04,Sunny,29.8674235029447,37.061102777077146,206.47329714156464,152.80719739696093,31.55060587351244,33.9972889549629
2025-06-01 14:00:00,TL-03,Rainy,35.66484837073438,29.601793043771423,204.77640813782108,110.65860592825695,22.66027185152705,37.82717307779521
2025-06-01 14:10:00,TL-03,Stormy,31.499395925304135,32.26185898124867,231.12688374989926,127.65627076585994,29.504796053246576,51.59462506804129
2025-06-01 14:20:00,TL-02,Stormy,40.97523314462421,24.688032359265602,213.7073660630721,146.28308495614505,31.261772785558364,41.07212484508116
2025-06-01 14:30:00,TL-01,Rainy,27.384065476081126,32.141535486038244,235.337277099165,156.1999796633111,36.75967789690858,55.13614464231096
2025-06-01 14:40:00,TL-04,Sunny,32.20539076364206,29.064278674977256,214.64198536947703,148.8682302220021,31.953372493290914,50.34713748752562
2025-06-01 14:50:00,TL-02,Sunny,36.8860593753226,34.928649978399314,202.92642042407053,174.37941579587326,35.38619064309718,30.314957865619462
2025-06-01 15:00:00,TL-04,Rainy,42.827620146171704,35.936930257823754,208.8347556005134,110.9779627192275,23.176055721512764,56.549755842216896
2025-06-01 15:10:00,TL-04,Cloudy,34.67124869463506,42.94781821009307,232.3581162000694,152.8717587301032,35.52099387871829,58.1079864559171
2025-06-01 15:20:00,TL-02,Cloudy,32.22400236653401,55.0,218.44101822063334,113.6404154922569,24.823728071144433,40.06137325165147
2025-06-01 15:30:00,TL-02,Stormy,44.40578534720295,31.628981582910832,214.51712703509398,165.19424590968336,35.4369950352741,54.20191542894992
2025-06-01 15:40:00,TL-02,Sunny,27.75993049791878,30.97192150788668,221.60018225852787,148.11082571115995,32.8213859720541,41.43501762590801
2025-06-01 15:50:00,TL-02,Cloudy,24.00597021689959,28.23416853594656,225.01782736167544,158.39219944048236,35.64106858913453,50.97670376748336
2025-06-01 16:00:00,TL-02,Sunny,37.200072250266665,31.692419217308455,231.17398815902462,132.7223407882047,30.681952837810464,37.35501593045034
2025-06-01 16:10:00,TL-04,Cloudy,32.489728878236946,28.522992949304854,234.48499229892926,175.589298633155,41.173055337769746,32.06893547465423
2025-06-01 16:20:00,TL-02,Sunny,29.893835914346433,30.84230488134807,216.40231354210914,170.83449328117703,36.96897957884061,46.17182810387031
2025-06-01 16:30:00,TL-01,Sunny,38.541782236496765,36.587987678039795,206.73952313917962,161.67088606023776,33.423761889582195,48.762710537251635
2025-06-01 16:40:00,TL-03,Sunny,36.219003568855996,24.967287173601793,215.86534838876725,147.4096550627312,31.820636545984474,46.02320306385396
2025-06-01 16:50:00,TL-02,Cloudy,32.17960684631636,35.699392805645225,222.60280506582887,161.59714570590265,35.97197792476539,38.1596944177744
2025-06-01 17:00:00,TL-02,Rainy,28.59847800664553,36.58557533669933,210.3624107378939,135.86214864025303,28.5802891159937,46.00100937868863
2025-06-01 17:10:00,TL-04,Cloudy,39.36228664140072,29.409657365044605,210.42849085104956,167.11111318041424,35.16493935099351,52.69294752580734
2025-06-01 17:20:00,TL-02,Stormy,38.251005889793305,19.390725504957025,223.43787881549886,182.9896178864784,40.88681206581341,49.55106969877463
2025-06-01 17:30:00,TL-02,Sunny,34.50412068110309,26.960890064527838,219.5134764842955,171.41221119958374,37.62729039228092,51.82501030599214
2025-06-01 17:40:00,TL-02,Sunny,44.23318498023833,36.484972732805545,220.32796995411587,135.40795060385182,29.834158872193868,43.29884799545767
2025-06-01 17:50:00,TL-04,Rainy,29.649576168369236,29.88565968850559,212.4150466529993,157.22834634546206,33.39766652414526,61.717179147161595
2025-06-01 18:00:00,TL-02,Sunny,27.372374145376305,25.003488838525445,217.69599285794231,124.13716912482704,27.024164283203525,38.238266634452195
2025-06-01 18:10:00,TL-03,Stormy,31.540459650593778,27.47612539385891,210.75766855731695,161.4478062235135,34.02636323336119,54.875602970867185
2025-06-01 18:20:00,TL-04,Sunny,34.77206991822251,34.20310013252276,228.90198411124786,159.01206825725077,36.398177921717874,61.81891092959962
2025-06-01 18:30:00,TL-03,Stormy,36.21669724661346,32.7336678410069,230.35249334723753,112.60367320935671,25.93853688383285,54.80908092748896
2025-06-01 18:40:00,TL-04,Sunny,33.79381971071835,28.80533950415153,201.53812137761906,126.76432312175272,25.547843539663525,47.9747577293517
2025-06-01 18:50:00,TL-02,Rainy,36.76027698257148,28.165877940926563,210.7048913980759,144.33722206512465,30.412558699932053,44.71702953337021
2025-06-01 19:00:00,TL-03,Cloudy,28.74230287904778,28.04120925478089,205.03470744909922,143.98280505718347,29.5214723126003,60.36087651046256
2025-06-01 19:10:00,TL-04,Stormy,42.2188230203663,25.387949077507486,213.49976065593103,125.8104612916239,26.860503373773977,35.77025074738327
2025-06-01 19:20:00,TL-01,Sunny,34.58924410803716,38.07687844734721,219.16562030209639,157.77957458704367,34.579858335370304,40.29875739620356
2025-06-01 19:30:00,TL-02,Cloudy,40.58647915794064,28.3883976539433,205.5035478030147,155.02947217881024,31.859106546774267,46.02442234508278
2025-06-01 19:40:00,TL-04,Stormy,36.71362673188852,36.085792604127484,210.78140186874685,146.1146173604296,30.798243880746888,62.37653757511998
2025-06-01 19:50:00,TL-01,Cloudy,37.28376609576892,37.60658025961226,209.96042627918501,134.88416999683275,28.320337830849063,53.79767636040896
2025-06-01 20:00:00,TL-04,Cloudy,37.84883640116102,34.9915544907398,222.07267329398945,170.97414252833127,37.96868489541409,40.31954241489755
2025-06-01 20:10:00,TL-01,Cloudy,37.23854280008658,27.841898436409757,220.6934433703625,183.10814226176592,40.410766424899315,46.896922946150966
2025-06-01 20:20:00,TL-02,Cloudy,38.21361379933772,32.018650451683044,212.78262446662745,140.32877032306925,29.859524037517257,43.85676855903706
2025-06-01 20:30:00,TL-03,Cloudy,41.64576265066216,29.879021968045418,221.768208721394,137.7566616569036,30.550048095090645,42.90211007766465
2025-06-01 20:40:00,TL-01,Cloudy,35.98260584850735,25.48149069634936,214.53319915412735,159.82415330823991,0.0,59.78889558556779
2025-06-01 20:50:00,TL-04,Stormy,38.54501878794256,31.621796408608017,217.28344889673946,142.83941240506027,31.036640165755205,36.282568707364945
2025-06-01 21:00:00,TL-02,Sunny,34.55132152856387,24.10480104420099,236.73452090298537,147.21205598673532,34.85017554516324,66.08780855734373
2025-06-01 21:10:00,TL-01,Sunny,42.200586077247365,35.93839694230782,233.40461051790348,164.79306303449343,38.46346069361825,58.28229690184623
2025-06-01 21:20:00,TL-04,Stormy,31.61803848970365,27.676913513508033,207.00418763072403,111.81287824985415,0.0,60.90861670603698
2025-06-01 21:30:00,TL-04,Rainy,44.004702164554075,31.005798279364196,228.29732417879174,176.3660464970534,40.263896491269655,45.37060487974742
2025-06-01 21:40:00,TL-04,Cloudy,34.79921024677828,31.41643935773071,228.1139655449159,151.45361048658683,34.54868368419039,48.500592809208904
2025-06-01 21:50:00,TL-01,Cloudy,27.84612448940976,28.705475131479613,208.5173671124738,141.7701371087564,29.561535725092302,35.66848185475288
2025-06-01 22:00:00,TL-01,Sunny,35.64052207455395,32.933469007376374,228.18777643754862,148.215316915571,33.820923600950735,44.753375929331966
2025-06-01 22:10:00,TL-01,Sunny,31.594741712625595,27.62548171688738,235.37931918412554,149.24858710041036,35.13003082088725,54.93654847643151
2025-06-01 22:20:00,TL-03,Cloudy,39.20321774494362,34.35648648728622,208.77455193755586,115.3759739311015,24.087567261824837,62.96063061781396
2025-06-01 22:30:00,TL-01,Sunny,31.736880103488044,23.270101598766257,210.82497178985736,179.8987645490647,37.92715196108676,38.92843183197549
2025-06-01 22:40:00,TL-01,Cloudy,32.7690828339261,30.63189789773206,230.17661466843504,150.82651264541238,34.716736082966925,46.34494063014734
2025-06-01 22:50:00,TL-01,Sunny,25.552296345272346,39.694644995291426,222.71495310825648,158.8600426089475,35.380506940427374,48.48700779767478
2025-06-01 23:00:00,TL-03,Stormy,32.73846840375462,24.998343376972127,225.51476275239523,169.03099541148086,38.11898482802131,36.04210797807515
2025-06-01 23:10:00,TL-01,Stormy,22.88060336685522,26.611275147375743,223.40589216400497,129.576750848794,28.948209627087813,55.913492417584
2025-06-01 23:20:00,TL-04,Cloudy,27.080485882571384,32.569539248294575,223.90695920928144,159.46943798070458,35.70631694507266,42.76009668257391
2025-06-01 23:30:00,TL-01,Cloudy,38.80207328072149,30.89790890969799,206.73527871688918,144.64717818202413,29.903674697072294,48.04609648822976
2025-06-01 23:40:00,TL-04,Sunny,38.92900079325416,31.753150496367795,230.47317706621448,166.93541550432988,38.47413557615151,45.48050628088122
2025-06-01 23:50:00,TL-04,Rainy,37.12728780892483,32.44593565073832,231.69589992427774,107.45545159297009,24.89698755860287,42.106614942803255
2025-06-02 00:00:00,TL-04,Cloudy,30.165119284353935,33.17360734280885,217.70609255931973,148.01811399517462,32.224445225889426,49.929550145194455
2025-06-02 00:10:00,TL-03,Sunny,34.7614432192901,35.54849920978111,219.56523050186138,137.94358688432078,30.287615450509435,47.84390421431978
2025-06-02 00:20:00,TL-03,Stormy,34.98198730454716,32.04909328464257,204.68892497444278,158.6452590126831,32.47292751959814,46.281421177213346
2025-06-02 00:30:00,TL-03,Rainy,29.208176554037287,28.793711726907286,225.14254756017834,159.40088374736405,35.88792105022537,42.71538378319657
2025-06-02 00:40:00,TL-01,Stormy,42.51699150883575,33.362868506013655,225.72057441714145,135.84748210355949,30.66357169353779,53.195246707829554
2025-06-02 00:50:00,TL-04,Rainy,39.386811452878355,39.49940967447608,219.3780898300069,135.75652271647914,29.78200663550513,66.53617268492285
2025-06-02 01:00:00,TL-03,Cloudy,33.89517913085168,29.33683126808713,231.24353359870503,147.78669262885342,34.174717022361754,51.39887232839127
2025-06-02 01:10:00,TL-03,Cloudy,35.134429194972654,25.127353476646793,216.6592276902006,132.06715545369585,28.613567903839403,59.96118214911129
2025-06-02 01:20:00,TL-01,Stormy,36.04191403973776,35.53540334643486,225.646059258936,166.83967390904255,37.646714945621376,36.097780748465375
2025-06-02 01:30:00,TL-03,Rainy,24.791325657878545,29.398094180232007,209.80335661307885,142.6158559910511,29.92128529316999,51.5776143929377
2025-06-02 01:40:00,TL-01,Sunny,33.764113087397014,19.13665226992982,219.76447849125762,91.86023561356717,20.187616773699638,39.02631681028933
2025-06-02 01:50:00,TL-02,Sunny,31.590078760011007,34.23710838575211,218.25645742097163,142.50355886756387,31.102321928315376,35.23075072468099
2025-06-02 02:00:00,TL-03,Sunny,29.991899950525422,27.323359070230385,222.2530792204094,129.22912358312055,28.72157064130337,42.60628592540964
2025-06-02 02:10:00,TL-02,Rainy,33.594498535570224,29.547333588479198,216.30473071166642,117.37448369078109,25.388656087155287,61.91899334413573
2025-06-02 02:20:00,TL-01,Stormy,43.988432634247616,50.0,218.68527404328333,125.25146723554855,27.390651436729257,59.500158286696454
2025-06-02 02:30:00,TL-04,Sunny,38.20421430633505,30.952498398895333,228.26047171441508,152.1881694366594,34.738543344965194,52.430047220544
2025-06-02 02:40:00,TL-03,Cloudy,32.144105051086015,33.547259085695195,215.63235762761784,176.57281656496463,38.074812728852216,34.672994401100695
2025-06-02 02:50:00,TL-01,Sunny,37.86291390678079,27.822568147150783,203.9342289926132,156.2636894772996,31.86751503309422,48.03719348612063
2025-06-02 03:00:00,TL-04,Stormy,41.99677718293001,32.565528990880416,237.4958390420542,137.8699322356852,32.74353523498522,53.01700008901736
2025-06-02 03:10:00,TL-04,Rainy,39.62316841456384,28.702266612080415,233.81454078690487,159.11808390341406,37.20412171876896,51.75536229578598
2025-06-02 03:20:00,TL-02,Rainy,35.29815184960087,33.694052404437514,207.07737304894383,140.81819379562018,29.160261648694103,31.56206416519254
2025-06-02 03:30:00,TL-01,Cloudy,31.76531611147213,33.07683742006527,226.89707805245195,136.1079926167371,30.882505824322354,41.09682151980128
2025-06-02 03:40:00,TL-04,Cloudy,38.49111656806795,25.322806489777022,214.97025229448656,126.91274663534031,27.282465163585353,49.35922235851283
2025-06-02 03:50:00,TL-03,Sunny,36.96742692710875,35.42991058087516,222.6348721533106,114.96342386496562,25.594867174483475,55.3629090951719
2025-06-02 04:00:00,TL-03,Sunny,39.47596610013866,27.32018277442976,222.94224129013494,142.2015258688111,31.70272689206985,28.038721789000537
2025-06-02 04:10:00,TL-02,Rainy,38.175859008409844,34.040288991405724,217.65592199683678,153.16106979840265,33.3364138609932,48.37876024520141
2025-06-02 04:20:00,TL-04,Rainy,40.247763576596675,31.836436567006704,212.16234334413605,148.0675265997022,31.414353416563014,51.43048769878952
2025-06-02 04:30:00,TL-01,Stormy,32.32382394219716,39.190918383975614,213.0945894768374,141.68066144105282,30.191382386587936,58.49611988516213
2025-06-02 04:40:00,TL-03,Stormy,41.58697032817163,28.88267008814074,210.83808084518756,131.08507878606437,27.637726438694024,56.928575842374364
2025-06-02 04:50:00,TL-04,Cloudy,35.987998023462,28.253416019409013,211.68177791769554,162.16492383369936,34.32735939300516,55.82571318808805
2025-06-02 05:00:00,TL-04,Rainy,45.37630436312632,29.902901970561338,219.32821709950645,123.6573616010683,27.121548651191283,42.00059493298066
2025-06-02 05:10:00,TL-02,Stormy,31.55406090955216,28.484101085828623,212.8424001088925,165.5205582768695,35.229792891012714,30.919978628766923
2025-06-02 05:20:00,TL-03,Rainy,43.67981901582625,33.99970950971025,226.8205206571262,129.95565962146551,29.476610377681077,46.06947242938599
2025-06-02 05:30:00,TL-03,Sunny,35.98955391731324,21.91844695781706,234.87246155335927,134.9512952529393,31.696342905872022,60.0163182520856
2025-06-02 05:40:00,TL-01,Cloudy,31.74290998192776,24.73158790426823,214.19946758629956,120.66429618768646,25.846228000077996,63.93454527524432
2025-06-02 05:50:00,TL-03,Sunny,32.580570829728394,24.660985392104035,222.39404500535377,139.97195706228726,31.128929718397757,57.10549102297785
2025-06-02 06:00:00,TL-01,Stormy,33.3982634590284,34.751537959867875,224.99685110302934,169.50624916955957,38.138372305436384,54.29340822801734
2025-06-02 06:10:00,TL-03,Cloudy,37.12082973200958,38.553066862909624,224.72002270919273,160.31256176887914,36.02544252127138,53.79639648385965
2025-06-02 06:20:00,TL-02,Sunny,37.6141774401775,29.477753907312643,220.75955267916086,169.5684422405607,37.43385345752831,44.43881253239219
2025-06-02 06:30:00,TL-03,Cloudy,32.131499980307105,29.155891384049948,227.42682418359723,160.44285091867872,36.48900804739745,48.6993970644638
2025-06-02 06:40:00,TL-01,Cloudy,34.87822703869509,30.350260815565907,224.82248952680658,127.92660342939261,28.76077745970456,66.6906952582633
2025-06-02 06:50:00,TL-01,Sunny,45.71135179305932,35.80939151304095,207.62337577672702,143.38421551344885,29.769914858000003,40.574419942081235
2025-06-02 07:00:00,TL-02,Sunny,43.637715850503554,25.36323432904713,228.69156064389273,134.39601741765074,30.73523496756634,66.14778790709852
2025-06-02 07:10:00,TL-03,Cloudy,37.18161834837016,31.191844913673926,228.8729083726674,176.6114980807808,40.42158721780206,46.77971845507942
2025-06-02 07:20:00,TL-03,Cloudy,35.190017390841,34.87598814891215,212.36713895821418,126.06422707147377,26.771899228147536,63.25432109095078
2025-06-02 07:30:00,TL-02,Rainy,35.600156633591304,32.50547084969923,220.37937835447602,167.87395378778223,36.99595757765948,35.93184990502462
2025-06-02 07:40:00,TL-03,Cloudy,38.06758986365208,30.947908082993717,226.8332899281107,167.8590774021754,38.07602677143282,55.859042011646494
2025-06-02 07:50:00,TL-03,Rainy,29.886037174007974,35.005230462835705,217.9068618042064,186.59240403432176,40.659765199621596,42.63229864052378
2025-06-02 08:00:00,TL-01,Cloudy,33.71311731288328,16.483838535003812,230.7297804776601,141.80626814741007,32.718929120008134,35.847328080758125
2025-06-02 08:10:00,TL-03,Cloudy,26.657079630612053,33.38937659765454,243.6387249461936,164.24644319160325,40.01679399614964,52.185340424109455
2025-06-02 08:20:00,TL-03,Rainy,36.9961156130264,26.72962158436288,212.14013967365017,195.63303673077684,41.50161973684733,60.09471788595969
2025-06-02 08:30:00,TL-02,Cloudy,38.2359796985137,20.846835515717714,206.18955396846226,137.64716646132607,28.3814078576835,41.550585614065035
2025-06-02 08:40:00,TL-02,Sunny,32.58406768850313,32.556012997624904,223.03818595604875,119.2991950493528,26.608276049824482,35.00984039541599
2025-06-02 08:50:00,TL-04,Sunny,42.869933816450164,36.86829272581479,227.21562505126144,112.39979932184472,25.538990658549302,49.08155235665045
2025-06-02 09:00:00,TL-01,Rainy,28.871171684988294,29.31275742686154,217.69133626155232,164.25424057722662,35.75672511788295,49.12564671222819
2025-06-02 09:10:00,TL-03,Cloudy,27.6781255989509,34.76437273601469,234.53260663321035,112.33699583882833,26.346688455424513,55.483196275544984
2025-06-02 09:20:00,TL-03,Rainy,36.12225909279986,38.06139128994323,206.61394200276752,142.55361894124155,29.453565156210303,59.495945713644886
2025-06-02 09:30:00,TL-04,Sunny,40.23549151306077,36.57457226792024,226.9291862303161,158.74626374077923,36.02416044779817,49.40584818727506
2025-06-02 09:40:00,TL-03,Sunny,43.419638457289345,38.199822646856965,213.94139179241105,153.70351073659828,32.88354301036763,68.55503314794262
2025-06-02 09:50:00,TL-01,Sunny,32.7055786856553,33.71063745535946,237.19377906207296,158.50889728368344,37.59732436167882,
2025-06-02 10:00:00,TL-04,Sunny,40.393404167156476,30.377168194507963,239.9251535316812,154.44579711601708,37.05543158538328,46.535734939931004
2025-06-02 10:10:00,TL-01,Cloudy,34.80745765249647,21.990170940514158,212.33343412216652,175.57731626626787,37.28093451677039,33.88432640897172
2025-06-02 10:20:00,TL-04,Sunny,34.1368635002959,28.769687559350256,214.5044286409142,130.95367238522405,28.090142673421948,47.37340479683832
2025-06-02 10:30:00,TL-04,Cloudy,39.41829968743336,25.783767023419042,228.595878869798,136.46009723082938,31.19421585713953,46.63613054588864
2025-06-02 10:40:00,TL-02,Stormy,38.261614392067095,40.85471358748907,216.12869350210485,134.54681109458352,29.07942649674684,59.6030479628147
2025-06-02 10:50:00,TL-01,Sunny,27.118039215078753,29.120570937838316,219.54588782067762,166.6038362372522,36.577187141038316,54.62483624066854
2025-06-02 11:00:00,TL-03,Cloudy,42.38270174862948,30.61602403392243,220.2538842054241,168.00797176790127,37.00440835935549,38.206308783673826
2025-06-02 11:10:00,TL-03,Rainy,41.90045677073726,32.75742688020234,200.80326843802345,159.02450638637015,31.932640644126458,51.72254386411038
2025-06-02 11:20:00,TL-01,Sunny,31.872186492452354,30.218012231862268,219.86162253905763,173.66987333779855,38.18334013820101,56.71531171729053
2025-06-02 11:30:00,TL-03,Cloudy,36.979017667187044,38.47525520215376,213.10272225935827,126.43918265247238,26.944534023490093,65.28031359387833
2025-06-02 11:40:00,TL-03,Rainy,37.47015093141369,26.88675319132774,215.06877177600228,183.34448223102274,39.431672605333134,58.875039674140595
2025-06-02 11:50:00,TL-01,Stormy,36.303368829119535,30.973037276186215,234.43632003468815,180.46477243424516,42.307497145381866,57.60846654311478
2025-06-02 12:00:00,TL-04,Sunny,32.2484742307729,26.28764707150976,207.43493105720745,164.71243994491493,34.16711362423785,50.60085994615164
2025-06-02 12:10:00,TL-01,Stormy,31.641883160309742,23.39988744389647,228.13205186747976,185.6359781754212,42.34951660158553,53.883120054234496
2025-06-02 12:20:00,TL-04,Cloudy,34.87222964504277,26.941154545473573,217.2103706966819,116.86753584644453,25.384840783613978,62.49504900706159
2025-06-02 12:30:00,TL-03,Sunny,40.86364509629682,29.81481601475794,180.0,139.51103727474697,30.302131887494212,36.6722260252035
2025-06-02 12:40:00,TL-03,Cloudy,37.71800077297216,27.8534888774137,180.0,135.29393078636096,30.833989978998463,46.50560672783044
2025-06-02 12:50:00,TL-03,Stormy,33.14692833956947,26.53789510063072,223.40051294568892,164.42958647514686,36.73365396199532,42.27431251243759
2025-06-02 13:00:00,TL-02,Cloudy,38.85849355324172,22.96841268164083,225.7061299721953,128.9971852079571,29.115455450594517,53.79153118726124
2025-06-02 13:10:00,TL-04,Sunny,20.75728689684962,29.584472136856526,229.68184660532862,165.1499029867497,37.93193468468755,62.302221756507876
2025-06-02 13:20:00,TL-02,Cloudy,40.74382850186052,22.476398129844988,216.68691616816676,177.41072287993427,38.44258243601818,44.03025713278926
2025-06-02 13:30:00,TL-02,Sunny,26.301431106109504,33.80027981844801,213.8776326549225,163.90405800168,35.05541190793442,26.09695632530562
2025-06-02 13:40:00,TL-01,Sunny,33.18779529298434,30.412198764672517,209.14849473442203,155.67502047323003,32.559196199726394,45.8777925497553
2025-06-02 13:50:00,TL-02,Sunny,29.401650526869282,22.71224250267535,211.74589470021044,130.242533181985,27.578321716641263,59.13473732017407
2025-06-02 14:00:00,TL-01,Sunny,28.526592621395473,28.453954614750682,249.49094425308726,133.0629806774927,33.19800869435796,55.376299029498796
2025-06-02 14:10:00,TL-01,Sunny,40.8041339368926,26.239217972047083,232.44679580736786,174.99237810593334,40.6764175814356,54.281862478105765
2025-06-02 14:20:00,TL-02,Sunny,32.661493993440544,31.5958725520959,206.48925633791978,165.58698007810665,34.191932375570175,47.200066981255205
2025-06-02 14:30:00,TL-04,Cloudy,36.73251940865358,36.702252230115725,206.7754204325643,149.21960961244912,30.854947514397278,37.209692637802135
2025-06-02 14:40:00,TL-04,Sunny,34.76539710560408,20.624137651771278,224.81866061718492,141.6418090846822,31.843721805813264,55.15294321624467
2025-06-02 14:50:00,TL-04,Sunny,37.385204136115604,30.575130395737087,225.47264797377966,109.48384253777246,24.685611887335895,41.65718189965375
2025-06-02 15:00:00,TL-04,Rainy,35.38410945530128,29.199336022166797,225.48883835317363,128.58295162631123,28.994020394239236,71.84096733380457
2025-06-02 15:10:00,TL-04,Cloudy,28.58503887905715,33.35670038225233,217.45044206446303,188.22838174279445,40.930344819049154,55.70507208354516
2025-06-02 15:20:00,TL-02,Cloudy,39.9813340972357,31.065983141188447,218.745457399971,124.39088857995067,27.209941818810137,44.19351697446049
2025-06-02 15:30:00,TL-02,Sunny,32.531217084193436,26.240153341305906,223.27879524159357,153.7895964244216,34.33795581033574,43.88614752611372
2025-06-02 15:40:00,TL-03,Sunny,27.217090506701247,28.40473032166691,220.8589300629333,170.14887946390397,37.57889946980483,49.070557933864116
2025-06-02 15:50:00,TL-04,Sunny,32.85942419517044,26.019870715982556,197.80699627252466,124.90154663995415,24.706399770641976,47.6049807797825
2025-06-02 16:00:00,TL-02,Sunny,42.503798953171554,35.38003569299299,217.70200369424805,153.69420949562166,33.459537363400365,61.16833775529955
2025-06-02 16:10:00,TL-03,Sunny,39.251108710567465,30.10655824335971,211.48593565739685,168.7583107502131,35.69000924897055,51.864161697440466
2025-06-02 16:20:00,TL-04,Sunny,33.2567393279607,39.50595342876504,221.75211418908512,150.24998643814502,33.31825214954002,42.683682610914715
2025-06-02 16:30:00,TL-01,Sunny,33.25371147840786,29.696695930926897,249.8525900260341,207.36806111333536,51.811447157843766,68.90440685155782
2025-06-02 16:40:00,TL-03,Sunny,33.391824743913084,26.457966165447687,223.67481665474304,116.62801482243609,26.086749832215045,50.49308331520223
2025-06-02 16:50:00,TL-02,Cloudy,45.383739917804206,22.431428036935863,216.864703138276,171.1745705976776,37.121722437487215,57.68839675968897
2025-06-02 17:00:00,TL-01,Sunny,36.90967726115777,20.984301618720274,229.2180150197725,146.5439652520707,33.59051682820616,43.91773492555241
2025-06-02 17:10:00,TL-01,Sunny,65.0,22.079320284972553,224.82687887209212,165.4384030967335,37.19499981382165,53.631156277445236
2025-06-02 17:20:00,TL-01,Cloudy,70.0,31.335633255057417,224.20094490451842,158.82614303398492,35.60897134375961,53.11109991143195
2025-06-02 17:30:00,TL-03,Cloudy,36.19394579513257,32.54362511614967,226.0685059321567,135.33687605780005,30.595405367912328,31.103507079038472
2025-06-02 17:40:00,TL-02,Sunny,33.704789270896484,22.094046489839332,240.56543564829542,154.57992784918682,37.1865876855217,70.15275110460641
2025-06-02 17:50:00,TL-01,Rainy,34.01825075457511,34.475191570380574,208.69111564674085,112.84197097203426,23.54911681393098,62.906444609225474
2025-06-02 18:00:00,TL-04,Cloudy,34.64199370292968,27.5846947415828,224.73632076811455,162.06495001142787,36.421880591036704,46.02804683854012
2025-06-02 18:10:00,TL-01,Sunny,34.813888817450795,30.733965059927748,210.7361887001846,155.9631693198105,32.86708388005843,38.977302595441444
2025-06-02 18:20:00,TL-01,Rainy,38.6381477181849,38.06110314127712,225.55512646342248,162.77320337286204,36.71433047162228,53.47561613803552
2025-06-02 18:30:00,TL-03,Stormy,35.2597294290365,34.48419657932766,210.81313488513905,171.162366501743,36.08327505659155,50.86697699414397
2025-06-02 18:40:00,TL-03,Sunny,38.6632003860779,28.657346760470837,215.82633186394915,157.35239680419423,33.96079061224983,53.55668948563229
2025-06-02 18:50:00,TL-02,Sunny,34.596417099457085,25.544038872923565,217.04910085762094,152.96178839596553,33.200218636917995,51.91577396194089
2025-06-02 19:00:00,TL-04,Rainy,35.39317595158045,19.240922993353475,229.7581671934471,132.37863326677416,30.415072154947513,55.06240989305926
2025-06-02 19:10:00,TL-03,Rainy,25.00899657733946,26.4042334037879,229.18454443942414,135.75558472701897,31.11308184076949,64.47305699391806
2025-06-02 19:20:00,TL-01,Sunny,39.581638373512405,28.944348805861527,207.54282623553615,173.73469240354663,36.0573890765936,55.681032051286465
2025-06-02 19:30:00,TL-02,Sunny,36.73244237948996,25.06410236424408,220.5493411099985,178.72670811411956,39.41805771332809,39.50344501090059
2025-06-02 19:40:00,TL-01,Sunny,39.99005054929826,29.343715164538477,212.90420145250826,145.23779127375892,30.921735971865715,63.62562852712452
2025-06-02 19:50:00,TL-01,Cloudy,65.0,30.384259414793842,207.41495089324667,150.9200549450655,31.30307578523685,66.40614563488288
2025-06-02 20:00:00,TL-03,Cloudy,45.44187352390364,28.875720090959607,217.8298294957563,131.9077125001247,28.733434523077403,81.52056734512085
2025-06-02 20:10:00,TL-02,Sunny,34.30205185922413,26.7499870958827,216.9151721154418,173.4551369053489,37.625050876131276,38.76505966760402
2025-06-02 20:20:00,TL-04,Cloudy,40.54091408368758,30.84327335983364,244.26716486345524,163.30833647383557,39.89086434903101,52.42882013150275
2025-06-02 20:30:00,TL-04,Rainy,29.800470364372345,32.209703247847045,224.32959825360697,188.824348729275,42.35889029093724,29.17901296811013
2025-06-02 20:40:00,TL-03,Sunny,38.063869525312846,24.548004612785768,206.22382499245762,132.43353845640522,27.310950857765615,55.53149156379209
2025-06-02 20:50:00,TL-03,Sunny,29.73292218413172,37.054661898731354,214.35225995829057,142.43984201963565,30.532302045010784,44.517997018332274
2025-06-02 21:00:00,TL-02,Rainy,65.0,29.507059338578692,230.213832954294,154.62891845051143,35.59771600206919,69.23445794824953
2025-06-02 21:10:00,TL-04,Rainy,44.570156769333934,30.094248114724238,240.88442772869925,162.9297907545154,39.247249405858156,42.25385029981418
2025-06-02 21:20:00,TL-04,Cloudy,34.04658799618327,33.541072116282784,204.1401668776204,145.68664724904735,29.740496481261545,33.10816962032739
2025-06-02 21:30:00,TL-04,Cloudy,36.087164365898616,31.166080656317508,201.20075614860954,132.540778190926,26.66730479253945,45.2873625929748
2025-06-02 21:40:00,TL-01,Sunny,39.35033865344377,34.76568316956622,238.70965175371782,167.62815057847143,40.014457448706686,30.245122287828625
2025-06-02 21:50:00,TL-04,Cloudy,37.47840943986302,31.43562082600912,223.89614177370905,164.42270725091163,36.81360977346717,57.5109945450731
2025-06-02 22:00:00,TL-01,Cloudy,35.75209452571788,26.93781312679781,211.31707268123634,131.6745179887255,27.82507368809027,29.349169537436794
2025-06-02 22:10:00,TL-02,Sunny,36.824805012331126,31.80751762603051,225.34629086122436,177.1088560221099,39.91082378325709,50.28457581183159
2025-06-02 22:20:00,TL-01,Sunny,47.01707792619138,24.28136896339669,193.64252260983122,173.40397418393206,33.578382991546654,29.22188180143803
2025-06-02 22:30:00,TL-02,Sunny,34.711906014832074,30.542798528882617,220.0337550659716,152.68592994495586,33.59605851152851,46.79702195463358
2025-06-02 22:40:00,TL-04,Sunny,36.005495233574834,29.833850046777695,223.27821172843085,151.59195724752072,33.847181126639164,66.43378155804534
2025-06-02 22:50:00,TL-04,Sunny,40.25327198003806,28.959415713637302,229.2427013953783,161.08115542231815,36.926679212901,53.60647891435795
2025-06-02 23:00:00,TL-02,Sunny,40.52762966478992,29.357312442805345,180.0,132.76593859487483,27.86239801343583,41.36506395035066
2025-06-02 23:10:00,TL-03,Sunny,40.9351515278019,20.590754772511804,220.8568716140336,150.60062958328163,33.26118391286746,49.68796511060916
2025-06-02 23:20:00,TL-02,Sunny,38.19365111014592,27.256375461295193,210.74575373940414,106.9523291078164,22.53974921201158,50.18016872044446
2025-06-02 23:30:00,TL-03,Rainy,29.284975436347583,30.464224505705573,222.55383755674316,167.5291129100587,37.28424698061048,54.72630345843406
2025-06-02 23:40:00,TL-01,Cloudy,43.16715766150548,30.799281959987002,211.04653677636975,118.77013555116281,25.0660257805329,36.331416367191736
2025-06-02 23:50:00,TL-01,Cloudy,29.26827303490656,24.86162429537021,215.9189916083978,180.06839656857997,38.880186607628865,55.92567273847331
2025-06-03 00:00:00,TL-01,Rainy,36.51317732619517,36.328539204323505,210.0418460520977,143.397598120671,30.119496228702552,22.95608368397225
2025-06-03 00:10:00,TL-04,Cloudy,31.22862074990321,25.669125758927496,226.51136241823656,145.76666036137647,33.01780483361174,43.70115447636189
2025-06-03 00:20:00,TL-01,Sunny,34.67930826703504,34.84728600263368,228.58451116656664,137.4453218783099,31.417871713684875,45.117261575484555
2025-06-03 00:30:00,TL-03,Cloudy,36.6438120515174,32.13597180935842,217.65379430042586,144.23922252155847,31.39421406876064,56.33326826071239
2025-06-03 00:40:00,TL-01,Cloudy,36.606786077251364,26.768863450780984,220.38237994960028,178.37062690296074,39.309743269976686,50.22630852676869
2025-06-03 00:50:00,TL-02,Rainy,37.109603771176424,38.87655446304756,205.51408585366457,100.2438268692984,20.60151844151688,35.944369461437134
2025-06-03 01:00:00,TL-02,Cloudy,43.06855634529323,24.0318158412176,217.00323351993214,175.53930772176375,38.09259738547313,40.15006874182985
2025-06-03 01:10:00,TL-04,Sunny,37.2676715075699,34.59577086805001,219.49795382958254,156.76046962203415,34.40860232340093,51.98680009547407
2025-06-03 01:20:00,TL-02,Sunny,33.779216823546754,35.00291159021489,246.20793091029975,125.85956704285569,30.987623586887654,49.20932658135444
2025-06-03 01:30:00,TL-03,Sunny,39.820435841441785,26.646898954616777,208.88032974225837,128.49375213901524,26.839817316617523,44.20875890364253
2025-06-03 01:40:00,TL-01,Cloudy,40.947352444623206,36.962326500321645,234.64177238752438,183.52786054416407,43.06330248057306,45.19166210488021
2025-06-03 01:50:00,TL-04,Cloudy,28.86196092431504,28.749767427005235,229.9685877346581,131.08986240114538,30.146550522722055,56.961679971592886
2025-06-03 02:00:00,TL-01,Sunny,37.98700034924929,31.443468146399287,222.80636404490136,126.93298978808082,28.28147793203088,44.82307427130785
2025-06-03 02:10:00,TL-01,Stormy,70.0,31.301609193856102,237.58620484195134,172.74629084729457,41.042135642932635,49.119087559709264
2025-06-03 02:20:00,TL-03,Cloudy,33.51218248320004,29.32845629264726,223.72105472606862,156.77105752571828,35.072986340174864,71.69936588080543
2025-06-03 02:30:00,TL-02,Sunny,41.878534066558096,34.05404136579891,223.8915919566793,131.241488469272,29.383865784149478,35.76317363116077
2025-06-03 02:40:00,TL-02,Sunny,34.249722064837364,33.967443602761065,219.46879346982453,154.33249950809238,33.871167460223326,31.481572684253415
2025-06-03 02:50:00,TL-01,Sunny,35.62788226735771,21.257340133809095,232.23568882418627,129.48494632719445,30.07102570265879,57.83589664798607
2025-06-03 03:00:00,TL-04,Sunny,34.134640878580655,36.52170121439076,230.96469233810885,172.0164279684521,39.729721362834,43.21356938705897
2025-06-03 03:10:00,TL-02,Sunny,35.077895237907335,21.68754005982163,213.7432271250379,171.22741929746266,36.598701172931655,46.8176247225738
2025-06-03 03:20:00,TL-04,Sunny,29.518624565523993,35.16273102170829,206.80752805401232,160.64012397643887,33.2215869458574,42.18843621868886
2025-06-03 03:30:00,TL-02,Sunny,27.79974558702853,35.633525684137915,217.97019362604343,157.23322122494034,34.272155674846765,47.40199859232487
2025-06-03 03:40:00,TL-04,Sunny,42.97252531612486,24.54516784892401,211.99961435602353,185.22376249734748,39.26736621900936,65.98538112096341
2025-06-03 03:50:00,TL-03,Rainy,30.76519325840836,27.945928560227077,219.36475425384646,149.9937265477645,32.90333696376901,58.021284586181196
2025-06-03 04:00:00,TL-04,Sunny,30.043038252718464,24.47147665757032,232.3743813468414,126.36251749158397,29.363411827536254,58.62223511886977
2025-06-03 04:10:00,TL-03,Cloudy,24.233049431981428,28.925394848556323,215.4269834491321,158.98947825664612,34.250623700980654,
2025-06-03 04:20:00,TL-03,Cloudy,31.805191261552487,28.459828579071292,219.57176618688425,191.7209409907423,42.0965056283487,38.488462634471304
2025-06-03 04:30:00,TL-04,Stormy,28.38455103296251,33.8983026613467,220.58022734808395,129.70481013628296,28.61031650800136,21.60921340514573
2025-06-03 04:40:00,TL-03,Sunny,43.21007580068185,36.55154373059804,228.48430882205284,142.7707446661203,32.62087491504828,41.90619178917246
2025-06-03 04:50:00,TL-01,Sunny,40.04908544671317,36.97841905394978,197.53110666015394,158.32892076202904,31.274886934431418,59.567031863856585
2025-06-03 05:00:00,TL-03,Stormy,31.559248274111383,27.18915986710849,213.93299705234702,148.9219030198852,31.85930903978301,55.16946515748371
2025-06-03 05:10:00,TL-02,Rainy,46.26217902672154,28.95389063127736,222.1128369227947,130.35392839245372,28.953280839278733,47.784867370478764
2025-06-03 05:20:00,TL-04,Rainy,39.90882743495797,21.58280903889525,232.00078956426862,172.43715712460943,40.00555660312723,49.77699716281947
2025-06-03 05:30:00,TL-01,Sunny,33.37584308245689,25.970649667519055,215.08097552493794,196.4008144403452,42.24207876372176,43.11114457424594
2025-06-03 05:40:00,TL-04,Sunny,22.502971425632133,34.82425816548729,201.23447293958125,153.92262918047814,30.974539156608127,52.04758882401784
2025-06-03 05:50:00,TL-02,Cloudy,46.45471286295371,38.07791411774116,226.19711445966135,131.91863420528,29.839614400693918,57.65878279480615
2025-06-03 06:00:00,TL-02,Stormy,28.05213766618202,23.82825564060039,213.6463761117437,119.0207894989305,25.428360358405182,33.84113212589527
2025-06-03 06:10:00,TL-02,Cloudy,26.773006265215542,27.037678704235528,208.1033334090964,155.1595196244236,32.28921324399666,
2025-06-03 06:20:00,TL-03,Cloudy,40.1128521600482,29.867971215205365,213.75654610286776,172.07754686632515,36.782702080000014,59.32434870954667
2025-06-03 06:30:00,TL-03,Sunny,47.19876203169636,31.400805794098034,218.1547464234415,159.50335492990763,34.79641394842219,45.848997110366305
2025-06-03 06:40:00,TL-04,Rainy,41.921364092552594,25.95198240039177,213.95255335461786,149.95192318162293,32.08259684514374,57.00700612120583
2025-06-03 06:50:00,TL-04,Sunny,37.8195456002618,32.12030522232045,197.94433942900932,138.21456696421387,27.35879115719789,78.14654444472552
2025-06-03 07:00:00,TL-01,Sunny,37.97377170832643,27.63080326464542,228.97066196887133,128.15672734563822,29.344130696094936,48.95657207013108
2025-06-03 07:10:00,TL-01,Cloudy,39.267077793901535,29.927738645608603,232.74875041278722,166.69502652649766,38.79805912406875,53.93307050005323
2025-06-03 07:20:00,TL-04,Cloudy,38.79464294893383,32.7314212400185,226.51521991339507,168.2754324277117,38.11694658238477,42.61942916338609
2025-06-03 07:30:00,TL-03,Sunny,36.40595711984688,30.032111349054688,208.62314329575185,119.08540426618534,24.84397135865692,51.8125116260205
2025-06-03 07:40:00,TL-02,Sunny,35.52100551975938,27.818070547367157,217.98508466052482,181.79677956361368,39.6289863841851,54.60271624982304
2025-06-03 07:50:00,TL-04,Cloudy,34.68703436050239,29.451950980370846,219.93478684770542,161.48142441788002,35.5153826592103,51.94842340270138
2025-06-03 08:00:00,TL-01,Sunny,31.23017705566662,29.558185203973323,225.9879438956191,177.99189290291588,40.224021907219196,39.80304680291143
2025-06-03 08:10:00,TL-03,Cloudy,33.59662461566613,28.14994485058936,226.6834048871808,123.1574450302977,27.917748976673685,52.06361771325451
2025-06-03 08:20:00,TL-04,Sunny,26.535215929023074,28.706019686664487,212.65826201221503,122.68351689169123,26.089663479733282,64.62195938717636
2025-06-03 08:30:00,TL-04,Cloudy,34.50830186602625,37.99323585252358,220.8199555641356,147.02061380465406,32.46508540735565,54.486357645145276
2025-06-03 08:40:00,TL-03,Cloudy,30.057044464245415,32.8045972397062,224.5728040461524,160.05568853790388,35.94415477849469,59.619871890718414
2025-06-03 08:50:00,TL-04,Sunny,29.482053413921143,28.522598409854197,234.55822322146767,185.92721645853928,43.61075754102819,47.629880299873726
2025-06-03 09:00:00,TL-03,Sunny,35.89947075576739,33.48477202255368,227.04506539824723,164.12157827630264,37.262994473006685,57.4990023942371
2025-06-03 09:10:00,TL-02,Sunny,41.960011431723,28.33090255121995,227.89056687375518,145.14637446375934,33.07748955621646,52.792678382165256
2025-06-03 09:20:00,TL-03,Sunny,39.59158303001156,35.86562318793321,220.8382662792936,129.47261584668215,28.592508014226283,40.49089270312768
2025-06-03 09:30:00,TL-03,Stormy,27.147496981884114,31.84821096099047,234.10459145203504,174.600011454383,40.87466434904897,53.18521004798875
2025-06-03 09:40:00,TL-03,Sunny,30.051859317148313,29.463489279978855,224.09762795959497,130.7058914849857,29.290880242129518,40.0830333655969
2025-06-03 09:50:00,TL-04,Rainy,39.70385593994108,32.23858462905139,211.3891208982643,182.56937109544643,38.593178858815406,43.67119725115208
2025-06-03 10:00:00,TL-04,Sunny,30.087563032308452,22.145619239657503,234.03369970125192,144.3123070078698,33.77394312147467,51.893283072923744
2025-06-03 10:10:00,TL-03,Cloudy,33.87683425001488,24.366162655450974,226.97903272539028,181.811641452357,41.26743051507147,52.97244273380124
2025-06-03 10:20:00,TL-04,Rainy,37.75026049512276,24.030374968004722,215.56955978871517,163.57862580118558,35.26257235480454,38.10767534922871
2025-06-03 10:30:00,TL-01,Cloudy,30.158277725681824,30.714715473818533,215.20507032600756,147.26009021115084,31.691118070104935,60.53985771182876
2025-06-03 10:40:00,TL-01,Cloudy,35.5268775307298,38.66257499742546,222.96575545140763,139.61207256347745,31.12871122925249,55.72006278300473
2025-06-03 10:50:00,TL-04,Cloudy,28.329872525408977,41.15650073096316,224.63184795267586,143.18184245307842,32.1632018635039,42.95271564389116
2025-06-03 11:00:00,TL-04,Sunny,31.99316178024393,33.19025550720379,221.97292265631205,158.56633384750475,35.19743255902713,34.624152035508246
2025-06-03 11:10:00,TL-03,Stormy,36.598909670712686,32.50422237472228,223.11308673442886,151.54312992435433,33.81125549081929,48.55095420918569
2025-06-03 11:20:00,TL-02,Rainy,27.035031332341653,20.994711329236303,236.9995737457638,138.12377183862588,32.73527504991147,45.540562861388395
2025-06-03 11:30:00,TL-04,Stormy,37.202373689801995,27.28663100132989,230.71543152234887,146.68737179364734,33.84304028225057,51.13140457053023
2025-06-03 11:40:00,TL-01,Sunny,34.901811005366596,26.061081240458805,221.90635591265024,151.571540594383,33.63468823336587,46.36883338844434
2025-06-03 11:50:00,TL-03,Rainy,37.76244977208574,26.89576200874442,229.41310580767484,107.42531811170376,24.644775870383423,29.925431392549903
2025-06-03 12:00:00,TL-04,Stormy,36.119570670323306,29.159280907076052,209.6747609647246,159.16336229577396,33.37253994370827,46.11653061698841
2025-06-03 12:10:00,TL-01,Sunny,41.82070214986922,27.639547111514364,223.9792704994681,130.40557550566388,29.2081456708219,46.94380888931687
2025-06-03 12:20:00,TL-01,Sunny,35.62612251323954,20.10350094812106,238.09306349733112,126.9333519358851,30.221950622399767,56.33661024774059
2025-06-03 12:30:00,TL-02,Rainy,32.852972294373735,33.73955128058767,217.81954104607627,116.2531130577858,25.32219973142452,43.0180032538895
2025-06-03 12:40:00,TL-03,Cloudy,35.61148751516142,24.636284871300965,211.52366071380916,114.1221500426422,24.139534945550274,66.78674673372566
2025-06-03 12:50:00,TL-03,Rainy,37.716490145181936,31.196234320555746,213.47911111406938,122.89104993775422,26.234672104586483,30.88359449348243
2025-06-03 13:00:00,TL-02,Sunny,35.244300351628524,40.370413348749864,209.1036696265761,135.8195808473902,28.400372762332726,63.111674978026244
2025-06-03 13:10:00,TL-02,Rainy,35.20295845601941,25.403077042067885,212.15238091872297,189.06518275053136,40.110628669358704,47.756810291218954
2025-06-03 13:20:00,TL-03,Sunny,31.490041560966223,17.348562386268352,216.29491901409972,139.4824064820959,30.169335813936673,58.595848723435566
2025-06-03 13:30:00,TL-03,Sunny,31.68549541224526,28.569978890599447,205.94432980821358,153.55500212536063,31.623782001406205,50.79801484058733
2025-06-03 13:40:00,TL-04,Sunny,27.986973641001534,35.50479817499286,220.15618333949604,158.00962773012657,34.786796571959265,61.39555536025469
2025-06-03 13:50:00,TL-04,Rainy,43.7478837159347,39.79173727110297,229.02277173786646,152.621303724317,34.953754005189836,46.12638035447189
2025-06-03 14:00:00,TL-02,Cloudy,28.780683823043574,60.0,210.92243819853078,148.45113078548013,31.311674458602443,39.01379574822188
2025-06-03 14:10:00,TL-04,Cloudy,31.53547401102046,32.48349611618261,235.19283923641768,126.0941247280151,29.65643520581286,64.20504287271064
2025-06-03 14:20:00,TL-01,Sunny,31.40796367215401,27.673447716099734,225.10792088527595,179.01855096558424,40.298493807757474,48.86519354117859
2025-06-03 14:30:00,TL-04,Rainy,39.474621884722204,29.47025822847932,230.30580585624057,186.14393287275772,42.870028465510416,52.21558473624211
2025-06-03 14:40:00,TL-04,Sunny,33.52525160853986,43.221716735085174,213.42165446147862,116.34682611754629,24.8309321213487,62.34751914044795
2025-06-03 14:50:00,TL-01,Rainy,41.23871036336867,22.485148358024233,228.54525227066617,129.5194281822724,29.601050387869876,39.68044757905565
2025-06-03 15:00:00,TL-02,Cloudy,31.63254687878066,31.268698307472867,209.08066099604687,144.40379315245988,30.19204052265274,55.95490897639257
2025-06-03 15:10:00,TL-01,Sunny,36.39497081111901,32.33846585882716,228.9024750083651,130.70924410179617,29.919669481373692,44.10105243537109
2025-06-03 15:20:00,TL-04,Cloudy,30.823264733701215,35.42893162469674,221.7183933979353,160.11931106911732,35.50139640222893,48.67830644355628
2025-06-03 15:30:00,TL-02,Sunny,45.72574563886694,30.48991576735448,225.53251219984784,135.43455595186774,30.544895642495586,50.72278965384289
2025-06-03 15:40:00,TL-04,Rainy,29.062007904852436,31.54025269752051,208.24405394375148,193.30112135613206,40.253809143074015,34.997781385530644
2025-06-03 15:50:00,TL-01,Cloudy,36.54910355113514,28.041757162891045,211.04930157723396,173.81097188687193,36.682684223184566,42.211629571795655
2025-06-03 16:00:00,TL-01,Sunny,38.168884404660496,31.345634706225535,225.97228218253386,154.2514806126443,34.85655910407411,63.51072892413139
2025-06-03 16:10:00,TL-04,Rainy,37.06899548725749,28.28403862251295,210.516519957758,170.53972526639464,35.90142947763353,58.86191188584796
2025-06-03 16:20:00,TL-03,Sunny,34.07356170561146,33.107859449280255,224.63206292099122,172.11800848714617,38.66322331232032,49.37360422672765
2025-06-03 16:30:00,TL-03,Cloudy,34.35089650133287,28.15194831978183,206.32862193539754,138.72105023883515,28.622123129209903,52.431234585128934
2025-06-03 16:40:00,TL-01,Stormy,35.21905735989555,31.885501969510933,180.0,133.67565510916072,30.54244655926449,47.05757494363542
2025-06-03 16:50:00,TL-01,Cloudy,34.264989991857554,29.853685931575107,207.67476685231492,151.56286125939295,31.47578187551418,63.56583385827982
2025-06-03 17:00:00,TL-03,Sunny,39.81939558397455,35.63025125386084,225.52299937679524,167.2327224899589,37.71482516988277,47.99647422205836
2025-06-03 17:10:00,TL-03,Stormy,46.05261500795676,29.74303138205757,226.25630933646002,152.78120797306835,34.567712251952585,52.31842092134848
2025-06-03 17:20:00,TL-04,Cloudy,32.21254107496083,21.134837658965594,213.03228181570424,118.46007035618005,25.2358190920259,61.460301441420654
2025-06-03 17:30:00,TL-04,Sunny,28.150985102104613,36.30960750356996,225.82026567084728,133.94351112098315,30.2471592662265,42.226285151540935
2025-06-03 17:40:00,TL-03,Sunny,34.55858975824373,25.471338495686904,222.60442263333556,148.52054272811245,33.06132966318112,65.58789184496894
2025-06-03 17:50:00,TL-04,Rainy,47.898546688271594,26.7311683067559,214.61158143807262,148.4866879134834,31.866962915614213,34.69538590256623
2025-06-03 18:00:00,TL-04,Cloudy,30.981627160151348,27.02169352978254,209.91445315923792,189.45084353579617,39.768470221373,66.29642131112799
2025-06-03 18:10:00,TL-02,Cloudy,43.195584027220335,36.87219046585409,200.3737430832742,122.28024115202004,24.50174962475568,46.27324416048025
2025-06-03 18:20:00,TL-04,Rainy,43.388504070382204,19.32162893010652,223.49650047299693,160.1117848367175,35.784423595491816,47.57301252174718
2025-06-03 18:30:00,TL-01,Rainy,32.23205879146003,45.688742668299966,204.35197228637944,179.7822621665658,36.73885985584465,31.09989828817057
2025-06-03 18:40:00,TL-04,Sunny,37.84491539592638,35.28028404533026,220.95344199441308,195.42899490845593,43.18070909053197,45.452052826223074
2025-06-03 18:50:00,TL-04,Sunny,43.14198311564269,31.1161945706458,217.3655178391775,141.91205153632077,30.846786569812412,39.60193468973116
2025-06-03 19:00:00,TL-03,Sunny,33.10436129506257,29.725529996918567,226.79142775438194,159.828589054404,36.24775390761666,43.923536546265275
2025-06-03 19:10:00,TL-01,Rainy,33.98209819948819,31.427770374288286,216.97954500510136,161.39520714397293,35.01945861210333,48.6268903421112
2025-06-03 19:20:00,TL-04,Sunny,32.09159543025678,32.60561214189669,216.70552213652908,153.9096346310658,33.35306773456754,59.57791614472906
2025-06-03 19:30:00,TL-04,Cloudy,29.926216346535668,33.22607792975028,227.31870704288295,148.0230959752139,33.648418789570194,52.076033514006255
2025-06-03 19:40:00,TL-02,Rainy,31.753612274669965,55.0,223.35058029084118,158.71950779000093,35.4500941683734,53.07676653401114
2025-06-03 19:50:00,TL-04,Rainy,28.880298666188718,30.447903406276243,223.16155957182778,99.35507829560629,22.172234223828557,39.044806111544375
2025-06-03 20:00:00,TL-04,Sunny,35.17041734129613,29.01330789846337,224.69267589808527,163.64138980125261,36.76902176212509,41.192459103972695
2025-06-03 20:10:00,TL-02,Rainy,31.15013384470679,29.243633581732443,204.64427876792894,152.52355807323934,31.21307353701639,67.98725018351311
2025-06-03 20:20:00,TL-03,Sunny,36.168929558953735,29.025458598236597,227.56788679986983,145.55050206443468,33.12262017746349,42.647989652367535
2025-06-03 20:30:00,TL-04,Rainy,27.220521768981865,55.0,226.12468794013603,190.93724391439116,43.17562469629134,66.56208252057296
2025-06-03 20:40:00,TL-02,Sunny,36.654401161072286,32.96778361140431,209.83316871423503,136.50131962418897,28.642504430418164,47.569388011191336
2025-06-03 20:50:00,TL-01,Sunny,39.16764480804462,15.298056826678598,217.55919526325798,141.9384802186994,30.8800215332701,50.02287936143504
2025-06-03 21:00:00,TL-03,Rainy,25.031321787142723,33.279503882648804,219.6069271237237,189.83106604409468,41.688217086564286,60.703651602299296
2025-06-03 21:10:00,TL-01,Sunny,36.87028284923786,30.973680973593876,218.65503215598267,133.35877390300286,29.159566996043512,62.718924219386565
2025-06-03 21:20:00,TL-01,Sunny,41.13834496236646,29.90645621777051,223.33859966568534,138.9976943412692,31.04355041093802,48.89187439720912
2025-06-03 21:30:00,TL-02,Rainy,28.951794906543974,28.05740773455557,234.31366781831184,147.059491531383,34.45804884821432,46.11756946478461
2025-06-03 21:40:00,TL-04,Rainy,43.362861934188516,35.620563599930065,230.8176672767283,166.814689642591,38.50377753079426,49.44079551477787
2025-06-03 21:50:00,TL-02,Cloudy,37.095095046830224,34.73763231061429,206.87780806568594,154.15605014706628,31.891465754489037,53.379575282321184
2025-06-03 22:00:00,TL-02,Cloudy,31.474940721207957,26.135611660881956,226.22069990306048,124.14749305695474,28.084732770554645,58.91303686869755
2025-06-03 22:10:00,TL-02,Cloudy,34.72115461171147,32.03526143562267,233.2893331953541,139.35662873745622,32.51041499451368,50.04229858994152
2025-06-03 22:20:00,TL-02,Sunny,37.791634562608614,25.14171632729357,223.86808520689203,137.85291133575578,30.860867300931105,56.188862980231534
2025-06-03 22:30:00,TL-03,Sunny,35.38002695706206,23.101909176055347,230.90980425185967,148.4555790955391,34.2798487090474,66.3835973227094
2025-06-03 22:40:00,TL-04,Sunny,37.693779962231844,55.0,240.12270445700764,158.51687317259658,38.06350028827237,53.81309612264785
2025-06-03 22:50:00,TL-01,Stormy,30.39663203460317,34.311967361913794,230.23709546106983,158.36411511775944,0.0,53.11652856004778
2025-06-03 23:00:00,TL-01,Cloudy,35.84680412018039,34.76562522688043,222.49308595641727,114.47976491903196,25.47095617640062,34.810891749099326
2025-06-03 23:10:00,TL-04,Cloudy,27.9314275154751,32.56542710048647,230.45088474084753,171.27881975121713,39.47135554903614,23.692698631709366
2025-06-03 23:20:00,TL-01,Cloudy,34.443869693256495,33.625478934239986,221.4488783309689,155.05137691993247,34.33595350259133,53.88375729230168
2025-06-03 23:30:00,TL-04,Stormy,30.480461792676053,32.58089143557479,220.23903043284955,177.69064095187812,39.13441448023323,49.05175768719128
2025-06-03 23:40:00,TL-01,Sunny,31.322350287051165,26.792592023885238,216.48585764286267,158.88396654581345,34.39613176337032,44.85217325085258
2025-06-03 23:50:00,TL-02,Cloudy,41.18046587605219,50.0,235.63413358832108,172.02645915471524,40.53530565718803,52.435302041863444
2025-06-04 00:00:00,TL-01,Cloudy,40.45655060297135,34.00204762613841,211.81571334057998,159.33090622900255,33.74878956009724,49.395962708030915
2025-06-04 00:10:00,TL-04,Cloudy,38.045690604535885,33.77145664906787,235.32367724678116,176.92451512405495,41.63452749409636,61.277802506338986
2025-06-04 00:20:00,TL-04,Sunny,29.538436176637106,35.94456685737322,224.99864123740372,160.44501272035558,36.09990985539796,50.86110868258978
2025-06-04 00:30:00,TL-04,Rainy,33.41795775152599,33.54151923600532,206.00693825198059,148.04169507114193,30.497616335239275,42.53076714929833
2025-06-04 00:40:00,TL-04,Stormy,41.06548849989592,31.757241037707914,223.67649292991422,195.44869440893763,43.717278513121705,59.901662389592886
2025-06-04 00:50:00,TL-04,Cloudy,35.70858456819953,35.350751191582134,198.99973492348377,167.78074244559784,33.38832327193927,47.82868925053798
2025-06-04 01:00:00,TL-03,Cloudy,46.59664769990847,29.8673937037547,226.25508016831037,161.47488842008826,36.534513824656045,55.265366836723075
2025-06-04 01:10:00,TL-03,Stormy,36.96658919697186,25.59062674386141,228.8523148298899,124.47391166923327,28.486142821435283,45.22589293807199
2025-06-04 01:20:00,TL-01,Rainy,35.960245582450156,29.18466518028118,214.07644044347947,124.23384765072925,26.59553988766564,43.50173114502564
2025-06-04 01:30:00,TL-04,Sunny,33.4544176789875,26.275486775967757,221.23547695955583,155.85430964283708,34.48050253003536,50.84168230185696
2025-06-04 01:40:00,TL-01,Cloudy,35.66770452391141,26.62410862512809,239.54157433750285,152.91042395536482,36.6284036868831,50.12828643543685
2025-06-04 01:50:00,TL-04,Cloudy,34.23765081809728,29.27740664642241,214.94253295738062,137.71754869983369,29.601358750223675,54.79827035366833
2025-06-04 02:00:00,TL-04,Cloudy,38.54054338344295,26.037900395000193,209.410924129434,152.8196539922412,32.002104967655576,47.313542466902575
2025-06-04 02:10:00,TL-03,Rainy,39.783511583972924,28.4601923518048,234.81663402462598,181.7725385608719,42.68321566297548,31.636402162296026
2025-06-04 02:20:00,TL-03,Stormy,31.070052697460252,20.531926665231072,239.62587190530795,163.90804949100598,39.276609271580675,45.672261164116115
2025-06-04 02:30:00,TL-02,Stormy,75.0,31.066468536864694,220.03695671847848,127.17982980494523,27.984262706254196,57.93818467143816
2025-06-04 02:40:00,TL-03,Cloudy,25.818973134483517,30.006027376811122,230.11463035408357,147.76982345714111,34.00399830232822,47.026239207568935
2025-06-04 02:50:00,TL-02,Sunny,37.53995663456272,25.914556844659046,233.41475915530881,133.9006703829488,31.254392728170384,47.53616597485452
2025-06-04 03:00:00,TL-02,Stormy,29.483166969130632,33.296228342162024,212.57515767461615,142.24600167182876,30.23796623397271,59.863765059059375
2025-06-04 03:10:00,TL-02,Rainy,24.235547035237587,34.68785068813279,215.14694164632132,141.72768668740716,30.4922783374037,42.880267727410775
2025-06-04 03:20:00,TL-02,Sunny,36.94289302265482,21.962200678155128,232.30874513154734,140.4470883479199,32.62708685148484,34.57196781757101
2025-06-04 03:30:00,TL-02,Stormy,47.46499758716395,26.18637610716893,236.8501427870851,124.8972925605321,29.581941576682368,48.393688804745054
2025-06-04 03:40:00,TL-01,Rainy,34.96964544230053,26.15428825106351,225.62880860174354,147.4469063696362,33.26826981619384,45.15826048751263
2025-06-04 03:50:00,TL-03,Cloudy,39.19245387225821,25.300484494455677,211.20185646497947,138.7878472630538,29.312250996734985,40.33753680246746
2025-06-04 04:00:00,TL-02,Cloudy,35.40914679273782,34.14737420965874,239.8706111169944,91.41102619995465,21.926818717414708,48.24621544101309
2025-06-04 04:10:00,TL-04,Sunny,34.50555173404429,29.030869306135983,214.69029102188034,191.05944049003327,41.018606881282864,54.91505647246784
2025-06-04 04:20:00,TL-03,Sunny,39.59538241493884,28.677425793446947,216.6486221882855,171.77539308433344,37.214902237571984,49.907114384321844
2025-06-04 04:30:00,TL-03,Sunny,33.548627279056745,19.980688177966233,223.4233783448962,142.47398550150007,31.83201916700691,53.06981072686238
2025-06-04 04:40:00,TL-02,Rainy,36.33696157035951,33.17709015104613,235.54160420714774,150.37638099481197,35.41989401438325,68.13407698515422
2025-06-04 04:50:00,TL-01,Sunny,36.60848903098007,23.80370802573264,228.53975976552223,126.56691305364876,28.92557190354463,46.57121138442436
2025-06-04 05:00:00,TL-02,Sunny,31.659547731784755,30.299663151331643,224.1486550036191,183.91445755621731,41.2241782969463,52.78348634644669
2025-06-04 05:10:00,TL-01,Sunny,39.960211747682614,31.386884689790957,224.63288530118106,187.94577389546222,42.21880147030108,44.907866374008655
2025-06-04 05:20:00,TL-04,Cloudy,34.12520121652296,36.80329297919326,220.43514668643465,153.1338745649305,33.756088102382535,41.53640280113027
2025-06-04 05:30:00,TL-03,Stormy,31.221274202535778,23.45589800440444,225.58139514518507,170.4706128837069,38.45499868556137,44.1509234658223
2025-06-04 05:40:00,TL-04,Sunny,37.68254921785202,14.902439220895873,194.70439922305698,153.50573557867847,29.888242023140034,45.212414284783115
2025-06-04 05:50:00,TL-01,Sunny,30.507660091044812,30.919247723768475,217.03392540930201,123.26549122248139,26.752793427521,53.59475797547125
2025-06-04 06:00:00,TL-01,Rainy,35.14090578684564,39.00255590755427,222.4132193491678,141.76353262072686,31.53008367648663,73.49075786700757
2025-06-04 06:10:00,TL-04,Cloudy,34.954405016778985,36.19473176469719,208.48985916380494,152.63855933543914,31.82359173881179,42.8395656372416
2025-06-04 06:20:00,TL-01,Sunny,40.42947782915789,31.048297076373128,223.8632331781156,140.9090456251311,31.544354537684455,45.83374694384538
2025-06-04 06:30:00,TL-04,Cloudy,37.373491164399766,27.541819071839765,217.95528779013878,145.6269344512993,31.740160408328613,49.36876986888752
2025-06-04 06:40:00,TL-03,Sunny,34.87486520627428,34.03561298318655,237.5547569831549,148.1720088498177,35.19896555402432,53.957988487097474
2025-06-04 06:50:00,TL-04,Sunny,39.08883149600143,25.132269001477656,235.73019725214857,148.38243004269077,34.978219502716634,52.63550811954785
2025-06-04 07:00:00,TL-03,Cloudy,41.951037745086566,32.3817888467811,215.34194430881837,151.04516980994967,32.5263605453302,62.84095793948117
2025-06-04 07:10:00,TL-04,Cloudy,37.78905153175931,32.52735079583314,218.49162288433305,128.78789867206797,28.139076988723172,25.73607929464792
2025-06-04 07:20:00,TL-01,Stormy,35.051763099216906,35.3010495374944,219.26052434391607,135.65967701744128,29.744811915170477,26.130701298043274
2025-06-04 07:30:00,TL-04,Sunny,28.4408188382492,43.79830019455539,215.48340523840378,124.30831468600061,26.78637894798649,45.04121827989851
2025-06-04 07:40:00,TL-01,Cloudy,29.674431684623137,31.962079835893835,221.95024984028126,169.556310993724,37.633065587053466,60.97300187543709
2025-06-04 07:50:00,TL-04,Cloudy,33.473876478226664,27.455181871462507,212.4171793111241,107.88706116319351,22.917065216452286,34.34351968394404
2025-06-04 08:00:00,TL-04,Sunny,31.952438989203586,29.87212843904003,208.69384665062475,173.0718068663385,36.11902112171019,19.92367660306243
2025-06-04 08:10:00,TL-02,Cloudy,34.06514348507277,21.15462047555441,226.22711223900268,177.72698794525687,40.2066632497915,55.711794062192084
2025-06-04 08:20:00,TL-01,Sunny,35.283249624485535,26.52643434455471,226.2952958422181,143.95638826034758,32.57665346975257,52.43657223702714
2025-06-04 08:30:00,TL-02,Stormy,37.64846377178365,27.95358780943448,211.9568424034001,97.93725824345402,20.75847201092888,39.097915932005705
2025-06-04 08:40:00,TL-01,Sunny,34.647506109704544,27.379558010327038,228.953554307626,142.77378876065418,32.68856639871796,40.1446039927907
2025-06-04 08:50:00,TL-02,Cloudy,37.43250821913101,30.76177436016861,213.68422270834668,148.71631677422363,31.778330553948237,40.30256280365326
2025-06-04 09:00:00,TL-03,Sunny,35.3223720740506,25.887900338088997,222.53165238037982,129.78803560142174,28.881946021587943,51.1053531747394
2025-06-04 09:10:00,TL-04,Stormy,25.12266716823064,35.60515333662236,228.20344012612455,139.69563212383514,31.879023821252733,43.73684723816993
2025-06-04 09:20:00,TL-01,Cloudy,30.303323030906228,30.001035324590987,219.66387435296286,180.60390397726704,39.67215327091696,54.940639189755196
2025-06-04 09:30:00,TL-01,Cloudy,34.27956222139192,29.953498394306926,224.54740912141133,163.29854324603482,36.668264799197864,21.45373337095609
2025-06-04 09:40:00,TL-04,Sunny,28.95152628579446,28.36052641743541,214.8357035611243,131.508717712438,28.252767894172905,41.43148134872201
2025-06-04 09:50:00,TL-01,Rainy,37.999643649981024,30.775953419294897,218.03533416571904,118.04801660809136,25.73863874874555,38.7394603908895
2025-06-04 10:00:00,TL-01,Sunny,42.65375416171849,34.125491323338174,217.9414056911966,143.45965364780457,31.265798575974728,47.43659321627508
2025-06-04 10:10:00,TL-02,Rainy,41.09380925848659,25.664348921445498,212.53421653459762,145.73086441299122,30.972795092924763,44.619522415098615
2025-06-04 10:20:00,TL-01,Sunny,33.93278564534896,26.709417554623716,218.23225836884217,159.92398374726633,34.90057214050795,57.978437798957664
2025-06-04 10:30:00,TL-03,Sunny,42.45363068424976,28.481369856116675,204.51381701136253,139.29366574864682,28.48747926776065,31.406632283399425
2025-06-04 10:40:00,TL-03,Sunny,35.74333728601056,23.270645382633926,215.08846252857896,160.22999150723723,34.46362252425892,50.45491476330752
2025-06-04 10:50:00,TL-04,Cloudy,75.0,25.903710701392512,217.1512450663033,188.70308080120458,40.9771089438288,55.583364232117056
2025-06-04 11:00:00,TL-01,Cloudy,31.9329866822953,27.618895632276704,217.4382024750462,166.31002044888524,36.16215189999378,68.56647436561954
2025-06-04 11:10:00,TL-04,Sunny,33.48765156755936,34.371945903563635,217.58502554129223,149.03822985338454,32.428487049277656,45.18234028906525
2025-06-04 11:20:00,TL-03,Rainy,33.05911590729386,31.312806645009626,219.3823580013987,146.3369905789341,32.10375405603503,53.24458604352517
2025-06-04 11:30:00,TL-01,Cloudy,35.85208111187744,30.967949556837723,224.79441518086065,142.86653731640257,32.11559970495532,31.96137207437635
2025-06-04 11:40:00,TL-01,Cloudy,35.802869905249324,34.25448981083986,228.74517074132524,173.6128182490429,39.71309375325998,26.080437956869762
2025-06-04 11:50:00,TL-04,Cloudy,35.01523010076707,29.313141058003016,213.50234773151732,137.45373108097394,29.346694290244567,58.447743757817
2025-06-04 12:00:00,TL-03,Cloudy,37.18469084873175,31.952324249644448,207.96799144610856,150.90445417999965,31.383296236085847,49.9443970635193
2025-06-04 12:10:00,TL-01,Cloudy,40.95323137393171,29.48389123533752,209.57955587756896,151.0239580376217,31.65153405239737,
2025-06-04 12:20:00,TL-04,Sunny,39.74777067720662,31.326811746998143,215.12797078805073,139.96431614376937,30.110239314746316,36.26597111030251
2025-06-04 12:30:00,TL-03,Sunny,27.575510157750482,27.08620671194209,216.4807868218349,122.55068904231798,26.52986958943902,55.199021395287524
2025-06-04 12:40:00,TL-04,Rainy,22.230394325490224,17.805914208617857,212.3000393380254,156.45949007235336,33.216355897168015,68.68817840543853
2025-06-04 12:50:00,TL-02,Stormy,39.67159955619637,29.32860418906848,207.03883335750106,148.77992056289233,30.80322118036291,54.19705608357266
2025-06-04 13:00:00,TL-01,Sunny,28.165606507922895,37.1137406804997,215.4387917252581,160.0048093887314,34.47124280493853,52.76581505591049
2025-06-04 13:10:00,TL-02,Sunny,33.87617299053658,34.631077011207964,221.8142662011397,139.32799387121668,30.904936721820818,50.0855608082435
2025-06-04 13:20:00,TL-03,Cloudy,29.149434869703203,34.82698742295585,225.95029465835566,174.41642597626097,39.40944284259344,34.291185428740874
2025-06-04 13:30:00,TL-02,Cloudy,25.9900978120999,36.18065360903109,214.4257694689168,132.46452437576312,28.403807566607092,63.55572935710348
2025-06-04 13:40:00,TL-02,Sunny,37.70731364102394,30.443287954807186,215.87002177856567,184.24080568035785,39.77206673471934,43.89142360194934
2025-06-04 13:50:00,TL-03,Sunny,38.79577580151324,30.986578537027977,210.7330169115269,115.04726980343477,24.244258253112218,55.04483256383017
2025-06-04 14:00:00,TL-04,Rainy,32.1174479963664,26.91174052282825,219.68560829625224,158.6954012911378,34.86309576646146,34.36965693428746
2025-06-04 14:10:00,TL-02,Cloudy,22.04478853927545,28.41963571986475,211.51571365809184,159.50861365053248,33.73857825090523,38.2054033549222
2025-06-04 14:20:00,TL-04,Sunny,32.268777758737585,33.07885574885571,225.731278132412,134.08885864118236,30.26804944439041,64.35087399222235
2025-06-04 14:30:00,TL-02,Sunny,36.959020027012734,36.01942218584408,202.14133508065888,158.48787875722024,32.0369514060861,46.52697711042157
2025-06-04 14:40:00,TL-04,Sunny,27.605442156129357,29.302768621595003,216.40370327547538,175.5903733952032,37.99840706224548,64.53275476042545
2025-06-04 14:50:00,TL-03,Cloudy,35.91679959889578,27.749053675742942,223.01107339191742,105.66362321291871,23.564158031192125,49.21769340941482
2025-06-04 15:00:00,TL-02,Sunny,34.923450754135025,30.002639794282988,221.83834516322506,160.0548961498163,35.50631329714709,31.581022270421425
2025-06-04 15:10:00,TL-03,Sunny,37.89645749800544,33.00603374464558,246.93033663980498,100.13458359339845,24.726266436004572,58.920675997317204
2025-06-04 15:20:00,TL-02,Rainy,35.59790184207077,22.78072591933229,223.49800024567907,130.68670392953584,29.20821698695039,44.10107682244392
2025-06-04 15:30:00,TL-03,Sunny,30.13465529559222,18.51909523431381,209.9594540315799,182.5833272980189,38.33509571476131,56.98688813517043
2025-06-04 15:40:00,TL-03,Cloudy,40.982857508322454,27.247315752542082,219.04535752910928,138.36435933215893,30.3080705591989,50.25210867540082
2025-06-04 15:50:00,TL-02,Sunny,34.20735213486515,23.896437870429207,202.23753666533548,126.52240071182055,25.587578652943076,34.568817720571296
2025-06-04 16:00:00,TL-02,Sunny,34.86347730245034,27.459299011763445,219.1940025070324,146.04124542030635,32.01136511478877,51.64294765370569
2025-06-04 16:10:00,TL-02,Sunny,30.333660204634022,29.26109840591264,211.66943942999242,191.35812676327106,40.50466742235501,71.96223142152799
2025-06-04 16:20:00,TL-01,Rainy,32.78358874404245,27.733757954884933,229.15390275560162,113.36635505587948,25.978342702232013,54.92986458514459
2025-06-04 16:30:00,TL-04,Rainy,30.575986429865495,37.26233767235372,214.50459725404465,128.9738017672131,27.66547340439904,49.42482246994537
2025-06-04 16:40:00,TL-01,Rainy,34.135269700382885,31.6337238230116,218.83234084204753,179.94863366359252,39.378580735932026,60.75343401956898
2025-06-04 16:50:00,TL-01,Sunny,43.558542400711715,31.502371798054142,213.64442158595597,187.15404687075466,39.98441809117327,52.106684652031106
2025-06-04 17:00:00,TL-03,Cloudy,28.140494285343216,33.11103572021701,237.3885135185333,147.93137551419431,35.117209336066544,52.09534230262794
2025-06-04 17:10:00,TL-02,Sunny,26.932193010616295,24.305834411096154,216.7875723388209,125.21894594946716,27.145911303211015,39.083748278408976
2025-06-04 17:20:00,TL-04,Sunny,42.35585163746804,35.195558937101346,180.0,191.91687003618318,45.7386975274332,52.33848025789598
2025-06-04 17:30:00,TL-03,Rainy,33.95338161424067,29.6211785673227,228.14151762118266,181.88884783498395,41.4963977834416,60.35443416416945
2025-06-04 17:40:00,TL-01,Sunny,31.654636306700418,33.35240308620606,224.82066727335385,163.57893975524465,36.775926387641846,41.63937847899975
2025-06-04 17:50:00,TL-02,Sunny,40.199523436980385,24.64071383479922,223.6873314731752,133.7519530212516,29.918617450649265,64.24495821246947
2025-06-04 18:00:00,TL-03,Sunny,31.97192230131568,22.23120616991968,223.9379729821625,149.01941318323927,33.37110532324594,49.08293975854874
2025-06-04 18:10:00,TL-02,Sunny,44.13004856773468,34.08944829012514,200.7232742065439,146.79279837910337,29.464731120594678,41.12230488461459
2025-06-04 18:20:00,TL-03,Sunny,38.38962935669635,31.882047630487584,217.21116605849244,156.61702609231156,34.01896686212433,59.976320769202445
2025-06-04 18:30:00,TL-02,Cloudy,32.560442959271484,25.48974222821245,228.4515797118432,179.02002876262674,40.897408370881685,47.132057642617305
2025-06-04 18:40:00,TL-01,Cloudy,45.786541066327516,25.651684593626527,219.51102816525895,167.58834082274805,36.787489002511265,57.59514887486108
2025-06-04 18:50:00,TL-04,Rainy,31.97142538498331,35.62717392207385,205.94810153196426,128.45247846030483,26.45454407597531,47.08241367741463
2025-06-04 19:00:00,TL-01,Rainy,38.71047686004653,24.05294053566336,219.4759554942253,177.52992900039075,38.96355079618274,49.40173856470096
2025-06-04 19:10:00,TL-04,Sunny,36.49646290203246,38.21336476627982,237.04105516255493,156.2626428002631,37.040661731863786,54.93560204334292
2025-06-04 19:20:00,TL-02,Sunny,41.50870644699399,25.496896326760655,232.46891715534719,163.74131591717833,38.06476640485806,52.90897057590006
2025-06-04 19:30:00,TL-03,Sunny,42.807555983634266,33.191959628041914,219.37995990633968,179.33081718557207,39.34158748414193,30.044682195482615
2025-06-04 19:40:00,TL-01,Cloudy,35.160020745328836,28.356907621255075,229.51449277058086,127.76839500972898,29.324698372769163,38.78756259905608
2025-06-04 19:50:00,TL-04,Sunny,31.232910648269083,33.01593715541171,216.33492979631947,149.28348842587073,32.29523298836041,59.29409984790816
2025-06-04 20:00:00,TL-01,Cloudy,37.29986071469558,27.279429989429037,202.9612841317328,139.3709089728157,28.286898655729516,48.678634110984525
2025-06-04 20:10:00,TL-04,Cloudy,31.61142315123947,29.18603546963853,180.0,118.64281149269088,25.004606088781404,44.762686972285785
2025-06-04 20:20:00,TL-01,Cloudy,45.066936237633115,30.204595876978605,235.62888768508196,156.9341995520984,36.97823088020963,36.41425984742526
2025-06-04 20:30:00,TL-04,Cloudy,35.68267665541369,24.989062721092637,217.26006918170697,200.23113103168848,43.50222938027607,39.20263678724152
2025-06-04 20:40:00,TL-04,Sunny,33.17339224343946,33.70412172710063,217.56616020624983,113.19844510988494,24.628151043875604,29.782013600380527
2025-06-04 20:50:00,TL-02,Stormy,35.92340152932454,27.433932167642073,217.0016180372512,149.35438777901058,32.41014380900835,48.987192812984674
2025-06-04 21:00:00,TL-04,Rainy,28.264368552351517,28.857000423299908,239.04136589573008,162.81085870149548,38.91853004666219,44.01562419418953
2025-06-04 21:10:00,TL-02,Sunny,30.141929807446743,25.028253126957438,236.25958915362062,152.46156403312364,36.02050648018422,40.33412109014685
2025-06-04 21:20:00,TL-04,Rainy,41.00206953972213,17.188331706023448,242.18780233448135,147.73743894968518,35.780205661748866,49.318765748320466
2025-06-04 21:30:00,TL-03,Cloudy,31.71552860514302,29.044861186999157,218.40954789599948,124.01567273108351,27.08620701321418,53.63970630852738
2025-06-04 21:40:00,TL-03,Rainy,29.7654450865903,42.063077108064576,222.95624488747094,154.65573485880327,34.48146189443112,70.93197932209945
2025-06-04 21:50:00,TL-03,Rainy,37.68326376263643,33.92302143949012,204.8335745057921,134.86472045968148,27.62482276648099,34.88116580436787
2025-06-04 22:00:00,TL-04,Cloudy,40.928520773314986,29.903698101328025,234.76934426118274,106.20156590042893,24.93287198595449,
2025-06-04 22:10:00,TL-02,Sunny,38.594766553325336,28.68554585395866,208.32220448732065,173.89184441027462,36.225532369914575,59.73101561015072
2025-06-04 22:20:00,TL-02,Sunny,39.98023842902908,30.11232946406023,222.1677556376263,169.16771639684086,37.58361187822861,42.20907260623299
2025-06-04 22:30:00,TL-04,Cloudy,31.216024557152696,32.73559557587605,209.02697472367157,151.0332195370216,31.570016962599755,52.03235954586031
2025-06-04 22:40:00,TL-03,Cloudy,27.89094666629078,24.095935923455777,214.11133173261305,154.58149376411404,33.09764949105108,45.42366750662385
2025-06-04 22:50:00,TL-03,Sunny,42.506668259777435,35.57160847334436,211.627375689503,171.48636025431122,36.29120838716457,51.85688580418739
2025-06-04 23:00:00,TL-02,Sunny,33.38660080578932,33.57690657720622,213.92124739324183,154.48679313556164,33.04800749334106,65.0913101340455
2025-06-04 23:10:00,TL-03,Rainy,33.745834917724764,33.59092862853967,214.6087729685102,168.0803510952263,36.071517908662905,56.05606232631313
2025-06-04 23:20:00,TL-01,Stormy,41.64097070924529,32.192378694048635,214.51731205074924,144.050355982523,30.9012951653244,55.08608373233442
2025-06-04 23:30:00,TL-02,Cloudy,37.7811500470033,30.09808328846995,228.33333911780306,176.23967477147892,40.24139342560741,45.696906800453576
2025-06-04 23:40:00,TL-03,Sunny,37.279438860408035,33.3643061798341,208.9513720693748,156.4157145186537,32.68327816188432,35.15943335075665
2025-06-04 23:50:00,TL-02,Sunny,45.825011724505416,32.95907066870689,222.20541427013868,153.88103887211747,34.19319999089817,47.91531789459592
2025-06-05 00:00:00,TL-01,Sunny,31.782408848099287,28.22979644529488,232.1795915230556,124.59877822575936,28.929293432728603,62.06608154863915
2025-06-05 00:10:00,TL-02,Stormy,39.63920064040619,27.131991135515495,214.86803635486604,155.73911708603418,33.46335827191673,
2025-06-05 00:20:00,TL-02,Sunny,35.28506562448542,30.509281476309933,212.82081109252397,133.36090165011097,28.38197525720694,39.44910631823305
2025-06-05 00:30:00,TL-02,Cloudy,36.34296139431628,37.74510075747594,217.69475374819748,137.2343454694301,29.875197042762647,51.26267736234068
2025-06-05 00:40:00,TL-02,Sunny,42.64234213206266,23.804464621730496,231.7972520836071,133.69248743367757,30.989551211348637,40.153452151527375
2025-06-05 00:50:00,TL-01,Cloudy,37.53917878144812,22.662373671237802,221.94107630953357,128.6753013620155,28.55833487873931,42.07476552884788
2025-06-05 01:00:00,TL-04,Cloudy,37.69148039524816,30.823804206182583,214.687857053924,192.49542806033924,41.32643094295202,45.76401418271823
2025-06-05 01:10:00,TL-02,Rainy,40.362536686549014,30.25443850928009,224.8387665118804,176.62678123976806,39.71254762691319,36.343825958098506
2025-06-05 01:20:00,TL-02,Sunny,33.17523635228557,30.86670832185204,208.97707850163576,188.40735004288524,39.37281758019719,40.25878153783631
2025-06-05 01:30:00,TL-03,Sunny,30.803951663304968,31.219765989542502,226.81359510442948,125.54209960888872,28.474654949250443,57.03427916787309
2025-06-05 01:40:00,TL-02,Sunny,29.775954029894834,28.883988726825976,224.0860730770177,151.42507499821784,33.932250421743525,36.92630217769036
2025-06-05 01:50:00,TL-03,Stormy,25.16821705311999,37.44931719301041,216.92191528861116,124.12984749591809,26.926484263297763,34.021278655051624
2025-06-05 02:00:00,TL-04,Rainy,45.28103564970161,21.99548010761742,211.6141420155277,136.0861024560587,28.797743811476064,43.69975020466106
2025-06-05 02:10:00,TL-01,Cloudy,29.483958171391585,25.85751487609877,211.13319077716542,131.6374603316685,27.79303702562771,57.31955502509846
2025-06-05 02:20:00,TL-01,Cloudy,33.89373188207114,29.483726199254765,225.3481733634591,174.79168012883122,39.38898583616214,48.0307819200311
2025-06-05 02:30:00,TL-04,Cloudy,33.6159335005554,21.784055944229163,232.28980502489063,142.0754064379648,33.002668460306936,45.354189218843814
2025-06-05 02:40:00,TL-01,Sunny,36.537033489045506,29.120727977839643,213.62692252971206,171.36758667388034,36.608730162484754,50.44358797515607
2025-06-05 02:50:00,TL-04,Stormy,39.078686062696484,38.30735082864009,224.58386703551486,162.08241779177035,36.40109616614173,32.54292567140348
2025-06-05 03:00:00,TL-04,Cloudy,39.30236744179873,30.10443244147981,199.1297298139793,196.07277504209577,39.04391871800968,54.94705653775033
2025-06-05 03:10:00,TL-04,Sunny,32.08461280715531,31.153504528593416,214.153822693428,120.41111553720552,25.786500687072586,53.83435031403644
2025-06-05 03:20:00,TL-01,Cloudy,34.16439143106794,23.6991761741371,219.68941067129097,175.18466479573598,38.486215767622895,45.90691525904279
2025-06-05 03:30:00,TL-03,Sunny,36.4128997524415,26.918192959802614,210.90316583018165,172.92881740801454,36.47123505461969,60.05924511796417
2025-06-05 03:40:00,TL-04,Sunny,33.75654436908226,28.124018098380315,210.63493625210404,130.53242323945932,0.0,
2025-06-05 03:50:00,TL-02,Rainy,43.03672788009996,28.41142451621883,213.32220443531114,170.1426667294632,36.295208735231554,61.27908993253569
2025-06-05 04:00:00,TL-01,Sunny,37.45487475819126,36.40821897501884,222.92192728326373,156.72289926052457,34.936970752576926,51.54493665595251
2025-06-05 04:10:00,TL-04,Cloudy,38.67438893024909,32.788455303625625,218.12670981593627,145.45047480093186,31.726633509493016,46.63447410121827
2025-06-05 04:20:00,TL-04,Sunny,38.31440634333706,24.44271021531484,197.61768766675027,133.52129026056002,26.386168635572854,49.80126364631688
2025-06-05 04:30:00,TL-02,Sunny,40.86736928742663,31.232523892160025,198.79299847364933,135.61781097101627,26.9598712893609,48.92735234189058
2025-06-05 04:40:00,TL-03,Sunny,75.0,32.491108742483924,213.93134822142824,190.9962419157185,40.86008353825573,62.20282896417717
2025-06-05 04:50:00,TL-03,Sunny,28.515840260220767,35.700745192606334,224.57686586053552,150.01365637914967,33.68959678590876,39.23320872528986
2025-06-05 05:00:00,TL-03,Rainy,36.99843975876321,37.90270343284187,192.52495157274765,165.64260003062918,31.89033354928089,42.37480760853402
2025-06-05 05:10:00,TL-04,Sunny,31.743215531040853,24.924529040860655,215.0026982384837,134.18201236664893,28.84949471389911,60.3630289207248
2025-06-05 05:20:00,TL-04,Cloudy,32.35691659125121,25.94571244394831,214.7375214348258,134.4029410755672,28.861354440118244,44.04465064816141
2025-06-05 05:30:00,TL-04,Cloudy,37.931820093775464,23.71211070542692,233.88337778208447,171.63969618499885,40.14367190523829,59.00533077331592
2025-06-05 05:40:00,TL-01,Cloudy,41.19141535716818,28.829900704465093,216.14978188287137,123.00847576896936,26.588255207207197,66.99435983008709
2025-06-05 05:50:00,TL-02,Stormy,35.10635788368031,32.331791872231676,223.82988984740928,141.69572464189457,31.7157384384441,45.98204973058366
2025-06-05 06:00:00,TL-04,Rainy,36.54416506299482,34.93667258294551,221.41257140087464,150.68054822144464,33.362567641803544,56.81362326575305
2025-06-05 06:10:00,TL-02,Sunny,43.51107472317619,50.0,198.694335201928,152.22745203680105,30.246732381935566,38.46307718660142
2025-06-05 06:20:00,TL-02,Sunny,36.20376589744284,28.40076238372578,227.68207216631737,146.41813429967686,33.336784220076574,57.54733298067809
2025-06-05 06:30:00,TL-03,Sunny,48.008415570901974,30.758789961243703,222.1539650545629,157.91639562191847,35.08175343453421,51.99423985986767
2025-06-05 06:40:00,TL-01,Cloudy,37.827548228157724,25.824285491849885,225.08268639674588,163.85711511635623,36.8813996556103,54.73038282160215
2025-06-05 06:50:00,TL-04,Sunny,26.19618620422091,40.44769360847387,259.26237706436325,164.6927509091866,42.69863408598479,43.54427927964605
2025-06-05 07:00:00,TL-03,Cloudy,38.76670810552266,21.961694864409708,199.1588706050141,130.28392382664347,25.947199127304,33.389165844328275
2025-06-05 07:10:00,TL-03,Cloudy,36.90579192441389,30.923702894478623,237.24696649761108,144.31689804142405,34.238746274672884,55.03252064749505
2025-06-05 07:20:00,TL-04,Sunny,41.44876377041373,40.1180310961482,217.12552480599643,173.89525723753874,37.75709898897435,29.365968475205456
2025-06-05 07:30:00,TL-02,Rainy,38.365906756349794,30.033999222799988,222.8732890440301,167.89294375147745,37.41885258117612,46.82649507757465
2025-06-05 07:40:00,TL-03,Sunny,34.30772008008113,29.049804824992528,219.54487754698758,122.54281097037872,26.903646428755444,59.4118186641997
2025-06-05 07:50:00,TL-02,Sunny,28.878508818553172,28.212772885947864,215.75763666601955,157.02959800704403,33.88033495261491,51.91897735873036
2025-06-05 08:00:00,TL-01,Rainy,33.95488371356987,29.09804159118796,214.3016707176124,110.4354950125038,23.666511087706116,69.48342644789813
2025-06-05 08:10:00,TL-02,Cloudy,30.7473977289535,36.86424237338265,223.2950873557301,150.9386980412074,33.70386976447157,60.251091525817735
2025-06-05 08:20:00,TL-01,Cloudy,32.09738275097639,18.940690443352466,204.8282630332832,187.95534033491953,38.49856588863116,43.46101611674423
2025-06-05 08:30:00,TL-02,Cloudy,37.942892022103045,37.66716850648163,227.50579167521767,131.04214565462027,29.81284708997357,50.27313379851439
2025-06-05 08:40:00,TL-03,Sunny,43.34952252175703,22.880214237749275,215.83805595114745,133.31353909016835,28.77413510918924,49.52629297455564
2025-06-05 08:50:00,TL-03,Rainy,36.9733576491149,28.666738353827927,208.69930660959642,165.2805956314572,34.493945704306206,34.17823236653873
2025-06-05 09:00:00,TL-01,Rainy,29.020584689824076,27.853777898506692,215.49987142004187,119.14396969580707,25.675510149919788,40.59601083515647
2025-06-05 09:10:00,TL-04,Cloudy,37.2230133411007,32.942766348853596,232.57149216862572,137.34489940229923,31.942508195742526,44.3923909302014
2025-06-05 09:20:00,TL-01,Sunny,40.98315743322826,22.009378240581263,214.64664912983778,161.92882275163504,34.7574792011779,29.637794971440634
2025-06-05 09:30:00,TL-01,Cloudy,31.95108547840309,32.31086333040972,223.5845361820962,137.31428304621193,30.701350286064372,50.47493468251643
2025-06-05 09:40:00,TL-02,Sunny,34.32991416663541,40.12154811643426,212.69043724284526,145.28060025578057,30.899794391304987,47.50928155346959
2025-06-05 09:50:00,TL-02,Sunny,35.07344097364599,23.184129977035948,227.5792184992362,164.88371420630068,37.524106822321315,33.27106098688426
2025-06-05 10:00:00,TL-01,Stormy,31.075508434588798,30.94853083805198,226.85507738790204,158.43092167073124,0.0,54.04212865277332
2025-06-05 10:10:00,TL-03,Sunny,38.2414021692193,26.690089111016956,238.48608833296413,155.33636792590804,37.04556276249992,57.158727446909595
2025-06-05 10:20:00,TL-02,Stormy,34.39525925696109,32.12943603096518,218.24436054500785,143.21755441459922,31.256423582034074,52.27034478864889
2025-06-05 10:30:00,TL-04,Cloudy,37.09766221953514,30.09573888707876,226.68654804757907,157.40122230537912,35.680739742876,46.7593182479103
2025-06-05 10:40:00,TL-02,Sunny,30.562539110989498,26.79256545477845,220.98067539538945,147.52534639800487,32.6002506849699,55.91442151751855
2025-06-05 10:50:00,TL-02,Cloudy,32.812708498382946,32.43936142435537,232.95871781863013,159.1561121985157,37.076803830764256,56.80220360476691
2025-06-05 11:00:00,TL-04,Rainy,38.61190678913886,39.021740548933714,212.8116761239127,140.06135949764044,29.806692674886758,53.074035697196884
2025-06-05 11:10:00,TL-01,Rainy,33.13583423954117,29.045481041363505,227.45005312877282,146.34862051240918,33.287001510870084,41.75387749565239
2025-06-05 11:20:00,TL-04,Rainy,43.63481925616703,33.59878971074091,218.0530270388332,130.20084414895973,28.390688189692025,52.76600765511181
2025-06-05 11:30:00,TL-01,Cloudy,33.00181907192699,23.53363521064418,219.35811822891503,149.2998477998753,32.750133665244064,61.95480650825479
2025-06-05 11:40:00,TL-01,Cloudy,36.12342362875943,25.217818115909957,180.0,133.7799827274231,29.554342657880092,44.0337094138827
2025-06-05 11:50:00,TL-01,Rainy,39.66295415936545,32.362031389401885,222.52240396426677,127.71907099676014,28.420354710281927,70.97939339132431
2025-06-05 12:00:00,TL-04,Sunny,27.908171335334842,37.420580142679825,218.8377095687804,155.17322295710775,33.957752698339156,44.74369066014616
2025-06-05 12:10:00,TL-01,Cloudy,26.19595594009612,31.7780667439283,222.14713183170525,154.2547955171532,34.26726039542177,50.324070133401364
2025-06-05 12:20:00,TL-03,Sunny,27.371718427149524,28.434709847384227,235.78118057562185,165.65747469897144,39.05891495569969,43.275144039936634
2025-06-05 12:30:00,TL-04,Stormy,41.31292051713591,29.99645702711677,229.8544968561522,141.37748860849803,32.496251510892705,52.23270835920261
2025-06-05 12:40:00,TL-03,Stormy,32.240709270537764,23.747961330151412,228.69154592496898,158.16105693673512,36.170096615988996,32.57778307364725
2025-06-05 12:50:00,TL-01,Sunny,47.79099642834126,33.022576631776836,215.4446047397613,161.01595144547326,34.69001801596659,44.53958201183279
2025-06-05 13:00:00,TL-02,Rainy,32.17876200671306,34.41166531161704,211.10759171771676,158.8954761566319,33.54404130626644,39.07878799651433
2025-06-05 13:10:00,TL-01,Stormy,35.922756515985185,27.7395483358346,229.55300558237752,133.48692634395715,30.642325148208812,51.35338347892291
2025-06-05 13:20:00,TL-03,Sunny,42.71054976283938,27.649789261202493,228.76046792529795,152.98726964542377,34.99743939070087,59.94447375508908
2025-06-05 13:30:00,TL-03,Cloudy,45.03046444079561,31.329391148260243,234.72670675750982,157.28280592109323,36.918475063438784,56.46006187114551
2025-06-05 13:40:00,TL-04,Stormy,45.30751788318199,27.816401319797023,213.96019374030772,150.14356933815884,32.12474718445379,26.283406391411077
2025-06-05 13:50:00,TL-02,Sunny,41.04183115296571,29.669336926870887,217.70451344639653,108.2704468325783,23.570964948310404,70.4206965292788
2025-06-05 14:00:00,TL-04,Cloudy,40.12031262905731,40.49860894583258,203.60515837474566,153.2097924794696,31.194304062344322,52.95279940620868
2025-06-05 14:10:00,TL-03,Sunny,37.96263474600592,28.76487149627002,216.07528893939127,194.25062078794485,41.972759013411306,
2025-06-05 14:20:00,TL-01,Stormy,38.89180538083319,28.20829923989389,229.96570510579448,142.79921462486035,32.83892207975969,51.57127918990941
2025-06-05 14:30:00,TL-02,Stormy,32.244071418357336,26.762290971824203,215.33504620771802,135.4384580428936,29.16464662096857,51.761898225026926
2025-06-05 14:40:00,TL-01,Stormy,30.909005582888465,33.720959857499686,226.40479795200824,157.46697119422797,0.0,43.331512830484364
2025-06-05 14:50:00,TL-01,Cloudy,34.98312771294524,29.093879133909486,218.0949689400219,156.24756420933144,34.07680766318821,51.97916667342076
2025-06-05 15:00:00,TL-02,Rainy,34.14907688737536,26.753134808392872,223.2405702822156,173.85470330832828,38.8114231127966,43.92527712379693
2025-06-05 15:10:00,TL-04,Rainy,32.733859753363625,36.60652016136506,208.52308610184332,124.84263688182224,26.03257191968938,45.95638007309977
2025-06-05 15:20:00,TL-01,Sunny,38.481937237283574,37.098015022568184,220.85209449633902,164.62760505149984,36.35835138753982,43.13720864244915
2025-06-05 15:30:00,TL-03,Rainy,39.77652604285255,26.997882171306475,190.08864029099277,161.80844122502927,30.757946580070836,35.673287102603474
2025-06-05 15:40:00,TL-01,Sunny,35.442034431459234,20.66730024319692,218.13103841838014,147.15706926118906,32.09952432854866,51.45836470215384
2025-06-05 15:50:00,TL-02,Cloudy,42.38765040527631,35.03756844918461,203.69526756284858,156.7737463584338,31.934070211311333,55.85299436516338
2025-06-05 16:00:00,TL-02,Sunny,29.291554429332475,26.57685087119998,232.05994516546815,170.58914963196713,39.58690870941813,55.14883596076372
2025-06-05 16:10:00,TL-02,Sunny,34.03170270360141,33.953127995813844,227.7740735276451,167.446307600569,38.139927579344686,58.19925252635234
2025-06-05 16:20:00,TL-04,Sunny,31.415888396985977,20.149480911440822,224.6667098196608,127.13961375852543,28.56403871087039,53.243402100148685
2025-06-05 16:30:00,TL-01,Cloudy,25.6673169146347,34.462986691496546,250.0,166.4031637351097,39.139698504325374,44.67274501783096
2025-06-05 16:40:00,TL-04,Sunny,34.586596570786504,23.944140353596094,210.51083479175162,148.70622789934964,31.304272173824558,58.39663864431189
2025-06-05 16:50:00,TL-04,Rainy,34.39126245808358,55.0,237.47363197915558,151.4574819603103,35.967158331532325,36.42482460158065
2025-06-05 17:00:00,TL-02,Sunny,42.567248716210656,30.071365339182172,229.32191564260384,151.4639398200339,34.734000830306236,40.993286174875195
2025-06-05 17:10:00,TL-02,Sunny,38.154058422773886,25.230302903016778,217.63444712781055,146.9951402240348,31.991206073132798,40.357999285767555
2025-06-05 17:20:00,TL-04,Cloudy,29.879065878353977,27.964818435366098,231.35620147182945,173.8341499421413,40.21760861669825,60.8005605913931
2025-06-05 17:30:00,TL-01,Rainy,44.27046283167094,33.431592284783505,208.93706487588366,148.32564080301577,30.990724035216726,59.42788514140076
2025-06-05 17:40:00,TL-03,Sunny,41.10516847762676,30.52947226557617,211.75485838472326,127.60907743233662,27.021842120289623,54.87305237044995
2025-06-05 17:50:00,TL-04,Cloudy,37.910488517343076,32.92206490236242,213.914102767603,142.12940288060543,30.40348369409988,60.71929865211797
2025-06-05 18:00:00,TL-01,Rainy,33.86757950575084,39.88220292257743,214.71022291935984,153.57389433620952,32.97388508752176,41.20717217588012
2025-06-05 18:10:00,TL-02,Cloudy,30.202803816382602,22.178791941444743,209.43442357239746,174.58429568594102,36.56396133177805,53.485951198609804
2025-06-05 18:20:00,TL-02,Sunny,33.138966119644735,38.08606287484312,232.23083067095325,162.06189369897666,37.63576819382107,48.74825571616836
2025-06-05 18:30:00,TL-01,Sunny,40.443743098520926,30.521779687616064,217.4114559963017,132.98929442505911,28.91339613287295,58.46882103884914
2025-06-05 18:40:00,TL-03,Rainy,44.42293152967304,25.50607975838436,223.5250496835688,199.70379833357782,44.638801444510385,48.847757674478025
2025-06-05 18:50:00,TL-02,Sunny,42.71621764136094,23.348431871305053,214.2964863358632,155.2955062195596,33.27928132660081,46.15057111589919
2025-06-05 19:00:00,TL-02,Rainy,32.55575289106863,29.054398046114834,201.79396699451482,175.5078147599803,35.41641817895489,55.4090851856099
2025-06-05 19:10:00,TL-02,Cloudy,29.401912833554945,34.6082505596223,222.70057358391423,146.96571132845543,32.72934821001498,58.76169167191233
2025-06-05 19:20:00,TL-01,Stormy,35.70443123455602,29.362254398112327,200.87745024580224,160.667184894109,32.27441443969949,43.31654805153198
2025-06-05 19:30:00,TL-04,Rainy,26.157803172185744,37.55577465123674,219.3136595391453,166.7893700903681,0.0,49.38924328647624
2025-06-05 19:40:00,TL-02,Stormy,36.615838570923906,22.744121549742204,206.3168496116719,174.36389423508513,35.97420934460552,39.41559366358347
2025-06-05 19:50:00,TL-04,Sunny,34.261987068506656,29.939555260769726,239.8727599923081,171.1473661075645,41.0535910736355,25.019389825070604
2025-06-05 20:00:00,TL-03,Rainy,32.66981749065879,23.738032777934404,229.1136272217472,167.44394000145957,38.36368845003501,52.00459631413729
2025-06-05 20:10:00,TL-02,Cloudy,27.02648466366602,31.81815941312484,221.0575379127148,143.69826537611783,31.765584746372518,56.08905356254632
2025-06-05 20:20:00,TL-02,Cloudy,37.568000532848586,34.4344369504865,232.63706677654667,138.56507916087878,32.23537357364683,52.620668090867255
2025-06-05 20:30:00,TL-03,Cloudy,32.33649580169045,27.896191031594732,211.53684022534264,156.65215020648395,33.13770086918537,30.50438282245633
2025-06-05 20:40:00,TL-02,Rainy,29.15041582144856,16.97893071686433,225.43479378670094,168.66256144682137,38.02240975930095,46.491505699235255
2025-06-05 20:50:00,TL-04,Stormy,20.63868893359175,30.99474073398247,221.99810433718713,145.54558598446786,32.310844183196934,27.816522399489187
2025-06-05 21:00:00,TL-01,Rainy,34.86242547474682,32.18369275866755,222.6402008133367,171.30343931428774,38.13903212894826,63.69701107654185
2025-06-05 21:10:00,TL-04,Cloudy,43.86125798334872,32.02147377480849,232.7235350010677,179.05233490972358,41.66969233038595,39.139454178819136
2025-06-05 21:20:00,TL-01,Cloudy,43.30629607273935,36.17891095911077,227.324921027798,131.6735816185316,29.932686542880017,62.55403609459896
2025-06-05 21:30:00,TL-01,Rainy,32.71451871706864,24.644731601754756,222.88723662825024,133.2615859240744,29.702306635315075,59.45869643684146
2025-06-05 21:40:00,TL-04,Sunny,31.988939698191096,33.40108052725225,203.45112563771704,147.19249882189328,29.94647957074253,40.994096474639385
2025-06-05 21:50:00,TL-04,Sunny,37.34387128037512,35.962537562389876,210.39953704720537,156.15225336378393,32.85436181661805,38.672150487322554
2025-06-05 22:00:00,TL-04,Sunny,30.008072804058543,21.107062079967417,218.77291066404277,139.50865972465897,30.520715550803157,53.50370216386338
2025-06-05 22:10:00,TL-04,Sunny,36.50895949909733,31.598259129594886,220.93372374276652,177.04405357734288,39.115002023356226,41.55675962816929
2025-06-05 22:20:00,TL-03,Sunny,38.83040139192345,27.479100844961643,208.69796275326075,158.48133723036904,33.07473221439051,51.024846421582076
2025-06-05 22:30:00,TL-02,Sunny,41.13466611942154,29.59238663449177,244.11676675578423,150.7889409648148,36.81010873085941,45.17172409193082
2025-06-05 22:40:00,TL-01,Sunny,34.499229617600236,31.738382417691682,235.16394055253573,121.28180952262944,28.521108244683592,32.18841585534366
2025-06-05 22:50:00,TL-04,Sunny,33.98163124911517,27.56385717943224,226.02118320392483,123.68368367144986,27.955132526441055,27.69531980875541
2025-06-05 23:00:00,TL-04,Stormy,30.610087066217194,26.62145960419194,220.72036861283746,155.62018500563613,34.34854459804197,52.26684248494597
2025-06-05 23:10:00,TL-04,Cloudy,30.8655982298007,30.170762087440124,217.87791030098848,107.34808747690327,23.388776974275395,44.38442253669375
2025-06-05 23:20:00,TL-03,Sunny,33.86760554049236,24.563770305685985,210.48081539977764,170.25274819288143,35.8349372636907,44.469101830858676
2025-06-05 23:30:00,TL-04,Cloudy,36.83682753408089,24.570874355574073,220.77480518518863,146.8369231125536,32.417893094166544,56.95863839093785
2025-06-05 23:40:00,TL-04,Sunny,39.567923131166246,33.396866414782515,222.5775254014275,214.86185939189465,47.823420966597375,61.73442276632445
2025-06-05 23:50:00,TL-04,Stormy,30.984105246598276,24.25602982420672,207.58239424518376,196.15832501232222,40.71901475718276,47.27455278638191
